# Blender 5.2.0 LTS
# www.blender.org
mtllib prime vandal bolt.mtl
o GN_AK_Lv1_HypeBeast_Skelmesh_mo.002
v -0.066711 0.022116 0.081637 1.0000 0.8352 0.4369
v -0.097816 0.032420 0.089046 1.0000 0.8460 0.4064
v -0.097812 0.022116 0.088957 1.0000 0.8193 0.3814
v -0.066711 0.043377 0.081637 1.0000 0.8485 0.4322
v -0.057468 0.022116 0.069986 1.0000 0.8367 0.4259
v -0.057468 0.046676 0.069986 1.0000 0.8546 0.4417
v -0.057466 0.022116 -0.011560 1.0000 0.7804 0.2588
v -0.057466 0.046676 -0.011560 1.0000 0.8385 0.3236
v -0.059669 0.026560 -0.014356 0.9561 0.6564 0.1215
v -0.059511 0.022116 -0.014154 0.9941 0.7975 0.3881
v -0.066677 0.033160 -0.023242 0.9568 0.6026 0.0746
v -0.066677 0.043390 -0.023252 1.0000 0.8491 0.4330
v -0.073558 0.033160 -0.025145 0.9686 0.5999 0.0749
v -0.097805 0.032424 -0.030859 1.0000 0.8363 0.3813
v -0.080115 0.026332 -0.026567 0.9662 0.6225 0.0925
v -0.097810 0.022116 -0.030859 1.0000 0.8162 0.3809
v -0.079957 0.022116 -0.026536 0.9972 0.8105 0.3581
v -0.059871 0.022116 -0.095730 0.9718 0.7535 0.3374
v -0.059713 0.026332 -0.095730 1.0000 0.8274 0.3529
v -0.066577 0.033072 -0.095730 1.0000 0.8431 0.3644
v -0.073580 0.033072 -0.095730 1.0000 0.8549 0.3609
v -0.080114 0.026332 -0.095730 1.0000 0.8305 0.3196
v -0.079956 0.022116 -0.095730 1.0000 0.8110 0.3473
v -0.065556 0.040719 0.080181 1.0000 0.8431 0.4510
v -0.064400 0.038062 0.078725 1.0000 0.8262 0.2793
v -0.063245 0.035404 0.077268 1.0000 0.8135 0.2235
v -0.062090 0.032747 0.075812 1.0000 0.8117 0.2157
v -0.060934 0.030089 0.074356 1.0000 0.8117 0.2235
v -0.059779 0.027431 0.072899 1.0000 0.8207 0.2630
v -0.058623 0.024774 0.071443 1.0000 0.8431 0.4226
v -0.065556 0.043789 0.080181 1.0000 0.8536 0.4380
v -0.064400 0.044202 0.078725 1.0000 0.8549 0.4423
v -0.063245 0.044614 0.077268 1.0000 0.8565 0.4510
v -0.062090 0.045026 0.075812 1.0000 0.8568 0.4510
v -0.060934 0.045439 0.074356 1.0000 0.8534 0.4510
v -0.059779 0.045851 0.072899 1.0000 0.8559 0.4473
v -0.058623 0.046263 0.071443 1.0000 0.8529 0.4373
v -0.067537 0.042111 -0.023489 1.0000 0.8062 0.1795
v -0.068398 0.040832 -0.023725 1.0000 0.7838 0.2024
v -0.069258 0.039554 -0.023962 1.0000 0.7832 0.2005
v -0.070118 0.038275 -0.024199 1.0000 0.7833 0.2016
v -0.070978 0.036996 -0.024435 1.0000 0.7647 0.1608
v -0.071838 0.035717 -0.024672 0.9665 0.6284 0.0943
v -0.072698 0.034438 -0.024908 0.9586 0.5907 0.0756
v -0.070568 0.042019 -0.024203 1.0000 0.8329 0.3745
v -0.074459 0.040649 -0.025154 1.0000 0.8224 0.3634
v -0.078350 0.039278 -0.026104 1.0000 0.8212 0.3765
v -0.082241 0.037907 -0.027055 1.0000 0.8385 0.4051
v -0.086132 0.036536 -0.028006 1.0000 0.8494 0.4166
v -0.090023 0.035166 -0.028957 1.0000 0.8496 0.4132
v -0.093914 0.033795 -0.029908 1.0000 0.8513 0.4192
v -0.057468 0.025186 0.069986 1.0000 0.8431 0.4394
v -0.057468 0.028256 0.069986 1.0000 0.8414 0.3780
v -0.057468 0.031326 0.069986 1.0000 0.8413 0.3722
v -0.057468 0.034396 0.069986 1.0000 0.8413 0.3721
v -0.057468 0.037466 0.069986 1.0000 0.8431 0.3882
v -0.057468 0.040536 0.069986 1.0000 0.8395 0.3906
v -0.057468 0.043606 0.069986 1.0000 0.8423 0.4345
v -0.057468 0.022116 0.059793 1.0000 0.8349 0.4342
v -0.057468 0.022116 0.049600 1.0000 0.8324 0.4286
v -0.057467 0.022116 0.039407 1.0000 0.8315 0.4256
v -0.057467 0.022116 0.029213 1.0000 0.8343 0.4285
v -0.057467 0.022116 0.019020 1.0000 0.8274 0.4196
v -0.057467 0.022116 0.008827 1.0000 0.8215 0.3912
v -0.057467 0.022116 -0.001367 1.0000 0.8009 0.3173
v -0.076589 0.033068 -0.025859 0.9539 0.5981 0.0819
v -0.079620 0.032976 -0.026573 1.0000 0.7137 0.1294
v -0.082651 0.032884 -0.027288 1.0000 0.7538 0.1811
v -0.085682 0.032792 -0.028002 1.0000 0.8039 0.2905
v -0.088713 0.032700 -0.028716 1.0000 0.8295 0.3551
v -0.091744 0.032608 -0.029430 1.0000 0.8392 0.3765
v -0.094774 0.032516 -0.030144 1.0000 0.8315 0.3611
v -0.074378 0.032306 -0.025323 0.9635 0.5993 0.0771
v -0.075197 0.031453 -0.025501 0.9589 0.5927 0.0688
v -0.076017 0.030599 -0.025678 0.9599 0.5903 0.0686
v -0.076837 0.029746 -0.025856 0.9682 0.5949 0.0691
v -0.077656 0.028892 -0.026034 0.9621 0.5969 0.0771
v -0.078476 0.028039 -0.026212 0.9607 0.6063 0.0858
v -0.079295 0.027186 -0.026389 0.9589 0.6090 0.0866
v -0.060571 0.027175 -0.095730 1.0000 0.8274 0.2957
v -0.061429 0.028017 -0.095730 1.0000 0.8157 0.2235
v -0.062287 0.028859 -0.095730 1.0000 0.8157 0.2235
v -0.063145 0.029702 -0.095730 1.0000 0.8273 0.2352
v -0.064003 0.030544 -0.095730 1.0000 0.8274 0.2353
v -0.064861 0.031387 -0.095730 1.0000 0.8393 0.2915
v -0.065719 0.032229 -0.095730 1.0000 0.8431 0.3568
v -0.057468 0.043606 0.059793 1.0000 0.7912 0.3697
v -0.057468 0.040536 0.049600 1.0000 0.7137 0.1801
v -0.057467 0.037466 0.039407 1.0000 0.7502 0.1953
v -0.057467 0.034396 0.029213 1.0000 0.7979 0.2126
v -0.057467 0.031326 0.019020 1.0000 0.8000 0.2157
v -0.057467 0.028256 0.008827 1.0000 0.8115 0.2231
v -0.057467 0.025186 -0.001367 1.0000 0.8117 0.2344
v -0.057468 0.046676 0.059793 1.0000 0.8113 0.4165
v -0.057468 0.046676 0.049600 1.0000 0.8173 0.4229
v -0.057467 0.046676 0.039407 1.0000 0.8039 0.3907
v -0.057467 0.046676 0.029213 1.0000 0.8472 0.4060
v -0.057467 0.046676 0.019020 1.0000 0.8551 0.4374
v -0.057467 0.046676 0.008827 1.0000 0.8470 0.4196
v -0.057467 0.046676 -0.001367 1.0000 0.8431 0.3948
v -0.095594 0.031663 -0.030322 1.0000 0.8392 0.3765
v -0.093383 0.030901 -0.029786 1.0000 0.8384 0.3716
v -0.091171 0.030140 -0.029249 1.0000 0.8145 0.2596
v -0.088960 0.029378 -0.028713 1.0000 0.7919 0.1922
v -0.086749 0.028617 -0.028176 1.0000 0.7744 0.1865
v -0.084538 0.027855 -0.027640 1.0000 0.7450 0.1620
v -0.082326 0.027094 -0.027104 0.9618 0.6350 0.1017
v -0.097806 0.031136 -0.030859 1.0000 0.8374 0.3869
v -0.097806 0.029847 -0.030859 1.0000 0.8310 0.3774
v -0.097807 0.028559 -0.030859 1.0000 0.8318 0.3793
v -0.097808 0.027270 -0.030859 1.0000 0.8347 0.3874
v -0.097808 0.025982 -0.030859 1.0000 0.8305 0.3814
v -0.097809 0.024693 -0.030859 1.0000 0.8304 0.3811
v -0.097809 0.023405 -0.030859 1.0000 0.8292 0.3820
v -0.057467 0.025186 -0.011560 1.0000 0.8044 0.2581
v -0.057467 0.028256 -0.011560 1.0000 0.8117 0.2474
v -0.057466 0.031326 -0.011560 1.0000 0.8191 0.2557
v -0.057466 0.034396 -0.011560 1.0000 0.8243 0.2716
v -0.057466 0.037466 -0.011560 1.0000 0.8239 0.2690
v -0.057467 0.040536 -0.011560 1.0000 0.8274 0.2475
v -0.057467 0.043606 -0.011560 1.0000 0.8140 0.2370
v -0.057742 0.022672 -0.011909 0.9999 0.7855 0.2601
v -0.058017 0.023227 -0.012259 0.9989 0.7936 0.2531
v -0.058293 0.023783 -0.012609 1.0000 0.7888 0.2357
v -0.058568 0.024338 -0.012958 0.9991 0.7786 0.2221
v -0.058843 0.024894 -0.013308 0.9859 0.7409 0.1889
v -0.059119 0.025449 -0.013657 0.9727 0.7038 0.1562
v -0.059394 0.026005 -0.014007 0.9756 0.7119 0.1610
v -0.057722 0.022116 -0.011884 0.9999 0.7801 0.2586
v -0.057977 0.022116 -0.012208 0.9970 0.7835 0.2883
v -0.058233 0.022116 -0.012533 0.9934 0.7800 0.3011
v -0.058488 0.022116 -0.012857 0.9906 0.7646 0.2667
v -0.058744 0.022116 -0.013181 0.9902 0.7688 0.2839
v -0.058999 0.022116 -0.013506 0.9902 0.7875 0.3524
v -0.059255 0.022116 -0.013830 0.9902 0.8025 0.4135
v -0.082327 0.025805 -0.027104 0.9523 0.6119 0.0870
v -0.084539 0.025278 -0.027640 1.0000 0.7447 0.1642
v -0.086750 0.024751 -0.028176 1.0000 0.7731 0.2634
v -0.088962 0.024224 -0.028713 1.0000 0.7959 0.2885
v -0.091174 0.023697 -0.029249 1.0000 0.8106 0.3122
v -0.093386 0.023170 -0.029786 1.0000 0.8103 0.3252
v -0.095598 0.022643 -0.030322 1.0000 0.8118 0.3452
v -0.080095 0.025805 -0.026563 0.9686 0.6274 0.0994
v -0.080075 0.025278 -0.026559 0.9686 0.6387 0.1270
v -0.080056 0.024751 -0.026555 0.9686 0.6509 0.1569
v -0.080036 0.024224 -0.026551 0.9686 0.6639 0.1875
v -0.080016 0.023697 -0.026547 0.9711 0.6664 0.1938
v -0.079997 0.023170 -0.026543 0.9774 0.7025 0.2359
v -0.079977 0.022643 -0.026539 0.9891 0.7859 0.3367
v -0.067452 0.033072 -0.095730 1.0000 0.8431 0.3343
v -0.068327 0.033072 -0.095730 1.0000 0.8431 0.2825
v -0.069203 0.033072 -0.095730 1.0000 0.8431 0.2509
v -0.070078 0.033072 -0.095730 1.0000 0.8431 0.2508
v -0.070954 0.033072 -0.095730 1.0000 0.8431 0.2771
v -0.071829 0.033072 -0.095730 1.0000 0.8491 0.3321
v -0.072704 0.033072 -0.095730 1.0000 0.8549 0.3609
v -0.057742 0.044161 -0.011909 1.0000 0.8123 0.2262
v -0.058017 0.041647 -0.012259 1.0000 0.8222 0.2383
v -0.058293 0.039132 -0.012609 1.0000 0.8249 0.2541
v -0.058568 0.036618 -0.012958 1.0000 0.8115 0.2575
v -0.058843 0.034103 -0.013308 1.0000 0.8038 0.2195
v -0.059119 0.031589 -0.013657 1.0000 0.7960 0.2078
v -0.059394 0.029074 -0.014007 0.9999 0.7802 0.1921
v -0.058618 0.044986 -0.013020 1.0000 0.8261 0.2167
v -0.059769 0.043297 -0.014480 1.0000 0.8274 0.2235
v -0.060920 0.041607 -0.015941 1.0000 0.8144 0.2235
v -0.062072 0.039918 -0.017401 1.0000 0.8069 0.2148
v -0.063223 0.038228 -0.018861 1.0000 0.7892 0.2011
v -0.064375 0.036539 -0.020321 1.0000 0.7546 0.1763
v -0.065526 0.034849 -0.021781 0.9877 0.7003 0.1328
v -0.058618 0.046265 -0.013021 1.0000 0.8221 0.2508
v -0.059769 0.045854 -0.014483 1.0000 0.8284 0.3052
v -0.060920 0.045444 -0.015944 1.0000 0.8283 0.2830
v -0.062072 0.045033 -0.017406 1.0000 0.8326 0.3366
v -0.063223 0.044622 -0.018867 1.0000 0.8293 0.2906
v -0.064375 0.044211 -0.020329 1.0000 0.8389 0.3495
v -0.065526 0.043801 -0.021790 1.0000 0.8331 0.3434
v -0.095578 0.022116 -0.030318 1.0000 0.8181 0.3814
v -0.093347 0.022116 -0.029778 1.0000 0.8035 0.3342
v -0.091115 0.022116 -0.029237 1.0000 0.8151 0.3733
v -0.088883 0.022116 -0.028697 1.0000 0.7930 0.3186
v -0.086652 0.022116 -0.028157 1.0000 0.7986 0.3612
v -0.084420 0.022116 -0.027616 0.9960 0.7770 0.3132
v -0.082189 0.022116 -0.027076 0.9743 0.7441 0.3449
v -0.070599 0.022116 0.082552 1.0000 0.8363 0.4460
v -0.074486 0.022116 0.083467 1.0000 0.8334 0.4140
v -0.078374 0.022116 0.084382 1.0000 0.8323 0.4101
v -0.082262 0.022116 0.085297 1.0000 0.8250 0.3973
v -0.086149 0.022116 0.086212 1.0000 0.8213 0.3867
v -0.090037 0.022116 0.087127 1.0000 0.8212 0.3818
v -0.093924 0.022116 0.088042 1.0000 0.8294 0.3988
v -0.070599 0.023404 0.082564 1.0000 0.8431 0.4504
v -0.074487 0.024692 0.083490 1.0000 0.8292 0.3358
v -0.078376 0.025980 0.084416 1.0000 0.8170 0.2521
v -0.082264 0.027268 0.085342 1.0000 0.8117 0.2235
v -0.086152 0.028556 0.086268 1.0000 0.8117 0.2235
v -0.090040 0.029844 0.087194 1.0000 0.8238 0.2681
v -0.093928 0.031132 0.088120 1.0000 0.8431 0.3960
v -0.066711 0.024774 0.081637 1.0000 0.8424 0.4452
v -0.066711 0.027431 0.081637 1.0000 0.8402 0.3777
v -0.066711 0.030089 0.081637 1.0000 0.8304 0.3451
v -0.066711 0.032747 0.081637 1.0000 0.8235 0.3451
v -0.066711 0.035404 0.081637 1.0000 0.8392 0.3451
v -0.066711 0.038062 0.081637 1.0000 0.8431 0.4025
v -0.066711 0.040719 0.081637 1.0000 0.8431 0.4510
v -0.065556 0.022116 0.080181 1.0000 0.8341 0.4341
v -0.064400 0.022116 0.078725 1.0000 0.8322 0.4342
v -0.063245 0.022116 0.077268 1.0000 0.8330 0.4232
v -0.062090 0.022116 0.075812 1.0000 0.8307 0.4045
v -0.060934 0.022116 0.074356 1.0000 0.8323 0.4101
v -0.059779 0.022116 0.072899 1.0000 0.8368 0.4235
v -0.058623 0.022116 0.071443 1.0000 0.8370 0.4246
v -0.059650 0.026005 -0.014331 0.9572 0.6558 0.1216
v -0.059630 0.025449 -0.014306 0.9541 0.6428 0.1102
v -0.059610 0.024894 -0.014281 0.9557 0.6457 0.1180
v -0.059590 0.024338 -0.014255 0.9584 0.6542 0.1359
v -0.059570 0.023783 -0.014230 0.9656 0.6622 0.1587
v -0.059550 0.023227 -0.014205 0.9705 0.6709 0.1792
v -0.059530 0.022672 -0.014180 0.9737 0.6817 0.1990
v -0.060545 0.027385 -0.015467 0.9563 0.6270 0.1023
v -0.061421 0.028210 -0.016578 0.9627 0.6242 0.0941
v -0.062298 0.029035 -0.017688 0.9627 0.6197 0.0941
v -0.063173 0.029860 -0.018799 0.9672 0.6083 0.0873
v -0.064049 0.030685 -0.019910 0.9628 0.6027 0.0884
v -0.064925 0.031510 -0.021020 0.9624 0.6003 0.0833
v -0.065801 0.032335 -0.022131 0.9608 0.6039 0.0709
v -0.074397 0.032229 -0.095730 1.0000 0.8453 0.3249
v -0.075213 0.031387 -0.095730 1.0000 0.8369 0.2494
v -0.076030 0.030544 -0.095730 1.0000 0.8348 0.2444
v -0.076847 0.029702 -0.095730 1.0000 0.8368 0.2466
v -0.077663 0.028859 -0.095730 1.0000 0.8431 0.2443
v -0.078480 0.028017 -0.095730 1.0000 0.8431 0.3034
v -0.079297 0.027175 -0.095730 1.0000 0.8420 0.3410
v -0.097816 0.031132 0.089035 1.0000 0.8451 0.4033
v -0.097815 0.029844 0.089024 1.0000 0.8422 0.4074
v -0.097815 0.028556 0.089013 1.0000 0.8411 0.4014
v -0.097814 0.027268 0.089001 1.0000 0.8409 0.3950
v -0.097814 0.025980 0.088990 1.0000 0.8332 0.3883
v -0.097813 0.024692 0.088979 1.0000 0.8295 0.3824
v -0.097813 0.023404 0.088968 1.0000 0.8278 0.3824
v -0.093928 0.033790 0.088120 1.0000 0.8499 0.4282
v -0.090040 0.035160 0.087194 1.0000 0.8539 0.4423
v -0.086152 0.036529 0.086268 1.0000 0.8453 0.4271
v -0.082264 0.037899 0.085342 1.0000 0.8434 0.4117
v -0.078376 0.039268 0.084416 1.0000 0.8439 0.4167
v -0.074487 0.040638 0.083490 1.0000 0.8431 0.4204
v -0.070599 0.042007 0.082564 1.0000 0.8564 0.4437
v -0.059851 0.022643 -0.095730 0.9686 0.7344 0.3031
v -0.059831 0.023170 -0.095730 0.9686 0.7393 0.3079
v -0.059811 0.023697 -0.095730 0.9686 0.7503 0.3144
v -0.059792 0.024224 -0.095730 0.9686 0.7646 0.3215
v -0.059772 0.024751 -0.095730 0.9686 0.7647 0.3216
v -0.059752 0.025278 -0.095730 0.9766 0.7807 0.3296
v -0.059732 0.025805 -0.095730 0.9962 0.8198 0.3491
v -0.066677 0.034438 -0.023243 0.9671 0.6049 0.0651
v -0.066677 0.035717 -0.023244 0.9899 0.7158 0.1450
v -0.066677 0.036996 -0.023246 1.0000 0.7804 0.1922
v -0.066677 0.038275 -0.023247 1.0000 0.7866 0.1984
v -0.066677 0.039554 -0.023248 1.0000 0.7921 0.2039
v -0.066677 0.040832 -0.023249 1.0000 0.7953 0.2086
v -0.066677 0.042111 -0.023251 1.0000 0.8157 0.2192
v -0.067537 0.033160 -0.023480 0.9594 0.6028 0.0770
v -0.068398 0.033160 -0.023718 0.9656 0.6037 0.0787
v -0.069258 0.033160 -0.023955 0.9686 0.6005 0.0776
v -0.070118 0.033160 -0.024193 0.9686 0.5961 0.0745
v -0.070978 0.033160 -0.024431 0.9686 0.5979 0.0745
v -0.071838 0.033160 -0.024669 0.9686 0.5972 0.0718
v -0.072698 0.033160 -0.024907 0.9686 0.5965 0.0718
v -0.080094 0.025805 -0.095730 1.0000 0.8260 0.3097
v -0.080074 0.025278 -0.095730 1.0000 0.8207 0.3018
v -0.080054 0.024751 -0.095730 1.0000 0.8156 0.2941
v -0.080035 0.024224 -0.095730 1.0000 0.8136 0.2921
v -0.080015 0.023697 -0.095730 1.0000 0.8117 0.2902
v -0.079995 0.023170 -0.095730 1.0000 0.8065 0.2902
v -0.079975 0.022643 -0.095730 1.0000 0.8012 0.2902
v -0.079956 0.022116 -0.087081 1.0000 0.8180 0.3677
v -0.079956 0.022116 -0.078432 1.0000 0.8084 0.3234
v -0.079956 0.022116 -0.069782 1.0000 0.8061 0.3086
v -0.079956 0.022116 -0.061133 1.0000 0.7926 0.2420
v -0.079957 0.022116 -0.052484 1.0000 0.7969 0.2079
v -0.079957 0.022116 -0.043834 1.0000 0.8165 0.3438
v -0.079957 0.022116 -0.035185 1.0000 0.8296 0.4020
v -0.082189 0.022116 -0.012099 1.0000 0.7645 0.1917
v -0.084421 0.022116 0.002338 1.0000 0.7608 0.1804
v -0.086653 0.022116 0.016774 1.0000 0.7647 0.1804
v -0.088884 0.022116 0.031211 1.0000 0.7705 0.1804
v -0.091116 0.022116 0.045647 1.0000 0.7764 0.1804
v -0.093348 0.022116 0.060084 1.0000 0.7804 0.1922
v -0.095580 0.022116 0.074520 1.0000 0.8121 0.2933
v -0.077446 0.022116 -0.035185 1.0000 0.8072 0.2653
v -0.074935 0.022116 -0.043834 1.0000 0.7842 0.1922
v -0.072425 0.022116 -0.052483 1.0000 0.7775 0.1835
v -0.069914 0.022116 -0.061133 1.0000 0.7764 0.1804
v -0.067403 0.022116 -0.069782 1.0000 0.7707 0.1804
v -0.064892 0.022116 -0.078431 1.0000 0.7574 0.1608
v -0.062381 0.022116 -0.087081 1.0000 0.8048 0.3727
v -0.070570 0.042019 -0.009215 1.0000 0.8274 0.2309
v -0.074462 0.040648 0.004823 1.0000 0.8196 0.2353
v -0.078354 0.039276 0.018860 1.0000 0.8196 0.2353
v -0.082247 0.037905 0.032897 1.0000 0.8196 0.2295
v -0.086139 0.036534 0.046934 0.9255 0.7647 0.2471
v -0.090032 0.035163 0.060972 0.9343 0.7647 0.2559
v -0.093924 0.033792 0.075009 0.9372 0.7764 0.2471
v -0.060583 0.027186 -0.086669 1.0000 0.8313 0.3180
v -0.061454 0.028039 -0.077608 1.0000 0.8313 0.2471
v -0.062324 0.028892 -0.068547 1.0000 0.8313 0.2370
v -0.063195 0.029746 -0.059486 1.0000 0.8313 0.2354
v -0.064066 0.030599 -0.050425 1.0000 0.8353 0.2392
v -0.064936 0.031453 -0.041364 1.0000 0.8410 0.2768
v -0.065807 0.032306 -0.032303 1.0000 0.8240 0.3256
v -0.097812 0.022116 0.073980 0.9625 0.7895 0.3670
v -0.097812 0.022116 0.059003 0.9622 0.7974 0.4137
v -0.097811 0.022116 0.044026 0.9592 0.8027 0.4109
v -0.097811 0.022116 0.029049 1.0000 0.8219 0.4016
v -0.097811 0.022116 0.014072 1.0000 0.8149 0.3479
v -0.097810 0.022116 -0.000905 1.0000 0.8128 0.3231
v -0.097810 0.022116 -0.015882 1.0000 0.8342 0.4154
v -0.097815 0.032421 0.074058 0.9372 0.7921 0.3882
v -0.097814 0.032421 0.059070 0.9372 0.7843 0.3961
v -0.097812 0.032422 0.044082 0.9372 0.7843 0.3961
v -0.097811 0.032422 0.029094 1.0000 0.8431 0.3526
v -0.097809 0.032423 0.014106 1.0000 0.8419 0.2866
v -0.097808 0.032423 -0.000882 1.0000 0.8431 0.2769
v -0.097807 0.032424 -0.015870 1.0000 0.8549 0.4314
v -0.066665 0.033149 -0.032303 1.0000 0.8256 0.3382
v -0.066652 0.033138 -0.041364 1.0000 0.8431 0.3140
v -0.066640 0.033127 -0.050425 1.0000 0.8431 0.3269
v -0.066627 0.033116 -0.059486 1.0000 0.8431 0.3118
v -0.066614 0.033105 -0.068547 1.0000 0.8431 0.2588
v -0.066602 0.033094 -0.077608 1.0000 0.8431 0.3116
v -0.066589 0.033083 -0.086669 1.0000 0.8431 0.3428
v -0.097806 0.031136 -0.015882 1.0000 0.8549 0.4314
v -0.097807 0.029847 -0.000905 1.0000 0.8220 0.2628
v -0.097808 0.028559 0.014072 1.0000 0.8274 0.2340
v -0.097809 0.027270 0.029049 0.9714 0.8118 0.2240
v -0.097810 0.025982 0.044026 0.9372 0.7647 0.2393
v -0.097810 0.024693 0.059003 0.9372 0.7647 0.2881
v -0.097811 0.023405 0.073980 0.9372 0.7645 0.3258
v -0.067449 0.033083 -0.086907 1.0000 0.8431 0.3124
v -0.068322 0.033094 -0.078084 1.0000 0.8431 0.2627
v -0.069195 0.033105 -0.069261 1.0000 0.8392 0.2471
v -0.070067 0.033116 -0.060438 1.0000 0.8431 0.2471
v -0.070940 0.033127 -0.051614 1.0000 0.8431 0.2680
v -0.071813 0.033138 -0.042791 1.0000 0.8394 0.2841
v -0.072685 0.033149 -0.033968 1.0000 0.8045 0.3024
v -0.062381 0.022116 -0.095730 0.9837 0.7861 0.3779
v -0.064892 0.022116 -0.095730 1.0000 0.7332 0.1486
v -0.067403 0.022116 -0.095730 1.0000 0.7213 0.1340
v -0.069913 0.022116 -0.095730 1.0000 0.7171 0.1294
v -0.072424 0.022116 -0.095730 1.0000 0.7273 0.1401
v -0.074934 0.022116 -0.095730 1.0000 0.7445 0.1602
v -0.077445 0.022116 -0.095730 1.0000 0.7708 0.2326
v -0.073561 0.033149 -0.033968 1.0000 0.8046 0.3024
v -0.073564 0.033138 -0.042791 1.0000 0.8414 0.3128
v -0.073566 0.033127 -0.051615 1.0000 0.8431 0.3216
v -0.073569 0.033116 -0.060438 1.0000 0.8529 0.3274
v -0.073572 0.033105 -0.069261 1.0000 0.8431 0.2902
v -0.073574 0.033094 -0.078084 1.0000 0.8431 0.2902
v -0.073577 0.033083 -0.086907 1.0000 0.8431 0.3139
v -0.057723 0.022116 0.059469 1.0000 0.8275 0.4199
v -0.057979 0.022116 0.048951 1.0000 0.8274 0.4196
v -0.058234 0.022116 0.038434 1.0000 0.8313 0.4271
v -0.058489 0.022116 0.027916 1.0000 0.8226 0.3722
v -0.058745 0.022116 0.017398 1.0000 0.8177 0.3784
v -0.059000 0.022116 0.006881 1.0000 0.8117 0.3552
v -0.059255 0.022116 -0.003637 1.0000 0.8247 0.4081
v -0.074397 0.032229 -0.087085 1.0000 0.8431 0.2929
v -0.075214 0.031387 -0.078439 1.0000 0.8274 0.2441
v -0.076031 0.030544 -0.069794 1.0000 0.8274 0.2353
v -0.076847 0.029702 -0.061149 1.0000 0.8274 0.2351
v -0.077664 0.028859 -0.052503 1.0000 0.8288 0.2390
v -0.078481 0.028017 -0.043858 1.0000 0.8366 0.2774
v -0.079298 0.027175 -0.035213 1.0000 0.8101 0.2919
v -0.060411 0.022116 -0.002180 1.0000 0.8020 0.3006
v -0.061311 0.022116 0.009793 1.0000 0.7882 0.2236
v -0.062211 0.022116 0.021767 1.0000 0.7804 0.1919
v -0.063111 0.022116 0.033741 1.0000 0.7784 0.1804
v -0.064011 0.022116 0.045715 1.0000 0.7764 0.1804
v -0.064911 0.022116 0.057689 1.0000 0.7686 0.1922
v -0.065811 0.022116 0.069663 1.0000 0.7788 0.1757
v -0.062066 0.022116 -0.015702 1.0000 0.8178 0.3485
v -0.064622 0.022116 -0.017250 1.0000 0.7801 0.1915
v -0.067178 0.022116 -0.018797 1.0000 0.7701 0.1877
v -0.069734 0.022116 -0.020345 1.0000 0.7686 0.1922
v -0.072289 0.022116 -0.021893 1.0000 0.7647 0.1793
v -0.074845 0.022116 -0.023440 1.0000 0.7676 0.1807
v -0.077401 0.022116 -0.024988 1.0000 0.7686 0.1804
v -0.059556 0.022116 -0.024351 1.0000 0.8289 0.4237
v -0.059601 0.022116 -0.034548 1.0000 0.8274 0.4048
v -0.059646 0.022116 -0.044745 1.0000 0.8274 0.3890
v -0.059691 0.022116 -0.054942 1.0000 0.8148 0.3400
v -0.059736 0.022116 -0.065139 1.0000 0.8198 0.3616
v -0.059781 0.022116 -0.075336 1.0000 0.8208 0.3695
v -0.059826 0.022116 -0.085533 1.0000 0.8162 0.3821
v -0.058622 0.046263 0.000090 1.0000 0.8552 0.4403
v -0.059778 0.045851 0.011739 1.0000 0.8490 0.4169
v -0.060933 0.045439 0.023389 1.0000 0.8429 0.3495
v -0.062089 0.045026 0.035039 1.0000 0.8008 0.2351
v -0.063244 0.044614 0.046688 1.0000 0.7527 0.2151
v -0.064400 0.044202 0.058338 1.0000 0.7568 0.2124
v -0.065555 0.043789 0.069988 1.0000 0.8311 0.2355
v -0.059846 0.022672 -0.085558 1.0000 0.8117 0.3529
v -0.059820 0.023227 -0.075387 1.0000 0.8216 0.3598
v -0.059795 0.023783 -0.065215 1.0000 0.8229 0.3431
v -0.059770 0.024338 -0.055043 1.0000 0.8419 0.3657
v -0.059745 0.024894 -0.044871 1.0000 0.8431 0.3944
v -0.059720 0.025449 -0.034700 1.0000 0.8431 0.4049
v -0.059695 0.026005 -0.024528 1.0000 0.8379 0.4092
v -0.080115 0.026332 -0.035213 1.0000 0.8041 0.2932
v -0.080115 0.026332 -0.043858 1.0000 0.8334 0.3529
v -0.080114 0.026332 -0.052503 1.0000 0.8424 0.3638
v -0.080114 0.026332 -0.061149 1.0000 0.8392 0.3765
v -0.080114 0.026332 -0.069794 1.0000 0.8349 0.3386
v -0.080114 0.026332 -0.078440 1.0000 0.8402 0.3510
v -0.080114 0.026332 -0.087085 1.0000 0.8326 0.3454
v -0.080095 0.025805 -0.035213 1.0000 0.8008 0.2835
v -0.080075 0.025278 -0.043858 1.0000 0.8294 0.3529
v -0.080055 0.024751 -0.052503 1.0000 0.8417 0.3629
v -0.080035 0.024224 -0.061149 1.0000 0.8333 0.3677
v -0.080015 0.023697 -0.069794 1.0000 0.8312 0.3333
v -0.079996 0.023170 -0.078440 1.0000 0.8214 0.3331
v -0.079976 0.022643 -0.087085 1.0000 0.8074 0.3027
v -0.066707 0.043378 0.068526 1.0000 0.8274 0.2353
v -0.066703 0.043380 0.055415 1.0000 0.7990 0.2235
v -0.066698 0.043382 0.042304 1.0000 0.7684 0.2155
v -0.066694 0.043383 0.029193 1.0000 0.8167 0.2343
v -0.066690 0.043385 0.016082 1.0000 0.8268 0.2353
v -0.066686 0.043387 0.002970 1.0000 0.8274 0.2353
v -0.066682 0.043388 -0.010141 1.0000 0.8273 0.2414
v -0.059675 0.026531 -0.024528 1.0000 0.8312 0.3940
v -0.059680 0.026503 -0.034700 1.0000 0.8431 0.3951
v -0.059686 0.026475 -0.044871 1.0000 0.8431 0.3863
v -0.059691 0.026446 -0.055043 1.0000 0.8429 0.3641
v -0.059696 0.026418 -0.065215 1.0000 0.8355 0.3397
v -0.059702 0.026389 -0.075387 1.0000 0.8323 0.3348
v -0.059707 0.026361 -0.085558 1.0000 0.8343 0.3680
v -0.068367 0.022116 0.068116 1.0000 0.7725 0.1922
v -0.070023 0.022116 0.054594 1.0000 0.7645 0.1804
v -0.071678 0.022116 0.041073 1.0000 0.7608 0.1804
v -0.073334 0.022116 0.027551 1.0000 0.7608 0.1804
v -0.074990 0.022116 0.014029 1.0000 0.7608 0.1804
v -0.076645 0.022116 0.000508 1.0000 0.7608 0.1804
v -0.078301 0.022116 -0.013014 1.0000 0.7608 0.1804
v -0.087447 0.025551 0.086547 1.0000 0.8220 0.2920
v -0.073885 0.023305 0.083336 1.0000 0.8422 0.4223
v -0.077176 0.024468 0.084120 1.0000 0.8422 0.3836
v -0.080453 0.025624 0.084902 1.0000 0.8205 0.2822
v -0.083702 0.026792 0.085676 1.0000 0.8117 0.2235
v -0.077175 0.023231 0.084110 1.0000 0.8419 0.4014
v -0.079820 0.024288 0.084741 1.0000 0.8313 0.3765
v -0.082432 0.025316 0.085365 1.0000 0.8240 0.3076
v -0.085019 0.026356 0.085982 1.0000 0.8121 0.2257
v -0.080452 0.023161 0.084880 1.0000 0.8313 0.3974
v -0.082431 0.024124 0.085354 1.0000 0.8313 0.3765
v -0.084351 0.025038 0.085814 1.0000 0.8264 0.3298
v -0.086254 0.025946 0.086269 1.0000 0.8168 0.2575
v -0.094229 0.030044 0.088181 1.0000 0.8431 0.3900
v -0.094449 0.028954 0.088224 1.0000 0.8425 0.3879
v -0.094660 0.027868 0.088264 1.0000 0.8414 0.3848
v -0.094938 0.026792 0.088320 1.0000 0.8425 0.4063
v -0.090717 0.028954 0.087346 1.0000 0.8195 0.2411
v -0.091260 0.028077 0.087466 1.0000 0.8192 0.2342
v -0.091753 0.027212 0.087575 1.0000 0.8260 0.2568
v -0.092304 0.026356 0.087697 1.0000 0.8276 0.2908
v -0.087228 0.027868 0.086515 1.0000 0.8117 0.2235
v -0.088156 0.027212 0.086728 1.0000 0.8137 0.2245
v -0.088995 0.026576 0.086920 1.0000 0.8246 0.2504
v -0.089833 0.025946 0.087112 1.0000 0.8292 0.2816
v -0.094226 0.023305 0.088123 1.0000 0.8401 0.4126
v -0.090714 0.023231 0.087296 1.0000 0.8339 0.3752
v -0.087226 0.023161 0.086474 1.0000 0.8281 0.3846
v -0.083700 0.023069 0.085644 1.0000 0.8294 0.3979
v -0.094447 0.024468 0.088185 1.0000 0.8420 0.4158
v -0.091259 0.024288 0.087433 1.0000 0.8392 0.3678
v -0.088155 0.024124 0.086701 1.0000 0.8342 0.3721
v -0.085018 0.023942 0.085961 1.0000 0.8313 0.3765
v -0.094659 0.025624 0.088245 1.0000 0.8413 0.3996
v -0.091752 0.025316 0.087558 1.0000 0.8322 0.3347
v -0.088994 0.025038 0.086907 1.0000 0.8346 0.3325
v -0.086253 0.024760 0.086259 1.0000 0.8288 0.3521
v -0.077080 0.032638 0.084107 1.0000 0.8117 0.2229
v -0.090642 0.032496 0.087337 1.0000 0.8415 0.3789
v -0.087351 0.031254 0.086554 1.0000 0.8335 0.2935
v -0.084074 0.030024 0.085773 1.0000 0.8117 0.2235
v -0.080825 0.028758 0.084999 1.0000 0.8117 0.2235
v -0.087351 0.033806 0.086554 1.0000 0.8431 0.3874
v -0.084706 0.032558 0.085924 1.0000 0.8296 0.2982
v -0.082095 0.031356 0.085302 1.0000 0.8117 0.2235
v -0.079508 0.030122 0.084685 1.0000 0.8117 0.2235
v -0.084074 0.035105 0.085773 1.0000 0.8431 0.3649
v -0.082095 0.033815 0.085302 1.0000 0.8315 0.3120
v -0.080175 0.032605 0.084844 1.0000 0.8117 0.2235
v -0.078273 0.031402 0.084391 1.0000 0.8117 0.2200
v -0.070298 0.025757 0.082492 1.0000 0.8298 0.2968
v -0.070077 0.028083 0.082439 1.0000 0.8117 0.2166
v -0.069866 0.030398 0.082389 1.0000 0.8117 0.2193
v -0.069588 0.032716 0.082323 1.0000 0.8117 0.2244
v -0.073810 0.026769 0.083328 1.0000 0.8117 0.2235
v -0.073266 0.028768 0.083199 1.0000 0.8117 0.2235
v -0.072773 0.030727 0.083081 1.0000 0.8117 0.2174
v -0.072222 0.032689 0.082950 1.0000 0.8117 0.2202
v -0.077299 0.027780 0.084159 1.0000 0.8117 0.2235
v -0.076371 0.029459 0.083938 1.0000 0.8117 0.2235
v -0.075532 0.031067 0.083738 1.0000 0.8117 0.2157
v -0.074693 0.032663 0.083539 1.0000 0.8117 0.2157
v -0.070298 0.039661 0.082492 1.0000 0.8549 0.4314
v -0.073810 0.038576 0.083328 1.0000 0.8431 0.4112
v -0.077299 0.037491 0.084159 1.0000 0.8431 0.3873
v -0.080825 0.036439 0.084999 1.0000 0.8431 0.3831
v -0.070077 0.037339 0.082439 1.0000 0.8312 0.3500
v -0.073266 0.036588 0.083199 1.0000 0.8330 0.3412
v -0.076371 0.035831 0.083938 1.0000 0.8338 0.3154
v -0.079508 0.035102 0.084685 1.0000 0.8431 0.3379
v -0.069866 0.035029 0.082389 1.0000 0.8117 0.2235
v -0.072773 0.034639 0.083081 1.0000 0.8118 0.2237
v -0.075532 0.034241 0.083738 1.0000 0.8173 0.2329
v -0.078273 0.033849 0.084391 1.0000 0.8145 0.2348
v -0.063630 0.029203 0.077754 1.0000 0.8117 0.2235
v -0.059600 0.024568 0.072674 1.0000 0.8416 0.4005
v -0.060578 0.026968 0.073906 1.0000 0.8159 0.2363
v -0.061552 0.029353 0.075134 1.0000 0.8117 0.2219
v -0.062517 0.031763 0.076351 1.0000 0.8117 0.2157
v -0.060578 0.024417 0.073906 1.0000 0.8389 0.3646
v -0.061364 0.026597 0.074897 1.0000 0.8217 0.2454
v -0.062140 0.028719 0.075875 1.0000 0.8117 0.2235
v -0.062908 0.030863 0.076844 1.0000 0.8117 0.2163
v -0.061552 0.024273 0.075134 1.0000 0.8392 0.3646
v -0.062140 0.026260 0.075875 1.0000 0.8266 0.2595
v -0.062710 0.028145 0.076594 1.0000 0.8117 0.2232
v -0.063276 0.030019 0.077307 1.0000 0.8117 0.2233
v -0.065645 0.038473 0.080294 1.0000 0.8375 0.3785
v -0.065711 0.036224 0.080377 1.0000 0.8309 0.3075
v -0.065774 0.033984 0.080456 1.0000 0.8252 0.3051
v -0.065856 0.031763 0.080560 1.0000 0.8232 0.3097
v -0.064602 0.036224 0.078978 1.0000 0.8119 0.2243
v -0.064763 0.034416 0.079182 1.0000 0.8134 0.2304
v -0.064910 0.032631 0.079367 1.0000 0.8133 0.2408
v -0.065073 0.030863 0.079573 1.0000 0.8148 0.2527
v -0.063565 0.033984 0.077672 1.0000 0.8117 0.2234
v -0.063841 0.032631 0.078019 1.0000 0.8117 0.2200
v -0.064090 0.031319 0.078333 1.0000 0.8117 0.2233
v -0.064339 0.030019 0.078648 1.0000 0.8117 0.2235
v -0.065645 0.024568 0.080294 1.0000 0.8426 0.4434
v -0.064602 0.024417 0.078978 1.0000 0.8391 0.3981
v -0.063565 0.024273 0.077672 1.0000 0.8399 0.3774
v -0.062517 0.024082 0.076351 1.0000 0.8406 0.3848
v -0.065711 0.026968 0.080377 1.0000 0.8301 0.3384
v -0.064763 0.026597 0.079182 1.0000 0.8289 0.3279
v -0.063841 0.026260 0.078019 1.0000 0.8271 0.2765
v -0.062908 0.025883 0.076844 1.0000 0.8290 0.2798
v -0.065774 0.029353 0.080456 1.0000 0.8268 0.3168
v -0.064910 0.028718 0.079367 1.0000 0.8168 0.2558
v -0.064090 0.028145 0.078333 1.0000 0.8118 0.2239
v -0.063276 0.027572 0.077307 1.0000 0.8117 0.2155
v -0.060549 0.037390 0.073870 1.0000 0.8117 0.2235
v -0.064579 0.041305 0.078950 1.0000 0.8453 0.4492
v -0.063601 0.038882 0.077718 1.0000 0.8197 0.2596
v -0.062627 0.036475 0.076490 1.0000 0.8133 0.2235
v -0.061662 0.034035 0.075273 1.0000 0.8117 0.2196
v -0.063601 0.041829 0.077718 1.0000 0.8515 0.4333
v -0.062815 0.039592 0.076727 1.0000 0.8165 0.2501
v -0.062039 0.037417 0.075749 1.0000 0.8117 0.2235
v -0.061271 0.035214 0.074780 1.0000 0.8117 0.2235
v -0.062627 0.042343 0.076490 1.0000 0.8512 0.4365
v -0.062039 0.040258 0.075749 1.0000 0.8225 0.2745
v -0.061469 0.038283 0.075030 1.0000 0.8117 0.2235
v -0.060904 0.036321 0.074317 1.0000 0.8117 0.2235
v -0.058534 0.027401 0.071330 1.0000 0.8364 0.3570
v -0.058468 0.030022 0.071247 1.0000 0.8306 0.3399
v -0.058405 0.032632 0.071168 1.0000 0.8309 0.3182
v -0.058323 0.035227 0.071064 1.0000 0.8316 0.3219
v -0.059577 0.029626 0.072645 1.0000 0.8134 0.2334
v -0.059416 0.031772 0.072442 1.0000 0.8142 0.2342
v -0.059269 0.033886 0.072257 1.0000 0.8180 0.2503
v -0.059106 0.035987 0.072051 1.0000 0.8218 0.2665
v -0.060614 0.031844 0.073952 1.0000 0.8117 0.2235
v -0.060338 0.033505 0.073605 1.0000 0.8117 0.2235
v -0.060089 0.035110 0.073290 1.0000 0.8117 0.2235
v -0.059840 0.036701 0.072976 1.0000 0.8117 0.2235
v -0.058534 0.043463 0.071330 1.0000 0.8506 0.4428
v -0.059577 0.043265 0.072645 1.0000 0.8544 0.4490
v -0.060614 0.043062 0.073952 1.0000 0.8537 0.4465
v -0.061662 0.042908 0.075273 1.0000 0.8527 0.4423
v -0.058468 0.040714 0.071247 1.0000 0.8384 0.3875
v -0.059416 0.040805 0.072442 1.0000 0.8359 0.3566
v -0.060338 0.040865 0.073604 1.0000 0.8276 0.3071
v -0.061271 0.040967 0.074780 1.0000 0.8285 0.3136
v -0.058405 0.037982 0.071168 1.0000 0.8354 0.3482
v -0.059269 0.038406 0.072257 1.0000 0.8240 0.2887
v -0.060089 0.038776 0.073290 1.0000 0.8119 0.2245
v -0.060904 0.039147 0.074317 1.0000 0.8117 0.2235
v -0.057468 0.030303 0.042804 1.0000 0.7821 0.2058
v -0.057467 0.024949 0.007249 1.0000 0.8195 0.2749
v -0.057467 0.027721 0.015875 1.0000 0.8085 0.2203
v -0.057467 0.030476 0.024468 1.0000 0.8005 0.2120
v -0.057467 0.033260 0.032984 1.0000 0.7837 0.2149
v -0.057467 0.024774 0.015875 1.0000 0.8242 0.3094
v -0.057467 0.027292 0.022810 1.0000 0.8044 0.2143
v -0.057467 0.029743 0.029656 1.0000 0.8097 0.2195
v -0.057467 0.032220 0.036437 1.0000 0.7805 0.2100
v -0.057467 0.024607 0.024468 1.0000 0.8302 0.3341
v -0.057467 0.026902 0.029656 1.0000 0.8117 0.2101
v -0.057467 0.029081 0.034689 1.0000 0.8039 0.2157
v -0.057467 0.031245 0.039676 1.0000 0.7843 0.2157
v -0.057468 0.041011 0.060582 1.0000 0.7239 0.1737
v -0.057468 0.038413 0.061162 1.0000 0.7212 0.1829
v -0.057468 0.035825 0.061715 1.0000 0.7798 0.2154
v -0.057468 0.033260 0.062445 1.0000 0.8033 0.2235
v -0.057468 0.038413 0.051376 1.0000 0.7127 0.1804
v -0.057468 0.036325 0.052801 1.0000 0.7072 0.1804
v -0.057468 0.034263 0.054094 1.0000 0.7214 0.1882
v -0.057468 0.032220 0.055538 1.0000 0.7811 0.2143
v -0.057467 0.035825 0.042230 1.0000 0.7577 0.1922
v -0.057468 0.034263 0.044663 1.0000 0.7607 0.1948
v -0.057467 0.032747 0.046862 1.0000 0.7686 0.1922
v -0.057468 0.031245 0.049060 1.0000 0.7825 0.2132
v -0.057468 0.024949 0.060582 1.0000 0.8276 0.3117
v -0.057468 0.024774 0.051376 1.0000 0.8291 0.3224
v -0.057467 0.024607 0.042230 1.0000 0.8305 0.3367
v -0.057467 0.024388 0.032984 1.0000 0.8326 0.3290
v -0.057468 0.027721 0.061162 1.0000 0.8104 0.2235
v -0.057468 0.027292 0.052801 1.0000 0.8117 0.2218
v -0.057468 0.026902 0.044663 1.0000 0.8033 0.2048
v -0.057467 0.026468 0.036437 1.0000 0.8115 0.1961
v -0.057468 0.030476 0.061715 1.0000 0.8065 0.2235
v -0.057468 0.029743 0.054094 1.0000 0.8078 0.2157
v -0.057467 0.029081 0.046862 1.0000 0.7934 0.2137
v -0.057467 0.028419 0.039676 1.0000 0.8023 0.2172
v -0.057467 0.038489 0.015622 1.0000 0.8112 0.2157
v -0.057468 0.043843 0.051177 1.0000 0.7979 0.3822
v -0.057468 0.041071 0.042551 1.0000 0.7294 0.1782
v -0.057467 0.038316 0.033958 1.0000 0.7767 0.2101
v -0.057467 0.035532 0.025442 1.0000 0.8000 0.2157
v -0.057467 0.044018 0.042551 1.0000 0.7898 0.3708
v -0.057467 0.041500 0.035617 1.0000 0.7464 0.1963
v -0.057467 0.039049 0.028771 1.0000 0.8051 0.2191
v -0.057467 0.036572 0.021989 1.0000 0.8078 0.2157
v -0.057467 0.044185 0.033958 1.0000 0.8084 0.3789
v -0.057467 0.041889 0.028771 1.0000 0.8054 0.2429
v -0.057467 0.039711 0.023737 1.0000 0.8117 0.2235
v -0.057467 0.037547 0.018750 1.0000 0.8078 0.2157
v -0.057467 0.027781 -0.002155 1.0000 0.8039 0.2235
v -0.057467 0.030379 -0.002735 1.0000 0.7972 0.2215
v -0.057467 0.032967 -0.003289 1.0000 0.8029 0.2113
v -0.057467 0.035532 -0.004018 1.0000 0.8073 0.2168
v -0.057467 0.030379 0.007051 1.0000 0.8029 0.2157
v -0.057467 0.032467 0.005625 1.0000 0.8000 0.2157
v -0.057467 0.034529 0.004332 1.0000 0.8051 0.2157
v -0.057467 0.036572 0.002888 1.0000 0.8078 0.2157
v -0.057467 0.032967 0.016197 1.0000 0.8000 0.2157
v -0.057467 0.034529 0.013764 1.0000 0.8052 0.2157
v -0.057467 0.036045 0.011565 1.0000 0.8078 0.2157
v -0.057467 0.037547 0.009366 1.0000 0.8078 0.2157
v -0.057467 0.043843 -0.002155 1.0000 0.8354 0.3244
v -0.057467 0.044018 0.007051 1.0000 0.8447 0.4003
v -0.057467 0.044185 0.016197 1.0000 0.8462 0.4124
v -0.057467 0.044404 0.025442 1.0000 0.8470 0.3961
v -0.057467 0.041071 -0.002735 1.0000 0.8078 0.2157
v -0.057467 0.041500 0.005625 1.0000 0.8199 0.2124
v -0.057467 0.041889 0.013764 1.0000 0.8190 0.2439
v -0.057467 0.042324 0.021989 1.0000 0.8258 0.2835
v -0.057467 0.038316 -0.003289 1.0000 0.8078 0.2157
v -0.057467 0.039049 0.004332 1.0000 0.8117 0.2233
v -0.057467 0.039711 0.011565 1.0000 0.8117 0.2222
v -0.057467 0.040373 0.018750 1.0000 0.8117 0.2221
v -0.058882 0.023597 -0.013357 0.9899 0.7522 0.1974
v -0.059397 0.025535 -0.014011 0.9638 0.6786 0.1340
v -0.059149 0.025065 -0.013696 0.9685 0.6919 0.1465
v -0.058903 0.024597 -0.013384 0.9874 0.7451 0.1920
v -0.058655 0.024133 -0.013069 0.9972 0.7728 0.2165
v -0.059395 0.025065 -0.014008 0.9604 0.6689 0.1260
v -0.059172 0.024687 -0.013724 0.9750 0.7104 0.1612
v -0.058954 0.024314 -0.013449 0.9885 0.7483 0.1940
v -0.058735 0.023944 -0.013170 0.9947 0.7656 0.2098
v -0.059392 0.024597 -0.014004 0.9703 0.6970 0.1492
v -0.059191 0.024314 -0.013749 0.9813 0.7281 0.1753
v -0.059000 0.024040 -0.013506 0.9875 0.7455 0.1912
v -0.058810 0.023768 -0.013265 0.9923 0.7590 0.2037
v -0.057956 0.022629 -0.012182 0.9965 0.7736 0.2510
v -0.058171 0.022597 -0.012455 0.9907 0.7574 0.2372
v -0.058386 0.022567 -0.012727 0.9846 0.7407 0.2233
v -0.058598 0.022527 -0.012996 0.9812 0.7316 0.2157
v -0.058190 0.023130 -0.012479 0.9963 0.7789 0.2414
v -0.058361 0.023053 -0.012696 0.9931 0.7656 0.2297
v -0.058531 0.022982 -0.012911 0.9890 0.7521 0.2190
v -0.058698 0.022904 -0.013123 0.9859 0.7433 0.2127
v -0.058424 0.023629 -0.012775 1.0000 0.7847 0.2303
v -0.058549 0.023496 -0.012934 0.9980 0.7755 0.2216
v -0.058671 0.023376 -0.013089 0.9936 0.7630 0.2127
v -0.058792 0.023257 -0.013242 0.9896 0.7520 0.2047
v -0.059293 0.022629 -0.013879 0.9799 0.7275 0.2094
v -0.059326 0.023130 -0.013920 0.9772 0.7179 0.1799
v -0.059357 0.023629 -0.013960 0.9751 0.7105 0.1603
v -0.059394 0.024133 -0.014006 0.9749 0.7100 0.1599
v -0.059061 0.022597 -0.013584 0.9807 0.7299 0.2121
v -0.059113 0.023053 -0.013650 0.9815 0.7304 0.1940
v -0.059162 0.023496 -0.013712 0.9813 0.7281 0.1765
v -0.059214 0.023944 -0.013778 0.9807 0.7266 0.1738
v -0.058831 0.022567 -0.013292 0.9812 0.7313 0.2142
v -0.058907 0.022982 -0.013388 0.9842 0.7383 0.2044
v -0.058976 0.023376 -0.013476 0.9859 0.7414 0.1913
v -0.059045 0.023768 -0.013564 0.9858 0.7406 0.1866
v -0.058201 0.031784 -0.012492 1.0000 0.8172 0.2437
v -0.059161 0.028367 -0.013711 1.0000 0.7804 0.1922
v -0.058928 0.030670 -0.013416 1.0000 0.7969 0.2087
v -0.058696 0.032956 -0.013121 1.0000 0.8078 0.2195
v -0.058466 0.035277 -0.012829 1.0000 0.8122 0.2537
v -0.058928 0.027723 -0.013415 1.0000 0.7804 0.1922
v -0.058741 0.029863 -0.013178 1.0000 0.7810 0.1928
v -0.058556 0.031941 -0.012943 1.0000 0.8113 0.2238
v -0.058373 0.034049 -0.012710 1.0000 0.8146 0.2415
v -0.058696 0.027088 -0.013121 0.9995 0.7791 0.1944
v -0.058556 0.029100 -0.012943 1.0000 0.7810 0.1933
v -0.058420 0.031004 -0.012770 1.0000 0.8128 0.2301
v -0.058285 0.032897 -0.012599 1.0000 0.8164 0.2408
v -0.057720 0.041523 -0.011882 1.0000 0.8256 0.2446
v -0.057705 0.038894 -0.011862 1.0000 0.8274 0.2657
v -0.057690 0.036276 -0.011844 1.0000 0.8266 0.2855
v -0.057670 0.033671 -0.011818 1.0000 0.8254 0.2796
v -0.057969 0.039427 -0.012198 1.0000 0.8267 0.2628
v -0.057931 0.037261 -0.012149 1.0000 0.8234 0.2741
v -0.057896 0.035129 -0.012105 1.0000 0.8235 0.2720
v -0.057857 0.033008 -0.012055 1.0000 0.8235 0.2680
v -0.058216 0.037338 -0.012512 1.0000 0.8178 0.2655
v -0.058151 0.035643 -0.012428 1.0000 0.8203 0.2743
v -0.058091 0.034007 -0.012353 1.0000 0.8213 0.2654
v -0.058032 0.032385 -0.012277 1.0000 0.8202 0.2546
v -0.057721 0.025461 -0.011882 1.0000 0.8011 0.2500
v -0.057969 0.025788 -0.012198 1.0000 0.7962 0.2426
v -0.058216 0.026120 -0.012512 1.0000 0.7896 0.2346
v -0.058466 0.026404 -0.012829 1.0000 0.7830 0.2213
v -0.057705 0.028202 -0.011862 1.0000 0.8117 0.2473
v -0.057931 0.028228 -0.012149 1.0000 0.8073 0.2394
v -0.058151 0.028282 -0.012428 1.0000 0.7979 0.2229
v -0.058373 0.028296 -0.012710 1.0000 0.7879 0.2054
v -0.057690 0.030927 -0.011843 1.0000 0.8204 0.2620
v -0.057896 0.030609 -0.012105 1.0000 0.8162 0.2581
v -0.058091 0.030341 -0.012353 1.0000 0.8058 0.2394
v -0.058285 0.030070 -0.012599 1.0000 0.7941 0.2181
v -0.061271 0.035465 -0.016386 1.0000 0.7682 0.1834
v -0.064807 0.033957 -0.020870 0.9814 0.6787 0.1317
v -0.063817 0.035530 -0.019614 1.0000 0.7383 0.1673
v -0.062831 0.037091 -0.018364 1.0000 0.7758 0.1892
v -0.061850 0.038682 -0.017119 1.0000 0.8006 0.2048
v -0.064081 0.033116 -0.019950 0.9803 0.6707 0.1307
v -0.063259 0.034617 -0.018907 1.0000 0.7302 0.1614
v -0.062451 0.036071 -0.017882 1.0000 0.7641 0.1801
v -0.061646 0.037551 -0.016861 1.0000 0.7921 0.2037
v -0.063358 0.032284 -0.019032 0.9812 0.6733 0.1320
v -0.062706 0.033744 -0.018206 1.0000 0.7395 0.1608
v -0.062078 0.035121 -0.017409 1.0000 0.7553 0.1710
v -0.061455 0.036490 -0.016620 1.0000 0.7844 0.1973
v -0.058783 0.042797 -0.013230 1.0000 0.8267 0.2201
v -0.058966 0.040622 -0.013462 1.0000 0.8233 0.2467
v -0.059151 0.038458 -0.013697 1.0000 0.8203 0.2429
v -0.059318 0.036298 -0.013909 1.0000 0.7995 0.2129
v -0.059807 0.041414 -0.014529 1.0000 0.8202 0.2402
v -0.059872 0.039588 -0.014611 1.0000 0.8140 0.2303
v -0.059946 0.037795 -0.014705 1.0000 0.8028 0.2176
v -0.060005 0.036005 -0.014780 1.0000 0.7990 0.2097
v -0.060825 0.040035 -0.015820 1.0000 0.8102 0.2204
v -0.060756 0.038558 -0.015733 1.0000 0.8076 0.2158
v -0.060703 0.037139 -0.015666 1.0000 0.7933 0.2057
v -0.060649 0.035730 -0.015597 1.0000 0.7935 0.2062
v -0.060224 0.029641 -0.015059 0.9962 0.7700 0.1862
v -0.061030 0.030243 -0.016082 0.9930 0.7179 0.1502
v -0.061831 0.030847 -0.017097 0.9859 0.7057 0.1429
v -0.062646 0.031415 -0.018130 0.9744 0.6712 0.1307
v -0.059925 0.031865 -0.014680 1.0000 0.7664 0.1819
v -0.060682 0.032190 -0.015640 1.0000 0.7523 0.1680
v -0.061416 0.032530 -0.016571 1.0000 0.7451 0.1608
v -0.062162 0.032839 -0.017516 1.0000 0.7451 0.1608
v -0.059630 0.034076 -0.014306 1.0000 0.7937 0.2013
v -0.060351 0.034093 -0.015220 1.0000 0.7732 0.1826
v -0.061032 0.034136 -0.016083 1.0000 0.7535 0.1692
v -0.061709 0.034175 -0.016941 1.0000 0.7495 0.1653
v -0.063607 0.041075 -0.019351 1.0000 0.8117 0.2234
v -0.059591 0.044738 -0.014256 1.0000 0.8212 0.2007
v -0.060565 0.043235 -0.015491 1.0000 0.8240 0.2235
v -0.061536 0.041742 -0.016722 1.0000 0.8167 0.2235
v -0.062498 0.040239 -0.017942 1.0000 0.8082 0.2173
v -0.060565 0.044463 -0.015492 1.0000 0.8206 0.1991
v -0.061349 0.043135 -0.016486 1.0000 0.8235 0.2235
v -0.062122 0.041838 -0.017466 1.0000 0.8183 0.2235
v -0.062888 0.040533 -0.018437 1.0000 0.8114 0.2230
v -0.061536 0.044186 -0.016725 1.0000 0.8252 0.2416
v -0.062122 0.043021 -0.017467 1.0000 0.8235 0.2235
v -0.062690 0.041911 -0.018188 1.0000 0.8152 0.2120
v -0.063254 0.040809 -0.018902 1.0000 0.8117 0.2235
v -0.065615 0.035898 -0.021896 0.9952 0.7469 0.1659
v -0.065681 0.036957 -0.021980 1.0000 0.7804 0.1922
v -0.065743 0.038013 -0.022060 1.0000 0.7882 0.2001
v -0.065825 0.039052 -0.022166 1.0000 0.7981 0.2129
v -0.064575 0.037351 -0.020577 1.0000 0.7651 0.1815
v -0.064736 0.038164 -0.020782 1.0000 0.7866 0.1991
v -0.064882 0.038971 -0.020968 1.0000 0.7972 0.2116
v -0.065045 0.039763 -0.021176 1.0000 0.8023 0.2172
v -0.063542 0.038798 -0.019267 1.0000 0.7916 0.2036
v -0.063817 0.039351 -0.019616 1.0000 0.7966 0.2103
v -0.064065 0.039894 -0.019932 1.0000 0.8068 0.2201
v -0.064314 0.040431 -0.020248 1.0000 0.8117 0.2235
v -0.065615 0.042589 -0.021902 1.0000 0.8117 0.1922
v -0.064575 0.043033 -0.020582 1.0000 0.8147 0.2090
v -0.063542 0.043471 -0.019271 1.0000 0.8128 0.1981
v -0.062498 0.043935 -0.017946 1.0000 0.8212 0.2180
v -0.065680 0.041411 -0.021984 1.0000 0.8041 0.2075
v -0.064736 0.041926 -0.020786 1.0000 0.8115 0.1967
v -0.063817 0.042417 -0.019619 1.0000 0.8117 0.1922
v -0.062888 0.042929 -0.018440 1.0000 0.8132 0.1961
v -0.065743 0.040241 -0.022063 1.0000 0.7942 0.2070
v -0.064882 0.040853 -0.020970 1.0000 0.8075 0.2207
v -0.064065 0.041421 -0.019933 1.0000 0.8117 0.2149
v -0.063254 0.041986 -0.018903 1.0000 0.8117 0.1991
v -0.068971 0.036570 -0.023880 0.9998 0.7641 0.1605
v -0.067471 0.034340 -0.023462 0.9625 0.6119 0.0782
v -0.068248 0.034267 -0.023677 0.9607 0.6210 0.0915
v -0.069019 0.034197 -0.023891 0.9616 0.6179 0.0897
v -0.069800 0.034106 -0.024106 0.9624 0.6087 0.0849
v -0.067422 0.035494 -0.023450 0.9724 0.6509 0.1046
v -0.068128 0.035316 -0.023645 0.9568 0.6236 0.0941
v -0.068814 0.035153 -0.023835 0.9560 0.6207 0.0927
v -0.069508 0.034972 -0.024027 0.9495 0.5988 0.0825
v -0.067375 0.036642 -0.023438 1.0000 0.7750 0.1814
v -0.068018 0.036337 -0.023616 0.9943 0.7466 0.1526
v -0.068629 0.036061 -0.023784 0.9821 0.7066 0.1335
v -0.069235 0.035785 -0.023952 0.9653 0.6512 0.1075
v -0.071971 0.034339 -0.024707 0.9594 0.5908 0.0745
v -0.071243 0.035494 -0.024507 0.9575 0.5987 0.0803
v -0.070518 0.036642 -0.024308 1.0000 0.7647 0.1608
v -0.069800 0.037802 -0.024110 1.0000 0.7745 0.1825
v -0.071243 0.034267 -0.024506 0.9603 0.5960 0.0771
v -0.070658 0.035316 -0.024345 0.9427 0.5704 0.0688
v -0.070080 0.036337 -0.024186 0.9936 0.7440 0.1512
v -0.069508 0.037369 -0.024029 1.0000 0.7660 0.1637
v -0.070518 0.034197 -0.024305 0.9612 0.6113 0.0865
v -0.070080 0.035153 -0.024185 0.9439 0.5796 0.0735
v -0.069656 0.036061 -0.024068 0.9778 0.6920 0.1269
v -0.069235 0.036962 -0.023953 1.0000 0.7647 0.1608
v -0.067471 0.041030 -0.023469 1.0000 0.7893 0.2025
v -0.067422 0.039948 -0.023454 1.0000 0.7883 0.2006
v -0.067375 0.038870 -0.023440 1.0000 0.7868 0.2009
v -0.067314 0.037802 -0.023422 1.0000 0.7788 0.1894
v -0.068248 0.039948 -0.023683 1.0000 0.7818 0.1965
v -0.068127 0.039078 -0.023649 1.0000 0.7836 0.2018
v -0.068018 0.038219 -0.023618 1.0000 0.7822 0.1990
v -0.067896 0.037369 -0.023583 1.0000 0.7672 0.1662
v -0.069019 0.038870 -0.023895 1.0000 0.7812 0.1946
v -0.068814 0.038219 -0.023838 1.0000 0.7795 0.1909
v -0.068628 0.037588 -0.023786 1.0000 0.7690 0.1697
v -0.068443 0.036962 -0.023734 1.0000 0.7647 0.1608
v -0.079347 0.036325 -0.026419 1.0000 0.7956 0.3202
v -0.075561 0.034255 -0.025586 0.9647 0.6079 0.0579
v -0.078347 0.034099 -0.026244 1.0000 0.7204 0.1294
v -0.081113 0.033947 -0.026898 1.0000 0.7564 0.1984
v -0.083924 0.033772 -0.027563 1.0000 0.8035 0.2907
v -0.074612 0.035415 -0.025331 0.9793 0.6614 0.1022
v -0.077218 0.035161 -0.025950 0.9936 0.7375 0.1771
v -0.079747 0.034925 -0.026550 1.0000 0.7688 0.2451
v -0.082315 0.034670 -0.027160 1.0000 0.8034 0.3191
v -0.073676 0.036567 -0.025080 0.9997 0.7639 0.1609
v -0.076147 0.036193 -0.025671 0.9967 0.7718 0.2266
v -0.078483 0.035852 -0.026228 1.0000 0.7782 0.2678
v -0.080805 0.035512 -0.026783 1.0000 0.8084 0.3362
v -0.091419 0.033774 -0.029322 1.0000 0.8402 0.3792
v -0.088077 0.035006 -0.028504 1.0000 0.8473 0.4035
v -0.084750 0.036231 -0.027690 1.0000 0.8311 0.3938
v -0.081438 0.037468 -0.026879 1.0000 0.8216 0.3567
v -0.088903 0.033779 -0.028731 1.0000 0.8429 0.4163
v -0.086136 0.034890 -0.028052 1.0000 0.8274 0.3882
v -0.083413 0.035973 -0.027383 1.0000 0.8194 0.3529
v -0.080703 0.037066 -0.026717 1.0000 0.8089 0.3387
v -0.086395 0.033787 -0.028142 1.0000 0.8270 0.3863
v -0.084209 0.034790 -0.027602 1.0000 0.8237 0.3760
v -0.082102 0.035742 -0.027081 1.0000 0.8196 0.3529
v -0.080013 0.036689 -0.026565 1.0000 0.7960 0.3216
v -0.071061 0.040945 -0.024348 1.0000 0.7809 0.2185
v -0.071616 0.039869 -0.024507 1.0000 0.7804 0.2235
v -0.072177 0.038795 -0.024668 1.0000 0.7804 0.2235
v -0.072678 0.037734 -0.024814 1.0000 0.7704 0.1839
v -0.074526 0.039780 -0.025193 1.0000 0.8180 0.3519
v -0.074687 0.038923 -0.025254 1.0000 0.7843 0.2782
v -0.074880 0.038076 -0.025322 1.0000 0.7874 0.2732
v -0.075023 0.037238 -0.025379 0.9985 0.7849 0.2441
v -0.077971 0.038620 -0.026033 1.0000 0.8097 0.3278
v -0.077685 0.037991 -0.025983 1.0000 0.7947 0.2974
v -0.077456 0.037379 -0.025946 1.0000 0.7959 0.2925
v -0.077223 0.036773 -0.025908 1.0000 0.7960 0.2769
v -0.083826 0.030639 -0.027524 1.0000 0.7516 0.1736
v -0.081399 0.027822 -0.026898 0.9537 0.6145 0.0886
v -0.083443 0.028461 -0.027393 1.0000 0.7294 0.1608
v -0.085471 0.029098 -0.027884 1.0000 0.7596 0.1744
v -0.087536 0.029728 -0.028383 1.0000 0.7804 0.1922
v -0.080533 0.028550 -0.026707 0.9576 0.6050 0.0859
v -0.082461 0.029055 -0.027172 0.9921 0.7091 0.1483
v -0.084331 0.029554 -0.027623 1.0000 0.7493 0.1677
v -0.086231 0.030048 -0.028081 1.0000 0.7726 0.1845
v -0.079677 0.029274 -0.026518 0.9564 0.6031 0.0856
v -0.081526 0.029640 -0.026962 0.9808 0.6806 0.1307
v -0.083272 0.029996 -0.027381 1.0000 0.7311 0.1595
v -0.085008 0.030349 -0.027797 1.0000 0.7695 0.1831
v -0.092969 0.031806 -0.029705 1.0000 0.8389 0.3749
v -0.090357 0.031933 -0.029090 1.0000 0.8317 0.3587
v -0.087758 0.032057 -0.028479 1.0000 0.8143 0.2848
v -0.085167 0.032194 -0.027869 1.0000 0.7868 0.2193
v -0.091144 0.031113 -0.029261 1.0000 0.8310 0.3194
v -0.088968 0.031295 -0.028750 1.0000 0.8117 0.2677
v -0.086828 0.031465 -0.028248 1.0000 0.7897 0.2290
v -0.084695 0.031647 -0.027748 1.0000 0.7804 0.1922
v -0.089324 0.030425 -0.028818 1.0000 0.8043 0.2318
v -0.087586 0.030676 -0.028412 1.0000 0.7911 0.1922
v -0.085913 0.030905 -0.028021 1.0000 0.7802 0.1920
v -0.084253 0.031134 -0.027634 1.0000 0.7708 0.1862
v -0.077111 0.032287 -0.025968 0.9563 0.6034 0.0857
v -0.077679 0.031522 -0.026088 0.9568 0.6106 0.0863
v -0.078249 0.030761 -0.026209 0.9566 0.6148 0.0860
v -0.078776 0.029994 -0.026319 0.9566 0.6059 0.0860
v -0.079801 0.032253 -0.026603 0.9922 0.6967 0.1201
v -0.080050 0.031566 -0.026649 0.9840 0.6783 0.1112
v -0.080320 0.030896 -0.026700 0.9752 0.6592 0.1014
v -0.080552 0.030220 -0.026742 0.9666 0.6362 0.0951
v -0.082476 0.032217 -0.027234 1.0000 0.7437 0.1609
v -0.082366 0.031601 -0.027196 1.0000 0.7352 0.1424
v -0.082294 0.031015 -0.027169 1.0000 0.7305 0.1319
v -0.082218 0.030433 -0.027140 0.9999 0.7292 0.1413
v -0.091910 0.026957 -0.029428 1.0000 0.7962 0.1978
v -0.084196 0.026548 -0.027557 1.0000 0.7384 0.1608
v -0.086068 0.026029 -0.028011 1.0000 0.7467 0.1655
v -0.087932 0.025515 -0.028463 1.0000 0.7875 0.2135
v -0.089780 0.024982 -0.028911 1.0000 0.7929 0.2560
v -0.086067 0.027266 -0.028011 1.0000 0.7572 0.1728
v -0.087572 0.026727 -0.028376 1.0000 0.7761 0.1808
v -0.089058 0.026210 -0.028736 1.0000 0.7832 0.1891
v -0.090529 0.025677 -0.029093 1.0000 0.7927 0.2321
v -0.087931 0.027978 -0.028463 1.0000 0.7835 0.1922
v -0.089057 0.027402 -0.028736 1.0000 0.7892 0.1922
v -0.090149 0.026864 -0.029001 1.0000 0.7930 0.1952
v -0.091232 0.026328 -0.029263 1.0000 0.7960 0.2171
v -0.095769 0.023791 -0.030364 1.0000 0.8236 0.3542
v -0.095894 0.024925 -0.030394 1.0000 0.8253 0.3697
v -0.096013 0.026052 -0.030423 1.0000 0.8241 0.3586
v -0.096171 0.027183 -0.030462 1.0000 0.8270 0.3377
v -0.093771 0.024194 -0.029879 1.0000 0.8177 0.3374
v -0.094080 0.025177 -0.029954 1.0000 0.8154 0.3207
v -0.094360 0.026139 -0.030022 1.0000 0.8130 0.3003
v -0.094673 0.027104 -0.030098 1.0000 0.8182 0.3085
v -0.091786 0.024597 -0.029398 1.0000 0.8101 0.3089
v -0.092314 0.025434 -0.029526 1.0000 0.8058 0.2810
v -0.092791 0.026235 -0.029642 1.0000 0.8000 0.2552
v -0.093267 0.027029 -0.029757 1.0000 0.8050 0.2316
v -0.095766 0.030533 -0.030364 1.0000 0.8402 0.3799
v -0.093769 0.029918 -0.029879 1.0000 0.8285 0.3337
v -0.091784 0.029305 -0.029398 1.0000 0.8035 0.2245
v -0.089779 0.028706 -0.028911 1.0000 0.7960 0.1922
v -0.095892 0.029412 -0.030394 1.0000 0.8347 0.3629
v -0.094078 0.028968 -0.029954 1.0000 0.8129 0.2892
v -0.092313 0.028523 -0.029526 1.0000 0.8000 0.2066
v -0.090528 0.028091 -0.029093 1.0000 0.7960 0.1922
v -0.096012 0.028298 -0.030423 1.0000 0.8313 0.3529
v -0.094359 0.028036 -0.030022 1.0000 0.8140 0.2962
v -0.092790 0.027773 -0.029642 1.0000 0.7988 0.2023
v -0.091231 0.027515 -0.029263 1.0000 0.7960 0.1922
v -0.085961 0.023522 -0.027987 1.0000 0.7803 0.2900
v -0.093710 0.022602 -0.029865 1.0000 0.8071 0.3412
v -0.091839 0.023078 -0.029411 1.0000 0.8076 0.3216
v -0.089976 0.023551 -0.028959 1.0000 0.7960 0.2902
v -0.088130 0.024029 -0.028511 1.0000 0.7960 0.2902
v -0.091821 0.022572 -0.029408 1.0000 0.8000 0.3186
v -0.090319 0.023005 -0.029043 1.0000 0.7958 0.2975
v -0.088836 0.023425 -0.028683 1.0000 0.7958 0.2902
v -0.087367 0.023851 -0.028327 1.0000 0.7889 0.2902
v -0.089938 0.022544 -0.028952 1.0000 0.7873 0.2865
v -0.088817 0.022938 -0.028680 1.0000 0.7920 0.2902
v -0.087729 0.023312 -0.028416 1.0000 0.7945 0.2901
v -0.086651 0.023683 -0.028154 1.0000 0.7804 0.2902
v -0.082137 0.025360 -0.027058 0.9562 0.6219 0.0931
v -0.081994 0.024914 -0.027024 0.9568 0.6236 0.0941
v -0.081856 0.024469 -0.026992 0.9568 0.6236 0.0941
v -0.081680 0.024029 -0.026950 0.9568 0.6236 0.0941
v -0.084136 0.024914 -0.027543 1.0000 0.7400 0.1706
v -0.083811 0.024555 -0.027465 0.9983 0.7305 0.1680
v -0.083514 0.024201 -0.027394 0.9902 0.7058 0.1464
v -0.083185 0.023851 -0.027314 0.9810 0.6823 0.1315
v -0.086122 0.024469 -0.028025 1.0000 0.7768 0.2770
v -0.085579 0.024201 -0.027894 1.0000 0.7801 0.2894
v -0.085088 0.023941 -0.027775 1.0000 0.7781 0.2820
v -0.084597 0.023683 -0.027657 1.0000 0.7765 0.2770
v -0.082034 0.022602 -0.027038 0.9569 0.6605 0.1342
v -0.084049 0.022572 -0.027526 0.9909 0.7638 0.2679
v -0.086050 0.022544 -0.028010 1.0000 0.7747 0.2606
v -0.088073 0.022506 -0.028500 1.0000 0.7855 0.2821
v -0.081925 0.023078 -0.027011 0.9575 0.6401 0.1115
v -0.083753 0.023005 -0.027453 0.9917 0.7451 0.2253
v -0.085532 0.022938 -0.027884 1.0000 0.7782 0.2772
v -0.087330 0.022863 -0.028320 1.0000 0.7855 0.2837
v -0.081822 0.023551 -0.026985 0.9568 0.6236 0.0941
v -0.083485 0.023425 -0.027388 0.9954 0.7186 0.1554
v -0.085064 0.023312 -0.027770 1.0000 0.7799 0.2875
v -0.086633 0.023198 -0.028150 1.0000 0.7795 0.2852
v -0.060549 0.045576 0.046688 1.0000 0.8070 0.3903
v -0.058533 0.046295 0.008593 1.0000 0.8544 0.4369
v -0.059576 0.045923 0.018534 1.0000 0.8431 0.4288
v -0.060613 0.045553 0.028434 1.0000 0.8431 0.3762
v -0.061661 0.045179 0.038271 1.0000 0.7665 0.2643
v -0.058467 0.046319 0.017136 1.0000 0.8463 0.4376
v -0.059415 0.045981 0.025265 1.0000 0.8431 0.4366
v -0.060338 0.045651 0.033274 1.0000 0.8365 0.4042
v -0.061270 0.045319 0.041231 1.0000 0.7825 0.3121
v -0.058405 0.046341 0.025650 1.0000 0.8431 0.4306
v -0.059268 0.046033 0.031926 1.0000 0.8431 0.4508
v -0.060088 0.045740 0.037993 1.0000 0.8166 0.4221
v -0.060903 0.045450 0.044007 1.0000 0.7971 0.3564
v -0.064579 0.044138 0.069546 1.0000 0.8229 0.2393
v -0.063601 0.044487 0.068893 1.0000 0.8011 0.2335
v -0.062627 0.044834 0.068219 1.0000 0.7900 0.2188
v -0.061662 0.045179 0.067731 1.0000 0.8145 0.2918
v -0.063601 0.044487 0.059107 1.0000 0.7333 0.2039
v -0.062815 0.044767 0.059542 1.0000 0.7311 0.1973
v -0.062039 0.045044 0.059857 1.0000 0.7384 0.2102
v -0.061270 0.045319 0.060332 1.0000 0.7752 0.3000
v -0.062627 0.044834 0.048733 1.0000 0.7459 0.1946
v -0.062039 0.045044 0.050425 1.0000 0.7519 0.2170
v -0.061468 0.045248 0.051905 1.0000 0.7694 0.2730
v -0.060903 0.045450 0.053391 1.0000 0.7973 0.3572
v -0.058534 0.046295 0.061926 1.0000 0.8253 0.4468
v -0.058468 0.046319 0.052636 1.0000 0.8239 0.4440
v -0.058405 0.046341 0.043411 1.0000 0.8224 0.4311
v -0.058322 0.046371 0.034062 1.0000 0.8381 0.4241
v -0.059577 0.045923 0.063821 1.0000 0.8248 0.4441
v -0.059415 0.045981 0.055257 1.0000 0.8270 0.4499
v -0.059269 0.046033 0.046934 1.0000 0.8274 0.4510
v -0.059105 0.046091 0.038502 1.0000 0.8274 0.4510
v -0.060614 0.045553 0.065681 1.0000 0.8199 0.3818
v -0.060338 0.045651 0.057712 1.0000 0.8085 0.3936
v -0.060089 0.045740 0.050166 1.0000 0.8138 0.4101
v -0.059839 0.045829 0.042666 1.0000 0.8207 0.4330
v -0.063618 0.044481 0.015609 1.0000 0.8274 0.2353
v -0.065619 0.043767 -0.009807 1.0000 0.8306 0.2364
v -0.065688 0.043743 0.001952 1.0000 0.8274 0.2353
v -0.065754 0.043719 0.013636 1.0000 0.8274 0.2353
v -0.065841 0.043688 0.025424 1.0000 0.8274 0.2235
v -0.064579 0.044138 -0.009233 1.0000 0.8304 0.2326
v -0.064743 0.044080 0.001316 1.0000 0.8275 0.2468
v -0.064893 0.044026 0.011599 1.0000 0.8274 0.2433
v -0.065059 0.043967 0.021972 1.0000 0.8235 0.2353
v -0.063546 0.044507 -0.008633 1.0000 0.8278 0.2248
v -0.063823 0.044408 0.000820 1.0000 0.8313 0.2353
v -0.064075 0.044318 0.009808 1.0000 0.8309 0.2353
v -0.064326 0.044228 0.018735 1.0000 0.8258 0.2363
v -0.065641 0.043759 0.058793 1.0000 0.8154 0.2353
v -0.064598 0.044131 0.049017 1.0000 0.7523 0.2033
v -0.063561 0.044501 0.039276 1.0000 0.7647 0.2141
v -0.062513 0.044875 0.029648 1.0000 0.8274 0.2235
v -0.065703 0.043737 0.047614 1.0000 0.7568 0.2157
v -0.064756 0.044075 0.039893 1.0000 0.7575 0.2048
v -0.063834 0.044404 0.032255 1.0000 0.8222 0.2250
v -0.062902 0.044736 0.024711 1.0000 0.8297 0.2372
v -0.065762 0.043716 0.036482 1.0000 0.7785 0.2223
v -0.064899 0.044024 0.030902 1.0000 0.8126 0.2261
v -0.064080 0.044316 0.025465 1.0000 0.8275 0.2238
v -0.063266 0.044606 0.020080 1.0000 0.8282 0.2374
v -0.059595 0.045916 -0.002160 1.0000 0.8577 0.4421
v -0.060569 0.045569 -0.004143 1.0000 0.8483 0.3827
v -0.061539 0.045223 -0.006086 1.0000 0.8431 0.2756
v -0.062501 0.044880 -0.008246 1.0000 0.8275 0.2239
v -0.060573 0.045567 0.008445 1.0000 0.8448 0.3716
v -0.061356 0.045288 0.005616 1.0000 0.8431 0.2984
v -0.062128 0.045012 0.002972 1.0000 0.8361 0.2449
v -0.062894 0.044739 0.000142 1.0000 0.8313 0.2353
v -0.061547 0.045220 0.018977 1.0000 0.8300 0.2746
v -0.062132 0.045011 0.015103 1.0000 0.8274 0.2377
v -0.062700 0.044809 0.011553 1.0000 0.8288 0.2277
v -0.063262 0.044608 0.008010 1.0000 0.8313 0.2353
v -0.077068 0.039729 0.049144 1.0000 0.8196 0.2353
v -0.070273 0.042123 0.001796 1.0000 0.8196 0.2243
v -0.073788 0.040885 0.013728 1.0000 0.8196 0.2353
v -0.077280 0.039655 0.025611 1.0000 0.8196 0.2353
v -0.080810 0.038411 0.037405 1.0000 0.8265 0.2235
v -0.070055 0.042200 0.012839 1.0000 0.8196 0.2353
v -0.073247 0.041076 0.022518 1.0000 0.8196 0.2353
v -0.076354 0.039981 0.032062 1.0000 0.8196 0.2353
v -0.079494 0.038875 0.041533 1.0000 0.8196 0.2353
v -0.069847 0.042273 0.023841 1.0000 0.8196 0.2353
v -0.072756 0.041248 0.031206 1.0000 0.8196 0.2353
v -0.075517 0.040276 0.038337 1.0000 0.8196 0.2353
v -0.078260 0.039309 0.045405 1.0000 0.8196 0.2353
v -0.090638 0.034949 0.075241 0.9372 0.7647 0.2471
v -0.087348 0.036108 0.075203 0.9372 0.7686 0.2588
v -0.084070 0.037262 0.075134 0.9372 0.7647 0.2588
v -0.080822 0.038406 0.075299 0.9230 0.7622 0.2486
v -0.087344 0.036110 0.062615 0.9255 0.7647 0.2471
v -0.084699 0.037041 0.063819 0.9255 0.7647 0.2471
v -0.082088 0.037961 0.064860 0.9255 0.7647 0.2471
v -0.079502 0.038872 0.066101 0.9257 0.7610 0.2471
v -0.084062 0.037266 0.050071 0.9255 0.7647 0.2471
v -0.082085 0.037962 0.052729 0.9255 0.7650 0.2471
v -0.080165 0.038638 0.055100 0.9179 0.7560 0.2471
v -0.078264 0.039308 0.057475 0.9990 0.8266 0.2239
v -0.070295 0.042115 0.070395 1.0000 0.8274 0.2351
v -0.070069 0.042194 0.058501 1.0000 0.8157 0.2353
v -0.069855 0.042270 0.046687 1.0000 0.8049 0.2235
v -0.069573 0.042370 0.034728 1.0000 0.8116 0.2235
v -0.073806 0.040878 0.071978 1.0000 0.8274 0.2235
v -0.073259 0.041071 0.061095 1.0000 0.8196 0.2353
v -0.072763 0.041246 0.050509 1.0000 0.8235 0.2235
v -0.072208 0.041441 0.039797 1.0000 0.8196 0.2353
v -0.077295 0.039649 0.073520 0.9260 0.7698 0.2508
v -0.076364 0.039977 0.063497 1.0000 0.8157 0.2353
v -0.075522 0.040274 0.053994 1.0000 0.8196 0.2353
v -0.074681 0.040570 0.044552 1.0000 0.8196 0.2353
v -0.087433 0.036078 0.011645 1.0000 0.8235 0.2235
v -0.094224 0.033686 0.062267 0.9372 0.7764 0.2471
v -0.090709 0.034924 0.050442 0.9372 0.7647 0.2588
v -0.087216 0.036155 0.038660 0.9255 0.7647 0.2471
v -0.083686 0.037398 0.027001 1.0000 0.8164 0.2353
v -0.094444 0.033608 0.049529 0.9372 0.7769 0.2471
v -0.091252 0.034733 0.040112 0.9372 0.7668 0.2588
v -0.088144 0.035828 0.030806 0.9255 0.7608 0.2471
v -0.085003 0.036934 0.021601 1.0000 0.8196 0.2353
v -0.094654 0.033534 0.036842 0.9372 0.7764 0.2471
v -0.091745 0.034559 0.029926 0.9255 0.7608 0.2471
v -0.088983 0.035532 0.023199 1.0000 0.8252 0.2235
v -0.086239 0.036499 0.016536 1.0000 0.8198 0.2347
v -0.073859 0.040860 -0.011178 1.0000 0.8243 0.2235
v -0.077151 0.039700 -0.012836 1.0000 0.8274 0.2278
v -0.080431 0.038545 -0.014451 1.0000 0.8274 0.2235
v -0.083682 0.037400 -0.016318 1.0000 0.8274 0.2235
v -0.077152 0.039700 0.001554 1.0000 0.8196 0.2353
v -0.079799 0.038767 -0.001189 1.0000 0.8196 0.2353
v -0.082412 0.037847 -0.003729 1.0000 0.8196 0.2353
v -0.085001 0.036935 -0.006485 1.0000 0.8196 0.2353
v -0.080434 0.038544 0.014201 1.0000 0.8196 0.2353
v -0.082414 0.037846 0.010139 1.0000 0.8196 0.2353
v -0.084335 0.037170 0.006436 1.0000 0.8196 0.2353
v -0.086238 0.036499 0.002738 1.0000 0.8198 0.2347
v -0.094217 0.033688 -0.016153 1.0000 0.8392 0.2353
v -0.094439 0.033610 -0.002670 1.0000 0.8313 0.2353
v -0.094652 0.033535 0.010726 1.0000 0.8392 0.2471
v -0.094932 0.033437 0.024253 1.0000 0.8314 0.2445
v -0.090702 0.034926 -0.016147 1.0000 0.8283 0.2298
v -0.091248 0.034734 -0.003987 1.0000 0.8274 0.2389
v -0.091743 0.034560 0.007859 1.0000 0.8274 0.2462
v -0.092295 0.034366 0.019819 1.0000 0.8274 0.2471
v -0.087211 0.036156 -0.016107 1.0000 0.8274 0.2325
v -0.088141 0.035829 -0.005129 1.0000 0.8235 0.2235
v -0.088981 0.035533 0.005301 1.0000 0.8253 0.2235
v -0.089822 0.035237 0.015661 1.0000 0.8274 0.2293
v -0.097811 0.028987 0.049048 0.9372 0.7754 0.3162
v -0.097808 0.031235 -0.003212 1.0000 0.8431 0.3120
v -0.097808 0.030071 0.009461 1.0000 0.8275 0.2238
v -0.097809 0.028915 0.022086 1.0000 0.8221 0.2651
v -0.097809 0.027746 0.034598 0.9372 0.7667 0.2516
v -0.097809 0.031308 0.009472 1.0000 0.8335 0.2385
v -0.097809 0.030251 0.019660 1.0000 0.8411 0.2860
v -0.097810 0.029222 0.029716 0.9686 0.8238 0.3132
v -0.097810 0.028183 0.039679 0.9372 0.7686 0.2774
v -0.097810 0.031377 0.022108 1.0000 0.8431 0.3034
v -0.097810 0.030414 0.029727 0.9798 0.8330 0.3529
v -0.097810 0.029500 0.037120 0.9372 0.7779 0.3542
v -0.097811 0.028592 0.044445 0.9372 0.7719 0.2851
v -0.097812 0.024493 0.075149 0.9372 0.7647 0.2888
v -0.097812 0.025583 0.076011 0.9372 0.7647 0.2515
v -0.097813 0.026669 0.076834 0.9372 0.7647 0.2235
v -0.097813 0.027745 0.077916 0.9372 0.7667 0.2699
v -0.097811 0.025584 0.061622 0.9372 0.7647 0.2507
v -0.097812 0.026460 0.063726 0.9372 0.7647 0.2235
v -0.097812 0.027325 0.065634 0.9372 0.7650 0.2267
v -0.097813 0.028182 0.067765 0.9372 0.7686 0.2660
v -0.097810 0.026670 0.048183 0.9372 0.7647 0.2235
v -0.097811 0.027325 0.051767 0.9372 0.7650 0.2276
v -0.097811 0.027961 0.055005 0.9372 0.7677 0.2652
v -0.097812 0.028591 0.058243 0.9372 0.7720 0.3019
v -0.097815 0.031233 0.075207 0.9372 0.7921 0.3882
v -0.097813 0.031306 0.061671 0.9372 0.7937 0.3961
v -0.097812 0.031377 0.048224 0.9372 0.7843 0.3961
v -0.097811 0.031469 0.034630 0.9372 0.7921 0.3882
v -0.097814 0.030069 0.076050 0.9372 0.7804 0.3527
v -0.097813 0.030250 0.063759 0.9372 0.7834 0.3612
v -0.097812 0.030413 0.051793 0.9372 0.7861 0.3844
v -0.097811 0.030596 0.039700 0.9372 0.7870 0.3882
v -0.097814 0.028913 0.076854 0.9372 0.7765 0.3205
v -0.097813 0.029221 0.065651 0.9372 0.7768 0.3138
v -0.097812 0.029499 0.055019 0.9372 0.7775 0.3480
v -0.097811 0.029778 0.044456 0.9372 0.7791 0.3392
v -0.097809 0.025552 0.009080 1.0000 0.8117 0.2235
v -0.097811 0.023305 0.061321 0.9372 0.7633 0.3460
v -0.097810 0.024469 0.048646 0.9372 0.7647 0.3092
v -0.097809 0.025625 0.036021 0.9372 0.7647 0.2560
v -0.097809 0.026794 0.023509 1.0000 0.8117 0.2235
v -0.097811 0.023232 0.048646 0.9372 0.7678 0.3639
v -0.097810 0.024288 0.038457 0.9372 0.7647 0.3176
v -0.097810 0.025317 0.028399 0.9932 0.8163 0.2646
v -0.097809 0.026357 0.018435 1.0000 0.8117 0.2235
v -0.097811 0.023162 0.036021 0.9372 0.7677 0.3620
v -0.097810 0.024125 0.028399 0.9981 0.8249 0.3101
v -0.097810 0.025039 0.021003 1.0000 0.8132 0.2370
v -0.097809 0.025948 0.013676 1.0000 0.8117 0.2235
v -0.097806 0.030047 -0.017041 1.0000 0.8426 0.4166
v -0.097807 0.028956 -0.017893 1.0000 0.8297 0.3398
v -0.097807 0.027870 -0.018706 1.0000 0.8192 0.2656
v -0.097808 0.026794 -0.019778 1.0000 0.8117 0.2235
v -0.097807 0.028956 -0.003514 1.0000 0.8243 0.2775
v -0.097808 0.028080 -0.005609 1.0000 0.8218 0.2604
v -0.097808 0.027214 -0.007509 1.0000 0.8117 0.2235
v -0.097808 0.026357 -0.009630 1.0000 0.8118 0.2238
v -0.097808 0.027870 0.009924 1.0000 0.8206 0.2235
v -0.097808 0.027214 0.006349 1.0000 0.8157 0.2235
v -0.097808 0.026578 0.003118 1.0000 0.8117 0.2235
v -0.097809 0.025948 -0.000112 1.0000 0.8136 0.2291
v -0.097809 0.023305 -0.017041 1.0000 0.8284 0.3980
v -0.097810 0.023232 -0.003514 1.0000 0.8149 0.2380
v -0.097810 0.023162 0.009924 1.0000 0.8055 0.2329
v -0.097810 0.023070 0.023509 1.0000 0.8169 0.3094
v -0.097809 0.024469 -0.017893 1.0000 0.8234 0.3332
v -0.097809 0.024288 -0.005609 1.0000 0.8170 0.2641
v -0.097810 0.024125 0.006349 1.0000 0.8192 0.2235
v -0.097810 0.023943 0.018435 1.0000 0.8117 0.2581
v -0.097808 0.025625 -0.018706 1.0000 0.8147 0.2655
v -0.097809 0.025317 -0.007509 1.0000 0.8164 0.2618
v -0.097809 0.025039 0.003118 1.0000 0.8117 0.2235
v -0.097809 0.024761 0.013676 1.0000 0.8117 0.2316
v -0.059684 0.023597 -0.041414 1.0000 0.8329 0.3893
v -0.059806 0.022629 -0.076937 1.0000 0.8159 0.3658
v -0.059786 0.023130 -0.068331 1.0000 0.8145 0.3381
v -0.059766 0.023629 -0.059758 1.0000 0.8283 0.3600
v -0.059746 0.024133 -0.051262 1.0000 0.8392 0.3845
v -0.059767 0.022597 -0.068307 1.0000 0.8131 0.3299
v -0.059752 0.023053 -0.061390 1.0000 0.8197 0.3553
v -0.059738 0.023496 -0.054562 1.0000 0.8246 0.3647
v -0.059724 0.023944 -0.047799 1.0000 0.8364 0.3896
v -0.059728 0.022567 -0.059709 1.0000 0.8216 0.3452
v -0.059720 0.022982 -0.054539 1.0000 0.8235 0.3647
v -0.059712 0.023376 -0.049522 1.0000 0.8278 0.3881
v -0.059703 0.023768 -0.044550 1.0000 0.8354 0.3961
v -0.059674 0.025535 -0.023718 1.0000 0.8333 0.4000
v -0.059655 0.025065 -0.023116 1.0000 0.8266 0.3916
v -0.059636 0.024597 -0.022541 1.0000 0.8141 0.3871
v -0.059616 0.024133 -0.021790 1.0000 0.8145 0.3929
v -0.059698 0.025065 -0.032906 1.0000 0.8431 0.4066
v -0.059678 0.024687 -0.031462 1.0000 0.8420 0.3946
v -0.059659 0.024314 -0.030152 1.0000 0.8276 0.3776
v -0.059640 0.023944 -0.028691 1.0000 0.8217 0.3794
v -0.059722 0.024597 -0.042034 1.0000 0.8431 0.3961
v -0.059701 0.024314 -0.039587 1.0000 0.8426 0.3958
v -0.059681 0.024040 -0.037375 1.0000 0.8376 0.3933
v -0.059662 0.023768 -0.035163 1.0000 0.8329 0.3985
v -0.059570 0.022629 -0.023586 1.0000 0.8126 0.3896
v -0.059610 0.022597 -0.032794 1.0000 0.8274 0.3888
v -0.059649 0.022567 -0.041942 1.0000 0.8307 0.3882
v -0.059689 0.022527 -0.051189 1.0000 0.8265 0.3857
v -0.059586 0.023130 -0.023028 1.0000 0.8192 0.4007
v -0.059620 0.023053 -0.031388 1.0000 0.8283 0.3953
v -0.059653 0.022982 -0.039526 1.0000 0.8284 0.3882
v -0.059687 0.022904 -0.047751 1.0000 0.8270 0.3864
v -0.059601 0.023629 -0.022497 1.0000 0.8213 0.4038
v -0.059630 0.023496 -0.030115 1.0000 0.8312 0.4064
v -0.059658 0.023376 -0.037345 1.0000 0.8274 0.3882
v -0.059685 0.023257 -0.044527 1.0000 0.8313 0.3961
v -0.059751 0.025003 -0.068605 1.0000 0.8389 0.3419
v -0.059698 0.026021 -0.033126 1.0000 0.8431 0.4072
v -0.059720 0.025521 -0.041733 1.0000 0.8431 0.3961
v -0.059742 0.025024 -0.050308 1.0000 0.8431 0.3738
v -0.059765 0.024522 -0.058806 1.0000 0.8359 0.3696
v -0.059701 0.026027 -0.041733 1.0000 0.8431 0.3960
v -0.059721 0.025575 -0.048653 1.0000 0.8431 0.3820
v -0.059740 0.025136 -0.055484 1.0000 0.8412 0.3651
v -0.059760 0.024691 -0.062252 1.0000 0.8395 0.3637
v -0.059705 0.026032 -0.050308 1.0000 0.8431 0.3809
v -0.059722 0.025623 -0.055484 1.0000 0.8414 0.3682
v -0.059739 0.025235 -0.060508 1.0000 0.8392 0.3647
v -0.059755 0.024850 -0.065484 1.0000 0.8370 0.3418
v -0.059829 0.023115 -0.086345 1.0000 0.8117 0.3529
v -0.059813 0.023559 -0.086924 1.0000 0.8148 0.3532
v -0.059797 0.024002 -0.087476 1.0000 0.8230 0.3529
v -0.059780 0.024440 -0.088204 1.0000 0.8259 0.3546
v -0.059808 0.023587 -0.077159 1.0000 0.8201 0.3625
v -0.059795 0.023941 -0.078581 1.0000 0.8301 0.3575
v -0.059782 0.024291 -0.079872 1.0000 0.8381 0.3546
v -0.059770 0.024638 -0.081312 1.0000 0.8370 0.3732
v -0.059786 0.024056 -0.068032 1.0000 0.8173 0.3282
v -0.059777 0.024318 -0.070460 1.0000 0.8129 0.3224
v -0.059769 0.024572 -0.072654 1.0000 0.8326 0.3324
v -0.059760 0.024824 -0.074848 1.0000 0.8391 0.3455
v -0.059726 0.025872 -0.086345 1.0000 0.8386 0.3756
v -0.059720 0.025928 -0.077159 1.0000 0.8393 0.3523
v -0.059714 0.025982 -0.068032 1.0000 0.8415 0.3450
v -0.059708 0.026046 -0.058806 1.0000 0.8345 0.3714
v -0.059744 0.025395 -0.086924 1.0000 0.8342 0.3690
v -0.059737 0.025492 -0.078581 1.0000 0.8392 0.3529
v -0.059730 0.025581 -0.070460 1.0000 0.8431 0.3451
v -0.059723 0.025679 -0.062252 1.0000 0.8395 0.3637
v -0.059762 0.024920 -0.087476 1.0000 0.8306 0.3624
v -0.059753 0.025067 -0.079872 1.0000 0.8391 0.3562
v -0.059745 0.025201 -0.072654 1.0000 0.8431 0.3526
v -0.059737 0.025335 -0.065484 1.0000 0.8393 0.3452
v -0.062020 0.028684 -0.044443 1.0000 0.8313 0.2353
v -0.060483 0.027295 -0.024766 1.0000 0.8146 0.3347
v -0.060438 0.027222 -0.033889 1.0000 0.8431 0.3429
v -0.060395 0.027152 -0.042956 1.0000 0.8431 0.3434
v -0.060337 0.027067 -0.052102 1.0000 0.8431 0.3426
v -0.061274 0.028041 -0.025190 1.0000 0.7783 0.2085
v -0.061156 0.027903 -0.033377 1.0000 0.8273 0.2709
v -0.061049 0.027775 -0.041358 1.0000 0.8357 0.2672
v -0.060929 0.027636 -0.049409 1.0000 0.8379 0.2834
v -0.062059 0.028783 -0.025635 1.0000 0.7647 0.1608
v -0.061854 0.028565 -0.032974 1.0000 0.8129 0.2269
v -0.061669 0.028367 -0.039952 1.0000 0.8313 0.2353
v -0.061484 0.028169 -0.046882 1.0000 0.8313 0.2353
v -0.060511 0.027146 -0.077985 1.0000 0.8440 0.2974
v -0.061298 0.027915 -0.070381 1.0000 0.8317 0.2372
v -0.062079 0.028679 -0.062803 1.0000 0.8313 0.2471
v -0.062869 0.029451 -0.055312 1.0000 0.8331 0.2371
v -0.060457 0.027123 -0.069314 1.0000 0.8356 0.2954
v -0.061171 0.027819 -0.063305 1.0000 0.8328 0.2571
v -0.061867 0.028497 -0.057361 1.0000 0.8313 0.2353
v -0.062570 0.029181 -0.051490 1.0000 0.8315 0.2355
v -0.060404 0.027102 -0.060679 1.0000 0.8407 0.3215
v -0.061057 0.027733 -0.056333 1.0000 0.8355 0.2659
v -0.061676 0.028333 -0.052098 1.0000 0.8313 0.2353
v -0.062290 0.028928 -0.047905 1.0000 0.8313 0.2353
v -0.065066 0.031611 -0.030577 1.0000 0.7954 0.2224
v -0.064324 0.030915 -0.029058 1.0000 0.7771 0.1823
v -0.063586 0.030221 -0.027570 1.0000 0.7733 0.1785
v -0.062853 0.029534 -0.025914 1.0000 0.7553 0.1608
v -0.064329 0.030887 -0.038824 1.0000 0.8235 0.2354
v -0.063733 0.030330 -0.036645 1.0000 0.8235 0.2353
v -0.063144 0.029780 -0.034609 1.0000 0.8154 0.2236
v -0.062560 0.029235 -0.032429 1.0000 0.8118 0.2235
v -0.063596 0.030166 -0.047014 1.0000 0.8353 0.2392
v -0.063149 0.029753 -0.044021 1.0000 0.8349 0.2389
v -0.062715 0.029352 -0.041278 1.0000 0.8322 0.2362
v -0.062285 0.028955 -0.038541 1.0000 0.8291 0.2387
v -0.064322 0.030854 -0.071567 1.0000 0.8382 0.2457
v -0.065797 0.032304 -0.087370 1.0000 0.8431 0.3529
v -0.065857 0.032362 -0.079186 1.0000 0.8431 0.3216
v -0.065915 0.032418 -0.071056 1.0000 0.8431 0.2591
v -0.065988 0.032488 -0.062838 1.0000 0.8431 0.3019
v -0.065021 0.031543 -0.087886 1.0000 0.8429 0.3153
v -0.065151 0.031670 -0.080454 1.0000 0.8431 0.2963
v -0.065270 0.031786 -0.073219 1.0000 0.8431 0.2660
v -0.065402 0.031914 -0.065908 1.0000 0.8431 0.2652
v -0.064251 0.030787 -0.088377 1.0000 0.8280 0.2353
v -0.064465 0.030996 -0.081603 1.0000 0.8360 0.2443
v -0.064659 0.031185 -0.075174 1.0000 0.8370 0.2462
v -0.064853 0.031375 -0.068787 1.0000 0.8393 0.2513
v -0.065862 0.032362 -0.039962 1.0000 0.8431 0.3216
v -0.065077 0.031592 -0.047629 1.0000 0.8427 0.2892
v -0.064297 0.030827 -0.055268 1.0000 0.8350 0.2390
v -0.063508 0.030053 -0.062838 1.0000 0.8313 0.2353
v -0.065901 0.032401 -0.047630 1.0000 0.8431 0.3372
v -0.065189 0.031702 -0.053794 1.0000 0.8452 0.2979
v -0.064495 0.031022 -0.059879 1.0000 0.8320 0.2392
v -0.063794 0.030335 -0.065907 1.0000 0.8315 0.2355
v -0.065937 0.032437 -0.055268 1.0000 0.8486 0.3193
v -0.065289 0.031802 -0.059879 1.0000 0.8406 0.2868
v -0.064674 0.031199 -0.064354 1.0000 0.8405 0.2515
v -0.064063 0.030599 -0.068787 1.0000 0.8313 0.2353
v -0.061307 0.027897 -0.087370 1.0000 0.8235 0.2354
v -0.062033 0.028609 -0.087886 1.0000 0.8235 0.2353
v -0.062755 0.029319 -0.088377 1.0000 0.8255 0.2353
v -0.063471 0.030022 -0.089026 1.0000 0.8274 0.2353
v -0.062045 0.028620 -0.079186 1.0000 0.8313 0.2471
v -0.062627 0.029191 -0.080454 1.0000 0.8319 0.2383
v -0.063201 0.029756 -0.081603 1.0000 0.8353 0.2392
v -0.063771 0.030314 -0.082887 1.0000 0.8353 0.2392
v -0.062779 0.029340 -0.071056 1.0000 0.8313 0.2353
v -0.063213 0.029766 -0.073219 1.0000 0.8313 0.2353
v -0.063634 0.030179 -0.075174 1.0000 0.8313 0.2353
v -0.064051 0.030589 -0.077128 1.0000 0.8353 0.2392
v -0.068937 0.033130 -0.048039 1.0000 0.8431 0.2471
v -0.067459 0.033149 -0.031821 0.9997 0.8165 0.2929
v -0.067399 0.033140 -0.039991 1.0000 0.8430 0.3029
v -0.067341 0.033130 -0.048108 1.0000 0.8431 0.3205
v -0.067268 0.033120 -0.056310 1.0000 0.8431 0.2966
v -0.068237 0.033150 -0.031520 0.9986 0.7912 0.2204
v -0.068106 0.033141 -0.038919 1.0000 0.8315 0.2725
v -0.067987 0.033132 -0.046123 1.0000 0.8431 0.2882
v -0.067855 0.033123 -0.053401 1.0000 0.8435 0.2920
v -0.069009 0.033151 -0.031242 1.0000 0.7735 0.1640
v -0.068794 0.033142 -0.037960 1.0000 0.8237 0.2366
v -0.068600 0.033135 -0.044337 1.0000 0.8431 0.2577
v -0.068406 0.033127 -0.050674 1.0000 0.8431 0.2665
v -0.067393 0.033092 -0.079230 1.0000 0.8431 0.2908
v -0.068181 0.033101 -0.071777 1.0000 0.8418 0.2549
v -0.068963 0.033110 -0.064352 1.0000 0.8431 0.2471
v -0.069754 0.033120 -0.056998 1.0000 0.8431 0.2471
v -0.067355 0.033101 -0.071548 1.0000 0.8431 0.2588
v -0.068069 0.033109 -0.065579 1.0000 0.8431 0.2634
v -0.068764 0.033116 -0.059684 1.0000 0.8431 0.2483
v -0.069467 0.033123 -0.053847 1.0000 0.8431 0.2471
v -0.067319 0.033110 -0.063897 1.0000 0.8431 0.2877
v -0.067968 0.033116 -0.059464 1.0000 0.8431 0.2765
v -0.068585 0.033122 -0.055158 1.0000 0.8431 0.2565
v -0.069197 0.033127 -0.050893 1.0000 0.8431 0.2471
v -0.071959 0.033149 -0.033066 1.0000 0.8000 0.2665
v -0.071232 0.033150 -0.032349 1.0000 0.7936 0.2012
v -0.070508 0.033151 -0.031657 1.0000 0.7788 0.1622
v -0.069790 0.033151 -0.030809 1.0000 0.7679 0.1642
v -0.071220 0.033140 -0.041048 1.0000 0.8376 0.2627
v -0.070637 0.033141 -0.039619 1.0000 0.8279 0.2302
v -0.070061 0.033142 -0.038310 1.0000 0.8212 0.2296
v -0.069490 0.033144 -0.036868 1.0000 0.8182 0.2220
v -0.070484 0.033130 -0.048978 1.0000 0.8431 0.2471
v -0.070049 0.033132 -0.046694 1.0000 0.8431 0.2471
v -0.069627 0.033135 -0.044622 1.0000 0.8431 0.2251
v -0.069209 0.033137 -0.042551 1.0000 0.8308 0.2441
v -0.071238 0.033101 -0.072202 1.0000 0.8426 0.2574
v -0.072770 0.033082 -0.087590 1.0000 0.8431 0.3137
v -0.072817 0.033092 -0.079621 1.0000 0.8431 0.2963
v -0.072862 0.033102 -0.071704 1.0000 0.8431 0.2800
v -0.072922 0.033112 -0.063702 1.0000 0.8458 0.3213
v -0.071979 0.033081 -0.088092 1.0000 0.8431 0.3036
v -0.072099 0.033090 -0.080855 1.0000 0.8431 0.2813
v -0.072208 0.033099 -0.073811 1.0000 0.8431 0.2776
v -0.072330 0.033108 -0.066691 1.0000 0.8431 0.2948
v -0.071194 0.033080 -0.088571 1.0000 0.8431 0.2810
v -0.071401 0.033089 -0.081974 1.0000 0.8431 0.2676
v -0.071588 0.033097 -0.075714 1.0000 0.8431 0.2675
v -0.071775 0.033104 -0.069494 1.0000 0.8431 0.2650
v -0.072756 0.033139 -0.041426 1.0000 0.8414 0.3132
v -0.071967 0.033130 -0.048893 1.0000 0.8431 0.3033
v -0.071184 0.033121 -0.056330 1.0000 0.8431 0.2622
v -0.070392 0.033112 -0.063702 1.0000 0.8431 0.2471
v -0.072807 0.033130 -0.048893 1.0000 0.8431 0.3173
v -0.072091 0.033123 -0.054895 1.0000 0.8431 0.3015
v -0.071394 0.033115 -0.060820 1.0000 0.8432 0.2898
v -0.070690 0.033108 -0.066691 1.0000 0.8431 0.2513
v -0.072857 0.033121 -0.056330 1.0000 0.8431 0.3043
v -0.072204 0.033115 -0.060820 1.0000 0.8468 0.3087
v -0.071585 0.033110 -0.065178 1.0000 0.8431 0.2748
v -0.070969 0.033104 -0.069494 1.0000 0.8413 0.2535
v -0.068190 0.033082 -0.087590 1.0000 0.8431 0.2749
v -0.068930 0.033081 -0.088092 1.0000 0.8431 0.2471
v -0.069669 0.033080 -0.088571 1.0000 0.8431 0.2471
v -0.070400 0.033080 -0.089202 1.0000 0.8431 0.2471
v -0.068928 0.033092 -0.079621 1.0000 0.8431 0.2471
v -0.069524 0.033090 -0.080855 1.0000 0.8431 0.2471
v -0.070112 0.033089 -0.081974 1.0000 0.8431 0.2471
v -0.070695 0.033087 -0.083224 1.0000 0.8431 0.2522
v -0.069663 0.033102 -0.071704 1.0000 0.8392 0.2471
v -0.070109 0.033099 -0.073811 1.0000 0.8392 0.2471
v -0.070542 0.033097 -0.075714 1.0000 0.8419 0.2481
v -0.070971 0.033094 -0.077617 1.0000 0.8431 0.2578
v -0.075751 0.030854 -0.049147 1.0000 0.8274 0.2297
v -0.074331 0.032304 -0.079613 1.0000 0.8431 0.2789
v -0.075069 0.031543 -0.072307 1.0000 0.8279 0.2472
v -0.075802 0.030787 -0.065029 1.0000 0.8274 0.2353
v -0.076543 0.030022 -0.057819 1.0000 0.8274 0.2353
v -0.074282 0.032362 -0.072137 1.0000 0.8431 0.2739
v -0.074952 0.031670 -0.066280 1.0000 0.8303 0.2645
v -0.075605 0.030996 -0.060496 1.0000 0.8274 0.2375
v -0.076265 0.030314 -0.054770 1.0000 0.8274 0.2353
v -0.074235 0.032418 -0.064689 1.0000 0.8431 0.3003
v -0.074847 0.031785 -0.060332 1.0000 0.8330 0.2700
v -0.075427 0.031185 -0.056101 1.0000 0.8274 0.2398
v -0.076003 0.030589 -0.051910 1.0000 0.8274 0.2353
v -0.078605 0.027897 -0.034380 1.0000 0.7872 0.2463
v -0.077911 0.028620 -0.033727 1.0000 0.7683 0.1741
v -0.077220 0.029340 -0.033098 1.0000 0.7647 0.1652
v -0.076535 0.030053 -0.032318 1.0000 0.7618 0.1691
v -0.077914 0.028609 -0.042198 1.0000 0.8117 0.2235
v -0.077356 0.029191 -0.040843 1.0000 0.8114 0.2229
v -0.076805 0.029766 -0.039604 1.0000 0.8076 0.2154
v -0.076260 0.030335 -0.038236 1.0000 0.7999 0.2039
v -0.077225 0.029319 -0.049965 1.0000 0.8274 0.2280
v -0.076808 0.029756 -0.047768 1.0000 0.8274 0.2353
v -0.076402 0.030179 -0.045777 1.0000 0.8274 0.2330
v -0.076001 0.030599 -0.043787 1.0000 0.8274 0.2246
v -0.074317 0.032362 -0.033450 1.0000 0.7940 0.2664
v -0.074273 0.032401 -0.041408 1.0000 0.8339 0.2860
v -0.074231 0.032437 -0.049315 1.0000 0.8431 0.3029
v -0.074174 0.032488 -0.057305 1.0000 0.8431 0.2978
v -0.075057 0.031592 -0.033108 1.0000 0.7563 0.1635
v -0.074944 0.031702 -0.040320 1.0000 0.8156 0.2343
v -0.074843 0.031802 -0.047342 1.0000 0.8317 0.2616
v -0.074729 0.031914 -0.054437 1.0000 0.8362 0.2831
v -0.075792 0.030827 -0.032789 1.0000 0.7647 0.1725
v -0.075599 0.031022 -0.039343 1.0000 0.8064 0.2138
v -0.075424 0.031199 -0.045565 1.0000 0.8274 0.2336
v -0.075249 0.031375 -0.051746 1.0000 0.8274 0.2500
v -0.077936 0.028579 -0.072676 1.0000 0.8309 0.2547
v -0.079361 0.027109 -0.042520 1.0000 0.8298 0.3273
v -0.078623 0.027870 -0.049836 1.0000 0.8389 0.3091
v -0.077890 0.028626 -0.057124 1.0000 0.8304 0.2559
v -0.077149 0.029390 -0.064347 1.0000 0.8274 0.2293
v -0.079407 0.027061 -0.049836 1.0000 0.8407 0.3566
v -0.078737 0.027752 -0.055718 1.0000 0.8399 0.3176
v -0.078085 0.028425 -0.061524 1.0000 0.8320 0.2700
v -0.077426 0.029105 -0.067276 1.0000 0.8275 0.2245
v -0.079452 0.027016 -0.057124 1.0000 0.8431 0.3574
v -0.078841 0.027645 -0.061524 1.0000 0.8406 0.3252
v -0.078261 0.028243 -0.065793 1.0000 0.8343 0.2830
v -0.077686 0.028837 -0.070023 1.0000 0.8291 0.2389
v -0.075087 0.031517 -0.087754 1.0000 0.8388 0.2465
v -0.075778 0.030804 -0.088246 1.0000 0.8313 0.2353
v -0.076467 0.030094 -0.088715 1.0000 0.8313 0.2353
v -0.077149 0.029390 -0.089334 1.0000 0.8301 0.2304
v -0.075778 0.030804 -0.079946 1.0000 0.8345 0.2389
v -0.076334 0.030231 -0.081155 1.0000 0.8353 0.2392
v -0.076882 0.029665 -0.082251 1.0000 0.8350 0.2399
v -0.077426 0.029105 -0.083476 1.0000 0.8297 0.2369
v -0.076467 0.030094 -0.072189 1.0000 0.8274 0.2353
v -0.076882 0.029665 -0.074252 1.0000 0.8274 0.2344
v -0.077286 0.029249 -0.076117 1.0000 0.8274 0.2263
v -0.077685 0.028837 -0.077982 1.0000 0.8291 0.2424
v -0.079360 0.027109 -0.087754 1.0000 0.8396 0.3215
v -0.079407 0.027061 -0.079946 1.0000 0.8431 0.3529
v -0.079451 0.027016 -0.072189 1.0000 0.8399 0.3216
v -0.079510 0.026955 -0.064347 1.0000 0.8431 0.3529
v -0.078623 0.027870 -0.088246 1.0000 0.8391 0.3089
v -0.078737 0.027752 -0.081155 1.0000 0.8400 0.3120
v -0.078841 0.027645 -0.074252 1.0000 0.8407 0.3020
v -0.078957 0.027526 -0.067276 1.0000 0.8403 0.3090
v -0.077890 0.028626 -0.088715 1.0000 0.8304 0.2567
v -0.078085 0.028425 -0.082252 1.0000 0.8321 0.2526
v -0.078261 0.028243 -0.076117 1.0000 0.8345 0.2840
v -0.078437 0.028062 -0.070023 1.0000 0.8367 0.2802
v -0.080061 0.024927 -0.072676 1.0000 0.8344 0.3216
v -0.079992 0.023089 -0.087754 1.0000 0.8124 0.3073
v -0.080009 0.023535 -0.079946 1.0000 0.8282 0.3429
v -0.080026 0.023979 -0.072189 1.0000 0.8319 0.3216
v -0.080043 0.024419 -0.064347 1.0000 0.8342 0.3470
v -0.080009 0.023535 -0.088246 1.0000 0.8230 0.3168
v -0.080023 0.023893 -0.081155 1.0000 0.8320 0.3446
v -0.080036 0.024247 -0.074252 1.0000 0.8274 0.3216
v -0.080049 0.024598 -0.067276 1.0000 0.8305 0.3372
v -0.080026 0.023979 -0.088715 1.0000 0.8274 0.3216
v -0.080036 0.024247 -0.082252 1.0000 0.8275 0.3394
v -0.080046 0.024507 -0.076117 1.0000 0.8216 0.3314
v -0.080055 0.024765 -0.070023 1.0000 0.8313 0.3333
v -0.080096 0.025846 -0.042520 1.0000 0.8281 0.3379
v -0.080097 0.025876 -0.049836 1.0000 0.8353 0.3647
v -0.080098 0.025904 -0.057124 1.0000 0.8431 0.3647
v -0.080100 0.025942 -0.064347 1.0000 0.8431 0.3529
v -0.080079 0.025370 -0.049836 1.0000 0.8353 0.3647
v -0.080081 0.025444 -0.055718 1.0000 0.8332 0.3512
v -0.080084 0.025510 -0.061524 1.0000 0.8374 0.3737
v -0.080086 0.025585 -0.067276 1.0000 0.8313 0.3389
v -0.080061 0.024897 -0.057124 1.0000 0.8370 0.3571
v -0.080065 0.025023 -0.061524 1.0000 0.8342 0.3690
v -0.080069 0.025137 -0.065793 1.0000 0.8315 0.3452
v -0.080074 0.025250 -0.070023 1.0000 0.8313 0.3333
v -0.080095 0.025846 -0.087754 1.0000 0.8365 0.3451
v -0.080078 0.025370 -0.088246 1.0000 0.8341 0.3353
v -0.080060 0.024897 -0.088715 1.0000 0.8290 0.3247
v -0.080042 0.024419 -0.089334 1.0000 0.8280 0.3232
v -0.080097 0.025876 -0.079946 1.0000 0.8431 0.3529
v -0.080081 0.025444 -0.081155 1.0000 0.8424 0.3525
v -0.080065 0.025023 -0.082252 1.0000 0.8343 0.3470
v -0.080049 0.024598 -0.083476 1.0000 0.8301 0.3433
v -0.080098 0.025904 -0.072189 1.0000 0.8353 0.3216
v -0.080083 0.025510 -0.074252 1.0000 0.8330 0.3216
v -0.080069 0.025137 -0.076117 1.0000 0.8246 0.3358
v -0.080055 0.024765 -0.077982 1.0000 0.8218 0.3316
v -0.080009 0.023522 -0.049611 1.0000 0.8316 0.3756
v -0.080078 0.025360 -0.034540 1.0000 0.7924 0.2887
v -0.080061 0.024914 -0.042348 1.0000 0.8274 0.3444
v -0.080045 0.024469 -0.050106 1.0000 0.8353 0.3647
v -0.080028 0.024029 -0.057948 1.0000 0.8355 0.3552
v -0.080062 0.024914 -0.034044 1.0000 0.7836 0.2926
v -0.080048 0.024555 -0.041136 1.0000 0.8274 0.3321
v -0.080035 0.024201 -0.048039 1.0000 0.8353 0.3647
v -0.080021 0.023851 -0.055016 1.0000 0.8272 0.3464
v -0.080045 0.024469 -0.033572 1.0000 0.7851 0.2949
v -0.080035 0.024201 -0.040036 1.0000 0.8274 0.3289
v -0.080025 0.023941 -0.046171 1.0000 0.8301 0.3533
v -0.080015 0.023683 -0.052266 1.0000 0.8389 0.3731
v -0.079974 0.022602 -0.079774 1.0000 0.8119 0.3329
v -0.079973 0.022572 -0.072454 1.0000 0.8039 0.3098
v -0.079972 0.022544 -0.065163 1.0000 0.8188 0.3151
v -0.079971 0.022506 -0.057936 1.0000 0.8092 0.2880
v -0.079992 0.023078 -0.072458 1.0000 0.8120 0.3134
v -0.079990 0.023005 -0.066573 1.0000 0.8267 0.3489
v -0.079987 0.022938 -0.060764 1.0000 0.8149 0.3601
v -0.079984 0.022863 -0.055009 1.0000 0.8212 0.3575
v -0.080010 0.023551 -0.065170 1.0000 0.8304 0.3470
v -0.080005 0.023425 -0.060767 1.0000 0.8243 0.3647
v -0.080001 0.023312 -0.056495 1.0000 0.8323 0.3792
v -0.079997 0.023198 -0.052263 1.0000 0.8301 0.3908
v -0.079975 0.022602 -0.034519 1.0000 0.8171 0.3699
v -0.079993 0.023078 -0.034031 1.0000 0.7753 0.2777
v -0.080011 0.023551 -0.033565 1.0000 0.7642 0.2524
v -0.080029 0.024029 -0.032949 1.0000 0.7773 0.2829
v -0.079974 0.022572 -0.042331 1.0000 0.8161 0.3462
v -0.079990 0.023005 -0.041124 1.0000 0.8169 0.3464
v -0.080006 0.023425 -0.040030 1.0000 0.8158 0.3239
v -0.080022 0.023851 -0.038808 1.0000 0.8163 0.3193
v -0.079973 0.022544 -0.050091 1.0000 0.8073 0.3053
v -0.079987 0.022938 -0.048029 1.0000 0.8220 0.3655
v -0.080001 0.023312 -0.046166 1.0000 0.8237 0.3587
v -0.080015 0.023683 -0.044304 1.0000 0.8233 0.3500
v -0.058148 0.022116 0.014757 1.0000 0.8217 0.3981
v -0.057703 0.022116 0.050878 1.0000 0.8274 0.4196
v -0.057934 0.022116 0.041959 1.0000 0.8313 0.4314
v -0.058163 0.022116 0.033075 1.0000 0.8274 0.4121
v -0.058395 0.022116 0.024265 1.0000 0.8145 0.3369
v -0.057689 0.022116 0.042270 1.0000 0.8313 0.4314
v -0.057898 0.022116 0.035070 1.0000 0.8312 0.4196
v -0.058102 0.022116 0.027965 1.0000 0.8279 0.4075
v -0.058308 0.022116 0.020922 1.0000 0.8167 0.3568
v -0.057675 0.022116 0.033695 1.0000 0.8294 0.4196
v -0.057866 0.022116 0.028265 1.0000 0.8307 0.4268
v -0.058047 0.022116 0.023002 1.0000 0.8244 0.3929
v -0.058227 0.022116 0.017786 1.0000 0.8182 0.3810
v -0.059039 0.022116 -0.004151 1.0000 0.8274 0.4196
v -0.058823 0.022116 -0.004457 1.0000 0.8274 0.4196
v -0.058608 0.022116 -0.004737 1.0000 0.8274 0.4196
v -0.058394 0.022116 -0.005196 1.0000 0.8241 0.4063
v -0.058823 0.022116 0.005329 1.0000 0.8117 0.3402
v -0.058649 0.022116 0.004124 1.0000 0.8117 0.3577
v -0.058478 0.022116 0.003049 1.0000 0.8139 0.3647
v -0.058308 0.022116 0.001821 1.0000 0.8143 0.3614
v -0.058608 0.022116 0.014749 1.0000 0.8167 0.3780
v -0.058478 0.022116 0.012480 1.0000 0.8165 0.3786
v -0.058352 0.022116 0.010442 1.0000 0.8184 0.3834
v -0.058227 0.022116 0.008402 1.0000 0.8144 0.3651
v -0.057702 0.022116 -0.002454 1.0000 0.7960 0.3098
v -0.057688 0.022116 0.006770 1.0000 0.8122 0.3869
v -0.057674 0.022116 0.015934 1.0000 0.8274 0.4196
v -0.057656 0.022116 0.025203 1.0000 0.8313 0.4314
v -0.057933 0.022116 -0.003328 1.0000 0.8017 0.3297
v -0.057898 0.022116 0.005078 1.0000 0.8117 0.3703
v -0.057865 0.022116 0.013258 1.0000 0.8260 0.4133
v -0.057829 0.022116 0.021530 1.0000 0.8308 0.4283
v -0.058162 0.022116 -0.004172 1.0000 0.8123 0.3666
v -0.058101 0.022116 0.003526 1.0000 0.8121 0.3640
v -0.058047 0.022116 0.010829 1.0000 0.8225 0.3936
v -0.057992 0.022116 0.018084 1.0000 0.8232 0.4019
v -0.061230 0.022116 0.045823 1.0000 0.7931 0.2503
v -0.064815 0.022116 0.069246 1.0000 0.7777 0.1779
v -0.064067 0.022116 0.058515 1.0000 0.7759 0.1922
v -0.063323 0.022116 0.047850 1.0000 0.7777 0.1804
v -0.062589 0.022116 0.037094 1.0000 0.7804 0.1804
v -0.063822 0.022116 0.068612 1.0000 0.7764 0.1804
v -0.063246 0.022116 0.058995 1.0000 0.7779 0.1863
v -0.062674 0.022116 0.049620 1.0000 0.7804 0.1804
v -0.062111 0.022116 0.040163 1.0000 0.7843 0.1804
v -0.062835 0.022116 0.067955 1.0000 0.7811 0.1954
v -0.062437 0.022116 0.059351 1.0000 0.7804 0.1804
v -0.062048 0.022116 0.051169 1.0000 0.7804 0.1804
v -0.061663 0.022116 0.043042 1.0000 0.7876 0.2061
v -0.060106 0.022116 0.006597 1.0000 0.8103 0.3154
v -0.059823 0.022116 0.015414 1.0000 0.8156 0.3670
v -0.059546 0.022116 0.024202 1.0000 0.8202 0.3610
v -0.059250 0.022116 0.032884 1.0000 0.8274 0.4176
v -0.060933 0.022116 0.016813 1.0000 0.7960 0.2667
v -0.060598 0.022116 0.023764 1.0000 0.8030 0.2869
v -0.060279 0.022116 0.030643 1.0000 0.8099 0.3421
v -0.059946 0.022116 0.037434 1.0000 0.8176 0.3730
v -0.061754 0.022116 0.026986 1.0000 0.7820 0.1993
v -0.061349 0.022116 0.031990 1.0000 0.7898 0.2324
v -0.060973 0.022116 0.036870 1.0000 0.7974 0.2741
v -0.060599 0.022116 0.041702 1.0000 0.8180 0.3117
v -0.058769 0.022116 0.061626 1.0000 0.8313 0.4314
v -0.059799 0.022116 0.063540 1.0000 0.8244 0.4037
v -0.060822 0.022116 0.065418 1.0000 0.8180 0.3487
v -0.061851 0.022116 0.067492 1.0000 0.7982 0.2671
v -0.058934 0.022116 0.052044 1.0000 0.8274 0.4146
v -0.059846 0.022116 0.054710 1.0000 0.8200 0.3818
v -0.060736 0.022116 0.057207 1.0000 0.8034 0.3070
v -0.061633 0.022116 0.059872 1.0000 0.7872 0.2178
v -0.059101 0.022116 0.042528 1.0000 0.8313 0.4314
v -0.059904 0.022116 0.046128 1.0000 0.8193 0.3832
v -0.060668 0.022116 0.049430 1.0000 0.8036 0.3082
v -0.061428 0.022116 0.052725 1.0000 0.7902 0.2348
v -0.068726 0.022116 0.013649 1.0000 0.7647 0.1804
v -0.067408 0.022116 0.058115 1.0000 0.7647 0.1804
v -0.068955 0.022116 0.046584 1.0000 0.7647 0.1804
v -0.070489 0.022116 0.035101 1.0000 0.7629 0.1804
v -0.072056 0.022116 0.023694 1.0000 0.7608 0.1804
v -0.066501 0.022116 0.048070 1.0000 0.7742 0.1804
v -0.067985 0.022116 0.038654 1.0000 0.7647 0.1804
v -0.069421 0.022116 0.029377 1.0000 0.7647 0.1804
v -0.070885 0.022116 0.020162 1.0000 0.7614 0.1804
v -0.065604 0.022116 0.038060 1.0000 0.7764 0.1804
v -0.067056 0.022116 0.030809 1.0000 0.7677 0.1804
v -0.068425 0.022116 0.023798 1.0000 0.7647 0.1804
v -0.069787 0.022116 0.016849 1.0000 0.7647 0.1804
v -0.076071 0.022116 -0.012632 1.0000 0.7608 0.1804
v -0.073857 0.022116 -0.012004 1.0000 0.7608 0.1804
v -0.071654 0.022116 -0.011349 1.0000 0.7608 0.1804
v -0.069454 0.022116 -0.010913 1.0000 0.7647 0.1804
v -0.074721 0.022116 -0.000508 1.0000 0.7608 0.1804
v -0.072857 0.022116 -0.001130 1.0000 0.7608 0.1804
v -0.071026 0.022116 -0.001610 1.0000 0.7611 0.1801
v -0.069198 0.022116 -0.002276 1.0000 0.7647 0.1765
v -0.073374 0.022116 0.011540 1.0000 0.7608 0.1804
v -0.071859 0.022116 0.009469 1.0000 0.7608 0.1804
v -0.070403 0.022116 0.007651 1.0000 0.7636 0.1804
v -0.068958 0.022116 0.005825 1.0000 0.7647 0.1804
v -0.062699 0.022116 -0.004535 1.0000 0.7804 0.1922
v -0.063366 0.022116 0.006368 1.0000 0.7777 0.1779
v -0.064036 0.022116 0.017195 1.0000 0.7764 0.1804
v -0.064669 0.022116 0.028167 1.0000 0.7687 0.1922
v -0.064956 0.022116 -0.006614 1.0000 0.7764 0.1804
v -0.065337 0.022116 0.003423 1.0000 0.7764 0.1804
v -0.065731 0.022116 0.013180 1.0000 0.7764 0.1804
v -0.066096 0.022116 0.023062 1.0000 0.7764 0.1804
v -0.067200 0.022116 -0.008652 1.0000 0.7673 0.1804
v -0.067263 0.022116 0.000669 1.0000 0.7663 0.1804
v -0.067351 0.022116 0.009499 1.0000 0.7652 0.1804
v -0.067434 0.022116 0.018273 1.0000 0.7649 0.1804
v -0.081493 0.022116 0.048020 1.0000 0.7608 0.1804
v -0.092166 0.022116 0.074793 1.0000 0.7776 0.1804
v -0.090371 0.022116 0.061807 1.0000 0.7686 0.1922
v -0.088580 0.022116 0.048903 1.0000 0.7678 0.1804
v -0.086834 0.022116 0.035874 1.0000 0.7647 0.1804
v -0.088782 0.022116 0.074788 1.0000 0.7764 0.1804
v -0.087495 0.022116 0.063076 1.0000 0.7647 0.1786
v -0.086206 0.022116 0.051665 1.0000 0.7647 0.1804
v -0.084956 0.022116 0.040145 1.0000 0.7617 0.1804
v -0.085415 0.022116 0.074751 1.0000 0.7758 0.1814
v -0.084674 0.022116 0.064176 1.0000 0.7610 0.1802
v -0.083929 0.022116 0.054130 1.0000 0.7608 0.1804
v -0.083194 0.022116 0.044151 1.0000 0.7608 0.1804
v -0.080489 0.022116 -0.000741 1.0000 0.7608 0.1804
v -0.078866 0.022116 0.010650 1.0000 0.7608 0.1804
v -0.077259 0.022116 0.021999 1.0000 0.7608 0.1804
v -0.075598 0.022116 0.033230 1.0000 0.7608 0.1804
v -0.082598 0.022116 0.011528 1.0000 0.7608 0.1804
v -0.080928 0.022116 0.020599 1.0000 0.7608 0.1804
v -0.079323 0.022116 0.029564 1.0000 0.7608 0.1804
v -0.077671 0.022116 0.038431 1.0000 0.7608 0.1804
v -0.084691 0.022116 0.023748 1.0000 0.7608 0.1804
v -0.082920 0.022116 0.030411 1.0000 0.7608 0.1804
v -0.081264 0.022116 0.036891 1.0000 0.7608 0.1804
v -0.079616 0.022116 0.043309 1.0000 0.7608 0.1804
v -0.071825 0.022116 0.070006 1.0000 0.7683 0.1804
v -0.075242 0.022116 0.071602 1.0000 0.7647 0.1804
v -0.078641 0.022116 0.073157 1.0000 0.7653 0.1804
v -0.082049 0.022116 0.074954 1.0000 0.7706 0.1922
v -0.073100 0.022116 0.057742 1.0000 0.7608 0.1804
v -0.076057 0.022116 0.060384 1.0000 0.7608 0.1804
v -0.078951 0.022116 0.062829 1.0000 0.7608 0.1804
v -0.081853 0.022116 0.065483 1.0000 0.7643 0.1909
v -0.074374 0.022116 0.045560 1.0000 0.7608 0.1804
v -0.076886 0.022116 0.049472 1.0000 0.7608 0.1804
v -0.079287 0.022116 0.053038 1.0000 0.7608 0.1804
v -0.081670 0.022116 0.056599 1.0000 0.7608 0.1804
v -0.091860 0.022116 0.010521 1.0000 0.7747 0.1922
v -0.084075 0.022116 -0.013715 1.0000 0.7647 0.1921
v -0.085964 0.022116 -0.000645 1.0000 0.7647 0.1804
v -0.087845 0.022116 0.012337 1.0000 0.7647 0.1804
v -0.089710 0.022116 0.025470 1.0000 0.7764 0.1804
v -0.085964 0.022116 -0.015024 1.0000 0.7684 0.1920
v -0.087482 0.022116 -0.003108 1.0000 0.7647 0.1804
v -0.088981 0.022116 0.008487 1.0000 0.7670 0.1873
v -0.090466 0.022116 0.020213 1.0000 0.7764 0.1804
v -0.087845 0.022116 -0.016292 1.0000 0.7701 0.1922
v -0.088981 0.022116 -0.005370 1.0000 0.7670 0.1873
v -0.090083 0.022116 0.004989 1.0000 0.7686 0.1922
v -0.091175 0.022116 0.015283 1.0000 0.7693 0.1922
v -0.095753 0.022116 0.061819 1.0000 0.8179 0.3412
v -0.095879 0.022116 0.049114 1.0000 0.8224 0.3659
v -0.096000 0.022116 0.036460 0.9906 0.8155 0.3409
v -0.096160 0.022116 0.023908 1.0000 0.8193 0.3458
v -0.093737 0.022116 0.049633 1.0000 0.7806 0.1932
v -0.094049 0.022116 0.039368 1.0000 0.7817 0.1972
v -0.094332 0.022116 0.029242 1.0000 0.7875 0.2113
v -0.094648 0.022116 0.019201 1.0000 0.7915 0.2218
v -0.091734 0.022116 0.037493 1.0000 0.7764 0.1804
v -0.092267 0.022116 0.029742 1.0000 0.7776 0.1838
v -0.092748 0.022116 0.022229 1.0000 0.7797 0.1901
v -0.093229 0.022116 0.014785 1.0000 0.7804 0.1922
v -0.095751 0.022116 -0.016542 1.0000 0.8153 0.3372
v -0.093736 0.022116 -0.016906 1.0000 0.7804 0.1922
v -0.091733 0.022116 -0.017234 1.0000 0.7804 0.1922
v -0.089709 0.022116 -0.017816 1.0000 0.7764 0.1804
v -0.095878 0.022116 -0.003046 1.0000 0.8168 0.3429
v -0.094048 0.022116 -0.004698 1.0000 0.7826 0.2002
v -0.092266 0.022116 -0.006166 1.0000 0.7775 0.1922
v -0.090465 0.022116 -0.007851 1.0000 0.7686 0.1922
v -0.096000 0.022116 0.010363 1.0000 0.8135 0.3185
v -0.094331 0.022116 0.007191 1.0000 0.7872 0.2104
v -0.092748 0.022116 0.004344 1.0000 0.7796 0.1922
v -0.091175 0.022116 0.001495 1.0000 0.7691 0.1922
v -0.066446 0.022116 -0.045473 1.0000 0.7803 0.1921
v -0.062146 0.022116 -0.078342 1.0000 0.8148 0.3724
v -0.061962 0.022116 -0.069625 1.0000 0.8171 0.3574
v -0.061785 0.022116 -0.060945 1.0000 0.8189 0.3303
v -0.061565 0.022116 -0.052315 1.0000 0.8117 0.3216
v -0.064416 0.022116 -0.071111 1.0000 0.7802 0.1766
v -0.064028 0.022116 -0.063957 1.0000 0.7872 0.1793
v -0.063673 0.022116 -0.056913 1.0000 0.7899 0.1949
v -0.063281 0.022116 -0.049909 1.0000 0.7939 0.2184
v -0.066671 0.022116 -0.063903 1.0000 0.7799 0.1921
v -0.066038 0.022116 -0.058345 1.0000 0.7804 0.1922
v -0.065465 0.022116 -0.052975 1.0000 0.7804 0.1922
v -0.064891 0.022116 -0.047653 1.0000 0.7804 0.1922
v -0.061910 0.022116 -0.024990 1.0000 0.8303 0.3904
v -0.064216 0.022116 -0.025808 1.0000 0.7804 0.1831
v -0.066507 0.022116 -0.026643 1.0000 0.7798 0.1920
v -0.068822 0.022116 -0.027317 1.0000 0.7667 0.1834
v -0.061805 0.022116 -0.034112 1.0000 0.8239 0.3809
v -0.063895 0.022116 -0.033955 1.0000 0.7804 0.1756
v -0.065930 0.022116 -0.033897 1.0000 0.7804 0.1922
v -0.067986 0.022116 -0.033701 1.0000 0.7764 0.1804
v -0.061707 0.022116 -0.043177 1.0000 0.8186 0.3558
v -0.063607 0.022116 -0.041900 1.0000 0.7897 0.1922
v -0.065411 0.022116 -0.040798 1.0000 0.7804 0.1922
v -0.067203 0.022116 -0.039690 1.0000 0.7776 0.1838
v -0.075283 0.022116 -0.033088 1.0000 0.7921 0.1804
v -0.073160 0.022116 -0.040988 1.0000 0.7804 0.1922
v -0.071046 0.022116 -0.048832 1.0000 0.7764 0.1804
v -0.068952 0.022116 -0.056788 1.0000 0.7764 0.1804
v -0.073117 0.022116 -0.031198 1.0000 0.7695 0.1813
v -0.071415 0.022116 -0.038508 1.0000 0.7764 0.1804
v -0.069735 0.022116 -0.045610 1.0000 0.7764 0.1804
v -0.068071 0.022116 -0.052809 1.0000 0.7764 0.1804
v -0.070960 0.022116 -0.029340 1.0000 0.7685 0.1827
v -0.069693 0.022116 -0.036176 1.0000 0.7764 0.1804
v -0.068463 0.022116 -0.042646 1.0000 0.7764 0.1804
v -0.067244 0.022116 -0.049077 1.0000 0.7777 0.1843
v -0.073261 0.022116 -0.072665 1.0000 0.7679 0.1803
v -0.077640 0.022116 -0.042496 1.0000 0.7960 0.2578
v -0.077783 0.022116 -0.049815 1.0000 0.7975 0.2475
v -0.077919 0.022116 -0.057106 1.0000 0.7933 0.2041
v -0.078099 0.022116 -0.064333 1.0000 0.7939 0.2354
v -0.075373 0.022116 -0.049815 1.0000 0.7829 0.1922
v -0.075724 0.022116 -0.055699 1.0000 0.7806 0.1923
v -0.076042 0.022116 -0.061508 1.0000 0.7804 0.1922
v -0.076398 0.022116 -0.067263 1.0000 0.7807 0.1913
v -0.073120 0.022116 -0.057106 1.0000 0.7792 0.1922
v -0.073719 0.022116 -0.061508 1.0000 0.7686 0.1804
v -0.074261 0.022116 -0.065779 1.0000 0.7775 0.1836
v -0.074802 0.022116 -0.070011 1.0000 0.7807 0.1814
v -0.077639 0.022116 -0.087750 1.0000 0.7827 0.2530
v -0.075372 0.022116 -0.088242 1.0000 0.7568 0.1608
v -0.073119 0.022116 -0.088712 1.0000 0.7334 0.1491
v -0.070842 0.022116 -0.089331 1.0000 0.7215 0.1373
v -0.077783 0.022116 -0.079938 1.0000 0.7928 0.2424
v -0.075723 0.022116 -0.081148 1.0000 0.7612 0.1769
v -0.073719 0.022116 -0.082245 1.0000 0.7451 0.1608
v -0.071693 0.022116 -0.083470 1.0000 0.7393 0.1551
v -0.077919 0.022116 -0.072178 1.0000 0.8029 0.2531
v -0.076042 0.022116 -0.074242 1.0000 0.7647 0.1804
v -0.074260 0.022116 -0.076108 1.0000 0.7586 0.1745
v -0.072491 0.022116 -0.077974 1.0000 0.7509 0.1701
v -0.064504 0.022116 -0.087750 1.0000 0.7385 0.1404
v -0.066628 0.022116 -0.079938 1.0000 0.7568 0.1608
v -0.068745 0.022116 -0.072178 1.0000 0.7581 0.1760
v -0.070843 0.022116 -0.064332 1.0000 0.7714 0.1862
v -0.066628 0.022116 -0.088242 1.0000 0.7333 0.1490
v -0.068336 0.022116 -0.081148 1.0000 0.7460 0.1608
v -0.070023 0.022116 -0.074242 1.0000 0.7529 0.1725
v -0.071693 0.022116 -0.067263 1.0000 0.7758 0.1804
v -0.068745 0.022116 -0.088712 1.0000 0.7176 0.1373
v -0.070022 0.022116 -0.082245 1.0000 0.7333 0.1608
v -0.071262 0.022116 -0.076108 1.0000 0.7550 0.1709
v -0.072491 0.022116 -0.070011 1.0000 0.7647 0.1804
vn 0.2291 -0.0083 0.9734
vn 0.2291 -0.0084 0.9734
vn 0.5524 -0.0008 0.8336
vn 0.2304 -0.0042 0.9731
vn 0.2299 -0.0057 0.9732
vn 0.2317 -0.0000 0.9728
vn 0.5526 -0.0000 0.8335
vn 0.5525 -0.0000 0.8335
vn 0.5997 -0.0000 0.8002
vn 0.7834 -0.0000 0.6215
vn 0.9493 -0.0000 0.3143
vn 0.9572 -0.0000 0.2896
vn 1.0000 -0.0000 -0.0000
vn 0.9498 -0.0000 -0.3129
vn 0.9498 -0.0000 -0.3128
vn 0.9575 -0.0001 -0.2884
vn 0.9499 -0.0000 -0.3126
vn 0.7855 -0.0000 -0.6189
vn 0.7856 -0.0000 -0.6188
vn 0.7855 -0.0000 -0.6188
vn 0.7854 -0.0000 -0.6190
vn 0.7855 -0.0001 -0.6189
vn 0.7855 0.0001 -0.6188
vn 0.7855 -0.0001 -0.6188
vn 0.7856 -0.0001 -0.6188
vn 0.7854 -0.0000 -0.6189
vn 0.7855 -0.0002 -0.6189
vn 0.7856 -0.0000 -0.6187
vn 0.7854 -0.0002 -0.6189
vn 0.7856 0.0001 -0.6187
vn 0.7853 -0.0000 -0.6191
vn 0.7853 -0.0000 -0.6192
vn 0.7854 0.0001 -0.6190
vn 0.7853 0.0001 -0.6191
vn 0.7852 0.0001 -0.6192
vn 0.7852 0.0001 -0.6193
vn 0.6055 -0.0005 -0.7958
vn 0.7854 -0.0003 -0.6190
vn 0.7854 -0.0003 -0.6189
vn 0.7854 -0.0002 -0.6190
vn 0.7856 -0.0006 -0.6187
vn 0.7856 -0.0006 -0.6188
vn 0.7856 -0.0007 -0.6187
vn 0.5679 -0.0008 -0.8231
vn 0.5678 -0.0008 -0.8231
vn 0.6065 0.0046 -0.7951
vn 0.2666 -0.0009 -0.9638
vn 0.2666 -0.0010 -0.9638
vn 0.2378 0.0118 -0.9712
vn 0.2477 0.0127 -0.9688
vn 0.2285 0.0264 -0.9732
vn 0.2292 0.0042 -0.9734
vn 0.2337 0.0007 -0.9723
vn 0.2298 -0.0180 -0.9731
vn 0.2298 -0.0181 -0.9731
vn 0.2310 -0.0146 -0.9729
vn 0.2328 -0.0091 -0.9725
vn 0.2357 -0.0001 -0.9718
vn 0.2353 0.0015 -0.9719
vn 0.2354 0.0015 -0.9719
vn 0.2354 0.0016 -0.9719
vn 0.2353 0.0016 -0.9719
vn -0.3361 0.9418 -0.0000
vn -0.3362 0.9418 -0.0000
vn -0.3360 0.9419 -0.0000
vn -0.3360 0.9418 -0.0000
vn -0.3334 0.9428 -0.0000
vn -0.3341 0.9425 -0.0000
vn -0.3322 0.9432 -0.0000
vn -0.3323 0.9432 -0.0000
vn -0.8588 0.5124 -0.0001
vn -0.8367 0.5477 -0.0001
vn -0.3966 0.9180 -0.0000
vn -1.0000 -0.0005 -0.0001
vn -1.0000 -0.0004 -0.0001
vn -1.0000 -0.0003 -0.0001
vn -1.0000 -0.0006 -0.0001
vn -1.0000 0.0005 -0.0000
vn -1.0000 0.0004 -0.0000
vn -1.0000 0.0003 -0.0000
vn 0.9994 0.0355 -0.0044
vn 0.9994 0.0356 -0.0044
vn 0.9994 0.0357 -0.0044
vn 0.9994 0.0354 -0.0044
vn 0.9994 0.0353 -0.0044
vn 0.9994 -0.0346 -0.0006
vn 1.0000 -0.0010 -0.0024
vn 1.0000 -0.0009 -0.0024
vn 0.9564 0.2921 -0.0039
vn 0.9993 -0.0374 -0.0004
vn 0.9993 -0.0376 -0.0004
vn 0.9993 -0.0375 -0.0004
vn 0.9993 -0.0373 -0.0004
vn 0.9311 0.3649 -0.0015
vn 0.9310 0.3649 -0.0015
vn 0.9310 0.3651 -0.0015
vn 0.9341 0.3571 -0.0003
vn 0.9310 0.3650 -0.0015
vn 0.6872 0.7265 -0.0024
vn 0.6872 0.7264 -0.0024
vn 0.6871 0.7265 -0.0024
vn 0.6939 0.7200 -0.0011
vn 0.6940 0.7200 -0.0011
vn 0.4680 0.8837 -0.0020
vn 0.7006 0.7135 0.0001
vn 0.7006 0.7136 0.0001
vn 0.7007 0.7135 0.0001
vn 0.3889 0.9213 -0.0006
vn 0.3886 0.9214 -0.0006
vn 0.3885 0.9214 -0.0006
vn 0.0003 1.0000 -0.0012
vn 0.0004 1.0000 -0.0012
vn 0.0002 1.0000 -0.0012
vn -0.3598 0.9330 -0.0010
vn -0.0000 1.0000 -0.0012
vn -0.4010 0.9161 -0.0007
vn -0.4029 0.9152 -0.0010
vn -0.4029 0.9153 -0.0010
vn -0.0000 1.0000 -0.0013
vn -0.7212 0.6927 -0.0006
vn -0.7212 0.6928 -0.0006
vn -0.7212 0.6927 -0.0007
vn -0.7196 0.6944 -0.0003
vn -0.9332 0.3594 -0.0003
vn -0.7180 0.6961 -0.0000
vn -0.7180 0.6960 -0.0000
vn -0.7179 0.6961 -0.0000
vn -0.9381 0.3464 -0.0000
vn -0.9381 0.3465 -0.0000
vn -0.9993 -0.0374 -0.0000
vn -0.9993 -0.0373 -0.0000
vn -0.9993 -0.0375 -0.0000
vn -0.9993 -0.0376 -0.0000
vn -0.9993 -0.0371 -0.0000
vn -0.9993 -0.0372 -0.0000
vn -0.0001 -1.0000 -0.0000
vn 0.0001 -1.0000 -0.0000
vn 0.0002 -1.0000 -0.0000
vn -0.0000 -1.0000 -0.0000
vn -0.0004 -1.0000 -0.0000
vn -0.0002 -1.0000 -0.0000
vn 0.0003 -1.0000 -0.0000
vn 0.0004 -1.0000 -0.0000
vt 0.901369 0.095834
vt 0.899355 0.096441
vt 0.897736 0.096347
vt 0.899355 0.095796
vt 0.897348 0.097043
vt 0.896137 0.096883
vt 0.895360 0.097652
vt 0.894553 0.097425
vt 0.896137 0.096262
vt 0.897348 0.095760
vt 0.894962 0.096738
vt 0.893797 0.097211
vt 0.888915 0.099347
vt 0.888779 0.098779
vt 0.890732 0.098322
vt 0.891065 0.098779
vt 0.888650 0.098213
vt 0.890430 0.097871
vt 0.888480 0.097652
vt 0.890093 0.097425
vt 0.892632 0.097871
vt 0.893201 0.098213
vt 0.892119 0.097540
vt 0.891605 0.097211
vt 0.888915 0.095834
vt 0.891065 0.095796
vt 0.890732 0.096347
vt 0.888779 0.096441
vt 0.893201 0.095760
vt 0.892632 0.096262
vt 0.895360 0.095712
vt 0.894553 0.096166
vt 0.890430 0.096883
vt 0.888650 0.097043
vt 0.892119 0.096738
vt 0.893797 0.096593
vt 0.893066 0.097005
vt 0.905762 0.095215
vt 0.903381 0.095886
vt 0.903381 0.095215
vt 0.901001 0.096558
vt 0.898621 0.097229
vt 0.896240 0.097900
vt 0.901001 0.095215
vt 0.898621 0.095215
vt 0.896240 0.095215
vt 0.886719 0.100586
vt 0.886719 0.099915
vt 0.889099 0.099915
vt 0.886719 0.099243
vt 0.886719 0.098572
vt 0.886719 0.097900
vt 0.891479 0.099243
vt 0.893860 0.098572
vt 0.886719 0.095215
vt 0.889099 0.095215
vt 0.886719 0.095886
vt 0.891479 0.095215
vt 0.893860 0.095215
vt 0.886719 0.096558
vt 0.886719 0.097229
vt 0.891111 0.100642
vt 0.893126 0.099994
vt 0.894745 0.100689
vt 0.893126 0.101342
vt 0.895132 0.099352
vt 0.896343 0.100060
vt 0.897121 0.098691
vt 0.897927 0.099414
vt 0.896344 0.101359
vt 0.895132 0.102036
vt 0.897519 0.100724
vt 0.898684 0.100093
vt 0.903565 0.097129
vt 0.903701 0.098359
vt 0.901749 0.098713
vt 0.901416 0.097656
vt 0.903830 0.099582
vt 0.902051 0.099749
vt 0.904001 0.100807
vt 0.902388 0.100787
vt 0.899848 0.099071
vt 0.899280 0.098182
vt 0.900362 0.099923
vt 0.900875 0.100767
vt 0.903566 0.104474
vt 0.901416 0.103893
vt 0.901749 0.102844
vt 0.903701 0.103248
vt 0.899280 0.103312
vt 0.899848 0.102437
vt 0.897121 0.102748
vt 0.897927 0.102045
vt 0.902051 0.101816
vt 0.903830 0.102028
vt 0.900362 0.101599
vt 0.898684 0.101386
vt 0.899414 0.100749
vt 0.889099 0.101318
vt 0.891479 0.102051
vt 0.893860 0.102783
vt 0.896240 0.103516
vt 0.905762 0.096619
vt 0.905762 0.098022
vt 0.905762 0.099426
vt 0.905762 0.100830
vt 0.905762 0.106445
vt 0.903381 0.105713
vt 0.905762 0.105042
vt 0.901001 0.104980
vt 0.898621 0.104248
vt 0.905762 0.103638
vt 0.905762 0.102234
vt 0.911772 0.096510
vt 0.910946 0.097778
vt 0.910281 0.097582
vt 0.910946 0.096430
vt 0.910123 0.099037
vt 0.909626 0.098702
vt 0.909307 0.100311
vt 0.908976 0.099835
vt 0.909626 0.097403
vt 0.910123 0.096354
vt 0.909143 0.098400
vt 0.908666 0.099389
vt 0.906663 0.103855
vt 0.906607 0.102667
vt 0.907408 0.101712
vt 0.907545 0.102667
vt 0.906554 0.101484
vt 0.907284 0.100769
vt 0.906484 0.100311
vt 0.907146 0.099835
vt 0.908188 0.100769
vt 0.908421 0.101484
vt 0.907977 0.100076
vt 0.907767 0.099389
vt 0.906663 0.096510
vt 0.907545 0.096430
vt 0.907408 0.097582
vt 0.906607 0.097778
vt 0.908421 0.096354
vt 0.908188 0.097403
vt 0.909307 0.096253
vt 0.908976 0.097205
vt 0.907284 0.098702
vt 0.906554 0.099037
vt 0.907977 0.098400
vt 0.908666 0.098097
vt 0.908366 0.098958
vt 0.913574 0.095215
vt 0.912598 0.096619
vt 0.912598 0.095215
vt 0.911621 0.098022
vt 0.910645 0.099426
vt 0.909668 0.100830
vt 0.911621 0.095215
vt 0.910645 0.095215
vt 0.909668 0.095215
vt 0.906738 0.105042
vt 0.907715 0.103638
vt 0.908691 0.102234
vt 0.906738 0.095215
vt 0.907715 0.095215
vt 0.908691 0.095215
vt 0.907564 0.105319
vt 0.908390 0.104041
vt 0.909055 0.104387
vt 0.908390 0.105564
vt 0.909213 0.102771
vt 0.909710 0.103243
vt 0.910029 0.101485
vt 0.910360 0.102085
vt 0.909710 0.104712
vt 0.909213 0.105805
vt 0.910193 0.103676
vt 0.910670 0.102647
vt 0.912673 0.097974
vt 0.912729 0.099328
vt 0.911928 0.100257
vt 0.911791 0.099152
vt 0.912782 0.100675
vt 0.912052 0.101346
vt 0.912852 0.102014
vt 0.912190 0.102428
vt 0.911148 0.101176
vt 0.910915 0.100325
vt 0.911359 0.102000
vt 0.911569 0.102816
vt 0.912673 0.106277
vt 0.911791 0.106202
vt 0.911928 0.104926
vt 0.912729 0.104854
vt 0.910915 0.106124
vt 0.911148 0.104981
vt 0.910029 0.106071
vt 0.910360 0.105058
vt 0.912052 0.103682
vt 0.912782 0.103440
vt 0.911359 0.103895
vt 0.910670 0.104108
vt 0.910970 0.103190
vt 0.906738 0.106628
vt 0.907715 0.106812
vt 0.908691 0.106995
vt 0.909668 0.107178
vt 0.913574 0.096802
vt 0.913574 0.098389
vt 0.913574 0.099976
vt 0.913574 0.101562
vt 0.913574 0.107910
vt 0.912598 0.107727
vt 0.913574 0.106323
vt 0.911621 0.107544
vt 0.910645 0.107361
vt 0.913574 0.104736
vt 0.913574 0.103149
vt 0.943627 0.096679
vt 0.939495 0.098112
vt 0.936173 0.097890
vt 0.939495 0.096589
vt 0.935378 0.099536
vt 0.932894 0.099157
vt 0.931299 0.100975
vt 0.929645 0.100438
vt 0.932894 0.097689
vt 0.935378 0.096503
vt 0.930482 0.098815
vt 0.928093 0.099934
vt 0.918079 0.104982
vt 0.917801 0.103639
vt 0.921806 0.102559
vt 0.922489 0.103639
vt 0.917536 0.102301
vt 0.921187 0.101494
vt 0.917187 0.100975
vt 0.920495 0.100438
vt 0.925705 0.101494
vt 0.926870 0.102301
vt 0.924651 0.100710
vt 0.923598 0.099934
vt 0.918079 0.096679
vt 0.922489 0.096589
vt 0.921806 0.097890
vt 0.917801 0.098112
vt 0.926870 0.096503
vt 0.925705 0.097689
vt 0.931299 0.096389
vt 0.929645 0.097464
vt 0.921187 0.099157
vt 0.917536 0.099536
vt 0.924651 0.098815
vt 0.928093 0.098473
vt 0.926595 0.099447
vt 0.952637 0.095215
vt 0.947754 0.096802
vt 0.947754 0.095215
vt 0.942871 0.098389
vt 0.937988 0.099976
vt 0.933105 0.101562
vt 0.942871 0.095215
vt 0.937988 0.095215
vt 0.933105 0.095215
vt 0.918457 0.106323
vt 0.923340 0.104736
vt 0.928223 0.103149
vt 0.918457 0.095215
vt 0.923340 0.095215
vt 0.928223 0.095215
vt 0.922584 0.106446
vt 0.926716 0.105013
vt 0.930038 0.105235
vt 0.926716 0.106536
vt 0.930832 0.103589
vt 0.933317 0.103968
vt 0.934912 0.102150
vt 0.936566 0.102687
vt 0.933317 0.105436
vt 0.930833 0.106622
vt 0.935729 0.104310
vt 0.938118 0.103191
vt 0.948132 0.098143
vt 0.948410 0.099486
vt 0.944405 0.100566
vt 0.943722 0.099486
vt 0.948675 0.100824
vt 0.945024 0.101631
vt 0.949024 0.102150
vt 0.945716 0.102687
vt 0.940506 0.101631
vt 0.939341 0.100824
vt 0.941560 0.102415
vt 0.942613 0.103191
vt 0.948132 0.106446
vt 0.943722 0.106536
vt 0.944405 0.105235
vt 0.948410 0.105013
vt 0.939341 0.106622
vt 0.940506 0.105436
vt 0.934912 0.106736
vt 0.936566 0.105661
vt 0.945024 0.103968
vt 0.948675 0.103589
vt 0.941560 0.104310
vt 0.938118 0.104652
vt 0.939616 0.103678
vt 0.918457 0.107910
vt 0.923340 0.107910
vt 0.928223 0.107910
vt 0.933105 0.107910
vt 0.952637 0.096802
vt 0.952637 0.098389
vt 0.952637 0.099976
vt 0.952637 0.101562
vt 0.952637 0.107910
vt 0.947754 0.107910
vt 0.952637 0.106323
vt 0.942871 0.107910
vt 0.937988 0.107910
vt 0.952637 0.104736
vt 0.952637 0.103149
vt 0.953933 0.097093
vt 0.953767 0.096835
vt 0.953793 0.096627
vt 0.953943 0.096835
vt 0.953603 0.096578
vt 0.953647 0.096422
vt 0.953437 0.096323
vt 0.953499 0.096219
vt 0.953816 0.096422
vt 0.953953 0.096578
vt 0.953686 0.096272
vt 0.953557 0.096122
vt 0.952975 0.095496
vt 0.953130 0.095479
vt 0.953254 0.095729
vt 0.953130 0.095772
vt 0.953284 0.095462
vt 0.953377 0.095691
vt 0.953437 0.095441
vt 0.953499 0.095647
vt 0.953377 0.095973
vt 0.953284 0.096046
vt 0.953468 0.095907
vt 0.953557 0.095841
vt 0.953933 0.095496
vt 0.953943 0.095772
vt 0.953793 0.095729
vt 0.953767 0.095479
vt 0.953953 0.096046
vt 0.953816 0.095973
vt 0.953966 0.096323
vt 0.953842 0.096219
vt 0.953647 0.095691
vt 0.953603 0.095462
vt 0.953686 0.095907
vt 0.953726 0.096122
vt 0.953613 0.096029
vt 0.954102 0.097656
vt 0.953918 0.097351
vt 0.954102 0.097351
vt 0.953735 0.097046
vt 0.953552 0.096741
vt 0.953369 0.096436
vt 0.954102 0.097046
vt 0.954102 0.096741
vt 0.954102 0.096436
vt 0.952820 0.095215
vt 0.952820 0.095520
vt 0.953003 0.095215
vt 0.953186 0.095215
vt 0.953369 0.095215
vt 0.953003 0.095825
vt 0.953186 0.096130
vt 0.954102 0.095215
vt 0.954102 0.095520
vt 0.953918 0.095215
vt 0.954102 0.095825
vt 0.954102 0.096130
vt 0.953735 0.095215
vt 0.953552 0.095215
vt 0.953764 0.098557
vt 0.953609 0.099732
vt 0.953484 0.099303
vt 0.953609 0.098209
vt 0.953454 0.100899
vt 0.953361 0.100365
vt 0.953301 0.102083
vt 0.953239 0.101442
vt 0.953361 0.098896
vt 0.953454 0.097865
vt 0.953271 0.099872
vt 0.953181 0.100841
vt 0.952806 0.105263
vt 0.952795 0.103903
vt 0.952945 0.103074
vt 0.952971 0.104196
vt 0.952785 0.102549
vt 0.952922 0.101969
vt 0.952772 0.101201
vt 0.952896 0.100870
vt 0.953092 0.102252
vt 0.953135 0.103132
vt 0.953052 0.101402
vt 0.953013 0.100560
vt 0.952806 0.096961
vt 0.952971 0.097146
vt 0.952945 0.098405
vt 0.952795 0.098376
vt 0.953135 0.097334
vt 0.953092 0.098447
vt 0.953301 0.097497
vt 0.953239 0.098469
vt 0.952922 0.099633
vt 0.952785 0.099784
vt 0.953052 0.099507
vt 0.953181 0.099380
vt 0.953125 0.100260
vt 0.953918 0.098938
vt 0.953735 0.100220
vt 0.953552 0.101501
vt 0.953369 0.102783
vt 0.952820 0.106628
vt 0.953003 0.105347
vt 0.953186 0.104065
vt 0.958816 0.101468
vt 0.957979 0.102264
vt 0.957465 0.101795
vt 0.958155 0.101034
vt 0.957146 0.103054
vt 0.956786 0.102531
vt 0.956317 0.103860
vt 0.956110 0.103281
vt 0.956955 0.101345
vt 0.957496 0.100604
vt 0.956434 0.102043
vt 0.955917 0.102738
vt 0.953707 0.105939
vt 0.953816 0.104830
vt 0.954592 0.104309
vt 0.954578 0.105240
vt 0.953928 0.103727
vt 0.954614 0.103394
vt 0.954024 0.102625
vt 0.954624 0.102480
vt 0.955348 0.103789
vt 0.955445 0.104543
vt 0.955268 0.103064
vt 0.955186 0.102345
vt 0.954665 0.099233
vt 0.955392 0.099546
vt 0.955131 0.100537
vt 0.954454 0.100366
vt 0.956114 0.099860
vt 0.955787 0.100716
vt 0.956846 0.100155
vt 0.956454 0.100879
vt 0.954884 0.101507
vt 0.954247 0.101493
vt 0.955486 0.101533
vt 0.956085 0.101558
vt 0.955729 0.102214
vt 0.960449 0.101074
vt 0.959473 0.101929
vt 0.959656 0.100647
vt 0.958496 0.102783
vt 0.957520 0.103638
vt 0.956543 0.104492
vt 0.958862 0.100220
vt 0.958069 0.099792
vt 0.957275 0.099365
vt 0.953613 0.107056
vt 0.954590 0.106201
vt 0.955566 0.105347
vt 0.954895 0.098083
vt 0.955688 0.098511
vt 0.956482 0.098938
vt 0.954439 0.106953
vt 0.955265 0.106192
vt 0.955930 0.106161
vt 0.955265 0.106836
vt 0.956088 0.105435
vt 0.956585 0.105502
vt 0.956904 0.104673
vt 0.957235 0.104838
vt 0.956585 0.106123
vt 0.956088 0.106718
vt 0.957068 0.105556
vt 0.957545 0.104993
vt 0.959548 0.102482
vt 0.959604 0.103040
vt 0.958803 0.103647
vt 0.958666 0.103216
vt 0.959657 0.103596
vt 0.958927 0.104074
vt 0.959727 0.104144
vt 0.959065 0.104495
vt 0.958023 0.104244
vt 0.957790 0.103946
vt 0.958234 0.104536
vt 0.958444 0.104825
vt 0.959548 0.105995
vt 0.958666 0.106198
vt 0.958803 0.105622
vt 0.959604 0.105378
vt 0.957790 0.106399
vt 0.958023 0.105853
vt 0.956904 0.106613
vt 0.957235 0.106096
vt 0.958927 0.105063
vt 0.959657 0.104766
vt 0.958234 0.105338
vt 0.957545 0.105611
vt 0.957845 0.105143
vt 0.953613 0.107727
vt 0.954590 0.107544
vt 0.955566 0.107361
vt 0.956543 0.107178
vt 0.960449 0.101746
vt 0.960449 0.102417
vt 0.960449 0.103088
vt 0.960449 0.103760
vt 0.960449 0.106445
vt 0.959473 0.106628
vt 0.960449 0.105774
vt 0.958496 0.106812
vt 0.957520 0.106995
vt 0.960449 0.105103
vt 0.960449 0.104431
vt 0.960900 0.101694
vt 0.961341 0.101655
vt 0.961272 0.102206
vt 0.960872 0.102300
vt 0.961779 0.101619
vt 0.961662 0.102121
vt 0.962222 0.101571
vt 0.962056 0.102026
vt 0.961210 0.102742
vt 0.960845 0.102902
vt 0.961557 0.102597
vt 0.961901 0.102453
vt 0.963454 0.101694
vt 0.963041 0.102300
vt 0.962709 0.102206
vt 0.963041 0.101655
vt 0.962630 0.102902
vt 0.962381 0.102742
vt 0.962222 0.103511
vt 0.962056 0.103284
vt 0.962381 0.102121
vt 0.962630 0.101619
vt 0.962140 0.102597
vt 0.961901 0.103071
vt 0.960900 0.105206
vt 0.960872 0.104638
vt 0.961273 0.104182
vt 0.961341 0.104638
vt 0.960845 0.104072
vt 0.961210 0.103731
vt 0.960810 0.103511
vt 0.961141 0.103284
vt 0.961662 0.103731
vt 0.961779 0.104072
vt 0.961557 0.103399
vt 0.961452 0.103071
vt 0.961751 0.102865
vt 0.960938 0.101074
vt 0.961426 0.101074
vt 0.961914 0.101074
vt 0.962402 0.101074
vt 0.964355 0.101074
vt 0.963867 0.101746
vt 0.963867 0.101074
vt 0.963379 0.102417
vt 0.962891 0.103088
vt 0.962402 0.103760
vt 0.963379 0.101074
vt 0.962891 0.101074
vt 0.960938 0.105774
vt 0.961426 0.105103
vt 0.961914 0.104431
vt 0.965594 0.101637
vt 0.967276 0.101544
vt 0.966619 0.102103
vt 0.965049 0.102247
vt 0.968945 0.101453
vt 0.968143 0.101969
vt 0.970641 0.101349
vt 0.969690 0.101825
vt 0.965997 0.102647
vt 0.964512 0.102853
vt 0.967402 0.102459
vt 0.968798 0.102271
vt 0.975175 0.101318
vt 0.973184 0.101976
vt 0.972007 0.101924
vt 0.973653 0.101331
vt 0.971202 0.102630
vt 0.970387 0.102501
vt 0.969230 0.103290
vt 0.968775 0.103083
vt 0.970839 0.101879
vt 0.972136 0.101346
vt 0.969588 0.102386
vt 0.968348 0.102889
vt 0.963040 0.105150
vt 0.963349 0.104585
vt 0.965183 0.104079
vt 0.965107 0.104527
vt 0.963661 0.104023
vt 0.965278 0.103635
vt 0.963938 0.103466
vt 0.965344 0.103197
vt 0.966972 0.103579
vt 0.967161 0.103906
vt 0.966819 0.103261
vt 0.966663 0.102945
vt 0.967936 0.102702
vt 0.966187 0.101013
vt 0.968018 0.100952
vt 0.969849 0.100891
vt 0.971680 0.100830
vt 0.979004 0.100586
vt 0.976685 0.101318
vt 0.977173 0.100647
vt 0.974365 0.102051
vt 0.972046 0.102783
vt 0.969727 0.103516
vt 0.975342 0.100708
vt 0.973511 0.100769
vt 0.962769 0.105713
vt 0.965088 0.104980
vt 0.967407 0.104248
vt 0.969050 0.098388
vt 0.970291 0.098695
vt 0.969702 0.098994
vt 0.968533 0.098753
vt 0.971522 0.099000
vt 0.970836 0.099232
vt 0.972775 0.099302
vt 0.971989 0.099467
vt 0.969142 0.099289
vt 0.968022 0.099117
vt 0.970200 0.099456
vt 0.971252 0.099622
vt 0.976076 0.100304
vt 0.974498 0.100380
vt 0.973653 0.100071
vt 0.974967 0.099970
vt 0.972928 0.100455
vt 0.972362 0.100167
vt 0.971364 0.100537
vt 0.971074 0.100268
vt 0.972813 0.099771
vt 0.973862 0.099638
vt 0.971804 0.099894
vt 0.970803 0.100016
vt 0.966495 0.100624
vt 0.966832 0.100241
vt 0.968266 0.100251
vt 0.968121 0.100593
vt 0.967171 0.099861
vt 0.968423 0.099918
vt 0.967483 0.099478
vt 0.968558 0.099582
vt 0.969666 0.100256
vt 0.969738 0.100561
vt 0.969617 0.099966
vt 0.969566 0.099678
vt 0.970540 0.099772
vt 0.968262 0.097656
vt 0.969604 0.098022
vt 0.967773 0.098083
vt 0.970947 0.098389
vt 0.972290 0.098755
vt 0.973633 0.099121
vt 0.967285 0.098511
vt 0.966797 0.098938
vt 0.966309 0.099365
vt 0.977661 0.100220
vt 0.976318 0.099854
vt 0.974976 0.099487
vt 0.964844 0.100647
vt 0.965332 0.100220
vt 0.965820 0.099792
vt 0.970740 0.097713
vt 0.971876 0.097416
vt 0.972789 0.097759
vt 0.971876 0.098061
vt 0.973008 0.097122
vt 0.973691 0.097469
vt 0.974130 0.096819
vt 0.974585 0.097171
vt 0.973691 0.098090
vt 0.973008 0.098406
vt 0.974354 0.097795
vt 0.975011 0.097501
vt 0.977765 0.096116
vt 0.977841 0.096705
vt 0.976740 0.096861
vt 0.976552 0.096353
vt 0.977914 0.097291
vt 0.976910 0.097359
vt 0.978010 0.097878
vt 0.977101 0.097857
vt 0.975668 0.097020
vt 0.975347 0.096591
vt 0.975958 0.097430
vt 0.976247 0.097838
vt 0.977765 0.099629
vt 0.976552 0.099336
vt 0.976740 0.098837
vt 0.977841 0.099043
vt 0.975347 0.099044
vt 0.975668 0.098629
vt 0.974130 0.098760
vt 0.974585 0.098429
vt 0.976910 0.098347
vt 0.977914 0.098461
vt 0.975958 0.098232
vt 0.975011 0.098119
vt 0.975423 0.097819
vt 0.969604 0.097351
vt 0.970947 0.097046
vt 0.972290 0.096741
vt 0.973633 0.096436
vt 0.979004 0.095215
vt 0.979004 0.095886
vt 0.977661 0.095520
vt 0.979004 0.096558
vt 0.979004 0.097229
vt 0.979004 0.097900
vt 0.976318 0.095825
vt 0.974976 0.096130
vt 0.979004 0.099915
vt 0.979004 0.099243
vt 0.979004 0.098572
vt 0.976526 0.095496
vt 0.975390 0.095772
vt 0.974476 0.095729
vt 0.975390 0.095479
vt 0.974258 0.096046
vt 0.973575 0.095973
vt 0.973136 0.096323
vt 0.972681 0.096219
vt 0.973575 0.095691
vt 0.974258 0.095462
vt 0.972911 0.095907
vt 0.972255 0.096122
vt 0.969501 0.097093
vt 0.969424 0.096835
vt 0.970526 0.096627
vt 0.970713 0.096835
vt 0.969351 0.096578
vt 0.970355 0.096422
vt 0.969255 0.096323
vt 0.970165 0.096219
vt 0.971598 0.096422
vt 0.971918 0.096578
vt 0.971308 0.096272
vt 0.971018 0.096122
vt 0.969501 0.095496
vt 0.970713 0.095479
vt 0.970526 0.095729
vt 0.969424 0.095772
vt 0.971918 0.095462
vt 0.971598 0.095691
vt 0.973136 0.095441
vt 0.972681 0.095647
vt 0.970355 0.095973
vt 0.969351 0.096046
vt 0.971308 0.095907
vt 0.972255 0.095841
vt 0.971842 0.096029
vt 0.977661 0.095215
vt 0.976318 0.095215
vt 0.974976 0.095215
vt 0.973633 0.095215
vt 0.968262 0.097351
vt 0.968262 0.097046
vt 0.968262 0.096741
vt 0.968262 0.096436
vt 0.968262 0.095215
vt 0.969604 0.095215
vt 0.968262 0.095520
vt 0.970947 0.095215
vt 0.972290 0.095215
vt 0.968262 0.095825
vt 0.968262 0.096130
vt 0.959336 0.140438
vt 0.964075 0.139776
vt 0.967303 0.139878
vt 0.963430 0.140479
vt 0.968793 0.139119
vt 0.971118 0.139294
vt 0.973482 0.138455
vt 0.974908 0.138703
vt 0.970497 0.139971
vt 0.967510 0.140519
vt 0.973385 0.139452
vt 0.976247 0.138935
vt 0.988397 0.136605
vt 0.988107 0.137225
vt 0.983645 0.137723
vt 0.983419 0.137225
vt 0.987805 0.137843
vt 0.983813 0.138215
vt 0.987594 0.138455
vt 0.984058 0.138703
vt 0.979295 0.138215
vt 0.978472 0.137843
vt 0.980017 0.138577
vt 0.980742 0.138935
vt 0.984884 0.140438
vt 0.980436 0.140479
vt 0.981669 0.139878
vt 0.985768 0.139776
vt 0.976018 0.140519
vt 0.977686 0.139971
vt 0.971541 0.140571
vt 0.973650 0.140075
vt 0.982825 0.139294
vt 0.986636 0.139119
vt 0.979216 0.139452
vt 0.975629 0.139610
vt 0.977539 0.139160
vt 0.949707 0.141113
vt 0.955261 0.140381
vt 0.954590 0.141113
vt 0.960815 0.139648
vt 0.966370 0.138916
vt 0.971924 0.138184
vt 0.959473 0.141113
vt 0.964355 0.141113
vt 0.969238 0.141113
vt 0.994141 0.135254
vt 0.993469 0.135986
vt 0.988586 0.135986
vt 0.992798 0.136719
vt 0.992126 0.137451
vt 0.991455 0.138184
vt 0.983032 0.136719
vt 0.977478 0.137451
vt 0.988770 0.141113
vt 0.983887 0.141113
vt 0.989441 0.140381
vt 0.979004 0.141113
vt 0.974121 0.141113
vt 0.990112 0.139648
vt 0.990784 0.138916
vt 0.950324 0.135930
vt 0.955960 0.135888
vt 0.955681 0.136489
vt 0.950627 0.136591
vt 0.961561 0.135848
vt 0.960608 0.136396
vt 0.967210 0.135796
vt 0.965577 0.136292
vt 0.955468 0.137073
vt 0.950943 0.137248
vt 0.959771 0.136915
vt 0.964045 0.136758
vt 0.983216 0.135930
vt 0.978557 0.136591
vt 0.974178 0.136489
vt 0.977854 0.135888
vt 0.973915 0.137248
vt 0.970541 0.137073
vt 0.969327 0.137913
vt 0.966949 0.137665
vt 0.969863 0.136396
vt 0.972515 0.135848
vt 0.967278 0.136915
vt 0.964719 0.137432
vt 0.954156 0.139762
vt 0.953178 0.139142
vt 0.957836 0.138644
vt 0.959214 0.139142
vt 0.952219 0.138525
vt 0.956547 0.138152
vt 0.951158 0.137913
vt 0.955169 0.137665
vt 0.962364 0.138152
vt 0.964237 0.138525
vt 0.960646 0.137790
vt 0.958932 0.137432
vt 0.962565 0.137207
vt 0.943848 0.135254
vt 0.950134 0.135254
vt 0.944580 0.135986
vt 0.956421 0.135254
vt 0.962708 0.135254
vt 0.968994 0.135254
vt 0.945312 0.136719
vt 0.946045 0.137451
vt 0.946777 0.138184
vt 0.987854 0.135254
vt 0.981567 0.135254
vt 0.975281 0.135254
vt 0.948975 0.140381
vt 0.948242 0.139648
vt 0.947510 0.138916
vt 0.955842 0.133058
vt 0.961548 0.130908
vt 0.965765 0.131241
vt 0.961138 0.133193
vt 0.967231 0.128772
vt 0.970328 0.129340
vt 0.972871 0.126613
vt 0.974856 0.127419
vt 0.969933 0.131543
vt 0.966414 0.133322
vt 0.973341 0.129854
vt 0.976718 0.128176
vt 0.990970 0.120603
vt 0.990966 0.122618
vt 0.985519 0.124237
vt 0.984931 0.122618
vt 0.990947 0.124624
vt 0.986030 0.125836
vt 0.991040 0.126613
vt 0.986636 0.127419
vt 0.980213 0.125836
vt 0.978930 0.124624
vt 0.981358 0.127011
vt 0.982505 0.128176
vt 0.988735 0.133058
vt 0.983032 0.133193
vt 0.984262 0.131241
vt 0.989478 0.130908
vt 0.977369 0.133322
vt 0.979189 0.131543
vt 0.971636 0.133493
vt 0.974055 0.131880
vt 0.985401 0.129340
vt 0.990203 0.128772
vt 0.980848 0.129854
vt 0.976324 0.130367
vt 0.978516 0.128906
vt 0.950562 0.132874
vt 0.957275 0.130493
vt 0.963989 0.128113
vt 0.970703 0.125732
vt 0.997559 0.116211
vt 0.997131 0.118591
vt 0.990845 0.118591
vt 0.996704 0.120972
vt 0.996277 0.123352
vt 0.995850 0.125732
vt 0.984131 0.120972
vt 0.977417 0.123352
vt 0.994568 0.132874
vt 0.994995 0.130493
vt 0.995422 0.128113
vt 0.984776 0.118407
vt 0.979118 0.120557
vt 0.974200 0.120224
vt 0.978708 0.118272
vt 0.973482 0.122693
vt 0.969746 0.122125
vt 0.967903 0.124852
vt 0.965339 0.124045
vt 0.969350 0.119922
vt 0.972665 0.118142
vt 0.966127 0.121611
vt 0.962935 0.123289
vt 0.949648 0.130862
vt 0.948880 0.128847
vt 0.954446 0.127228
vt 0.955736 0.128847
vt 0.948132 0.126841
vt 0.953254 0.125629
vt 0.947264 0.124852
vt 0.951958 0.124045
vt 0.959861 0.125629
vt 0.961783 0.126841
vt 0.958109 0.124454
vt 0.956360 0.123289
vt 0.947412 0.118407
vt 0.953838 0.118272
vt 0.953189 0.120224
vt 0.947392 0.120557
vt 0.960222 0.118142
vt 0.958837 0.119922
vt 0.966669 0.117972
vt 0.964539 0.119585
vt 0.952625 0.122125
vt 0.947388 0.122693
vt 0.957599 0.121611
vt 0.962541 0.121098
vt 0.960612 0.122559
vt 0.990417 0.116211
vt 0.983276 0.116211
vt 0.976135 0.116211
vt 0.968994 0.116211
vt 0.943420 0.132874
vt 0.942993 0.130493
vt 0.942566 0.128113
vt 0.942139 0.125732
vt 0.940430 0.116211
vt 0.947571 0.116211
vt 0.940857 0.118591
vt 0.954712 0.116211
vt 0.961853 0.116211
vt 0.941284 0.120972
vt 0.941711 0.123352
vt 0.953607 0.115592
vt 0.959650 0.114985
vt 0.964508 0.115079
vt 0.959650 0.115630
vt 0.965670 0.114383
vt 0.969304 0.114543
vt 0.971636 0.113774
vt 0.974055 0.114001
vt 0.969304 0.115164
vt 0.965670 0.115666
vt 0.972831 0.114688
vt 0.976324 0.114215
vt 0.990970 0.112079
vt 0.991377 0.112647
vt 0.985519 0.113104
vt 0.984520 0.112647
vt 0.991764 0.113213
vt 0.986425 0.113555
vt 0.992275 0.113774
vt 0.987437 0.114001
vt 0.979818 0.113555
vt 0.978113 0.113213
vt 0.981358 0.113886
vt 0.982898 0.114215
vt 0.990970 0.115592
vt 0.984520 0.115630
vt 0.985519 0.115079
vt 0.991377 0.114985
vt 0.978113 0.115666
vt 0.979818 0.115164
vt 0.971636 0.115714
vt 0.974055 0.115259
vt 0.986425 0.114543
vt 0.991764 0.114383
vt 0.981358 0.114688
vt 0.976324 0.114833
vt 0.978516 0.114421
vt 0.947571 0.115540
vt 0.954712 0.114868
vt 0.961853 0.114197
vt 0.968994 0.113525
vt 0.997559 0.110840
vt 0.997559 0.111511
vt 0.990417 0.111511
vt 0.997559 0.112183
vt 0.997559 0.112854
vt 0.997559 0.113525
vt 0.983276 0.112183
vt 0.976135 0.112854
vt 0.997559 0.115540
vt 0.997559 0.114868
vt 0.997559 0.114197
vt 0.984381 0.111459
vt 0.978338 0.112066
vt 0.973480 0.111972
vt 0.978338 0.111421
vt 0.972318 0.112668
vt 0.968684 0.112508
vt 0.966352 0.113277
vt 0.963933 0.113050
vt 0.968684 0.111887
vt 0.972318 0.111385
vt 0.965158 0.112363
vt 0.961664 0.112836
vt 0.947018 0.114972
vt 0.946612 0.114404
vt 0.952469 0.113947
vt 0.953468 0.114404
vt 0.946224 0.113838
vt 0.951563 0.113496
vt 0.945713 0.113277
vt 0.950552 0.113050
vt 0.958171 0.113496
vt 0.959875 0.113838
vt 0.956630 0.113165
vt 0.955090 0.112836
vt 0.947018 0.111459
vt 0.953468 0.111421
vt 0.952469 0.111972
vt 0.946612 0.112066
vt 0.959875 0.111385
vt 0.958171 0.111887
vt 0.966352 0.111337
vt 0.963933 0.111791
vt 0.951563 0.112508
vt 0.946224 0.112668
vt 0.956630 0.112363
vt 0.961664 0.112218
vt 0.959473 0.112630
vt 0.990417 0.110840
vt 0.983276 0.110840
vt 0.976135 0.110840
vt 0.968994 0.110840
vt 0.940430 0.115540
vt 0.940430 0.114868
vt 0.940430 0.114197
vt 0.940430 0.113525
vt 0.940430 0.110840
vt 0.947571 0.110840
vt 0.940430 0.111511
vt 0.954712 0.110840
vt 0.961853 0.110840
vt 0.940430 0.112183
vt 0.940430 0.112854
vt 0.980792 0.067664
vt 0.976715 0.067940
vt 0.973385 0.067897
vt 0.976657 0.067647
vt 0.972654 0.068214
vt 0.970155 0.068141
vt 0.968630 0.068491
vt 0.966955 0.068387
vt 0.970098 0.067859
vt 0.972537 0.067630
vt 0.967730 0.068075
vt 0.965384 0.068290
vt 0.955564 0.069261
vt 0.955235 0.069003
vt 0.959198 0.068795
vt 0.959923 0.069003
vt 0.954918 0.068746
vt 0.958538 0.068590
vt 0.954518 0.068491
vt 0.957806 0.068387
vt 0.963056 0.068590
vt 0.964252 0.068746
vt 0.961972 0.068440
vt 0.960889 0.068290
vt 0.955245 0.067664
vt 0.959652 0.067647
vt 0.959018 0.067897
vt 0.955022 0.067940
vt 0.964029 0.067630
vt 0.962909 0.067859
vt 0.968454 0.067609
vt 0.966841 0.067815
vt 0.958448 0.068141
vt 0.954812 0.068214
vt 0.961899 0.068075
vt 0.965328 0.068009
vt 0.963867 0.068197
vt 0.989746 0.067383
vt 0.984924 0.067688
vt 0.984863 0.067383
vt 0.980103 0.067993
vt 0.975281 0.068298
vt 0.970459 0.068604
vt 0.979980 0.067383
vt 0.975098 0.067383
vt 0.970215 0.067383
vt 0.951172 0.069824
vt 0.951111 0.069519
vt 0.955994 0.069519
vt 0.951050 0.069214
vt 0.950989 0.068909
vt 0.950928 0.068604
vt 0.960815 0.069214
vt 0.965637 0.068909
vt 0.950684 0.067383
vt 0.955566 0.067383
vt 0.950745 0.067688
vt 0.960449 0.067383
vt 0.965332 0.067383
vt 0.950806 0.067993
vt 0.950867 0.068298
vt 0.960069 0.069543
vt 0.964150 0.069267
vt 0.967430 0.069310
vt 0.964150 0.069560
vt 0.968215 0.068993
vt 0.970668 0.069066
vt 0.972243 0.068716
vt 0.973876 0.068820
vt 0.970668 0.069348
vt 0.968214 0.069577
vt 0.973049 0.069132
vt 0.975408 0.068917
vt 0.985297 0.067946
vt 0.985572 0.068204
vt 0.981617 0.068412
vt 0.980942 0.068204
vt 0.985833 0.068461
vt 0.982229 0.068617
vt 0.986179 0.068716
vt 0.982912 0.068820
vt 0.977767 0.068617
vt 0.976616 0.068461
vt 0.978807 0.068767
vt 0.979847 0.068917
vt 0.985297 0.069543
vt 0.980943 0.069560
vt 0.981617 0.069310
vt 0.985572 0.069267
vt 0.976616 0.069577
vt 0.977767 0.069348
vt 0.972243 0.069598
vt 0.973876 0.069392
vt 0.982229 0.069066
vt 0.985833 0.068993
vt 0.978807 0.069132
vt 0.975408 0.069198
vt 0.976888 0.069010
vt 0.955994 0.069824
vt 0.960815 0.069824
vt 0.965637 0.069824
vt 0.970459 0.069824
vt 0.989746 0.067688
vt 0.989746 0.067993
vt 0.989746 0.068298
vt 0.989746 0.068604
vt 0.989746 0.069824
vt 0.984924 0.069824
vt 0.989746 0.069519
vt 0.980103 0.069824
vt 0.975281 0.069824
vt 0.989746 0.069214
vt 0.989746 0.068909
vt 0.956071 0.070444
vt 0.960398 0.070405
vt 0.960124 0.070956
vt 0.956238 0.071050
vt 0.964698 0.070369
vt 0.963912 0.070871
vt 0.969037 0.070321
vt 0.967734 0.070776
vt 0.959902 0.071492
vt 0.956414 0.071652
vt 0.963218 0.071347
vt 0.966512 0.071203
vt 0.981299 0.070444
vt 0.977660 0.071050
vt 0.974311 0.070956
vt 0.977191 0.070405
vt 0.974033 0.071652
vt 0.971463 0.071492
vt 0.970448 0.072261
vt 0.968649 0.072034
vt 0.971011 0.070871
vt 0.973100 0.070369
vt 0.968976 0.071347
vt 0.966962 0.071821
vt 0.958626 0.073956
vt 0.957938 0.073388
vt 0.961561 0.072932
vt 0.962567 0.073388
vt 0.957265 0.072822
vt 0.960621 0.072481
vt 0.956512 0.072261
vt 0.959613 0.072034
vt 0.965083 0.072481
vt 0.966482 0.072822
vt 0.963801 0.072149
vt 0.962523 0.071821
vt 0.965332 0.071615
vt 0.951660 0.070496
vt 0.952148 0.071167
vt 0.952637 0.071838
vt 0.953125 0.072510
vt 0.985413 0.070496
vt 0.981079 0.071167
vt 0.976746 0.071838
vt 0.972412 0.072510
vt 0.955078 0.075195
vt 0.954590 0.074524
vt 0.959412 0.074524
vt 0.954102 0.073853
vt 0.953613 0.073181
vt 0.963745 0.073853
vt 0.968079 0.073181
vt 0.986124 0.074576
vt 0.982158 0.074614
vt 0.982723 0.074063
vt 0.986319 0.073970
vt 0.978218 0.074651
vt 0.979222 0.074149
vt 0.974237 0.074699
vt 0.975684 0.074244
vt 0.983231 0.073527
vt 0.986502 0.073367
vt 0.980127 0.073672
vt 0.977042 0.073817
vt 0.963131 0.074576
vt 0.966795 0.073969
vt 0.969793 0.074063
vt 0.966853 0.074614
vt 0.970444 0.073367
vt 0.972695 0.073527
vt 0.974060 0.072758
vt 0.975570 0.072986
vt 0.972752 0.074149
vt 0.970561 0.074651
vt 0.974879 0.073672
vt 0.976986 0.073199
vt 0.985804 0.071063
vt 0.986106 0.071631
vt 0.982543 0.072088
vt 0.981887 0.071631
vt 0.986396 0.072197
vt 0.983142 0.072539
vt 0.986761 0.072758
vt 0.983805 0.072986
vt 0.979075 0.072539
vt 0.977995 0.072197
vt 0.980054 0.072870
vt 0.981031 0.073199
vt 0.978353 0.073405
vt 0.990234 0.075195
vt 0.985840 0.075195
vt 0.990173 0.074524
vt 0.981445 0.075195
vt 0.977051 0.075195
vt 0.972656 0.075195
vt 0.990112 0.073853
vt 0.990051 0.073181
vt 0.989990 0.072510
vt 0.959473 0.075195
vt 0.963867 0.075195
vt 0.968262 0.075195
vt 0.989807 0.070496
vt 0.989868 0.071167
vt 0.989929 0.071838
vt 0.959245 0.075646
vt 0.963207 0.075618
vt 0.962693 0.076018
vt 0.959105 0.076087
vt 0.967144 0.075592
vt 0.966186 0.075957
vt 0.971121 0.075557
vt 0.969715 0.075887
vt 0.962233 0.076408
vt 0.958976 0.076525
vt 0.965325 0.076303
vt 0.968396 0.076198
vt 0.982238 0.075646
vt 0.978629 0.076087
vt 0.975623 0.076019
vt 0.978512 0.075618
vt 0.975034 0.076525
vt 0.972769 0.076408
vt 0.971474 0.076968
vt 0.969944 0.076802
vt 0.972656 0.075957
vt 0.974801 0.075592
vt 0.970572 0.076303
vt 0.968508 0.076647
vt 0.959884 0.078201
vt 0.959530 0.077787
vt 0.963052 0.077455
vt 0.963750 0.077787
vt 0.959189 0.077376
vt 0.962412 0.077127
vt 0.958773 0.076968
vt 0.961709 0.076802
vt 0.966479 0.077127
vt 0.967590 0.077376
vt 0.965470 0.076886
vt 0.964463 0.076647
vt 0.967122 0.076497
vt 0.955200 0.075684
vt 0.955322 0.076172
vt 0.955444 0.076660
vt 0.955566 0.077148
vt 0.985962 0.075684
vt 0.981689 0.076172
vt 0.977417 0.076660
vt 0.973145 0.077148
vt 0.956055 0.079102
vt 0.955933 0.078613
vt 0.960327 0.078613
vt 0.955811 0.078125
vt 0.955688 0.077637
vt 0.964600 0.078125
vt 0.968872 0.077637
vt 0.986292 0.078651
vt 0.982434 0.078679
vt 0.983031 0.078278
vt 0.986536 0.078210
vt 0.978600 0.078705
vt 0.979620 0.078340
vt 0.974725 0.078740
vt 0.976173 0.078409
vt 0.983573 0.077889
vt 0.986767 0.077772
vt 0.980542 0.077994
vt 0.977530 0.078099
vt 0.963938 0.078651
vt 0.967554 0.078210
vt 0.970461 0.078278
vt 0.967554 0.078679
vt 0.971156 0.077772
vt 0.973330 0.077889
vt 0.974725 0.077329
vt 0.976173 0.077494
vt 0.973330 0.078340
vt 0.971156 0.078705
vt 0.975440 0.077994
vt 0.977530 0.077650
vt 0.986292 0.076096
vt 0.986536 0.076510
vt 0.983031 0.076842
vt 0.982434 0.076510
vt 0.986767 0.076921
vt 0.983573 0.077170
vt 0.987073 0.077329
vt 0.984179 0.077494
vt 0.979620 0.077170
vt 0.978600 0.076921
vt 0.980542 0.077411
vt 0.981463 0.077650
vt 0.978841 0.077799
vt 0.990234 0.079102
vt 0.985962 0.079102
vt 0.990234 0.078613
vt 0.981689 0.079102
vt 0.977417 0.079102
vt 0.973145 0.079102
vt 0.990234 0.078125
vt 0.990234 0.077637
vt 0.990234 0.077148
vt 0.960327 0.079102
vt 0.964600 0.079102
vt 0.968872 0.079102
vt 0.990234 0.075684
vt 0.990234 0.076172
vt 0.990234 0.076660
vt 0.982463 0.079721
vt 0.978958 0.080327
vt 0.976034 0.080233
vt 0.978841 0.079683
vt 0.975466 0.080930
vt 0.973262 0.080770
vt 0.972007 0.081539
vt 0.970518 0.081311
vt 0.973149 0.080148
vt 0.975232 0.079646
vt 0.971126 0.080625
vt 0.969122 0.081098
vt 0.960748 0.083234
vt 0.960401 0.082666
vt 0.963823 0.082209
vt 0.964503 0.082666
vt 0.960067 0.082100
vt 0.963199 0.081758
vt 0.959659 0.081539
vt 0.962512 0.081311
vt 0.967152 0.081758
vt 0.968234 0.082100
vt 0.966170 0.081426
vt 0.965189 0.081098
vt 0.960109 0.079721
vt 0.963961 0.079683
vt 0.963463 0.080233
vt 0.959976 0.080327
vt 0.967788 0.079646
vt 0.966859 0.080148
vt 0.971654 0.079598
vt 0.970290 0.080053
vt 0.963019 0.080770
vt 0.959854 0.080930
vt 0.966024 0.080625
vt 0.969010 0.080480
vt 0.967773 0.080892
vt 0.986084 0.079773
vt 0.981934 0.080444
vt 0.977783 0.081116
vt 0.973633 0.081787
vt 0.957031 0.084473
vt 0.956909 0.083801
vt 0.961182 0.083801
vt 0.956787 0.083130
vt 0.956665 0.082458
vt 0.956543 0.081787
vt 0.965332 0.083130
vt 0.969482 0.082458
vt 0.956177 0.079773
vt 0.956299 0.080444
vt 0.956421 0.081116
vt 0.964690 0.083853
vt 0.968202 0.083247
vt 0.971026 0.083341
vt 0.968202 0.083891
vt 0.971701 0.082644
vt 0.973813 0.082805
vt 0.975168 0.082035
vt 0.976574 0.082263
vt 0.973813 0.083426
vt 0.971701 0.083928
vt 0.975862 0.082950
vt 0.977893 0.082476
vt 0.986405 0.080340
vt 0.986641 0.080909
vt 0.983237 0.081365
vt 0.982657 0.080909
vt 0.986867 0.081475
vt 0.983764 0.081816
vt 0.987164 0.082035
vt 0.984352 0.082263
vt 0.979923 0.081816
vt 0.978933 0.081475
vt 0.980819 0.082148
vt 0.981714 0.082476
vt 0.986405 0.083853
vt 0.982657 0.083891
vt 0.983237 0.083341
vt 0.986641 0.083247
vt 0.978933 0.083928
vt 0.979923 0.083426
vt 0.975168 0.083976
vt 0.976574 0.083521
vt 0.983764 0.082805
vt 0.986867 0.082644
vt 0.980819 0.082950
vt 0.977893 0.083094
vt 0.979167 0.082682
vt 0.961182 0.084473
vt 0.965332 0.084473
vt 0.969482 0.084473
vt 0.973633 0.084473
vt 0.990234 0.079773
vt 0.990234 0.080444
vt 0.990234 0.081116
vt 0.990234 0.081787
vt 0.990234 0.084473
vt 0.986084 0.084473
vt 0.990234 0.083801
vt 0.981934 0.084473
vt 0.977783 0.084473
vt 0.990234 0.083130
vt 0.990234 0.082458
vt 0.986405 0.085975
vt 0.982657 0.085769
vt 0.983237 0.085603
vt 0.986641 0.085769
vt 0.978933 0.085563
vt 0.979923 0.085439
vt 0.975168 0.085359
vt 0.976574 0.085276
vt 0.983764 0.085439
vt 0.986867 0.085563
vt 0.980819 0.085318
vt 0.977893 0.085199
vt 0.964690 0.084698
vt 0.968202 0.084684
vt 0.971026 0.084884
vt 0.968202 0.084918
vt 0.971701 0.084671
vt 0.973813 0.084853
vt 0.975168 0.084653
vt 0.976574 0.084819
vt 0.973813 0.085079
vt 0.971701 0.085137
vt 0.975862 0.085027
vt 0.977893 0.084974
vt 0.986405 0.084698
vt 0.986641 0.084918
vt 0.983237 0.084884
vt 0.982657 0.084684
vt 0.986867 0.085137
vt 0.983764 0.085079
vt 0.987164 0.085359
vt 0.984352 0.085276
vt 0.979923 0.084853
vt 0.978933 0.084671
vt 0.980819 0.085027
vt 0.981714 0.085199
vt 0.979167 0.085124
vt 0.990234 0.086426
vt 0.986084 0.086182
vt 0.990234 0.086182
vt 0.981934 0.085938
vt 0.977783 0.085693
vt 0.973633 0.085449
vt 0.990234 0.085938
vt 0.990234 0.085693
vt 0.990234 0.085449
vt 0.961182 0.084717
vt 0.965332 0.084961
vt 0.969482 0.085205
vt 0.990234 0.084717
vt 0.990234 0.084961
vt 0.990234 0.085205
vt 0.960860 0.084979
vt 0.964609 0.085183
vt 0.964028 0.085399
vt 0.960624 0.085241
vt 0.968333 0.085385
vt 0.967342 0.085555
vt 0.972097 0.085585
vt 0.970691 0.085709
vt 0.963502 0.085611
vt 0.960399 0.085502
vt 0.966447 0.085719
vt 0.969373 0.085825
vt 0.982576 0.086257
vt 0.979064 0.086326
vt 0.976240 0.086117
vt 0.979064 0.086033
vt 0.975565 0.086394
vt 0.973453 0.086197
vt 0.972097 0.086467
vt 0.970691 0.086281
vt 0.973453 0.085914
vt 0.975565 0.085811
vt 0.971403 0.086010
vt 0.969373 0.086106
vt 0.960860 0.086576
vt 0.960624 0.086304
vt 0.964028 0.086297
vt 0.964609 0.086538
vt 0.960399 0.086034
vt 0.963502 0.086061
vt 0.960102 0.085761
vt 0.962914 0.085823
vt 0.967342 0.086287
vt 0.968333 0.086500
vt 0.966447 0.086083
vt 0.965552 0.085881
vt 0.968099 0.085938
vt 0.957031 0.084778
vt 0.957031 0.085083
vt 0.957031 0.085388
vt 0.957031 0.085693
vt 0.986084 0.086487
vt 0.981934 0.086548
vt 0.977783 0.086609
vt 0.973633 0.086670
vt 0.957031 0.086914
vt 0.957031 0.086609
vt 0.961182 0.086853
vt 0.957031 0.086304
vt 0.957031 0.085999
vt 0.965332 0.086792
vt 0.969482 0.086731
vt 0.660359 0.130202
vt 0.664346 0.130037
vt 0.667393 0.130062
vt 0.664170 0.130213
vt 0.668318 0.129873
vt 0.670573 0.129916
vt 0.672257 0.129706
vt 0.673725 0.129768
vt 0.670403 0.130086
vt 0.667968 0.130223
vt 0.672764 0.129956
vt 0.675102 0.129827
vt 0.684948 0.129244
vt 0.685050 0.129399
vt 0.681221 0.129524
vt 0.680714 0.129399
vt 0.685141 0.129553
vt 0.681671 0.129647
vt 0.685311 0.129706
vt 0.682189 0.129768
vt 0.677492 0.129647
vt 0.676507 0.129553
vt 0.678376 0.129737
vt 0.679260 0.129827
vt 0.683990 0.130202
vt 0.679900 0.130213
vt 0.680682 0.130062
vt 0.684413 0.130037
vt 0.675838 0.130222
vt 0.677053 0.130086
vt 0.671728 0.130236
vt 0.673382 0.130112
vt 0.681401 0.129916
vt 0.684822 0.129872
vt 0.678157 0.129956
vt 0.674934 0.129995
vt 0.676432 0.129883
vt 0.651855 0.130371
vt 0.656555 0.130188
vt 0.656372 0.130371
vt 0.661255 0.130005
vt 0.665955 0.129822
vt 0.670654 0.129639
vt 0.660889 0.130371
vt 0.665405 0.130371
vt 0.669922 0.130371
vt 0.689453 0.128906
vt 0.689270 0.129089
vt 0.684753 0.129089
vt 0.689087 0.129272
vt 0.688904 0.129456
vt 0.688721 0.129639
vt 0.680054 0.129272
vt 0.675354 0.129456
vt 0.687988 0.130371
vt 0.683472 0.130371
vt 0.688171 0.130188
vt 0.678955 0.130371
vt 0.674438 0.130371
vt 0.688354 0.130005
vt 0.688538 0.129822
vt 0.652435 0.126070
vt 0.657196 0.126473
vt 0.656954 0.126955
vt 0.652684 0.126649
vt 0.661927 0.126874
vt 0.661116 0.127260
vt 0.666700 0.127269
vt 0.665315 0.127559
vt 0.656768 0.127429
vt 0.652943 0.127224
vt 0.660404 0.127631
vt 0.664015 0.127830
vt 0.680218 0.128625
vt 0.676275 0.128818
vt 0.672578 0.128392
vt 0.675689 0.128173
vt 0.672347 0.129009
vt 0.669499 0.128600
vt 0.668464 0.129210
vt 0.666458 0.128817
vt 0.668934 0.127979
vt 0.671180 0.127725
vt 0.666745 0.128214
vt 0.664577 0.128448
vt 0.655629 0.129583
vt 0.654810 0.128987
vt 0.658750 0.128931
vt 0.659908 0.129456
vt 0.654007 0.128394
vt 0.657666 0.128418
vt 0.653117 0.127798
vt 0.656508 0.127902
vt 0.662580 0.128869
vt 0.664158 0.129328
vt 0.661133 0.128433
vt 0.659689 0.127999
vt 0.662760 0.128092
vt 0.646973 0.125000
vt 0.652283 0.125488
vt 0.647583 0.125671
vt 0.657593 0.125977
vt 0.662903 0.126465
vt 0.668213 0.126953
vt 0.648193 0.126343
vt 0.648804 0.127014
vt 0.649414 0.127686
vt 0.684143 0.128418
vt 0.678833 0.127930
vt 0.673523 0.127441
vt 0.651245 0.129700
vt 0.650635 0.129028
vt 0.650024 0.128357
vt 0.657390 0.124662
vt 0.662490 0.123863
vt 0.666009 0.124383
vt 0.661846 0.125152
vt 0.667569 0.123069
vt 0.670111 0.123638
vt 0.672614 0.122259
vt 0.674186 0.122880
vt 0.669490 0.124881
vt 0.666286 0.125636
vt 0.672589 0.124169
vt 0.675660 0.123462
vt 0.688686 0.120191
vt 0.688420 0.121355
vt 0.683608 0.121868
vt 0.683322 0.120887
vt 0.688142 0.122514
vt 0.683831 0.122832
vt 0.687962 0.123671
vt 0.684136 0.123795
vt 0.678918 0.122380
vt 0.677992 0.121580
vt 0.679732 0.123149
vt 0.680548 0.123911
vt 0.685173 0.127217
vt 0.680339 0.126852
vt 0.681633 0.125819
vt 0.686082 0.126032
vt 0.675538 0.126487
vt 0.677308 0.125600
vt 0.670674 0.126140
vt 0.672928 0.125396
vt 0.682842 0.124809
vt 0.686972 0.124854
vt 0.678930 0.124752
vt 0.675042 0.124698
vt 0.677083 0.124023
vt 0.652954 0.124146
vt 0.658936 0.123291
vt 0.664917 0.122437
vt 0.670898 0.121582
vt 0.694824 0.118164
vt 0.694153 0.119507
vt 0.688843 0.119019
vt 0.693481 0.120850
vt 0.692810 0.122192
vt 0.692139 0.123535
vt 0.682861 0.119873
vt 0.676880 0.120728
vt 0.690125 0.127563
vt 0.690796 0.126221
vt 0.691467 0.124878
vt 0.649862 0.111439
vt 0.655626 0.112424
vt 0.655079 0.113955
vt 0.649883 0.113244
vt 0.661352 0.113406
vt 0.660142 0.114666
vt 0.667135 0.114365
vt 0.665253 0.115358
vt 0.654608 0.115457
vt 0.649918 0.115040
vt 0.659063 0.115876
vt 0.663488 0.116288
vt 0.683393 0.117826
vt 0.678355 0.118667
vt 0.673936 0.117547
vt 0.677945 0.116675
vt 0.673336 0.119500
vt 0.669973 0.118384
vt 0.668370 0.120363
vt 0.666054 0.119246
vt 0.669578 0.116464
vt 0.672519 0.115533
vt 0.666716 0.117333
vt 0.663882 0.118199
vt 0.652097 0.122297
vt 0.651371 0.120471
vt 0.656337 0.120061
vt 0.657524 0.121643
vt 0.650663 0.118656
vt 0.655237 0.118512
vt 0.649847 0.116835
vt 0.654045 0.116959
vt 0.661166 0.119642
vt 0.662914 0.120989
vt 0.659573 0.118354
vt 0.657982 0.117075
vt 0.661784 0.117188
vt 0.643555 0.108398
vt 0.649963 0.109619
vt 0.643982 0.110474
vt 0.656372 0.110840
vt 0.662781 0.112061
vt 0.669189 0.113281
vt 0.644409 0.112549
vt 0.644836 0.114624
vt 0.645264 0.116699
vt 0.688416 0.116943
vt 0.682007 0.115723
vt 0.675598 0.114502
vt 0.646545 0.122925
vt 0.646118 0.120850
vt 0.645691 0.118774
vt 0.689137 0.115912
vt 0.683335 0.114879
vt 0.684431 0.114048
vt 0.689722 0.114879
vt 0.677571 0.113849
vt 0.679284 0.113228
vt 0.671741 0.112830
vt 0.674077 0.112416
vt 0.685439 0.113228
vt 0.690289 0.113850
vt 0.680839 0.112625
vt 0.676269 0.112028
vt 0.655606 0.109525
vt 0.661249 0.109455
vt 0.665575 0.110456
vt 0.661015 0.110627
vt 0.666871 0.109389
vt 0.670074 0.110302
vt 0.672446 0.109302
vt 0.674535 0.110129
vt 0.669848 0.111431
vt 0.666404 0.111722
vt 0.673186 0.111168
vt 0.676494 0.110904
vt 0.690414 0.109525
vt 0.690572 0.110627
vt 0.685150 0.110456
vt 0.684419 0.109455
vt 0.690714 0.111722
vt 0.685799 0.111431
vt 0.690969 0.112830
vt 0.686544 0.112416
vt 0.679869 0.110302
vt 0.678463 0.109389
vt 0.681131 0.111168
vt 0.682394 0.112028
vt 0.678385 0.111654
vt 0.695068 0.116943
vt 0.695312 0.115723
vt 0.695557 0.114502
vt 0.695801 0.113281
vt 0.650208 0.108398
vt 0.656860 0.108398
vt 0.663513 0.108398
vt 0.670166 0.108398
vt 0.696777 0.108398
vt 0.696533 0.109619
vt 0.690125 0.108398
vt 0.696289 0.110840
vt 0.696045 0.112061
vt 0.683472 0.108398
vt 0.676819 0.108398
vt 0.717495 0.127667
vt 0.713687 0.127744
vt 0.711206 0.126642
vt 0.714331 0.126455
vt 0.709894 0.127817
vt 0.708129 0.126813
vt 0.706124 0.127913
vt 0.705069 0.127003
vt 0.708750 0.125570
vt 0.711178 0.125250
vt 0.706405 0.125860
vt 0.704080 0.126150
vt 0.694183 0.127667
vt 0.694536 0.126455
vt 0.698097 0.126642
vt 0.698169 0.127744
vt 0.694897 0.125250
vt 0.698068 0.125570
vt 0.695187 0.124032
vt 0.697978 0.124487
vt 0.701569 0.126813
vt 0.702131 0.127817
vt 0.701084 0.125860
vt 0.700596 0.124913
vt 0.697696 0.120642
vt 0.701152 0.121778
vt 0.700072 0.122692
vt 0.696874 0.121778
vt 0.704584 0.122910
vt 0.703179 0.123593
vt 0.708064 0.124032
vt 0.706327 0.124487
vt 0.699056 0.123593
vt 0.696067 0.122910
vt 0.701886 0.124257
vt 0.704698 0.124913
vt 0.703125 0.125326
vt 0.725098 0.128906
vt 0.720642 0.128906
vt 0.721313 0.127563
vt 0.716187 0.128906
vt 0.711731 0.128906
vt 0.707275 0.128906
vt 0.717529 0.126221
vt 0.713745 0.124878
vt 0.709961 0.123535
vt 0.693909 0.128906
vt 0.698364 0.128906
vt 0.702820 0.128906
vt 0.698608 0.119507
vt 0.702393 0.120850
vt 0.706177 0.122192
vt 0.701807 0.119403
vt 0.705009 0.119327
vt 0.707584 0.120428
vt 0.705009 0.120616
vt 0.708199 0.119254
vt 0.710125 0.120258
vt 0.711361 0.119158
vt 0.712643 0.120067
vt 0.710125 0.121500
vt 0.708199 0.121820
vt 0.711994 0.121210
vt 0.713845 0.120921
vt 0.721606 0.119403
vt 0.721822 0.120616
vt 0.718718 0.120428
vt 0.718189 0.119327
vt 0.722027 0.121820
vt 0.719198 0.121500
vt 0.722298 0.123038
vt 0.719734 0.122584
vt 0.715697 0.120258
vt 0.714793 0.119254
vt 0.716513 0.121210
vt 0.717329 0.122157
vt 0.721606 0.126429
vt 0.718189 0.125292
vt 0.718718 0.124379
vt 0.721822 0.125292
vt 0.714793 0.124160
vt 0.715697 0.123477
vt 0.711361 0.123038
vt 0.712643 0.122584
vt 0.719198 0.123477
vt 0.722027 0.124160
vt 0.716513 0.122814
vt 0.713845 0.122157
vt 0.715007 0.121745
vt 0.698608 0.118164
vt 0.702393 0.118164
vt 0.706177 0.118164
vt 0.709961 0.118164
vt 0.725098 0.118164
vt 0.725098 0.119507
vt 0.721313 0.118164
vt 0.725098 0.120850
vt 0.725098 0.122192
vt 0.725098 0.123535
vt 0.717529 0.118164
vt 0.713745 0.118164
vt 0.725098 0.127563
vt 0.725098 0.126221
vt 0.725098 0.124878
s 1
usemtl AK_Hypebeast_MI1
f 445/1/1 446/2/1 450/3/1 449/4/1
f 446/2/1 447/5/1 451/6/1 450/3/1
f 447/5/1 448/7/1 452/8/1 451/6/1
f 449/4/1 450/3/1 454/9/1 453/10/2
f 450/3/1 451/6/1 455/11/1 454/9/1
f 451/6/1 452/8/1 456/12/1 455/11/1
f 457/13/1 458/14/2 462/15/2 461/16/1
f 458/14/2 459/17/2 463/18/2 462/15/2
f 459/17/2 460/19/1 464/20/1 463/18/2
f 461/16/1 462/15/2 466/21/1 465/22/1
f 462/15/2 463/18/2 467/23/2 466/21/1
f 463/18/2 464/20/1 468/24/1 467/23/2
f 469/25/1 470/26/1 474/27/1 473/28/1
f 470/26/1 471/29/1 475/30/1 474/27/1
f 471/29/1 472/31/1 476/32/2 475/30/1
f 473/28/1 474/27/1 478/33/1 477/34/1
f 474/27/1 475/30/1 479/35/2 478/33/1
f 475/30/1 476/32/2 480/36/1 479/35/2
f 465/22/1 466/21/1 452/8/1 448/7/1
f 466/21/1 467/23/2 456/12/1 452/8/1
f 477/34/1 478/33/1 464/20/1 460/19/1
f 478/33/1 479/35/2 468/24/1 464/20/1
f 453/10/2 454/9/1 476/32/2 472/31/1
f 454/9/1 455/11/1 480/36/1 476/32/2
f 455/11/1 456/12/1 444/37/2 480/36/1
f 467/23/2 468/24/1 444/37/2 456/12/1
f 479/35/2 480/36/1 444/37/2 468/24/1
f 1/38/3 192/39/4 445/1/1 185/40/1
f 192/39/4 193/41/4 446/2/1 445/1/1
f 193/41/4 194/42/4 447/5/1 446/2/1
f 194/42/4 195/43/4 448/7/1 447/5/1
f 185/40/1 445/1/1 449/4/1 186/44/2
f 186/44/2 449/4/1 453/10/2 187/45/1
f 187/45/1 453/10/2 472/31/1 188/46/2
f 2/47/5 234/48/1 457/13/1 198/49/4
f 234/48/1 235/50/2 458/14/2 457/13/1
f 235/50/2 236/51/2 459/17/2 458/14/2
f 236/51/2 237/52/1 460/19/1 459/17/2
f 198/49/4 457/13/1 461/16/1 197/53/4
f 197/53/4 461/16/1 465/22/1 196/54/4
f 196/54/4 465/22/1 448/7/1 195/43/4
f 3/55/1 191/56/1 469/25/1 240/57/1
f 191/56/1 190/58/1 470/26/1 469/25/1
f 190/58/1 189/59/1 471/29/1 470/26/1
f 189/59/1 188/46/2 472/31/1 471/29/1
f 240/57/1 469/25/1 473/28/1 239/60/1
f 239/60/1 473/28/1 477/34/1 238/61/1
f 238/61/1 477/34/1 460/19/1 237/52/1
f 482/62/6 483/63/6 487/64/6 486/65/6
f 483/63/6 484/66/6 488/67/6 487/64/6
f 484/66/6 485/68/6 489/69/6 488/67/6
f 486/65/6 487/64/6 491/70/6 490/71/6
f 487/64/6 488/67/6 492/72/6 491/70/6
f 488/67/6 489/69/6 493/73/6 492/72/6
f 494/74/6 495/75/6 499/76/6 498/77/6
f 495/75/6 496/78/6 500/79/6 499/76/6
f 496/78/6 497/80/6 501/81/6 500/79/6
f 498/77/6 499/76/6 503/82/6 502/83/6
f 499/76/6 500/79/6 504/84/6 503/82/6
f 500/79/6 501/81/6 505/85/6 504/84/6
f 506/86/6 507/87/6 511/88/6 510/89/6
f 507/87/6 508/90/6 512/91/6 511/88/6
f 508/90/6 509/92/6 513/93/6 512/91/6
f 510/89/6 511/88/6 515/94/6 514/95/6
f 511/88/6 512/91/6 516/96/6 515/94/6
f 512/91/6 513/93/6 517/97/6 516/96/6
f 502/83/6 503/82/6 489/69/6 485/68/6
f 503/82/6 504/84/6 493/73/6 489/69/6
f 514/95/6 515/94/6 501/81/6 497/80/6
f 515/94/6 516/96/6 505/85/6 501/81/6
f 490/71/6 491/70/6 513/93/6 509/92/6
f 491/70/6 492/72/6 517/97/6 513/93/6
f 492/72/6 493/73/6 481/98/6 517/97/6
f 504/84/6 505/85/6 481/98/6 493/73/6
f 516/96/6 517/97/6 481/98/6 505/85/6
f 2/47/5 198/49/4 482/62/6 241/99/6
f 198/49/4 197/53/4 483/63/6 482/62/6
f 197/53/4 196/54/4 484/66/6 483/63/6
f 196/54/4 195/43/4 485/68/6 484/66/6
f 241/99/6 482/62/6 486/65/6 242/100/6
f 242/100/6 486/65/6 490/71/6 243/101/6
f 243/101/6 490/71/6 509/92/6 244/102/6
f 1/38/3 199/103/7 494/74/6 192/39/4
f 199/103/7 200/104/8 495/75/6 494/74/6
f 200/104/8 201/105/8 496/78/6 495/75/6
f 201/105/8 202/106/7 497/80/6 496/78/6
f 192/39/4 494/74/6 498/77/6 193/41/4
f 193/41/4 498/77/6 502/83/6 194/42/4
f 194/42/4 502/83/6 485/68/6 195/43/4
f 4/107/9 247/108/6 506/86/6 205/109/7
f 247/108/6 246/110/6 507/87/6 506/86/6
f 246/110/6 245/111/6 508/90/6 507/87/6
f 245/111/6 244/102/6 509/92/6 508/90/6
f 205/109/7 506/86/6 510/89/6 204/112/7
f 204/112/7 510/89/6 514/95/6 203/113/7
f 203/113/7 514/95/6 497/80/6 202/106/7
f 519/114/10 520/115/10 524/116/10 523/117/10
f 520/115/10 521/118/10 525/119/10 524/116/10
f 521/118/10 522/120/10 526/121/10 525/119/10
f 523/117/10 524/116/10 528/122/10 527/123/10
f 524/116/10 525/119/10 529/124/10 528/122/10
f 525/119/10 526/121/10 530/125/10 529/124/10
f 531/126/10 532/127/10 536/128/10 535/129/10
f 532/127/10 533/130/10 537/131/10 536/128/10
f 533/130/10 534/132/10 538/133/10 537/131/10
f 535/129/10 536/128/10 540/134/10 539/135/10
f 536/128/10 537/131/10 541/136/10 540/134/10
f 537/131/10 538/133/10 542/137/10 541/136/10
f 543/138/10 544/139/10 548/140/10 547/141/10
f 544/139/10 545/142/10 549/143/10 548/140/10
f 545/142/10 546/144/10 550/145/10 549/143/10
f 547/141/10 548/140/10 552/146/10 551/147/10
f 548/140/10 549/143/10 553/148/10 552/146/10
f 549/143/10 550/145/10 554/149/10 553/148/10
f 539/135/10 540/134/10 526/121/10 522/120/10
f 540/134/10 541/136/10 530/125/10 526/121/10
f 551/147/10 552/146/10 538/133/10 534/132/10
f 552/146/10 553/148/10 542/137/10 538/133/10
f 527/123/10 528/122/10 550/145/10 546/144/10
f 528/122/10 529/124/10 554/149/10 550/145/10
f 529/124/10 530/125/10 518/150/10 554/149/10
f 541/136/10 542/137/10 518/150/10 530/125/10
f 553/148/10 554/149/10 518/150/10 542/137/10
f 5/151/11 30/152/10 519/114/10 212/153/10
f 30/152/10 29/154/10 520/115/10 519/114/10
f 29/154/10 28/155/10 521/118/10 520/115/10
f 28/155/10 27/156/10 522/120/10 521/118/10
f 212/153/10 519/114/10 523/117/10 211/157/10
f 211/157/10 523/117/10 527/123/10 210/158/10
f 210/158/10 527/123/10 546/144/10 209/159/10
f 4/107/9 205/109/7 531/126/10 24/160/10
f 205/109/7 204/112/7 532/127/10 531/126/10
f 204/112/7 203/113/7 533/130/10 532/127/10
f 203/113/7 202/106/7 534/132/10 533/130/10
f 24/160/10 531/126/10 535/129/10 25/161/10
f 25/161/10 535/129/10 539/135/10 26/162/10
f 26/162/10 539/135/10 522/120/10 27/156/10
f 1/38/3 206/163/10 543/138/10 199/103/7
f 206/163/10 207/164/10 544/139/10 543/138/10
f 207/164/10 208/165/10 545/142/10 544/139/10
f 208/165/10 209/159/10 546/144/10 545/142/10
f 199/103/7 543/138/10 547/141/10 200/104/8
f 200/104/8 547/141/10 551/147/10 201/105/8
f 201/105/8 551/147/10 534/132/10 202/106/7
f 556/166/10 557/167/10 561/168/10 560/169/10
f 557/167/10 558/170/10 562/171/10 561/168/10
f 558/170/10 559/172/10 563/173/10 562/171/10
f 560/169/10 561/168/10 565/174/10 564/175/10
f 561/168/10 562/171/10 566/176/10 565/174/10
f 562/171/10 563/173/10 567/177/10 566/176/10
f 568/178/10 569/179/10 573/180/10 572/181/10
f 569/179/10 570/182/10 574/183/10 573/180/10
f 570/182/10 571/184/10 575/185/10 574/183/10
f 572/181/10 573/180/10 577/186/10 576/187/10
f 573/180/10 574/183/10 578/188/10 577/186/10
f 574/183/10 575/185/10 579/189/10 578/188/10
f 580/190/10 581/191/10 585/192/10 584/193/10
f 581/191/10 582/194/10 586/195/10 585/192/10
f 582/194/10 583/196/10 587/197/10 586/195/10
f 584/193/10 585/192/10 589/198/10 588/199/10
f 585/192/10 586/195/10 590/200/10 589/198/10
f 586/195/10 587/197/10 591/201/10 590/200/10
f 576/187/10 577/186/10 563/173/10 559/172/10
f 577/186/10 578/188/10 567/177/10 563/173/10
f 588/199/10 589/198/10 575/185/10 571/184/10
f 589/198/10 590/200/10 579/189/10 575/185/10
f 564/175/10 565/174/10 587/197/10 583/196/10
f 565/174/10 566/176/10 591/201/10 587/197/10
f 566/176/10 567/177/10 555/202/10 591/201/10
f 578/188/10 579/189/10 555/202/10 567/177/10
f 590/200/10 591/201/10 555/202/10 579/189/10
f 4/107/9 24/160/10 556/166/10 31/203/10
f 24/160/10 25/161/10 557/167/10 556/166/10
f 25/161/10 26/162/10 558/170/10 557/167/10
f 26/162/10 27/156/10 559/172/10 558/170/10
f 31/203/10 556/166/10 560/169/10 32/204/10
f 32/204/10 560/169/10 564/175/10 33/205/10
f 33/205/10 564/175/10 583/196/10 34/206/10
f 5/151/11 52/207/11 568/178/10 30/152/10
f 52/207/11 53/208/11 569/179/10 568/178/10
f 53/208/11 54/209/11 570/182/10 569/179/10
f 54/209/11 55/210/11 571/184/10 570/182/10
f 30/152/10 568/178/10 572/181/10 29/154/10
f 29/154/10 572/181/10 576/187/10 28/155/10
f 28/155/10 576/187/10 559/172/10 27/156/10
f 6/211/12 37/212/10 580/190/10 58/213/11
f 37/212/10 36/214/10 581/191/10 580/190/10
f 36/214/10 35/215/10 582/194/10 581/191/10
f 35/215/10 34/206/10 583/196/10 582/194/10
f 58/213/11 580/190/10 584/193/10 57/216/11
f 57/216/11 584/193/10 588/199/10 56/217/11
f 56/217/11 588/199/10 571/184/10 55/210/11
f 593/218/13 594/219/13 598/220/13 597/221/13
f 594/219/13 595/222/13 599/223/13 598/220/13
f 595/222/13 596/224/13 600/225/13 599/223/13
f 597/221/13 598/220/13 602/226/13 601/227/13
f 598/220/13 599/223/13 603/228/13 602/226/13
f 599/223/13 600/225/13 604/229/13 603/228/13
f 605/230/13 606/231/13 610/232/13 609/233/13
f 606/231/13 607/234/13 611/235/13 610/232/13
f 607/234/13 608/236/13 612/237/13 611/235/13
f 609/233/13 610/232/13 614/238/13 613/239/13
f 610/232/13 611/235/13 615/240/13 614/238/13
f 611/235/13 612/237/13 616/241/13 615/240/13
f 617/242/13 618/243/13 622/244/13 621/245/13
f 618/243/13 619/246/13 623/247/13 622/244/13
f 619/246/13 620/248/13 624/249/13 623/247/13
f 621/245/13 622/244/13 626/250/13 625/251/13
f 622/244/13 623/247/13 627/252/13 626/250/13
f 623/247/13 624/249/13 628/253/13 627/252/13
f 613/239/13 614/238/13 600/225/13 596/224/13
f 614/238/13 615/240/13 604/229/13 600/225/13
f 625/251/13 626/250/13 612/237/13 608/236/13
f 626/250/13 627/252/13 616/241/13 612/237/13
f 601/227/13 602/226/13 624/249/13 620/248/13
f 602/226/13 603/228/13 628/253/13 624/249/13
f 603/228/13 604/229/13 592/254/13 628/253/13
f 615/240/13 616/241/13 592/254/13 604/229/13
f 627/252/13 628/253/13 592/254/13 616/241/13
f 7/255/14 93/256/13 593/218/13 65/257/13
f 93/256/13 92/258/13 594/219/13 593/218/13
f 92/258/13 91/259/13 595/222/13 594/219/13
f 91/259/13 90/260/13 596/224/13 595/222/13
f 65/257/13 593/218/13 597/221/13 64/261/13
f 64/261/13 597/221/13 601/227/13 63/262/13
f 63/262/13 601/227/13 620/248/13 62/263/13
f 6/211/12 58/213/11 605/230/13 87/264/13
f 58/213/11 57/216/11 606/231/13 605/230/13
f 57/216/11 56/217/11 607/234/13 606/231/13
f 56/217/11 55/210/11 608/236/13 607/234/13
f 87/264/13 605/230/13 609/233/13 88/265/13
f 88/265/13 609/233/13 613/239/13 89/266/13
f 89/266/13 613/239/13 596/224/13 90/260/13
f 5/151/11 59/267/13 617/242/13 52/207/11
f 59/267/13 60/268/13 618/243/13 617/242/13
f 60/268/13 61/269/13 619/246/13 618/243/13
f 61/269/13 62/263/13 620/248/13 619/246/13
f 52/207/11 617/242/13 621/245/13 53/208/11
f 53/208/11 621/245/13 625/251/13 54/209/11
f 54/209/11 625/251/13 608/236/13 55/210/11
f 630/270/13 631/271/13 635/272/13 634/273/13
f 631/271/13 632/274/13 636/275/13 635/272/13
f 632/274/13 633/276/13 637/277/13 636/275/13
f 634/273/13 635/272/13 639/278/13 638/279/13
f 635/272/13 636/275/13 640/280/13 639/278/13
f 636/275/13 637/277/13 641/281/13 640/280/13
f 642/282/13 643/283/13 647/284/13 646/285/13
f 643/283/13 644/286/13 648/287/13 647/284/13
f 644/286/13 645/288/13 649/289/13 648/287/13
f 646/285/13 647/284/13 651/290/13 650/291/13
f 647/284/13 648/287/13 652/292/13 651/290/13
f 648/287/13 649/289/13 653/293/13 652/292/13
f 654/294/13 655/295/13 659/296/13 658/297/13
f 655/295/13 656/298/13 660/299/13 659/296/13
f 656/298/13 657/300/13 661/301/13 660/299/13
f 658/297/13 659/296/13 663/302/13 662/303/13
f 659/296/13 660/299/13 664/304/13 663/302/13
f 660/299/13 661/301/13 665/305/13 664/304/13
f 650/291/13 651/290/13 637/277/13 633/276/13
f 651/290/13 652/292/13 641/281/13 637/277/13
f 662/303/13 663/302/13 649/289/13 645/288/13
f 663/302/13 664/304/13 653/293/13 649/289/13
f 638/279/13 639/278/13 661/301/13 657/300/13
f 639/278/13 640/280/13 665/305/13 661/301/13
f 640/280/13 641/281/13 629/306/13 665/305/13
f 652/292/13 653/293/13 629/306/13 641/281/13
f 664/304/13 665/305/13 629/306/13 653/293/13
f 6/211/12 87/264/13 630/270/13 94/307/13
f 87/264/13 88/265/13 631/271/13 630/270/13
f 88/265/13 89/266/13 632/274/13 631/271/13
f 89/266/13 90/260/13 633/276/13 632/274/13
f 94/307/13 630/270/13 634/273/13 95/308/13
f 95/308/13 634/273/13 638/279/13 96/309/13
f 96/309/13 638/279/13 657/300/13 97/310/13
f 7/255/14 115/311/15 642/282/13 93/256/13
f 115/311/15 116/312/15 643/283/13 642/282/13
f 116/312/15 117/313/14 644/286/13 643/283/13
f 117/313/14 118/314/15 645/288/13 644/286/13
f 93/256/13 642/282/13 646/285/13 92/258/13
f 92/258/13 646/285/13 650/291/13 91/259/13
f 91/259/13 650/291/13 633/276/13 90/260/13
f 8/315/16 100/316/13 654/294/13 121/317/17
f 100/316/13 99/318/13 655/295/13 654/294/13
f 99/318/13 98/319/13 656/298/13 655/295/13
f 98/319/13 97/310/13 657/300/13 656/298/13
f 121/317/17 654/294/13 658/297/13 120/320/15
f 120/320/15 658/297/13 662/303/13 119/321/15
f 119/321/15 662/303/13 645/288/13 118/314/15
f 667/322/18 668/323/18 672/324/18 671/325/18
f 668/323/18 669/326/19 673/327/19 672/324/18
f 669/326/19 670/328/19 674/329/19 673/327/19
f 671/325/18 672/324/18 676/330/18 675/331/18
f 672/324/18 673/327/19 677/332/18 676/330/18
f 673/327/19 674/329/19 678/333/20 677/332/18
f 679/334/18 680/335/21 684/336/22 683/337/18
f 680/335/21 681/338/19 685/339/20 684/336/22
f 681/338/19 682/340/23 686/341/20 685/339/20
f 683/337/18 684/336/22 688/342/18 687/343/18
f 684/336/22 685/339/20 689/344/18 688/342/18
f 685/339/20 686/341/20 690/345/24 689/344/18
f 691/346/20 692/347/20 696/348/20 695/349/20
f 692/347/20 693/350/18 697/351/25 696/348/20
f 693/350/18 694/352/18 698/353/20 697/351/25
f 695/349/20 696/348/20 700/354/21 699/355/18
f 696/348/20 697/351/25 701/356/22 700/354/21
f 697/351/25 698/353/20 702/357/18 701/356/22
f 687/343/18 688/342/18 674/329/19 670/328/19
f 688/342/18 689/344/18 678/333/20 674/329/19
f 699/355/18 700/354/21 686/341/20 682/340/23
f 700/354/21 701/356/22 690/345/24 686/341/20
f 675/331/18 676/330/18 698/353/20 694/352/18
f 676/330/18 677/332/18 702/357/18 698/353/20
f 677/332/18 678/333/20 666/358/19 702/357/18
f 689/344/18 690/345/24 666/358/19 678/333/20
f 701/356/22 702/357/18 666/358/19 690/345/24
f 9/359/26 128/360/18 667/322/18 213/361/18
f 128/360/18 127/362/20 668/323/18 667/322/18
f 127/362/20 126/363/18 669/326/19 668/323/18
f 126/363/18 125/364/20 670/328/19 669/326/19
f 213/361/18 667/322/18 671/325/18 214/365/21
f 214/365/21 671/325/18 675/331/18 215/366/18
f 215/366/18 675/331/18 694/352/18 216/367/21
f 7/255/14 129/368/27 679/334/18 122/369/28
f 129/368/27 130/370/29 680/335/21 679/334/18
f 130/370/29 131/371/23 681/338/19 680/335/21
f 131/371/23 132/372/23 682/340/23 681/338/19
f 122/369/28 679/334/18 683/337/18 123/373/30
f 123/373/30 683/337/18 687/343/18 124/374/18
f 124/374/18 687/343/18 670/328/19 125/364/20
f 10/375/26 219/376/21 691/346/20 135/377/20
f 219/376/21 218/378/31 692/347/20 691/346/20
f 218/378/31 217/379/21 693/350/18 692/347/20
f 217/379/21 216/367/21 694/352/18 693/350/18
f 135/377/20 691/346/20 695/349/20 134/380/20
f 134/380/20 695/349/20 699/355/18 133/381/18
f 133/381/18 699/355/18 682/340/23 132/372/23
f 704/382/20 705/383/18 709/384/20 708/385/18
f 705/383/18 706/386/20 710/387/19 709/384/20
f 706/386/20 707/388/20 711/389/18 710/387/19
f 708/385/18 709/384/20 713/390/18 712/391/20
f 709/384/20 710/387/19 714/392/26 713/390/18
f 710/387/19 711/389/18 715/393/19 714/392/26
f 716/394/18 717/395/28 721/396/28 720/397/20
f 717/395/28 718/398/28 722/399/18 721/396/28
f 718/398/28 719/400/18 723/401/18 722/399/18
f 720/397/20 721/396/28 725/402/19 724/403/18
f 721/396/28 722/399/18 726/404/18 725/402/19
f 722/399/18 723/401/18 727/405/19 726/404/18
f 728/406/28 729/407/18 733/408/18 732/409/19
f 729/407/18 730/410/26 734/411/18 733/408/18
f 730/410/26 731/412/20 735/413/19 734/411/18
f 732/409/19 733/408/18 737/414/20 736/415/20
f 733/408/18 734/411/18 738/416/19 737/414/20
f 734/411/18 735/413/19 739/417/20 738/416/19
f 724/403/18 725/402/19 711/389/18 707/388/20
f 725/402/19 726/404/18 715/393/19 711/389/18
f 736/415/20 737/414/20 723/401/18 719/400/18
f 737/414/20 738/416/19 727/405/19 723/401/18
f 712/391/20 713/390/18 735/413/19 731/412/20
f 713/390/18 714/392/26 739/417/20 735/413/19
f 714/392/26 715/393/19 703/418/19 739/417/20
f 726/404/18 727/405/19 703/418/19 715/393/19
f 738/416/19 739/417/20 703/418/19 727/405/19
f 9/359/26 163/419/32 704/382/20 128/360/18
f 163/419/32 162/420/33 705/383/18 704/382/20
f 162/420/33 161/421/21 706/386/20 705/383/18
f 161/421/21 160/422/31 707/388/20 706/386/20
f 128/360/18 704/382/20 708/385/18 127/362/20
f 127/362/20 708/385/18 712/391/20 126/363/18
f 126/363/18 712/391/20 731/412/20 125/364/20
f 8/315/16 121/317/17 716/394/18 157/423/20
f 121/317/17 120/320/15 717/395/28 716/394/18
f 120/320/15 119/321/15 718/398/28 717/395/28
f 119/321/15 118/314/15 719/400/18 718/398/28
f 157/423/20 716/394/18 720/397/20 158/424/31
f 158/424/31 720/397/20 724/403/18 159/425/34
f 159/425/34 724/403/18 707/388/20 160/422/31
f 7/255/14 122/369/28 728/406/28 115/311/15
f 122/369/28 123/373/30 729/407/18 728/406/28
f 123/373/30 124/374/18 730/410/26 729/407/18
f 124/374/18 125/364/20 731/412/20 730/410/26
f 115/311/15 728/406/28 732/409/19 116/312/15
f 116/312/15 732/409/19 736/415/20 117/313/14
f 117/313/14 736/415/20 719/400/18 118/314/15
f 741/426/35 742/427/35 746/428/35 745/429/35
f 742/427/35 743/430/35 747/431/35 746/428/35
f 743/430/35 744/432/35 748/433/35 747/431/35
f 745/429/35 746/428/35 750/434/35 749/435/35
f 746/428/35 747/431/35 751/436/35 750/434/35
f 747/431/35 748/433/35 752/437/35 751/436/35
f 753/438/35 754/439/35 758/440/35 757/441/35
f 754/439/35 755/442/35 759/443/35 758/440/35
f 755/442/35 756/444/35 760/445/35 759/443/35
f 757/441/35 758/440/35 762/446/35 761/447/35
f 758/440/35 759/443/35 763/448/35 762/446/35
f 759/443/35 760/445/35 764/449/36 763/448/35
f 765/450/35 766/451/35 770/452/36 769/453/35
f 766/451/35 767/454/35 771/455/36 770/452/36
f 767/454/35 768/456/35 772/457/35 771/455/36
f 769/453/35 770/452/36 774/458/35 773/459/35
f 770/452/36 771/455/36 775/460/35 774/458/35
f 771/455/36 772/457/35 776/461/35 775/460/35
f 761/447/35 762/446/35 748/433/35 744/432/35
f 762/446/35 763/448/35 752/437/35 748/433/35
f 773/459/35 774/458/35 760/445/35 756/444/35
f 774/458/35 775/460/35 764/449/36 760/445/35
f 749/435/35 750/434/35 772/457/35 768/456/35
f 750/434/35 751/436/35 776/461/35 772/457/35
f 751/436/35 752/437/35 740/462/35 776/461/35
f 763/448/35 764/449/36 740/462/35 752/437/35
f 775/460/35 776/461/35 740/462/35 764/449/36
f 11/463/37 170/464/38 741/426/35 226/465/35
f 170/464/38 169/466/38 742/427/35 741/426/35
f 169/466/38 168/467/38 743/430/35 742/427/35
f 168/467/38 167/468/38 744/432/35 743/430/35
f 226/465/35 741/426/35 745/429/35 225/469/35
f 225/469/35 745/429/35 749/435/35 224/470/35
f 224/470/35 749/435/35 768/456/35 223/471/35
f 8/315/16 157/423/20 753/438/35 164/472/38
f 157/423/20 158/424/31 754/439/35 753/438/35
f 158/424/31 159/425/34 755/442/35 754/439/35
f 159/425/34 160/422/31 756/444/35 755/442/35
f 164/472/38 753/438/35 757/441/35 165/473/39
f 165/473/39 757/441/35 761/447/35 166/474/40
f 166/474/40 761/447/35 744/432/35 167/468/38
f 9/359/26 220/475/35 765/450/35 163/419/32
f 220/475/35 221/476/35 766/451/35 765/450/35
f 221/476/35 222/477/35 767/454/35 766/451/35
f 222/477/35 223/471/35 768/456/35 767/454/35
f 163/419/32 765/450/35 769/453/35 162/420/33
f 162/420/33 769/453/35 773/459/35 161/421/21
f 161/421/21 773/459/35 756/444/35 160/422/31
f 778/478/41 779/479/41 783/480/41 782/481/41
f 779/479/41 780/482/41 784/483/42 783/480/41
f 780/482/41 781/484/41 785/485/41 784/483/42
f 782/481/41 783/480/41 787/486/42 786/487/41
f 783/480/41 784/483/42 788/488/42 787/486/42
f 784/483/42 785/485/41 789/489/42 788/488/42
f 790/490/41 791/491/41 795/492/41 794/493/41
f 791/491/41 792/494/41 796/495/41 795/492/41
f 792/494/41 793/496/41 797/497/41 796/495/41
f 794/493/41 795/492/41 799/498/41 798/499/41
f 795/492/41 796/495/41 800/500/41 799/498/41
f 796/495/41 797/497/41 801/501/43 800/500/41
f 802/502/41 803/503/41 807/504/41 806/505/41
f 803/503/41 804/506/41 808/507/41 807/504/41
f 804/506/41 805/508/43 809/509/41 808/507/41
f 806/505/41 807/504/41 811/510/43 810/511/41
f 807/504/41 808/507/41 812/512/43 811/510/43
f 808/507/41 809/509/41 813/513/41 812/512/43
f 798/499/41 799/498/41 785/485/41 781/484/41
f 799/498/41 800/500/41 789/489/42 785/485/41
f 810/511/41 811/510/43 797/497/41 793/496/41
f 811/510/43 812/512/43 801/501/43 797/497/41
f 786/487/41 787/486/42 809/509/41 805/508/43
f 787/486/42 788/488/42 813/513/41 809/509/41
f 788/488/42 789/489/42 777/514/43 813/513/41
f 800/500/41 801/501/43 777/514/43 789/489/42
f 812/512/43 813/513/41 777/514/43 801/501/43
f 8/315/16 164/472/38 778/478/41 171/515/42
f 164/472/38 165/473/39 779/479/41 778/478/41
f 165/473/39 166/474/40 780/482/41 779/479/41
f 166/474/40 167/468/38 781/484/41 780/482/41
f 171/515/42 778/478/41 782/481/41 172/516/41
f 172/516/41 782/481/41 786/487/41 173/517/43
f 173/517/43 786/487/41 805/508/43 174/518/41
f 11/463/37 255/519/44 790/490/41 170/464/38
f 255/519/44 256/520/44 791/491/41 790/490/41
f 256/520/44 257/521/44 792/494/41 791/491/41
f 257/521/44 258/522/45 793/496/41 792/494/41
f 170/464/38 790/490/41 794/493/41 169/466/38
f 169/466/38 794/493/41 798/499/41 168/467/38
f 168/467/38 798/499/41 781/484/41 167/468/38
f 12/523/46 177/524/41 802/502/41 261/525/44
f 177/524/41 176/526/41 803/503/41 802/502/41
f 176/526/41 175/527/42 804/506/41 803/503/41
f 175/527/42 174/518/41 805/508/43 804/506/41
f 261/525/44 802/502/41 806/505/41 260/528/45
f 260/528/45 806/505/41 810/511/41 259/529/45
f 259/529/45 810/511/41 793/496/41 258/522/45
f 815/530/47 816/531/47 820/532/47 819/533/48
f 816/531/47 817/534/48 821/535/47 820/532/47
f 817/534/48 818/536/48 822/537/48 821/535/47
f 819/533/48 820/532/47 824/538/48 823/539/48
f 820/532/47 821/535/47 825/540/48 824/538/48
f 821/535/47 822/537/48 826/541/47 825/540/48
f 827/542/48 828/543/48 832/544/48 831/545/48
f 828/543/48 829/546/48 833/547/47 832/544/48
f 829/546/48 830/548/48 834/549/48 833/547/47
f 831/545/48 832/544/48 836/550/48 835/551/48
f 832/544/48 833/547/47 837/552/48 836/550/48
f 833/547/47 834/549/48 838/553/48 837/552/48
f 839/554/48 840/555/48 844/556/48 843/557/48
f 840/555/48 841/558/48 845/559/48 844/556/48
f 841/558/48 842/560/47 846/561/47 845/559/48
f 843/557/48 844/556/48 848/562/48 847/563/48
f 844/556/48 845/559/48 849/564/48 848/562/48
f 845/559/48 846/561/47 850/565/48 849/564/48
f 835/551/48 836/550/48 822/537/48 818/536/48
f 836/550/48 837/552/48 826/541/47 822/537/48
f 847/563/48 848/562/48 834/549/48 830/548/48
f 848/562/48 849/564/48 838/553/48 834/549/48
f 823/539/48 824/538/48 846/561/47 842/560/47
f 824/538/48 825/540/48 850/565/48 846/561/47
f 825/540/48 826/541/47 814/566/48 850/565/48
f 837/552/48 838/553/48 814/566/48 826/541/47
f 849/564/48 850/565/48 814/566/48 838/553/48
f 11/463/37 262/567/48 815/530/47 255/519/44
f 262/567/48 263/568/48 816/531/47 815/530/47
f 263/568/48 264/569/48 817/534/48 816/531/47
f 264/569/48 265/570/47 818/536/48 817/534/48
f 255/519/44 815/530/47 819/533/48 256/520/44
f 256/520/44 819/533/48 823/539/48 257/521/44
f 257/521/44 823/539/48 842/560/47 258/522/45
f 13/571/49 44/572/50 827/542/48 268/573/48
f 44/572/50 43/574/50 828/543/48 827/542/48
f 43/574/50 42/575/50 829/546/48 828/543/48
f 42/575/50 41/576/50 830/548/48 829/546/48
f 268/573/48 827/542/48 831/545/48 267/577/47
f 267/577/47 831/545/48 835/551/48 266/578/47
f 266/578/47 835/551/48 818/536/48 265/570/47
f 12/523/46 261/525/44 839/554/48 38/579/50
f 261/525/44 260/528/45 840/555/48 839/554/48
f 260/528/45 259/529/45 841/558/48 840/555/48
f 259/529/45 258/522/45 842/560/47 841/558/48
f 38/579/50 839/554/48 843/557/48 39/580/50
f 39/580/50 843/557/48 847/563/48 40/581/50
f 40/581/50 847/563/48 830/548/48 41/576/50
f 852/582/51 853/583/51 857/584/51 856/585/51
f 853/583/51 854/586/51 858/587/51 857/584/51
f 854/586/51 855/588/51 859/589/51 858/587/51
f 856/585/51 857/584/51 861/590/51 860/591/51
f 857/584/51 858/587/51 862/592/51 861/590/51
f 858/587/51 859/589/51 863/593/51 862/592/51
f 864/594/51 865/595/51 869/596/51 868/597/51
f 865/595/51 866/598/51 870/599/51 869/596/51
f 866/598/51 867/600/51 871/601/51 870/599/51
f 868/597/51 869/596/51 873/602/51 872/603/51
f 869/596/51 870/599/51 874/604/51 873/602/51
f 870/599/51 871/601/51 875/605/51 874/604/51
f 876/606/51 877/607/51 881/608/51 880/609/51
f 877/607/51 878/610/51 882/611/51 881/608/51
f 878/610/51 879/612/51 883/613/51 882/611/51
f 880/609/51 881/608/51 885/614/51 884/615/51
f 881/608/51 882/611/51 886/616/51 885/614/51
f 882/611/51 883/613/51 887/617/51 886/616/51
f 872/603/51 873/602/51 859/589/51 855/588/51
f 873/602/51 874/604/51 863/593/51 859/589/51
f 884/615/51 885/614/51 871/601/51 867/600/51
f 885/614/51 886/616/51 875/605/51 871/601/51
f 860/591/51 861/590/51 883/613/51 879/612/51
f 861/590/51 862/592/51 887/617/51 883/613/51
f 862/592/51 863/593/51 851/618/51 887/617/51
f 874/604/51 875/605/51 851/618/51 863/593/51
f 886/616/51 887/617/51 851/618/51 875/605/51
f 13/571/49 66/619/52 852/582/51 44/572/50
f 66/619/52 67/620/52 853/583/51 852/582/51
f 67/620/52 68/621/52 854/586/51 853/583/51
f 68/621/52 69/622/52 855/588/51 854/586/51
f 44/572/50 852/582/51 856/585/51 43/574/50
f 43/574/50 856/585/51 860/591/51 42/575/50
f 42/575/50 860/591/51 879/612/51 41/576/50
f 14/623/53 51/624/51 864/594/51 72/625/52
f 51/624/51 50/626/51 865/595/51 864/594/51
f 50/626/51 49/627/51 866/598/51 865/595/51
f 49/627/51 48/628/51 867/600/51 866/598/51
f 72/625/52 864/594/51 868/597/51 71/629/52
f 71/629/52 868/597/51 872/603/51 70/630/52
f 70/630/52 872/603/51 855/588/51 69/622/52
f 12/523/46 38/579/50 876/606/51 45/631/51
f 38/579/50 39/580/50 877/607/51 876/606/51
f 39/580/50 40/581/50 878/610/51 877/607/51
f 40/581/50 41/576/50 879/612/51 878/610/51
f 45/631/51 876/606/51 880/609/51 46/632/51
f 46/632/51 880/609/51 884/615/51 47/633/51
f 47/633/51 884/615/51 867/600/51 48/628/51
f 889/634/54 890/635/54 894/636/54 893/637/54
f 890/635/54 891/638/55 895/639/54 894/636/54
f 891/638/55 892/640/55 896/641/55 895/639/54
f 893/637/54 894/636/54 898/642/54 897/643/54
f 894/636/54 895/639/54 899/644/54 898/642/54
f 895/639/54 896/641/55 900/645/55 899/644/54
f 901/646/54 902/647/54 906/648/55 905/649/55
f 902/647/54 903/650/55 907/651/54 906/648/55
f 903/650/55 904/652/54 908/653/54 907/651/54
f 905/649/55 906/648/55 910/654/55 909/655/54
f 906/648/55 907/651/54 911/656/55 910/654/55
f 907/651/54 908/653/54 912/657/55 911/656/55
f 913/658/55 914/659/55 918/660/55 917/661/55
f 914/659/55 915/662/54 919/663/54 918/660/55
f 915/662/54 916/664/54 920/665/54 919/663/54
f 917/661/55 918/660/55 922/666/55 921/667/54
f 918/660/55 919/663/54 923/668/55 922/666/55
f 919/663/54 920/665/54 924/669/54 923/668/55
f 909/655/54 910/654/55 896/641/55 892/640/55
f 910/654/55 911/656/55 900/645/55 896/641/55
f 921/667/54 922/666/55 908/653/54 904/652/54
f 922/666/55 923/668/55 912/657/55 908/653/54
f 897/643/54 898/642/54 920/665/54 916/664/54
f 898/642/54 899/644/54 924/669/54 920/665/54
f 899/644/54 900/645/55 888/670/54 924/669/54
f 911/656/55 912/657/55 888/670/54 900/645/55
f 923/668/55 924/669/54 888/670/54 912/657/55
f 15/671/56 107/672/57 889/634/54 79/673/54
f 107/672/57 106/674/57 890/635/54 889/634/54
f 106/674/57 105/675/57 891/638/55 890/635/54
f 105/675/57 104/676/57 892/640/55 891/638/55
f 79/673/54 889/634/54 893/637/54 78/677/55
f 78/677/55 893/637/54 897/643/54 77/678/55
f 77/678/55 897/643/54 916/664/54 76/679/54
f 14/623/53 72/625/52 901/646/54 101/680/57
f 72/625/52 71/629/52 902/647/54 901/646/54
f 71/629/52 70/630/52 903/650/55 902/647/54
f 70/630/52 69/622/52 904/652/54 903/650/55
f 101/680/57 901/646/54 905/649/55 102/681/57
f 102/681/57 905/649/55 909/655/54 103/682/57
f 103/682/57 909/655/54 892/640/55 104/676/57
f 13/571/49 73/683/54 913/658/55 66/619/52
f 73/683/54 74/684/55 914/659/55 913/658/55
f 74/684/55 75/685/54 915/662/54 914/659/55
f 75/685/54 76/679/54 916/664/54 915/662/54
f 66/619/52 913/658/55 917/661/55 67/620/52
f 67/620/52 917/661/55 921/667/54 68/621/52
f 68/621/52 921/667/54 904/652/54 69/622/52
f 926/686/58 927/687/58 931/688/58 930/689/58
f 927/687/58 928/690/58 932/691/58 931/688/58
f 928/690/58 929/692/58 933/693/58 932/691/58
f 930/689/58 931/688/58 935/694/58 934/695/58
f 931/688/58 932/691/58 936/696/58 935/694/58
f 932/691/58 933/693/58 937/697/58 936/696/58
f 938/698/58 939/699/58 943/700/58 942/701/58
f 939/699/58 940/702/58 944/703/58 943/700/58
f 940/702/58 941/704/58 945/705/58 944/703/58
f 942/701/58 943/700/58 947/706/58 946/707/58
f 943/700/58 944/703/58 948/708/58 947/706/58
f 944/703/58 945/705/58 949/709/58 948/708/58
f 950/710/58 951/711/58 955/712/58 954/713/58
f 951/711/58 952/714/58 956/715/58 955/712/58
f 952/714/58 953/716/58 957/717/58 956/715/58
f 954/713/58 955/712/58 959/718/58 958/719/58
f 955/712/58 956/715/58 960/720/58 959/718/58
f 956/715/58 957/717/58 961/721/58 960/720/58
f 946/707/58 947/706/58 933/693/58 929/692/58
f 947/706/58 948/708/58 937/697/58 933/693/58
f 958/719/58 959/718/58 945/705/58 941/704/58
f 959/718/58 960/720/58 949/709/58 945/705/58
f 934/695/58 935/694/58 957/717/58 953/716/58
f 935/694/58 936/696/58 961/721/58 957/717/58
f 936/696/58 937/697/58 925/722/58 961/721/58
f 948/708/58 949/709/58 925/722/58 937/697/58
f 960/720/58 961/721/58 925/722/58 949/709/58
f 15/671/56 136/723/58 926/686/58 107/672/57
f 136/723/58 137/724/58 927/687/58 926/686/58
f 137/724/58 138/725/58 928/690/58 927/687/58
f 138/725/58 139/726/58 929/692/58 928/690/58
f 107/672/57 926/686/58 930/689/58 106/674/57
f 106/674/57 930/689/58 934/695/58 105/675/57
f 105/675/57 934/695/58 953/716/58 104/676/57
f 16/727/58 114/728/58 938/698/58 142/729/58
f 114/728/58 113/730/58 939/699/58 938/698/58
f 113/730/58 112/731/58 940/702/58 939/699/58
f 112/731/58 111/732/58 941/704/58 940/702/58
f 142/729/58 938/698/58 942/701/58 141/733/58
f 141/733/58 942/701/58 946/707/58 140/734/58
f 140/734/58 946/707/58 929/692/58 139/726/58
f 14/623/53 101/680/57 950/710/58 108/735/58
f 101/680/57 102/681/57 951/711/58 950/710/58
f 102/681/57 103/682/57 952/714/58 951/711/58
f 103/682/57 104/676/57 953/716/58 952/714/58
f 108/735/58 950/710/58 954/713/58 109/736/58
f 109/736/58 954/713/58 958/719/58 110/737/58
f 110/737/58 958/719/58 941/704/58 111/732/58
f 963/738/59 964/739/59 968/740/59 967/741/60
f 964/739/59 965/742/60 969/743/61 968/740/59
f 965/742/60 966/744/60 970/745/59 969/743/61
f 967/741/60 968/740/59 972/746/60 971/747/59
f 968/740/59 969/743/61 973/748/60 972/746/60
f 969/743/61 970/745/59 974/749/59 973/748/60
f 975/750/59 976/751/60 980/752/60 979/753/59
f 976/751/60 977/754/60 981/755/59 980/752/60
f 977/754/60 978/756/59 982/757/59 981/755/59
f 979/753/59 980/752/60 984/758/59 983/759/59
f 980/752/60 981/755/59 985/760/59 984/758/59
f 981/755/59 982/757/59 986/761/59 985/760/59
f 987/762/59 988/763/59 992/764/59 991/765/59
f 988/763/59 989/766/62 993/767/59 992/764/59
f 989/766/62 990/768/59 994/769/62 993/767/59
f 991/765/59 992/764/59 996/770/59 995/771/59
f 992/764/59 993/767/59 997/772/59 996/770/59
f 993/767/59 994/769/62 998/773/59 997/772/59
f 983/759/59 984/758/59 970/745/59 966/744/60
f 984/758/59 985/760/59 974/749/59 970/745/59
f 995/771/59 996/770/59 982/757/59 978/756/59
f 996/770/59 997/772/59 986/761/59 982/757/59
f 971/747/59 972/746/60 994/769/62 990/768/59
f 972/746/60 973/748/60 998/773/59 994/769/62
f 973/748/60 974/749/59 962/774/61 998/773/59
f 985/760/59 986/761/59 962/774/61 974/749/59
f 997/772/59 998/773/59 962/774/61 986/761/59
f 16/727/62 142/729/62 963/738/59 178/775/62
f 142/729/62 141/733/59 964/739/59 963/738/59
f 141/733/59 140/734/62 965/742/60 964/739/59
f 140/734/62 139/726/60 966/744/60 965/742/60
f 178/775/62 963/738/59 967/741/60 179/776/60
f 179/776/60 967/741/60 971/747/59 180/777/60
f 180/777/60 971/747/59 990/768/59 181/778/59
f 15/671/59 143/779/59 975/750/59 136/723/59
f 143/779/59 144/780/59 976/751/60 975/750/59
f 144/780/59 145/781/59 977/754/60 976/751/60
f 145/781/59 146/782/59 978/756/59 977/754/60
f 136/723/59 975/750/59 979/753/59 137/724/59
f 137/724/59 979/753/59 983/759/59 138/725/60
f 138/725/60 983/759/59 966/744/60 139/726/60
f 17/783/60 184/784/59 987/762/59 149/785/60
f 184/784/59 183/786/59 988/763/59 987/762/59
f 183/786/59 182/787/62 989/766/62 988/763/59
f 182/787/62 181/778/59 990/768/59 989/766/62
f 149/785/60 987/762/59 991/765/59 148/788/60
f 148/788/60 991/765/59 995/771/59 147/789/60
f 147/789/60 995/771/59 978/756/59 146/782/59
f 1000/790/63 1001/791/63 1005/792/63 1004/793/63
f 1001/791/63 1002/794/63 1006/795/64 1005/792/63
f 1002/794/63 1003/796/64 1007/797/63 1006/795/64
f 1004/793/63 1005/792/63 1009/798/64 1008/799/63
f 1005/792/63 1006/795/64 1010/800/63 1009/798/64
f 1006/795/64 1007/797/63 1011/801/63 1010/800/63
f 1012/802/64 1013/803/63 1017/804/63 1016/805/63
f 1013/803/63 1014/806/63 1018/807/64 1017/804/63
f 1014/806/63 1015/808/64 1019/809/63 1018/807/64
f 1016/805/63 1017/804/63 1021/810/63 1020/811/63
f 1017/804/63 1018/807/64 1022/812/64 1021/810/63
f 1018/807/64 1019/809/63 1023/813/63 1022/812/64
f 1024/814/63 1025/815/63 1029/816/64 1028/817/64
f 1025/815/63 1026/818/63 1030/819/63 1029/816/64
f 1026/818/63 1027/820/63 1031/821/63 1030/819/63
f 1028/817/64 1029/816/64 1033/822/63 1032/823/63
f 1029/816/64 1030/819/63 1034/824/63 1033/822/63
f 1030/819/63 1031/821/63 1035/825/63 1034/824/63
f 1020/811/63 1021/810/63 1007/797/63 1003/796/64
f 1021/810/63 1022/812/64 1011/801/63 1007/797/63
f 1032/823/63 1033/822/63 1019/809/63 1015/808/64
f 1033/822/63 1034/824/63 1023/813/63 1019/809/63
f 1008/799/63 1009/798/64 1031/821/63 1027/820/63
f 1009/798/64 1010/800/63 1035/825/63 1031/821/63
f 1010/800/63 1011/801/63 999/826/63 1035/825/63
f 1022/812/64 1023/813/63 999/826/63 1011/801/63
f 1034/824/63 1035/825/63 999/826/63 1023/813/63
f 8/827/65 395/828/63 1000/790/63 100/829/63
f 395/828/63 396/830/66 1001/791/63 1000/790/63
f 396/830/66 397/831/63 1002/794/63 1001/791/63
f 397/831/63 398/832/66 1003/796/64 1002/794/63
f 100/829/63 1000/790/63 1004/793/63 99/833/64
f 99/833/64 1004/793/63 1008/799/63 98/834/64
f 98/834/64 1008/799/63 1027/820/63 97/835/63
f 4/836/67 31/837/63 1012/802/64 401/838/63
f 31/837/63 32/839/63 1013/803/63 1012/802/64
f 32/839/63 33/840/63 1014/806/63 1013/803/63
f 33/840/63 34/841/64 1015/808/64 1014/806/63
f 401/838/63 1012/802/64 1016/805/63 400/842/63
f 400/842/63 1016/805/63 1020/811/63 399/843/63
f 399/843/63 1020/811/63 1003/796/64 398/832/66
f 6/844/63 94/845/63 1024/814/63 37/846/64
f 94/845/63 95/847/64 1025/815/63 1024/814/63
f 95/847/64 96/848/63 1026/818/63 1025/815/63
f 96/848/63 97/835/63 1027/820/63 1026/818/63
f 37/846/64 1024/814/63 1028/817/64 36/849/63
f 36/849/63 1028/817/64 1032/823/63 35/850/63
f 35/850/63 1032/823/63 1015/808/64 34/841/64
f 1037/851/65 1038/852/65 1042/853/65 1041/854/65
f 1038/852/65 1039/855/65 1043/856/66 1042/853/65
f 1039/855/65 1040/857/65 1044/858/66 1043/856/66
f 1041/854/65 1042/853/65 1046/859/65 1045/860/65
f 1042/853/65 1043/856/66 1047/861/65 1046/859/65
f 1043/856/66 1044/858/66 1048/862/65 1047/861/65
f 1049/863/65 1050/864/65 1054/865/65 1053/866/65
f 1050/864/65 1051/867/65 1055/868/65 1054/865/65
f 1051/867/65 1052/869/65 1056/870/65 1055/868/65
f 1053/866/65 1054/865/65 1058/871/65 1057/872/65
f 1054/865/65 1055/868/65 1059/873/65 1058/871/65
f 1055/868/65 1056/870/65 1060/874/65 1059/873/65
f 1061/875/65 1062/876/65 1066/877/65 1065/878/65
f 1062/876/65 1063/879/65 1067/880/65 1066/877/65
f 1063/879/65 1064/881/65 1068/882/65 1067/880/65
f 1065/878/65 1066/877/65 1070/883/65 1069/884/65
f 1066/877/65 1067/880/65 1071/885/66 1070/883/65
f 1067/880/65 1068/882/65 1072/886/65 1071/885/66
f 1057/872/65 1058/871/65 1044/858/66 1040/857/65
f 1058/871/65 1059/873/65 1048/862/65 1044/858/66
f 1069/884/65 1070/883/65 1056/870/65 1052/869/65
f 1070/883/65 1071/885/66 1060/874/65 1056/870/65
f 1045/860/65 1046/859/65 1068/882/65 1064/881/65
f 1046/859/65 1047/861/65 1072/886/65 1068/882/65
f 1047/861/65 1048/862/65 1036/887/65 1072/886/65
f 1059/873/65 1060/874/65 1036/887/65 1048/862/65
f 1071/885/66 1072/886/65 1036/887/65 1060/874/65
f 12/888/67 429/889/68 1037/851/65 177/890/65
f 429/889/68 428/891/68 1038/852/65 1037/851/65
f 428/891/68 427/892/68 1039/855/65 1038/852/65
f 427/892/68 426/893/68 1040/857/65 1039/855/65
f 177/890/65 1037/851/65 1041/854/65 176/894/65
f 176/894/65 1041/854/65 1045/860/65 175/895/65
f 175/895/65 1045/860/65 1064/881/65 174/896/65
f 4/836/67 401/838/63 1049/863/65 423/897/68
f 401/838/63 400/842/63 1050/864/65 1049/863/65
f 400/842/63 399/843/63 1051/867/65 1050/864/65
f 399/843/63 398/832/66 1052/869/65 1051/867/65
f 423/897/68 1049/863/65 1053/866/65 424/898/68
f 424/898/68 1053/866/65 1057/872/65 425/899/68
f 425/899/68 1057/872/65 1040/857/65 426/893/68
f 8/827/65 171/900/65 1061/875/65 395/828/63
f 171/900/65 172/901/65 1062/876/65 1061/875/65
f 172/901/65 173/902/65 1063/879/65 1062/876/65
f 173/902/65 174/896/65 1064/881/65 1063/879/65
f 395/828/63 1061/875/65 1065/878/65 396/830/66
f 396/830/66 1065/878/65 1069/884/65 397/831/63
f 397/831/63 1069/884/65 1052/869/65 398/832/66
f 1074/903/69 1075/904/69 1079/905/69 1078/906/69
f 1075/904/69 1076/907/69 1080/908/69 1079/905/69
f 1076/907/69 1077/909/69 1081/910/69 1080/908/69
f 1078/906/69 1079/905/69 1083/911/69 1082/912/69
f 1079/905/69 1080/908/69 1084/913/69 1083/911/69
f 1080/908/69 1081/910/69 1085/914/69 1084/913/69
f 1086/915/69 1087/916/69 1091/917/69 1090/918/69
f 1087/916/69 1088/919/69 1092/920/69 1091/917/69
f 1088/919/69 1089/921/69 1093/922/69 1092/920/69
f 1090/918/69 1091/917/69 1095/923/69 1094/924/69
f 1091/917/69 1092/920/69 1096/925/69 1095/923/69
f 1092/920/69 1093/922/69 1097/926/69 1096/925/69
f 1098/927/69 1099/928/69 1103/929/69 1102/930/69
f 1099/928/69 1100/931/69 1104/932/69 1103/929/69
f 1100/931/69 1101/933/69 1105/934/69 1104/932/69
f 1102/930/69 1103/929/69 1107/935/69 1106/936/69
f 1103/929/69 1104/932/69 1108/937/69 1107/935/69
f 1104/932/69 1105/934/69 1109/938/69 1108/937/69
f 1094/924/69 1095/923/69 1081/910/69 1077/909/69
f 1095/923/69 1096/925/69 1085/914/69 1081/910/69
f 1106/936/69 1107/935/69 1093/922/69 1089/921/69
f 1107/935/69 1108/937/69 1097/926/69 1093/922/69
f 1082/912/69 1083/911/69 1105/934/69 1101/933/69
f 1083/911/69 1084/913/69 1109/938/69 1105/934/69
f 1084/913/69 1085/914/69 1073/939/69 1109/938/69
f 1096/925/69 1097/926/69 1073/939/69 1085/914/69
f 1108/937/69 1109/938/69 1073/939/69 1097/926/69
f 12/888/67 297/940/69 1074/903/69 429/889/68
f 297/940/69 298/941/69 1075/904/69 1074/903/69
f 298/941/69 299/942/70 1076/907/69 1075/904/69
f 299/942/70 300/943/70 1077/909/69 1076/907/69
f 429/889/68 1074/903/69 1078/906/69 428/891/68
f 428/891/68 1078/906/69 1082/912/69 427/892/68
f 427/892/68 1082/912/69 1101/933/69 426/893/68
f 2/944/71 241/945/69 1086/915/69 303/946/69
f 241/945/69 242/947/69 1087/916/69 1086/915/69
f 242/947/69 243/948/69 1088/919/69 1087/916/69
f 243/948/69 244/949/69 1089/921/69 1088/919/69
f 303/946/69 1086/915/69 1090/918/69 302/950/69
f 302/950/69 1090/918/69 1094/924/69 301/951/69
f 301/951/69 1094/924/69 1077/909/69 300/943/70
f 4/836/67 423/897/68 1098/927/69 247/952/69
f 423/897/68 424/898/68 1099/928/69 1098/927/69
f 424/898/68 425/899/68 1100/931/69 1099/928/69
f 425/899/68 426/893/68 1101/933/69 1100/931/69
f 247/952/69 1098/927/69 1102/930/69 246/953/69
f 246/953/69 1102/930/69 1106/936/69 245/954/69
f 245/954/69 1106/936/69 1089/921/69 244/949/69
f 1111/955/70 1112/956/70 1116/957/70 1115/958/70
f 1112/956/70 1113/959/70 1117/960/70 1116/957/70
f 1113/959/70 1114/961/70 1118/962/70 1117/960/70
f 1115/958/70 1116/957/70 1120/963/70 1119/964/70
f 1116/957/70 1117/960/70 1121/965/70 1120/963/70
f 1117/960/70 1118/962/70 1122/966/70 1121/965/70
f 1123/967/70 1124/968/70 1128/969/70 1127/970/70
f 1124/968/70 1125/971/70 1129/972/70 1128/969/70
f 1125/971/70 1126/973/70 1130/974/70 1129/972/70
f 1127/970/70 1128/969/70 1132/975/70 1131/976/70
f 1128/969/70 1129/972/70 1133/977/70 1132/975/70
f 1129/972/70 1130/974/70 1134/978/70 1133/977/70
f 1135/979/70 1136/980/70 1140/981/70 1139/982/70
f 1136/980/70 1137/983/70 1141/984/70 1140/981/70
f 1137/983/70 1138/985/70 1142/986/70 1141/984/70
f 1139/982/70 1140/981/70 1144/987/70 1143/988/70
f 1140/981/70 1141/984/70 1145/989/70 1144/987/70
f 1141/984/70 1142/986/70 1146/990/70 1145/989/70
f 1131/976/70 1132/975/70 1118/962/70 1114/961/70
f 1132/975/70 1133/977/70 1122/966/70 1118/962/70
f 1143/988/70 1144/987/70 1130/974/70 1126/973/70
f 1144/987/70 1145/989/70 1134/978/70 1130/974/70
f 1119/964/70 1120/963/70 1142/986/70 1138/985/70
f 1120/963/70 1121/965/70 1146/990/70 1142/986/70
f 1121/965/70 1122/966/70 1110/991/70 1146/990/70
f 1133/977/70 1134/978/70 1110/991/70 1122/966/70
f 1145/989/70 1146/990/70 1110/991/70 1134/978/70
f 2/944/71 303/946/69 1111/955/70 318/992/72
f 303/946/69 302/950/69 1112/956/70 1111/955/70
f 302/950/69 301/951/69 1113/959/70 1112/956/70
f 301/951/69 300/943/70 1114/961/70 1113/959/70
f 318/992/72 1111/955/70 1115/958/70 319/993/72
f 319/993/72 1115/958/70 1119/964/70 320/994/72
f 320/994/72 1119/964/70 1138/985/70 321/995/72
f 12/888/67 45/996/70 1123/967/70 297/940/69
f 45/996/70 46/997/70 1124/968/70 1123/967/70
f 46/997/70 47/998/70 1125/971/70 1124/968/70
f 47/998/70 48/999/70 1126/973/70 1125/971/70
f 297/940/69 1123/967/70 1127/970/70 298/941/69
f 298/941/69 1127/970/70 1131/976/70 299/942/70
f 299/942/70 1131/976/70 1114/961/70 300/943/70
f 14/1000/73 324/1001/72 1135/979/70 51/1002/70
f 324/1001/72 323/1003/72 1136/980/70 1135/979/70
f 323/1003/72 322/1004/72 1137/983/70 1136/980/70
f 322/1004/72 321/995/72 1138/985/70 1137/983/70
f 51/1002/70 1135/979/70 1139/982/70 50/1005/70
f 50/1005/70 1139/982/70 1143/988/70 49/1006/70
f 49/1006/70 1143/988/70 1126/973/70 48/999/70
f 1148/1007/74 1149/1008/75 1153/1009/75 1152/1010/76
f 1149/1008/75 1150/1011/74 1154/1012/75 1153/1009/75
f 1150/1011/74 1151/1013/75 1155/1014/75 1154/1012/75
f 1152/1010/76 1153/1009/75 1157/1015/75 1156/1016/75
f 1153/1009/75 1154/1012/75 1158/1017/75 1157/1015/75
f 1154/1012/75 1155/1014/75 1159/1018/74 1158/1017/75
f 1160/1019/75 1161/1020/75 1165/1021/75 1164/1022/74
f 1161/1020/75 1162/1023/74 1166/1024/74 1165/1021/75
f 1162/1023/74 1163/1025/75 1167/1026/75 1166/1024/74
f 1164/1022/74 1165/1021/75 1169/1027/74 1168/1028/75
f 1165/1021/75 1166/1024/74 1170/1029/75 1169/1027/74
f 1166/1024/74 1167/1026/75 1171/1030/75 1170/1029/75
f 1172/1031/75 1173/1032/75 1177/1033/74 1176/1034/74
f 1173/1032/75 1174/1035/75 1178/1036/74 1177/1033/74
f 1174/1035/75 1175/1037/75 1179/1038/74 1178/1036/74
f 1176/1034/74 1177/1033/74 1181/1039/75 1180/1040/75
f 1177/1033/74 1178/1036/74 1182/1041/75 1181/1039/75
f 1178/1036/74 1179/1038/74 1183/1042/75 1182/1041/75
f 1168/1028/75 1169/1027/74 1155/1014/75 1151/1013/75
f 1169/1027/74 1170/1029/75 1159/1018/74 1155/1014/75
f 1180/1040/75 1181/1039/75 1167/1026/75 1163/1025/75
f 1181/1039/75 1182/1041/75 1171/1030/75 1167/1026/75
f 1156/1016/75 1157/1015/75 1179/1038/74 1175/1037/75
f 1157/1015/75 1158/1017/75 1183/1042/75 1179/1038/74
f 1158/1017/75 1159/1018/74 1147/1043/75 1183/1042/75
f 1170/1029/75 1171/1030/75 1147/1043/75 1159/1018/74
f 1182/1041/75 1183/1042/75 1147/1043/75 1171/1030/75
f 14/1000/73 332/1044/74 1148/1007/74 324/1001/72
f 332/1044/74 333/1045/77 1149/1008/75 1148/1007/74
f 333/1045/77 334/1046/77 1150/1011/74 1149/1008/75
f 334/1046/77 335/1047/74 1151/1013/75 1150/1011/74
f 324/1001/72 1148/1007/74 1152/1010/76 323/1003/72
f 323/1003/72 1152/1010/76 1156/1016/75 322/1004/72
f 322/1004/72 1156/1016/75 1175/1037/75 321/995/72
f 3/1048/74 240/1049/75 1160/1019/75 338/1050/74
f 240/1049/75 239/1051/75 1161/1020/75 1160/1019/75
f 239/1051/75 238/1052/75 1162/1023/74 1161/1020/75
f 238/1052/75 237/1053/75 1163/1025/75 1162/1023/74
f 338/1050/74 1160/1019/75 1164/1022/74 337/1054/75
f 337/1054/75 1164/1022/74 1168/1028/75 336/1055/75
f 336/1055/75 1168/1028/75 1151/1013/75 335/1047/74
f 2/944/71 318/992/72 1172/1031/75 234/1056/75
f 318/992/72 319/993/72 1173/1032/75 1172/1031/75
f 319/993/72 320/994/72 1174/1035/75 1173/1032/75
f 320/994/72 321/995/72 1175/1037/75 1174/1035/75
f 234/1056/75 1172/1031/75 1176/1034/74 235/1057/75
f 235/1057/75 1176/1034/74 1180/1040/75 236/1058/75
f 236/1058/75 1180/1040/75 1163/1025/75 237/1053/75
f 1185/1059/78 1186/1060/79 1190/1061/78 1189/1062/79
f 1186/1060/79 1187/1063/78 1191/1064/79 1190/1061/78
f 1187/1063/78 1188/1065/78 1192/1066/78 1191/1064/79
f 1189/1062/79 1190/1061/78 1194/1067/79 1193/1068/79
f 1190/1061/78 1191/1064/79 1195/1069/79 1194/1067/79
f 1191/1064/79 1192/1066/78 1196/1070/79 1195/1069/79
f 1197/1071/79 1198/1072/79 1202/1073/79 1201/1074/79
f 1198/1072/79 1199/1075/78 1203/1076/78 1202/1073/79
f 1199/1075/78 1200/1077/78 1204/1078/78 1203/1076/78
f 1201/1074/79 1202/1073/79 1206/1079/79 1205/1080/78
f 1202/1073/79 1203/1076/78 1207/1081/78 1206/1079/79
f 1203/1076/78 1204/1078/78 1208/1082/78 1207/1081/78
f 1209/1083/79 1210/1084/78 1214/1085/79 1213/1086/79
f 1210/1084/78 1211/1087/78 1215/1088/79 1214/1085/79
f 1211/1087/78 1212/1089/79 1216/1090/79 1215/1088/79
f 1213/1086/79 1214/1085/79 1218/1091/79 1217/1092/79
f 1214/1085/79 1215/1088/79 1219/1093/79 1218/1091/79
f 1215/1088/79 1216/1090/79 1220/1094/79 1219/1093/79
f 1205/1080/78 1206/1079/79 1192/1066/78 1188/1065/78
f 1206/1079/79 1207/1081/78 1196/1070/79 1192/1066/78
f 1217/1092/79 1218/1091/79 1204/1078/78 1200/1077/78
f 1218/1091/79 1219/1093/79 1208/1082/78 1204/1078/78
f 1193/1068/79 1194/1067/79 1216/1090/79 1212/1089/79
f 1194/1067/79 1195/1069/79 1220/1094/79 1216/1090/79
f 1195/1069/79 1196/1070/79 1184/1095/79 1220/1094/79
f 1207/1081/78 1208/1082/78 1184/1095/79 1196/1070/79
f 1219/1093/79 1220/1094/79 1184/1095/79 1208/1082/78
f 3/1048/78 338/1050/78 1185/1059/78 311/1096/78
f 338/1050/78 337/1054/78 1186/1060/79 1185/1059/78
f 337/1054/78 336/1055/79 1187/1063/78 1186/1060/79
f 336/1055/79 335/1047/80 1188/1065/78 1187/1063/78
f 311/1096/78 1185/1059/78 1189/1062/79 312/1097/79
f 312/1097/79 1189/1062/79 1193/1068/79 313/1098/78
f 313/1098/78 1193/1068/79 1212/1089/79 314/1099/79
f 14/1000/79 108/1100/79 1197/1071/79 332/1044/79
f 108/1100/79 109/1101/79 1198/1072/79 1197/1071/79
f 109/1101/79 110/1102/78 1199/1075/78 1198/1072/79
f 110/1102/78 111/1103/79 1200/1077/78 1199/1075/78
f 332/1044/79 1197/1071/79 1201/1074/79 333/1045/78
f 333/1045/78 1201/1074/79 1205/1080/78 334/1046/79
f 334/1046/79 1205/1080/78 1188/1065/78 335/1047/80
f 16/1104/79 317/1105/78 1209/1083/79 114/1106/79
f 317/1105/78 316/1107/78 1210/1084/78 1209/1083/79
f 316/1107/78 315/1108/79 1211/1087/78 1210/1084/78
f 315/1108/79 314/1099/79 1212/1089/79 1211/1087/78
f 114/1106/79 1209/1083/79 1213/1086/79 113/1109/79
f 113/1109/79 1213/1086/79 1217/1092/79 112/1110/79
f 112/1110/79 1217/1092/79 1200/1077/78 111/1103/79
f 1222/1111/81 1223/1112/82 1227/1113/82 1226/1114/82
f 1223/1112/82 1224/1115/81 1228/1116/82 1227/1113/82
f 1224/1115/81 1225/1117/82 1229/1118/82 1228/1116/82
f 1226/1114/82 1227/1113/82 1231/1119/81 1230/1120/82
f 1227/1113/82 1228/1116/82 1232/1121/82 1231/1119/81
f 1228/1116/82 1229/1118/82 1233/1122/81 1232/1121/82
f 1234/1123/81 1235/1124/81 1239/1125/81 1238/1126/83
f 1235/1124/81 1236/1127/82 1240/1128/81 1239/1125/81
f 1236/1127/82 1237/1129/82 1241/1130/82 1240/1128/81
f 1238/1126/83 1239/1125/81 1243/1131/82 1242/1132/82
f 1239/1125/81 1240/1128/81 1244/1133/84 1243/1131/82
f 1240/1128/81 1241/1130/82 1245/1134/81 1244/1133/84
f 1246/1135/81 1247/1136/81 1251/1137/83 1250/1138/81
f 1247/1136/81 1248/1139/81 1252/1140/83 1251/1137/83
f 1248/1139/81 1249/1141/81 1253/1142/82 1252/1140/83
f 1250/1138/81 1251/1137/83 1255/1143/81 1254/1144/82
f 1251/1137/83 1252/1140/83 1256/1145/82 1255/1143/81
f 1252/1140/83 1253/1142/82 1257/1146/83 1256/1145/82
f 1242/1132/82 1243/1131/82 1229/1118/82 1225/1117/82
f 1243/1131/82 1244/1133/84 1233/1122/81 1229/1118/82
f 1254/1144/82 1255/1143/81 1241/1130/82 1237/1129/82
f 1255/1143/81 1256/1145/82 1245/1134/81 1241/1130/82
f 1230/1120/82 1231/1119/81 1253/1142/82 1249/1141/81
f 1231/1119/81 1232/1121/82 1257/1146/83 1253/1142/82
f 1232/1121/82 1233/1122/81 1221/1147/85 1257/1146/83
f 1244/1133/84 1245/1134/81 1221/1147/85 1233/1122/81
f 1256/1145/82 1257/1146/83 1221/1147/85 1245/1134/81
f 18/1148/86 402/1149/87 1222/1111/81 394/1150/84
f 402/1149/87 403/1151/88 1223/1112/82 1222/1111/81
f 403/1151/88 404/1152/87 1224/1115/81 1223/1112/82
f 404/1152/87 405/1153/87 1225/1117/82 1224/1115/81
f 394/1150/84 1222/1111/81 1226/1114/82 393/1154/84
f 393/1154/84 1226/1114/82 1230/1120/82 392/1155/84
f 392/1155/84 1230/1120/82 1249/1141/81 391/1156/82
f 9/1157/89 213/1158/81 1234/1123/81 408/1159/87
f 213/1158/81 214/1160/81 1235/1124/81 1234/1123/81
f 214/1160/81 215/1161/82 1236/1127/82 1235/1124/81
f 215/1161/82 216/1162/82 1237/1129/82 1236/1127/82
f 408/1159/87 1234/1123/81 1238/1126/83 407/1163/88
f 407/1163/88 1238/1126/83 1242/1132/82 406/1164/87
f 406/1164/87 1242/1132/82 1225/1117/82 405/1153/87
f 10/1165/82 388/1166/82 1246/1135/81 219/1167/82
f 388/1166/82 389/1168/84 1247/1136/81 1246/1135/81
f 389/1168/84 390/1169/81 1248/1139/81 1247/1136/81
f 390/1169/81 391/1156/82 1249/1141/81 1248/1139/81
f 219/1167/82 1246/1135/81 1250/1138/81 218/1170/81
f 218/1170/81 1250/1138/81 1254/1144/82 217/1171/81
f 217/1171/81 1254/1144/82 1237/1129/82 216/1162/82
f 1259/1172/90 1260/1173/91 1264/1174/92 1263/1175/93
f 1260/1173/91 1261/1176/90 1265/1177/90 1264/1174/92
f 1261/1176/90 1262/1178/92 1266/1179/92 1265/1177/90
f 1263/1175/93 1264/1174/92 1268/1180/93 1267/1181/92
f 1264/1174/92 1265/1177/90 1269/1182/90 1268/1180/93
f 1265/1177/90 1266/1179/92 1270/1183/90 1269/1182/90
f 1271/1184/90 1272/1185/92 1276/1186/90 1275/1187/90
f 1272/1185/92 1273/1188/90 1277/1189/92 1276/1186/90
f 1273/1188/90 1274/1190/90 1278/1191/90 1277/1189/92
f 1275/1187/90 1276/1186/90 1280/1192/90 1279/1193/90
f 1276/1186/90 1277/1189/92 1281/1194/92 1280/1192/90
f 1277/1189/92 1278/1191/90 1282/1195/92 1281/1194/92
f 1283/1196/90 1284/1197/92 1288/1198/93 1287/1199/90
f 1284/1197/92 1285/1200/92 1289/1201/90 1288/1198/93
f 1285/1200/92 1286/1202/90 1290/1203/90 1289/1201/90
f 1287/1199/90 1288/1198/93 1292/1204/92 1291/1205/92
f 1288/1198/93 1289/1201/90 1293/1206/90 1292/1204/92
f 1289/1201/90 1290/1203/90 1294/1207/90 1293/1206/90
f 1279/1193/90 1280/1192/90 1266/1179/92 1262/1178/92
f 1280/1192/90 1281/1194/92 1270/1183/90 1266/1179/92
f 1291/1205/92 1292/1204/92 1278/1191/90 1274/1190/90
f 1292/1204/92 1293/1206/90 1282/1195/92 1278/1191/90
f 1267/1181/92 1268/1180/93 1290/1203/90 1286/1202/90
f 1268/1180/93 1269/1182/90 1294/1207/90 1290/1203/90
f 1269/1182/90 1270/1183/90 1258/1208/92 1294/1207/90
f 1281/1194/92 1282/1195/92 1258/1208/92 1270/1183/90
f 1293/1206/90 1294/1207/90 1258/1208/92 1282/1195/92
f 9/1157/89 408/1159/87 1259/1172/90 430/1209/94
f 408/1159/87 407/1163/88 1260/1173/91 1259/1172/90
f 407/1163/88 406/1164/87 1261/1176/90 1260/1173/91
f 406/1164/87 405/1153/87 1262/1178/92 1261/1176/90
f 430/1209/94 1259/1172/90 1263/1175/93 431/1210/95
f 431/1210/95 1263/1175/93 1267/1181/92 432/1211/96
f 432/1211/96 1267/1181/92 1286/1202/90 433/1212/95
f 18/1148/86 248/1213/90 1271/1184/90 402/1149/87
f 248/1213/90 249/1214/92 1272/1185/92 1271/1184/90
f 249/1214/92 250/1215/92 1273/1188/90 1272/1185/92
f 250/1215/92 251/1216/90 1274/1190/90 1273/1188/90
f 402/1149/87 1271/1184/90 1275/1187/90 403/1151/88
f 403/1151/88 1275/1187/90 1279/1193/90 404/1152/87
f 404/1152/87 1279/1193/90 1262/1178/92 405/1153/87
f 19/1217/97 436/1218/95 1283/1196/90 254/1219/92
f 436/1218/95 435/1220/98 1284/1197/92 1283/1196/90
f 435/1220/98 434/1221/95 1285/1200/92 1284/1197/92
f 434/1221/95 433/1212/95 1286/1202/90 1285/1200/92
f 254/1219/92 1283/1196/90 1287/1199/90 253/1222/90
f 253/1222/90 1287/1199/90 1291/1205/92 252/1223/90
f 252/1223/90 1291/1205/92 1274/1190/90 251/1216/90
f 1296/1224/99 1297/1225/99 1301/1226/99 1300/1227/99
f 1297/1225/99 1298/1228/100 1302/1229/99 1301/1226/99
f 1298/1228/100 1299/1230/99 1303/1231/99 1302/1229/99
f 1300/1227/99 1301/1226/99 1305/1232/100 1304/1233/99
f 1301/1226/99 1302/1229/99 1306/1234/99 1305/1232/100
f 1302/1229/99 1303/1231/99 1307/1235/99 1306/1234/99
f 1308/1236/99 1309/1237/99 1313/1238/101 1312/1239/99
f 1309/1237/99 1310/1240/99 1314/1241/99 1313/1238/101
f 1310/1240/99 1311/1242/99 1315/1243/99 1314/1241/99
f 1312/1239/99 1313/1238/101 1317/1244/99 1316/1245/99
f 1313/1238/101 1314/1241/99 1318/1246/99 1317/1244/99
f 1314/1241/99 1315/1243/99 1319/1247/99 1318/1246/99
f 1320/1248/99 1321/1249/99 1325/1250/100 1324/1251/99
f 1321/1249/99 1322/1252/99 1326/1253/99 1325/1250/100
f 1322/1252/99 1323/1254/99 1327/1255/99 1326/1253/99
f 1324/1251/99 1325/1250/100 1329/1256/99 1328/1257/99
f 1325/1250/100 1326/1253/99 1330/1258/99 1329/1256/99
f 1326/1253/99 1327/1255/99 1331/1259/100 1330/1258/99
f 1316/1245/99 1317/1244/99 1303/1231/99 1299/1230/99
f 1317/1244/99 1318/1246/99 1307/1235/99 1303/1231/99
f 1328/1257/99 1329/1256/99 1315/1243/99 1311/1242/99
f 1329/1256/99 1330/1258/99 1319/1247/99 1315/1243/99
f 1304/1233/99 1305/1232/100 1327/1255/99 1323/1254/99
f 1305/1232/100 1306/1234/99 1331/1259/100 1327/1255/99
f 1306/1234/99 1307/1235/99 1295/1260/100 1331/1259/100
f 1318/1246/99 1319/1247/99 1295/1260/100 1307/1235/99
f 1330/1258/99 1331/1259/100 1295/1260/100 1319/1247/99
f 9/1157/89 430/1209/94 1296/1224/99 220/1261/99
f 430/1209/94 431/1210/95 1297/1225/99 1296/1224/99
f 431/1210/95 432/1211/96 1298/1228/100 1297/1225/99
f 432/1211/96 433/1212/95 1299/1230/99 1298/1228/100
f 220/1261/99 1296/1224/99 1300/1227/99 221/1262/99
f 221/1262/99 1300/1227/99 1304/1233/99 222/1263/99
f 222/1263/99 1304/1233/99 1323/1254/99 223/1264/100
f 19/1217/97 304/1265/102 1308/1236/99 436/1218/95
f 304/1265/102 305/1266/103 1309/1237/99 1308/1236/99
f 305/1266/103 306/1267/103 1310/1240/99 1309/1237/99
f 306/1267/103 307/1268/103 1311/1242/99 1310/1240/99
f 436/1218/95 1308/1236/99 1312/1239/99 435/1220/98
f 435/1220/98 1312/1239/99 1316/1245/99 434/1221/95
f 434/1221/95 1316/1245/99 1299/1230/99 433/1212/95
f 11/1269/104 226/1270/99 1320/1248/99 310/1271/102
f 226/1270/99 225/1272/99 1321/1249/99 1320/1248/99
f 225/1272/99 224/1273/99 1322/1252/99 1321/1249/99
f 224/1273/99 223/1264/100 1323/1254/99 1322/1252/99
f 310/1271/102 1320/1248/99 1324/1251/99 309/1274/103
f 309/1274/103 1324/1251/99 1328/1257/99 308/1275/103
f 308/1275/103 1328/1257/99 1311/1242/99 307/1268/103
f 1333/1276/105 1334/1277/106 1338/1278/105 1337/1279/105
f 1334/1277/106 1335/1280/106 1339/1281/105 1338/1278/105
f 1335/1280/106 1336/1282/106 1340/1283/106 1339/1281/105
f 1337/1279/105 1338/1278/105 1342/1284/105 1341/1285/105
f 1338/1278/105 1339/1281/105 1343/1286/106 1342/1284/105
f 1339/1281/105 1340/1283/106 1344/1287/105 1343/1286/106
f 1345/1288/105 1346/1289/105 1350/1290/105 1349/1291/105
f 1346/1289/105 1347/1292/106 1351/1293/105 1350/1290/105
f 1347/1292/106 1348/1294/105 1352/1295/105 1351/1293/105
f 1349/1291/105 1350/1290/105 1354/1296/106 1353/1297/105
f 1350/1290/105 1351/1293/105 1355/1298/105 1354/1296/106
f 1351/1293/105 1352/1295/105 1356/1299/105 1355/1298/105
f 1357/1300/105 1358/1301/105 1362/1302/107 1361/1303/105
f 1358/1301/105 1359/1304/106 1363/1305/106 1362/1302/107
f 1359/1304/106 1360/1306/105 1364/1307/106 1363/1305/106
f 1361/1303/105 1362/1302/107 1366/1308/105 1365/1309/105
f 1362/1302/107 1363/1305/106 1367/1310/105 1366/1308/105
f 1363/1305/106 1364/1307/106 1368/1311/106 1367/1310/105
f 1353/1297/105 1354/1296/106 1340/1283/106 1336/1282/106
f 1354/1296/106 1355/1298/105 1344/1287/105 1340/1283/106
f 1365/1309/105 1366/1308/105 1352/1295/105 1348/1294/105
f 1366/1308/105 1367/1310/105 1356/1299/105 1352/1295/105
f 1341/1285/105 1342/1284/105 1364/1307/106 1360/1306/105
f 1342/1284/105 1343/1286/106 1368/1311/106 1364/1307/106
f 1343/1286/106 1344/1287/105 1332/1312/106 1368/1311/106
f 1355/1298/105 1356/1299/105 1332/1312/106 1344/1287/105
f 1367/1310/105 1368/1311/106 1332/1312/106 1356/1299/105
f 20/1313/108 331/1314/109 1333/1276/105 86/1315/106
f 331/1314/109 330/1316/109 1334/1277/106 1333/1276/105
f 330/1316/109 329/1317/109 1335/1280/106 1334/1277/106
f 329/1317/109 328/1318/109 1336/1282/106 1335/1280/106
f 86/1315/106 1333/1276/105 1337/1279/105 85/1319/105
f 85/1319/105 1337/1279/105 1341/1285/105 84/1320/105
f 84/1320/105 1341/1285/105 1360/1306/105 83/1321/105
f 11/1269/104 310/1271/102 1345/1288/105 325/1322/109
f 310/1271/102 309/1274/103 1346/1289/105 1345/1288/105
f 309/1274/103 308/1275/103 1347/1292/106 1346/1289/105
f 308/1275/103 307/1268/103 1348/1294/105 1347/1292/106
f 325/1322/109 1345/1288/105 1349/1291/105 326/1323/109
f 326/1323/109 1349/1291/105 1353/1297/105 327/1324/110
f 327/1324/110 1353/1297/105 1336/1282/106 328/1318/109
f 19/1217/97 80/1325/105 1357/1300/105 304/1265/102
f 80/1325/105 81/1326/105 1358/1301/105 1357/1300/105
f 81/1326/105 82/1327/106 1359/1304/106 1358/1301/105
f 82/1327/106 83/1321/105 1360/1306/105 1359/1304/106
f 304/1265/102 1357/1300/105 1361/1303/105 305/1266/103
f 305/1266/103 1361/1303/105 1365/1309/105 306/1267/103
f 306/1267/103 1365/1309/105 1348/1294/105 307/1268/103
f 1370/1328/111 1371/1329/111 1375/1330/111 1374/1331/111
f 1371/1329/111 1372/1332/112 1376/1333/111 1375/1330/111
f 1372/1332/112 1373/1334/111 1377/1335/112 1376/1333/111
f 1374/1331/111 1375/1330/111 1379/1336/112 1378/1337/111
f 1375/1330/111 1376/1333/111 1380/1338/111 1379/1336/112
f 1376/1333/111 1377/1335/112 1381/1339/111 1380/1338/111
f 1382/1340/111 1383/1341/111 1387/1342/111 1386/1343/111
f 1383/1341/111 1384/1344/112 1388/1345/111 1387/1342/111
f 1384/1344/112 1385/1346/112 1389/1347/111 1388/1345/111
f 1386/1343/111 1387/1342/111 1391/1348/111 1390/1349/111
f 1387/1342/111 1388/1345/111 1392/1350/111 1391/1348/111
f 1388/1345/111 1389/1347/111 1393/1351/112 1392/1350/111
f 1394/1352/111 1395/1353/111 1399/1354/111 1398/1355/112
f 1395/1353/111 1396/1356/111 1400/1357/111 1399/1354/111
f 1396/1356/111 1397/1358/111 1401/1359/111 1400/1357/111
f 1398/1355/112 1399/1354/111 1403/1360/112 1402/1361/111
f 1399/1354/111 1400/1357/111 1404/1362/111 1403/1360/112
f 1400/1357/111 1401/1359/111 1405/1363/112 1404/1362/111
f 1390/1349/111 1391/1348/111 1377/1335/112 1373/1334/111
f 1391/1348/111 1392/1350/111 1381/1339/111 1377/1335/112
f 1402/1361/111 1403/1360/112 1389/1347/111 1385/1346/112
f 1403/1360/112 1404/1362/111 1393/1351/112 1389/1347/111
f 1378/1337/111 1379/1336/112 1401/1359/111 1397/1358/111
f 1379/1336/112 1380/1338/111 1405/1363/112 1401/1359/111
f 1380/1338/111 1381/1339/111 1369/1364/111 1405/1363/112
f 1392/1350/111 1393/1351/112 1369/1364/111 1381/1339/111
f 1404/1362/111 1405/1363/112 1369/1364/111 1393/1351/112
f 11/1269/104 325/1322/109 1370/1328/111 262/1365/112
f 325/1322/109 326/1323/109 1371/1329/111 1370/1328/111
f 326/1323/109 327/1324/110 1372/1332/112 1371/1329/111
f 327/1324/110 328/1318/109 1373/1334/111 1372/1332/112
f 262/1365/112 1370/1328/111 1374/1331/111 263/1366/111
f 263/1366/111 1374/1331/111 1378/1337/111 264/1367/111
f 264/1367/111 1378/1337/111 1397/1358/111 265/1368/111
f 20/1313/108 339/1369/113 1382/1340/111 331/1314/109
f 339/1369/113 340/1370/113 1383/1341/111 1382/1340/111
f 340/1370/113 341/1371/113 1384/1344/112 1383/1341/111
f 341/1371/113 342/1372/113 1385/1346/112 1384/1344/112
f 331/1314/109 1382/1340/111 1386/1343/111 330/1316/109
f 330/1316/109 1386/1343/111 1390/1349/111 329/1317/109
f 329/1317/109 1390/1349/111 1373/1334/111 328/1318/109
f 13/1373/114 268/1374/111 1394/1352/111 345/1375/113
f 268/1374/111 267/1376/111 1395/1353/111 1394/1352/111
f 267/1376/111 266/1377/111 1396/1356/111 1395/1353/111
f 266/1377/111 265/1368/111 1397/1358/111 1396/1356/111
f 345/1375/113 1394/1352/111 1398/1355/112 344/1378/113
f 344/1378/113 1398/1355/112 1402/1361/111 343/1379/113
f 343/1379/113 1402/1361/111 1385/1346/112 342/1372/113
f 1407/1380/115 1408/1381/115 1412/1382/115 1411/1383/115
f 1408/1381/115 1409/1384/115 1413/1385/115 1412/1382/115
f 1409/1384/115 1410/1386/115 1414/1387/115 1413/1385/115
f 1411/1383/115 1412/1382/115 1416/1388/115 1415/1389/115
f 1412/1382/115 1413/1385/115 1417/1390/115 1416/1388/115
f 1413/1385/115 1414/1387/115 1418/1391/115 1417/1390/115
f 1419/1392/115 1420/1393/115 1424/1394/115 1423/1395/115
f 1420/1393/115 1421/1396/115 1425/1397/115 1424/1394/115
f 1421/1396/115 1422/1398/115 1426/1399/115 1425/1397/115
f 1423/1395/115 1424/1394/115 1428/1400/115 1427/1401/115
f 1424/1394/115 1425/1397/115 1429/1402/115 1428/1400/115
f 1425/1397/115 1426/1399/115 1430/1403/115 1429/1402/115
f 1431/1404/115 1432/1405/115 1436/1406/115 1435/1407/115
f 1432/1405/115 1433/1408/115 1437/1409/115 1436/1406/115
f 1433/1408/115 1434/1410/115 1438/1411/115 1437/1409/115
f 1435/1407/115 1436/1406/115 1440/1412/115 1439/1413/115
f 1436/1406/115 1437/1409/115 1441/1414/115 1440/1412/115
f 1437/1409/115 1438/1411/115 1442/1415/115 1441/1414/115
f 1427/1401/115 1428/1400/115 1414/1387/115 1410/1386/115
f 1428/1400/115 1429/1402/115 1418/1391/115 1414/1387/115
f 1439/1413/115 1440/1412/115 1426/1399/115 1422/1398/115
f 1440/1412/115 1441/1414/115 1430/1403/115 1426/1399/115
f 1415/1389/115 1416/1388/115 1438/1411/115 1434/1410/115
f 1416/1388/115 1417/1390/115 1442/1415/115 1438/1411/115
f 1417/1390/115 1418/1391/115 1406/1416/115 1442/1415/115
f 1429/1402/115 1430/1403/115 1406/1416/115 1418/1391/115
f 1441/1414/115 1442/1415/115 1406/1416/115 1430/1403/115
f 21/1417/116 359/1418/117 1407/1380/115 156/1419/115
f 359/1418/117 358/1420/117 1408/1381/115 1407/1380/115
f 358/1420/117 357/1421/117 1409/1384/115 1408/1381/115
f 357/1421/117 356/1422/118 1410/1386/115 1409/1384/115
f 156/1419/115 1407/1380/115 1411/1383/115 155/1423/115
f 155/1423/115 1411/1383/115 1415/1389/115 154/1424/115
f 154/1424/115 1415/1389/115 1434/1410/115 153/1425/115
f 13/1373/114 345/1375/113 1419/1392/115 353/1426/117
f 345/1375/113 344/1378/113 1420/1393/115 1419/1392/115
f 344/1378/113 343/1379/113 1421/1396/115 1420/1393/115
f 343/1379/113 342/1372/113 1422/1398/115 1421/1396/115
f 353/1426/117 1419/1392/115 1423/1395/115 354/1427/117
f 354/1427/117 1423/1395/115 1427/1401/115 355/1428/117
f 355/1428/117 1427/1401/115 1410/1386/115 356/1422/118
f 20/1313/108 150/1429/115 1431/1404/115 339/1369/113
f 150/1429/115 151/1430/119 1432/1405/115 1431/1404/115
f 151/1430/119 152/1431/115 1433/1408/115 1432/1405/115
f 152/1431/115 153/1425/115 1434/1410/115 1433/1408/115
f 339/1369/113 1431/1404/115 1435/1407/115 340/1370/113
f 340/1370/113 1435/1407/115 1439/1413/115 341/1371/113
f 341/1371/113 1439/1413/115 1422/1398/115 342/1372/113
f 1444/1432/120 1445/1433/120 1449/1434/120 1448/1435/120
f 1445/1433/120 1446/1436/120 1450/1437/120 1449/1434/120
f 1446/1436/120 1447/1438/120 1451/1439/120 1450/1437/120
f 1448/1435/120 1449/1434/120 1453/1440/120 1452/1441/120
f 1449/1434/120 1450/1437/120 1454/1442/120 1453/1440/120
f 1450/1437/120 1451/1439/120 1455/1443/120 1454/1442/120
f 1456/1444/120 1457/1445/120 1461/1446/120 1460/1447/121
f 1457/1445/120 1458/1448/120 1462/1449/122 1461/1446/120
f 1458/1448/120 1459/1450/120 1463/1451/120 1462/1449/122
f 1460/1447/121 1461/1446/120 1465/1452/120 1464/1453/120
f 1461/1446/120 1462/1449/122 1466/1454/120 1465/1452/120
f 1462/1449/122 1463/1451/120 1467/1455/120 1466/1454/120
f 1468/1456/120 1469/1457/120 1473/1458/120 1472/1459/121
f 1469/1457/120 1470/1460/120 1474/1461/120 1473/1458/120
f 1470/1460/120 1471/1462/120 1475/1463/120 1474/1461/120
f 1472/1459/121 1473/1458/120 1477/1464/121 1476/1465/121
f 1473/1458/120 1474/1461/120 1478/1466/121 1477/1464/121
f 1474/1461/120 1475/1463/120 1479/1467/122 1478/1466/121
f 1464/1453/120 1465/1452/120 1451/1439/120 1447/1438/120
f 1465/1452/120 1466/1454/120 1455/1443/120 1451/1439/120
f 1476/1465/121 1477/1464/121 1463/1451/120 1459/1450/120
f 1477/1464/121 1478/1466/121 1467/1455/120 1463/1451/120
f 1452/1441/120 1453/1440/120 1475/1463/120 1471/1462/120
f 1453/1440/120 1454/1442/120 1479/1467/122 1475/1463/120
f 1454/1442/120 1455/1443/120 1443/1468/120 1479/1467/122
f 1466/1454/120 1467/1455/120 1443/1468/120 1455/1443/120
f 1478/1466/121 1479/1467/122 1443/1468/120 1467/1455/120
f 21/1417/116 367/1469/123 1444/1432/120 359/1418/117
f 367/1469/123 368/1470/123 1445/1433/120 1444/1432/120
f 368/1470/123 369/1471/123 1446/1436/120 1445/1433/120
f 369/1471/123 370/1472/123 1447/1438/120 1446/1436/120
f 359/1418/117 1444/1432/120 1448/1435/120 358/1420/117
f 358/1420/117 1448/1435/120 1452/1441/120 357/1421/117
f 357/1421/117 1452/1441/120 1471/1462/120 356/1422/118
f 15/1473/124 79/1474/120 1456/1444/120 373/1475/123
f 79/1474/120 78/1476/120 1457/1445/120 1456/1444/120
f 78/1476/120 77/1477/120 1458/1448/120 1457/1445/120
f 77/1477/120 76/1478/120 1459/1450/120 1458/1448/120
f 373/1475/123 1456/1444/120 1460/1447/121 372/1479/123
f 372/1479/123 1460/1447/121 1464/1453/120 371/1480/123
f 371/1480/123 1464/1453/120 1447/1438/120 370/1472/123
f 13/1373/114 353/1426/117 1468/1456/120 73/1481/120
f 353/1426/117 354/1427/117 1469/1457/120 1468/1456/120
f 354/1427/117 355/1428/117 1470/1460/120 1469/1457/120
f 355/1428/117 356/1422/118 1471/1462/120 1470/1460/120
f 73/1481/120 1468/1456/120 1472/1459/121 74/1482/122
f 74/1482/122 1472/1459/121 1476/1465/121 75/1483/120
f 75/1483/120 1476/1465/121 1459/1450/120 76/1478/120
f 1481/1484/125 1482/1485/125 1486/1486/126 1485/1487/126
f 1482/1485/125 1483/1488/125 1487/1489/125 1486/1486/126
f 1483/1488/125 1484/1490/125 1488/1491/126 1487/1489/125
f 1485/1487/126 1486/1486/126 1490/1492/125 1489/1493/125
f 1486/1486/126 1487/1489/125 1491/1494/125 1490/1492/125
f 1487/1489/125 1488/1491/126 1492/1495/125 1491/1494/125
f 1493/1496/125 1494/1497/125 1498/1498/125 1497/1499/126
f 1494/1497/125 1495/1500/125 1499/1501/127 1498/1498/125
f 1495/1500/125 1496/1502/126 1500/1503/126 1499/1501/127
f 1497/1499/126 1498/1498/125 1502/1504/125 1501/1505/125
f 1498/1498/125 1499/1501/127 1503/1506/125 1502/1504/125
f 1499/1501/127 1500/1503/126 1504/1507/125 1503/1506/125
f 1505/1508/125 1506/1509/127 1510/1510/125 1509/1511/125
f 1506/1509/127 1507/1512/126 1511/1513/125 1510/1510/125
f 1507/1512/126 1508/1514/125 1512/1515/125 1511/1513/125
f 1509/1511/125 1510/1510/125 1514/1516/126 1513/1517/126
f 1510/1510/125 1511/1513/125 1515/1518/126 1514/1516/126
f 1511/1513/125 1512/1515/125 1516/1519/125 1515/1518/126
f 1501/1505/125 1502/1504/125 1488/1491/126 1484/1490/125
f 1502/1504/125 1503/1506/125 1492/1495/125 1488/1491/126
f 1513/1517/126 1514/1516/126 1500/1503/126 1496/1502/126
f 1514/1516/126 1515/1518/126 1504/1507/125 1500/1503/126
f 1489/1493/125 1490/1492/125 1512/1515/125 1508/1514/125
f 1490/1492/125 1491/1494/125 1516/1519/125 1512/1515/125
f 1491/1494/125 1492/1495/125 1480/1520/126 1516/1519/125
f 1503/1506/125 1504/1507/125 1480/1520/126 1492/1495/125
f 1515/1518/126 1516/1519/125 1480/1520/126 1504/1507/125
f 15/1473/124 373/1475/123 1481/1484/125 409/1521/128
f 373/1475/123 372/1479/123 1482/1485/125 1481/1484/125
f 372/1479/123 371/1480/123 1483/1488/125 1482/1485/125
f 371/1480/123 370/1472/123 1484/1490/125 1483/1488/125
f 409/1521/128 1481/1484/125 1485/1487/126 410/1522/129
f 410/1522/129 1485/1487/126 1489/1493/125 411/1523/129
f 411/1523/129 1489/1493/125 1508/1514/125 412/1524/129
f 21/1417/116 227/1525/125 1493/1496/125 367/1469/123
f 227/1525/125 228/1526/125 1494/1497/125 1493/1496/125
f 228/1526/125 229/1527/125 1495/1500/125 1494/1497/125
f 229/1527/125 230/1528/125 1496/1502/126 1495/1500/125
f 367/1469/123 1493/1496/125 1497/1499/126 368/1470/123
f 368/1470/123 1497/1499/126 1501/1505/125 369/1471/123
f 369/1471/123 1501/1505/125 1484/1490/125 370/1472/123
f 22/1529/128 415/1530/128 1505/1508/125 233/1531/125
f 415/1530/128 414/1532/128 1506/1509/127 1505/1508/125
f 414/1532/128 413/1533/129 1507/1512/126 1506/1509/127
f 413/1533/129 412/1524/129 1508/1514/125 1507/1512/126
f 233/1531/125 1505/1508/125 1509/1511/125 232/1534/125
f 232/1534/125 1509/1511/125 1513/1517/126 231/1535/125
f 231/1535/125 1513/1517/126 1496/1502/126 230/1528/125
f 1518/1536/130 1519/1537/131 1523/1538/132 1522/1539/132
f 1519/1537/131 1520/1540/130 1524/1541/131 1523/1538/132
f 1520/1540/130 1521/1542/132 1525/1543/131 1524/1541/131
f 1522/1539/132 1523/1538/132 1527/1544/133 1526/1545/132
f 1523/1538/132 1524/1541/131 1528/1546/133 1527/1544/133
f 1524/1541/131 1525/1543/131 1529/1547/132 1528/1546/133
f 1530/1548/130 1531/1549/130 1535/1550/130 1534/1551/130
f 1531/1549/130 1532/1552/130 1536/1553/131 1535/1550/130
f 1532/1552/130 1533/1554/130 1537/1555/130 1536/1553/131
f 1534/1551/130 1535/1550/130 1539/1556/132 1538/1557/132
f 1535/1550/130 1536/1553/131 1540/1558/132 1539/1556/132
f 1536/1553/131 1537/1555/130 1541/1559/133 1540/1558/132
f 1542/1560/130 1543/1561/131 1547/1562/130 1546/1563/130
f 1543/1561/131 1544/1564/130 1548/1565/131 1547/1562/130
f 1544/1564/130 1545/1566/132 1549/1567/132 1548/1565/131
f 1546/1563/130 1547/1562/130 1551/1568/132 1550/1569/131
f 1547/1562/130 1548/1565/131 1552/1570/130 1551/1568/132
f 1548/1565/131 1549/1567/132 1553/1571/130 1552/1570/130
f 1538/1557/132 1539/1556/132 1525/1543/131 1521/1542/132
f 1539/1556/132 1540/1558/132 1529/1547/132 1525/1543/131
f 1550/1569/131 1551/1568/132 1537/1555/130 1533/1554/130
f 1551/1568/132 1552/1570/130 1541/1559/133 1537/1555/130
f 1526/1545/132 1527/1544/133 1549/1567/132 1545/1566/132
f 1527/1544/133 1528/1546/133 1553/1571/130 1549/1567/132
f 1528/1546/133 1529/1547/132 1517/1572/130 1553/1571/130
f 1540/1558/132 1541/1559/133 1517/1572/130 1529/1547/132
f 1552/1570/130 1553/1571/130 1517/1572/130 1541/1559/133
f 23/1573/130 422/1574/130 1518/1536/130 275/1575/130
f 422/1574/130 421/1576/133 1519/1537/131 1518/1536/130
f 421/1576/133 420/1577/132 1520/1540/130 1519/1537/131
f 420/1577/132 419/1578/132 1521/1542/132 1520/1540/130
f 275/1575/130 1518/1536/130 1522/1539/132 274/1579/132
f 274/1579/132 1522/1539/132 1526/1545/132 273/1580/130
f 273/1580/130 1526/1545/132 1545/1566/132 272/1581/132
f 15/1473/124 409/1521/128 1530/1548/130 416/1582/132
f 409/1521/128 410/1522/129 1531/1549/130 1530/1548/130
f 410/1522/129 411/1523/129 1532/1552/130 1531/1549/130
f 411/1523/129 412/1524/129 1533/1554/130 1532/1552/130
f 416/1582/132 1530/1548/130 1534/1551/130 417/1583/130
f 417/1583/130 1534/1551/130 1538/1557/132 418/1584/132
f 418/1584/132 1538/1557/132 1521/1542/132 419/1578/132
f 22/1529/128 269/1585/130 1542/1560/130 415/1530/128
f 269/1585/130 270/1586/131 1543/1561/131 1542/1560/130
f 270/1586/131 271/1587/132 1544/1564/130 1543/1561/131
f 271/1587/132 272/1581/132 1545/1566/132 1544/1564/130
f 415/1530/128 1542/1560/130 1546/1563/130 414/1532/128
f 414/1532/128 1546/1563/130 1550/1569/131 413/1533/129
f 413/1533/129 1550/1569/131 1533/1554/130 412/1524/129
f 1555/1588/130 1556/1589/130 1560/1590/132 1559/1591/130
f 1556/1589/130 1557/1592/130 1561/1593/132 1560/1590/132
f 1557/1592/130 1558/1594/130 1562/1595/132 1561/1593/132
f 1559/1591/130 1560/1590/132 1564/1596/130 1563/1597/130
f 1560/1590/132 1561/1593/132 1565/1598/130 1564/1596/130
f 1561/1593/132 1562/1595/132 1566/1599/132 1565/1598/130
f 1567/1600/130 1568/1601/130 1572/1602/132 1571/1603/132
f 1568/1601/130 1569/1604/130 1573/1605/133 1572/1602/132
f 1569/1604/130 1570/1606/131 1574/1607/130 1573/1605/133
f 1571/1603/132 1572/1602/132 1576/1608/132 1575/1609/132
f 1572/1602/132 1573/1605/133 1577/1610/132 1576/1608/132
f 1573/1605/133 1574/1607/130 1578/1611/132 1577/1610/132
f 1579/1612/130 1580/1613/133 1584/1614/132 1583/1615/131
f 1580/1613/133 1581/1616/132 1585/1617/133 1584/1614/132
f 1581/1616/132 1582/1618/130 1586/1619/132 1585/1617/133
f 1583/1615/131 1584/1614/132 1588/1620/132 1587/1621/131
f 1584/1614/132 1585/1617/133 1589/1622/132 1588/1620/132
f 1585/1617/133 1586/1619/132 1590/1623/132 1589/1622/132
f 1575/1609/132 1576/1608/132 1562/1595/132 1558/1594/130
f 1576/1608/132 1577/1610/132 1566/1599/132 1562/1595/132
f 1587/1621/131 1588/1620/132 1574/1607/130 1570/1606/131
f 1588/1620/132 1589/1622/132 1578/1611/132 1574/1607/130
f 1563/1597/130 1564/1596/130 1586/1619/132 1582/1618/130
f 1564/1596/130 1565/1598/130 1590/1623/132 1586/1619/132
f 1565/1598/130 1566/1599/132 1554/1624/132 1590/1623/132
f 1577/1610/132 1578/1611/132 1554/1624/132 1566/1599/132
f 1589/1622/132 1590/1623/132 1554/1624/132 1578/1611/132
f 15/1473/124 416/1582/132 1555/1588/130 143/1625/130
f 416/1582/132 417/1583/130 1556/1589/130 1555/1588/130
f 417/1583/130 418/1584/132 1557/1592/130 1556/1589/130
f 418/1584/132 419/1578/132 1558/1594/130 1557/1592/130
f 143/1625/130 1555/1588/130 1559/1591/130 144/1626/130
f 144/1626/130 1559/1591/130 1563/1597/130 145/1627/130
f 145/1627/130 1563/1597/130 1582/1618/130 146/1628/130
f 23/1573/130 276/1629/133 1567/1600/130 422/1574/130
f 276/1629/133 277/1630/134 1568/1601/130 1567/1600/130
f 277/1630/134 278/1631/135 1569/1604/130 1568/1601/130
f 278/1631/135 279/1632/130 1570/1606/131 1569/1604/130
f 422/1574/130 1567/1600/130 1571/1603/132 421/1576/133
f 421/1576/133 1571/1603/132 1575/1609/132 420/1577/132
f 420/1577/132 1575/1609/132 1558/1594/130 419/1578/132
f 17/1633/131 149/1634/130 1579/1612/130 282/1635/134
f 149/1634/130 148/1636/132 1580/1613/133 1579/1612/130
f 148/1636/132 147/1637/132 1581/1616/132 1580/1613/133
f 147/1637/132 146/1628/130 1582/1618/130 1581/1616/132
f 282/1635/134 1579/1612/130 1583/1615/131 281/1638/135
f 281/1638/135 1583/1615/131 1587/1621/131 280/1639/135
f 280/1639/135 1587/1621/131 1570/1606/131 279/1632/130
s 0
f 1592/1640/136 1593/1641/136 1597/1642/136 1596/1643/136
f 1593/1641/137 1594/1644/137 1598/1645/137 1597/1642/137
f 1594/1644/138 1595/1646/138 1599/1647/138 1598/1645/138
f 1596/1643/136 1597/1642/136 1601/1648/136 1600/1649/136
f 1597/1642/139 1598/1645/139 1602/1650/139 1601/1648/139
f 1598/1645/139 1599/1647/139 1603/1651/139 1602/1650/139
f 1604/1652/139 1605/1653/139 1609/1654/139 1608/1655/139
f 1605/1653/136 1606/1656/136 1610/1657/136 1609/1654/136
f 1606/1656/139 1607/1658/139 1611/1659/139 1610/1657/139
f 1608/1655/137 1609/1654/137 1613/1660/137 1612/1661/137
f 1609/1654/136 1610/1657/136 1614/1662/136 1613/1660/136
f 1610/1657/137 1611/1659/137 1615/1663/137 1614/1662/137
f 1616/1664/139 1617/1665/139 1621/1666/139 1620/1667/139
f 1617/1665/136 1618/1668/136 1622/1669/136 1621/1666/136
f 1618/1668/139 1619/1670/139 1623/1671/139 1622/1669/139
f 1620/1667/139 1621/1666/139 1625/1672/139 1624/1673/139
f 1621/1666/138 1622/1669/138 1626/1674/138 1625/1672/138
f 1622/1669/140 1623/1671/140 1627/1675/140 1626/1674/140
f 1612/1661/141 1613/1660/141 1599/1647/141 1595/1646/141
f 1613/1660/142 1614/1662/142 1603/1651/142 1599/1647/142
f 1624/1673/139 1625/1672/139 1611/1659/139 1607/1658/139
f 1625/1672/141 1626/1674/141 1615/1663/141 1611/1659/141
f 1600/1649/139 1601/1648/139 1623/1671/139 1619/1670/139
f 1601/1648/136 1602/1650/136 1627/1675/136 1623/1671/136
f 1602/1650/143 1603/1651/143 1591/1676/143 1627/1675/143
f 1614/1662/136 1615/1663/136 1591/1676/136 1603/1651/136
f 1626/1674/143 1627/1675/143 1591/1676/143 1615/1663/143
f 5/1677/137 360/1678/137 1592/1640/137 59/1679/137
f 360/1678/139 361/1680/139 1593/1641/139 1592/1640/139
f 361/1680/139 362/1681/139 1594/1644/139 1593/1641/139
f 362/1681/139 363/1682/139 1595/1646/139 1594/1644/139
f 59/1679/139 1592/1640/139 1596/1643/139 60/1683/139
f 60/1683/137 1596/1643/137 1600/1649/137 61/1684/137
f 61/1684/136 1600/1649/136 1619/1670/136 62/1685/136
f 10/1686/139 135/1687/139 1604/1652/139 366/1688/139
f 135/1687/139 134/1689/139 1605/1653/139 1604/1652/139
f 134/1689/139 133/1690/139 1606/1656/139 1605/1653/139
f 133/1690/137 132/1691/137 1607/1658/137 1606/1656/137
f 366/1688/137 1604/1652/137 1608/1655/137 365/1692/137
f 365/1692/139 1608/1655/139 1612/1661/139 364/1693/139
f 364/1693/138 1612/1661/138 1595/1646/138 363/1682/138
f 7/1694/136 65/1695/136 1616/1664/136 129/1696/136
f 65/1695/139 64/1697/139 1617/1665/139 1616/1664/139
f 64/1697/139 63/1698/139 1618/1668/139 1617/1665/139
f 63/1698/139 62/1685/139 1619/1670/139 1618/1668/139
f 129/1696/139 1616/1664/139 1620/1667/139 130/1699/139
f 130/1699/136 1620/1667/136 1624/1673/136 131/1700/136
f 131/1700/137 1624/1673/137 1607/1658/137 132/1691/137
f 1629/1701/139 1630/1702/139 1634/1703/139 1633/1704/139
f 1630/1702/139 1631/1705/139 1635/1706/139 1634/1703/139
f 1631/1705/139 1632/1707/139 1636/1708/139 1635/1706/139
f 1633/1704/139 1634/1703/139 1638/1709/139 1637/1710/139
f 1634/1703/139 1635/1706/139 1639/1711/139 1638/1709/139
f 1635/1706/139 1636/1708/139 1640/1712/139 1639/1711/139
f 1641/1713/139 1642/1714/139 1646/1715/139 1645/1716/139
f 1642/1714/139 1643/1717/139 1647/1718/139 1646/1715/139
f 1643/1717/139 1644/1719/139 1648/1720/139 1647/1718/139
f 1645/1716/139 1646/1715/139 1650/1721/139 1649/1722/139
f 1646/1715/139 1647/1718/139 1651/1723/139 1650/1721/139
f 1647/1718/139 1648/1720/139 1652/1724/139 1651/1723/139
f 1653/1725/139 1654/1726/139 1658/1727/139 1657/1728/139
f 1654/1726/139 1655/1729/139 1659/1730/139 1658/1727/139
f 1655/1729/139 1656/1731/139 1660/1732/139 1659/1730/139
f 1657/1728/139 1658/1727/139 1662/1733/139 1661/1734/139
f 1658/1727/139 1659/1730/139 1663/1735/139 1662/1733/139
f 1659/1730/139 1660/1732/139 1664/1736/139 1663/1735/139
f 1649/1722/136 1650/1721/136 1636/1708/136 1632/1707/136
f 1650/1721/137 1651/1723/137 1640/1712/137 1636/1708/137
f 1661/1734/137 1662/1733/137 1648/1720/137 1644/1719/137
f 1662/1733/139 1663/1735/139 1652/1724/139 1648/1720/139
f 1637/1710/139 1638/1709/139 1660/1732/139 1656/1731/139
f 1638/1709/139 1639/1711/139 1664/1736/139 1660/1732/139
f 1639/1711/137 1640/1712/137 1628/1737/137 1664/1736/137
f 1651/1723/139 1652/1724/139 1628/1737/139 1640/1712/139
f 1663/1735/136 1664/1736/136 1628/1737/136 1652/1724/136
f 1/1738/139 380/1739/139 1629/1701/139 206/1740/139
f 380/1739/139 379/1741/139 1630/1702/139 1629/1701/139
f 379/1741/139 378/1742/139 1631/1705/139 1630/1702/139
f 378/1742/139 377/1743/139 1632/1707/139 1631/1705/139
f 206/1740/139 1629/1701/139 1633/1704/139 207/1744/139
f 207/1744/139 1633/1704/139 1637/1710/139 208/1745/139
f 208/1745/139 1637/1710/139 1656/1731/139 209/1746/139
f 10/1686/139 366/1688/139 1641/1713/139 374/1747/139
f 366/1688/139 365/1692/139 1642/1714/139 1641/1713/139
f 365/1692/139 364/1693/139 1643/1717/139 1642/1714/139
f 364/1693/139 363/1682/139 1644/1719/139 1643/1717/139
f 374/1747/139 1641/1713/139 1645/1716/139 375/1748/139
f 375/1748/139 1645/1716/139 1649/1722/139 376/1749/139
f 376/1749/139 1649/1722/139 1632/1707/139 377/1743/139
f 5/1677/139 212/1750/139 1653/1725/139 360/1678/139
f 212/1750/139 211/1751/139 1654/1726/139 1653/1725/139
f 211/1751/139 210/1752/139 1655/1729/139 1654/1726/139
f 210/1752/139 209/1746/139 1656/1731/139 1655/1729/139
f 360/1678/139 1653/1725/139 1657/1728/139 361/1680/139
f 361/1680/139 1657/1728/139 1661/1734/139 362/1681/139
f 362/1681/136 1661/1734/136 1644/1719/136 363/1682/136
f 1666/1753/139 1667/1754/139 1671/1755/139 1670/1756/139
f 1667/1754/139 1668/1757/139 1672/1758/139 1671/1755/139
f 1668/1757/139 1669/1759/139 1673/1760/139 1672/1758/139
f 1670/1756/139 1671/1755/139 1675/1761/139 1674/1762/139
f 1671/1755/139 1672/1758/139 1676/1763/139 1675/1761/139
f 1672/1758/139 1673/1760/139 1677/1764/139 1676/1763/139
f 1678/1765/139 1679/1766/139 1683/1767/139 1682/1768/139
f 1679/1766/139 1680/1769/139 1684/1770/139 1683/1767/139
f 1680/1769/139 1681/1771/139 1685/1772/139 1684/1770/139
f 1682/1768/139 1683/1767/139 1687/1773/139 1686/1774/139
f 1683/1767/139 1684/1770/139 1688/1775/139 1687/1773/139
f 1684/1770/139 1685/1772/139 1689/1776/139 1688/1775/139
f 1690/1777/139 1691/1778/139 1695/1779/139 1694/1780/139
f 1691/1778/139 1692/1781/139 1696/1782/139 1695/1779/139
f 1692/1781/139 1693/1783/139 1697/1784/139 1696/1782/139
f 1694/1780/139 1695/1779/139 1699/1785/139 1698/1786/139
f 1695/1779/139 1696/1782/139 1700/1787/139 1699/1785/139
f 1696/1782/139 1697/1784/139 1701/1788/139 1700/1787/139
f 1686/1774/139 1687/1773/139 1673/1760/139 1669/1759/139
f 1687/1773/139 1688/1775/139 1677/1764/139 1673/1760/139
f 1698/1786/139 1699/1785/139 1685/1772/139 1681/1771/139
f 1699/1785/139 1700/1787/139 1689/1776/139 1685/1772/139
f 1674/1762/139 1675/1761/139 1697/1784/139 1693/1783/139
f 1675/1761/139 1676/1763/139 1701/1788/139 1697/1784/139
f 1676/1763/139 1677/1764/139 1665/1789/139 1701/1788/139
f 1688/1775/139 1689/1776/139 1665/1789/139 1677/1764/139
f 1700/1787/139 1701/1788/139 1665/1789/139 1689/1776/139
f 1/1738/139 437/1790/139 1666/1753/139 380/1739/139
f 437/1790/139 438/1791/139 1667/1754/139 1666/1753/139
f 438/1791/139 439/1792/139 1668/1757/139 1667/1754/139
f 439/1792/139 440/1793/139 1669/1759/139 1668/1757/139
f 380/1739/139 1666/1753/139 1670/1756/139 379/1741/139
f 379/1741/139 1670/1756/139 1674/1762/139 378/1742/139
f 378/1742/139 1674/1762/139 1693/1783/139 377/1743/139
f 17/1794/139 387/1795/139 1678/1765/139 443/1796/139
f 387/1795/139 386/1797/139 1679/1766/139 1678/1765/139
f 386/1797/139 385/1798/139 1680/1769/139 1679/1766/139
f 385/1798/139 384/1799/139 1681/1771/139 1680/1769/139
f 443/1796/139 1678/1765/139 1682/1768/139 442/1800/139
f 442/1800/139 1682/1768/139 1686/1774/139 441/1801/139
f 441/1801/139 1686/1774/139 1669/1759/139 440/1793/139
f 10/1686/139 374/1747/139 1690/1777/139 381/1802/139
f 374/1747/139 375/1748/139 1691/1778/139 1690/1777/139
f 375/1748/139 376/1749/139 1692/1781/139 1691/1778/139
f 376/1749/139 377/1743/139 1693/1783/139 1692/1781/139
f 381/1802/139 1690/1777/139 1694/1780/139 382/1803/139
f 382/1803/139 1694/1780/139 1698/1786/139 383/1804/139
f 383/1804/139 1698/1786/139 1681/1771/139 384/1799/139
f 1703/1805/139 1704/1806/139 1708/1807/139 1707/1808/139
f 1704/1806/139 1705/1809/139 1709/1810/139 1708/1807/139
f 1705/1809/139 1706/1811/139 1710/1812/139 1709/1810/139
f 1707/1808/139 1708/1807/139 1712/1813/139 1711/1814/139
f 1708/1807/139 1709/1810/139 1713/1815/139 1712/1813/139
f 1709/1810/139 1710/1812/139 1714/1816/139 1713/1815/139
f 1715/1817/139 1716/1818/139 1720/1819/139 1719/1820/139
f 1716/1818/139 1717/1821/139 1721/1822/139 1720/1819/139
f 1717/1821/139 1718/1823/139 1722/1824/139 1721/1822/139
f 1719/1820/139 1720/1819/139 1724/1825/139 1723/1826/139
f 1720/1819/139 1721/1822/139 1725/1827/139 1724/1825/139
f 1721/1822/139 1722/1824/139 1726/1828/139 1725/1827/139
f 1727/1829/139 1728/1830/139 1732/1831/139 1731/1832/139
f 1728/1830/139 1729/1833/139 1733/1834/139 1732/1831/139
f 1729/1833/139 1730/1835/139 1734/1836/139 1733/1834/139
f 1731/1832/139 1732/1831/139 1736/1837/139 1735/1838/139
f 1732/1831/139 1733/1834/139 1737/1839/139 1736/1837/139
f 1733/1834/139 1734/1836/139 1738/1840/139 1737/1839/139
f 1723/1826/139 1724/1825/139 1710/1812/139 1706/1811/139
f 1724/1825/139 1725/1827/139 1714/1816/139 1710/1812/139
f 1735/1838/139 1736/1837/139 1722/1824/139 1718/1823/139
f 1736/1837/139 1737/1839/139 1726/1828/139 1722/1824/139
f 1711/1814/139 1712/1813/139 1734/1836/139 1730/1835/139
f 1712/1813/139 1713/1815/139 1738/1840/139 1734/1836/139
f 1713/1815/139 1714/1816/139 1702/1841/139 1738/1840/139
f 1725/1827/139 1726/1828/139 1702/1841/139 1714/1816/139
f 1737/1839/139 1738/1840/139 1702/1841/139 1726/1828/139
f 3/1842/139 289/1843/139 1703/1805/139 191/1844/139
f 289/1843/139 288/1845/139 1704/1806/139 1703/1805/139
f 288/1845/139 287/1846/139 1705/1809/139 1704/1806/139
f 287/1846/139 286/1847/139 1706/1811/139 1705/1809/139
f 191/1844/139 1703/1805/139 1707/1808/139 190/1848/139
f 190/1848/139 1707/1808/139 1711/1814/139 189/1849/139
f 189/1849/139 1711/1814/139 1730/1835/139 188/1850/139
f 17/1794/139 443/1796/139 1715/1817/139 283/1851/139
f 443/1796/139 442/1800/139 1716/1818/139 1715/1817/139
f 442/1800/139 441/1801/139 1717/1821/139 1716/1818/139
f 441/1801/139 440/1793/139 1718/1823/139 1717/1821/139
f 283/1851/139 1715/1817/139 1719/1820/139 284/1852/139
f 284/1852/139 1719/1820/139 1723/1826/139 285/1853/139
f 285/1853/139 1723/1826/139 1706/1811/139 286/1847/139
f 1/1738/139 185/1854/139 1727/1829/139 437/1790/139
f 185/1854/139 186/1855/139 1728/1830/139 1727/1829/139
f 186/1855/139 187/1856/139 1729/1833/139 1728/1830/139
f 187/1856/139 188/1850/139 1730/1835/139 1729/1833/139
f 437/1790/139 1727/1829/139 1731/1832/139 438/1791/139
f 438/1791/139 1731/1832/139 1735/1838/139 439/1792/139
f 439/1792/139 1735/1838/139 1718/1823/139 440/1793/139
f 1740/1857/139 1741/1858/139 1745/1859/139 1744/1860/139
f 1741/1858/139 1742/1861/139 1746/1862/139 1745/1859/139
f 1742/1861/139 1743/1863/139 1747/1864/139 1746/1862/139
f 1744/1860/139 1745/1859/139 1749/1865/139 1748/1866/139
f 1745/1859/139 1746/1862/139 1750/1867/139 1749/1865/139
f 1746/1862/139 1747/1864/139 1751/1868/139 1750/1867/139
f 1752/1869/139 1753/1870/139 1757/1871/139 1756/1872/139
f 1753/1870/139 1754/1873/139 1758/1874/139 1757/1871/139
f 1754/1873/139 1755/1875/139 1759/1876/139 1758/1874/139
f 1756/1872/139 1757/1871/139 1761/1877/139 1760/1878/139
f 1757/1871/139 1758/1874/139 1762/1879/139 1761/1877/139
f 1758/1874/139 1759/1876/139 1763/1880/139 1762/1879/139
f 1764/1881/139 1765/1882/139 1769/1883/139 1768/1884/139
f 1765/1882/139 1766/1885/139 1770/1886/139 1769/1883/139
f 1766/1885/139 1767/1887/139 1771/1888/139 1770/1886/139
f 1768/1884/139 1769/1883/139 1773/1889/139 1772/1890/139
f 1769/1883/139 1770/1886/139 1774/1891/139 1773/1889/139
f 1770/1886/139 1771/1888/139 1775/1892/139 1774/1891/139
f 1760/1878/139 1761/1877/139 1747/1864/139 1743/1863/139
f 1761/1877/139 1762/1879/139 1751/1868/139 1747/1864/139
f 1772/1890/139 1773/1889/139 1759/1876/139 1755/1875/139
f 1773/1889/139 1774/1891/139 1763/1880/139 1759/1876/139
f 1748/1866/139 1749/1865/139 1771/1888/139 1767/1887/139
f 1749/1865/139 1750/1867/139 1775/1892/139 1771/1888/139
f 1750/1867/139 1751/1868/139 1739/1893/139 1775/1892/139
f 1762/1879/139 1763/1880/139 1739/1893/139 1751/1868/139
f 1774/1891/139 1775/1892/139 1739/1893/139 1763/1880/139
f 17/1794/139 283/1851/139 1740/1857/139 184/1894/139
f 283/1851/139 284/1852/139 1741/1858/139 1740/1857/139
f 284/1852/139 285/1853/139 1742/1861/139 1741/1858/139
f 285/1853/139 286/1847/139 1743/1863/139 1742/1861/139
f 184/1894/139 1740/1857/139 1744/1860/139 183/1895/139
f 183/1895/139 1744/1860/139 1748/1866/139 182/1896/139
f 182/1896/139 1748/1866/139 1767/1887/139 181/1897/139
f 3/1842/139 311/1898/139 1752/1869/139 289/1843/139
f 311/1898/139 312/1899/139 1753/1870/139 1752/1869/139
f 312/1899/139 313/1900/139 1754/1873/139 1753/1870/139
f 313/1900/139 314/1901/139 1755/1875/139 1754/1873/139
f 289/1843/139 1752/1869/139 1756/1872/139 288/1845/139
f 288/1845/139 1756/1872/139 1760/1878/139 287/1846/139
f 287/1846/139 1760/1878/139 1743/1863/139 286/1847/139
f 16/1902/139 178/1903/139 1764/1881/139 317/1904/139
f 178/1903/139 179/1905/139 1765/1882/139 1764/1881/139
f 179/1905/139 180/1906/139 1766/1885/139 1765/1882/139
f 180/1906/139 181/1897/139 1767/1887/139 1766/1885/139
f 317/1904/139 1764/1881/139 1768/1884/139 316/1907/139
f 316/1907/139 1768/1884/139 1772/1890/139 315/1908/139
f 315/1908/139 1772/1890/139 1755/1875/139 314/1901/139
f 1777/1909/139 1778/1910/139 1782/1911/139 1781/1912/139
f 1778/1910/139 1779/1913/139 1783/1914/139 1782/1911/139
f 1779/1913/139 1780/1915/139 1784/1916/139 1783/1914/139
f 1781/1912/139 1782/1911/139 1786/1917/139 1785/1918/139
f 1782/1911/139 1783/1914/139 1787/1919/139 1786/1917/139
f 1783/1914/139 1784/1916/139 1788/1920/139 1787/1919/139
f 1789/1921/139 1790/1922/139 1794/1923/139 1793/1924/139
f 1790/1922/139 1791/1925/139 1795/1926/139 1794/1923/139
f 1791/1925/139 1792/1927/139 1796/1928/139 1795/1926/139
f 1793/1924/139 1794/1923/139 1798/1929/139 1797/1930/139
f 1794/1923/139 1795/1926/139 1799/1931/139 1798/1929/139
f 1795/1926/139 1796/1928/139 1800/1932/139 1799/1931/139
f 1801/1933/139 1802/1934/139 1806/1935/139 1805/1936/139
f 1802/1934/139 1803/1937/139 1807/1938/139 1806/1935/139
f 1803/1937/139 1804/1939/139 1808/1940/139 1807/1938/139
f 1805/1936/139 1806/1935/139 1810/1941/139 1809/1942/139
f 1806/1935/139 1807/1938/139 1811/1943/139 1810/1941/139
f 1807/1938/139 1808/1940/139 1812/1944/139 1811/1943/139
f 1797/1930/139 1798/1929/139 1784/1916/139 1780/1915/139
f 1798/1929/139 1799/1931/139 1788/1920/139 1784/1916/139
f 1809/1942/139 1810/1941/139 1796/1928/139 1792/1927/139
f 1810/1941/139 1811/1943/139 1800/1932/139 1796/1928/139
f 1785/1918/139 1786/1917/139 1808/1940/139 1804/1939/139
f 1786/1917/139 1787/1919/139 1812/1944/139 1808/1940/139
f 1787/1919/139 1788/1920/139 1776/1945/139 1812/1944/139
f 1799/1931/139 1800/1932/139 1776/1945/139 1788/1920/139
f 1811/1943/139 1812/1944/139 1776/1945/139 1800/1932/139
f 18/1946/139 394/1947/139 1777/1909/139 296/1948/139
f 394/1947/139 393/1949/139 1778/1910/139 1777/1909/139
f 393/1949/139 392/1950/139 1779/1913/139 1778/1910/139
f 392/1950/139 391/1951/139 1780/1915/139 1779/1913/139
f 296/1948/139 1777/1909/139 1781/1912/139 295/1952/139
f 295/1952/139 1781/1912/139 1785/1918/139 294/1953/139
f 294/1953/139 1785/1918/139 1804/1939/139 293/1954/139
f 10/1686/139 381/1802/139 1789/1921/139 388/1955/139
f 381/1802/139 382/1803/139 1790/1922/139 1789/1921/139
f 382/1803/139 383/1804/139 1791/1925/139 1790/1922/139
f 383/1804/139 384/1799/139 1792/1927/139 1791/1925/139
f 388/1955/139 1789/1921/139 1793/1924/139 389/1956/139
f 389/1956/139 1793/1924/139 1797/1930/139 390/1957/139
f 390/1957/139 1797/1930/139 1780/1915/139 391/1951/139
f 17/1794/139 290/1958/139 1801/1933/139 387/1795/139
f 290/1958/139 291/1959/139 1802/1934/139 1801/1933/139
f 291/1959/139 292/1960/139 1803/1937/139 1802/1934/139
f 292/1960/139 293/1954/139 1804/1939/139 1803/1937/139
f 387/1795/139 1801/1933/139 1805/1936/139 386/1797/139
f 386/1797/139 1805/1936/139 1809/1942/139 385/1798/139
f 385/1798/139 1809/1942/139 1792/1927/139 384/1799/139
f 1814/1961/139 1815/1962/139 1819/1963/139 1818/1964/139
f 1815/1962/139 1816/1965/139 1820/1966/139 1819/1963/139
f 1816/1965/139 1817/1967/139 1821/1968/139 1820/1966/139
f 1818/1964/139 1819/1963/139 1823/1969/139 1822/1970/139
f 1819/1963/139 1820/1966/139 1824/1971/139 1823/1969/139
f 1820/1966/139 1821/1968/139 1825/1972/139 1824/1971/139
f 1826/1973/139 1827/1974/139 1831/1975/139 1830/1976/139
f 1827/1974/139 1828/1977/139 1832/1978/139 1831/1975/139
f 1828/1977/139 1829/1979/139 1833/1980/139 1832/1978/139
f 1830/1976/139 1831/1975/139 1835/1981/139 1834/1982/139
f 1831/1975/139 1832/1978/139 1836/1983/139 1835/1981/139
f 1832/1978/139 1833/1980/139 1837/1984/139 1836/1983/139
f 1838/1985/139 1839/1986/139 1843/1987/139 1842/1988/139
f 1839/1986/139 1840/1989/139 1844/1990/139 1843/1987/139
f 1840/1989/139 1841/1991/139 1845/1992/139 1844/1990/139
f 1842/1988/139 1843/1987/139 1847/1993/139 1846/1994/139
f 1843/1987/139 1844/1990/139 1848/1995/139 1847/1993/139
f 1844/1990/139 1845/1992/139 1849/1996/139 1848/1995/139
f 1834/1982/139 1835/1981/139 1821/1968/139 1817/1967/139
f 1835/1981/139 1836/1983/139 1825/1972/139 1821/1968/139
f 1846/1994/139 1847/1993/139 1833/1980/139 1829/1979/139
f 1847/1993/139 1848/1995/139 1837/1984/139 1833/1980/139
f 1822/1970/139 1823/1969/139 1845/1992/139 1841/1991/139
f 1823/1969/139 1824/1971/139 1849/1996/139 1845/1992/139
f 1824/1971/139 1825/1972/139 1813/1997/139 1849/1996/139
f 1836/1983/139 1837/1984/139 1813/1997/139 1825/1972/139
f 1848/1995/139 1849/1996/139 1813/1997/139 1837/1984/139
f 17/1794/139 282/1998/139 1814/1961/139 290/1958/139
f 282/1998/139 281/1999/139 1815/1962/139 1814/1961/139
f 281/1999/139 280/2000/139 1816/1965/139 1815/1962/139
f 280/2000/139 279/2001/139 1817/1967/139 1816/1965/139
f 290/1958/139 1814/1961/139 1818/1964/139 291/1959/139
f 291/1959/139 1818/1964/139 1822/1970/139 292/1960/139
f 292/1960/139 1822/1970/139 1841/1991/139 293/1954/139
f 23/2002/139 352/2003/139 1826/1973/139 276/2004/139
f 352/2003/139 351/2005/139 1827/1974/139 1826/1973/139
f 351/2005/139 350/2006/139 1828/1977/139 1827/1974/139
f 350/2006/139 349/2007/139 1829/1979/139 1828/1977/139
f 276/2004/139 1826/1973/139 1830/1976/139 277/2008/139
f 277/2008/139 1830/1976/139 1834/1982/139 278/2009/139
f 278/2009/139 1834/1982/139 1817/1967/139 279/2001/139
f 18/1946/139 296/1948/139 1838/1985/139 346/2010/139
f 296/1948/139 295/1952/139 1839/1986/139 1838/1985/139
f 295/1952/139 294/1953/139 1840/1989/139 1839/1986/139
f 294/1953/139 293/1954/139 1841/1991/139 1840/1989/139
f 346/2010/139 1838/1985/139 1842/1988/139 347/2011/139
f 347/2011/139 1842/1988/139 1846/1994/139 348/2012/139
f 348/2012/139 1846/1994/139 1829/1979/139 349/2007/139
