# Blender 5.2.0 LTS
# www.blender.org
mtllib prime vandal mag.mtl
o GN_AK_Magazine_Hypebeast_Staticmesh_mo
v -0.109262 0.333104 -0.000607 0.4201 0.4209 0.4387
v -0.109243 0.390365 -0.000607 0.9361 0.9369 0.9394
v -0.109263 0.333513 0.030289 0.2985 0.3056 0.3230
v -0.109243 0.390774 0.030117 0.5471 0.5632 0.5796
v -0.124710 0.390570 0.030117 0.9255 0.9288 0.9348
v -0.130098 0.390217 -0.000607 0.9507 0.9508 0.9519
v -0.109262 0.333513 -0.031503 0.3002 0.3057 0.3202
v -0.109242 0.390774 -0.031330 0.5434 0.5600 0.5749
v -0.124709 0.390570 -0.031330 0.8776 0.8779 0.8807
v -0.125917 0.406179 0.030117 0.9399 0.9426 0.9523
v -0.120410 0.406271 0.037864 0.9568 0.9617 0.9686
v -0.109223 0.406317 0.029944 0.9494 0.9466 0.9494
v -0.108467 0.406065 0.051540 0.9553 0.9588 0.9651
v -0.068632 0.406065 0.030118 0.9372 0.9378 0.9390
v -0.068429 0.406065 0.051541 0.9169 0.9265 0.9500
v -0.059103 0.406065 0.039589 0.9068 0.9074 0.9068
v -0.051840 0.414892 0.050385 0.9505 0.9513 0.9624
v -0.047216 0.414892 0.038433 0.8844 0.8832 0.8864
v -0.035252 0.429557 0.042312 0.9354 0.9371 0.9510
v -0.032722 0.425200 0.032923 0.8891 0.8956 0.9009
v -0.015744 0.437916 0.028923 0.9356 0.9428 0.9520
v -0.015993 0.432232 0.022520 0.9066 0.9065 0.9162
v 0.103360 0.437916 0.028926 0.9410 0.9451 0.9529
v 0.114444 0.432232 0.021578 0.9088 0.9132 0.9312
v -0.259554 -0.433446 -0.000609 0.5657 0.6054 0.6541
v -0.262264 -0.429244 0.024977 0.4726 0.4884 0.5465
v -0.270346 -0.441108 -0.000610 1.0000 0.8157 0.3694
v -0.273056 -0.436906 0.024974 1.0000 0.8232 0.3787
v -0.275328 -0.411346 0.051505 0.7687 0.6561 0.4062
v -0.285844 -0.418831 0.051503 1.0000 0.8264 0.4055
v -0.344238 -0.336853 0.051501 1.0000 0.8218 0.3730
v -0.336109 -0.326207 0.051504 0.5107 0.5181 0.4999
v -0.423808 -0.224141 0.054184 1.0000 0.8287 0.3900
v -0.414469 -0.217641 0.054186 0.4943 0.4459 0.2646
v -0.318206 -0.373402 -0.000610 1.0000 0.7488 0.1673
v -0.334582 -0.350421 0.022298 0.9931 0.6824 0.1210
v -0.349942 -0.328879 0.022298 0.9669 0.5837 0.0661
v -0.413447 -0.239425 -0.000612 0.9686 0.5503 0.0408
v -0.349941 -0.328879 -0.000611 0.9673 0.5677 0.0284
v -0.413447 -0.239425 0.022297 0.9658 0.5825 0.0621
v -0.430763 -0.218886 0.024316 0.9997 0.8353 0.3896
v -0.419971 -0.211223 0.024319 0.5096 0.4872 0.3230
v -0.419957 -0.211284 -0.000612 0.7821 0.6819 0.3441
v -0.446529 -0.231949 -0.000613 1.0000 0.8243 0.3754
v -0.443708 -0.252918 0.022297 1.0000 0.8379 0.3620
v -0.454393 -0.249008 -0.000613 1.0000 0.8274 0.3835
v -0.455969 -0.269553 -0.000613 1.0000 0.8157 0.3647
v -0.443694 -0.269675 0.022297 1.0000 0.8345 0.3828
v -0.440382 -0.283880 0.022297 1.0000 0.8384 0.4020
v -0.452072 -0.285764 -0.000613 1.0000 0.8094 0.3647
v -0.437162 -0.289873 0.022297 1.0000 0.8355 0.3984
v -0.445340 -0.297852 -0.000613 1.0000 0.8117 0.3864
v -0.435773 -0.307563 -0.000613 1.0000 0.8087 0.3724
v -0.427589 -0.299644 0.022297 1.0000 0.8232 0.3843
v -0.419621 -0.292013 0.022297 0.9985 0.8032 0.3229
v -0.419634 -0.292005 -0.000612 0.9686 0.6315 0.0941
v -0.428991 -0.282042 0.022297 0.9904 0.7997 0.3500
v -0.428994 -0.281981 -0.000612 0.9686 0.6099 0.0866
v -0.432457 -0.269374 0.022297 1.0000 0.7972 0.3161
v -0.432457 -0.269286 -0.000613 0.9686 0.6031 0.0817
v -0.430900 -0.257390 0.022297 0.9985 0.7966 0.3215
v -0.430900 -0.257390 -0.000613 0.9686 0.5843 0.0627
v 0.114444 0.425200 0.031982 0.8652 0.8781 0.9144
v 0.114444 0.414892 0.037673 0.8502 0.8627 0.9050
v 0.109083 0.406065 0.038991 0.7268 0.7313 0.7535
v 0.114444 0.406065 0.039009 0.8570 0.8703 0.9047
v 0.097161 0.333261 0.038991 0.3842 0.3857 0.4095
v -0.059103 0.333261 0.039589 0.2986 0.3054 0.3193
v -0.068671 0.333261 0.030463 0.4610 0.4602 0.4760
v 0.103360 0.429557 0.042314 0.8662 0.8805 0.9260
v 0.103360 0.414892 0.050388 0.8644 0.8839 0.9281
v 0.103360 0.406065 0.051544 0.8620 0.8778 0.9248
v 0.102697 0.384880 0.047420 0.7311 0.7511 0.8143
v -0.068465 0.385046 0.050850 0.8392 0.8588 0.7098
v 0.096921 0.319545 0.050385 0.7737 0.7952 0.8583
v -0.109210 0.385046 0.050849 0.6168 0.6002 0.4976
v -0.074833 0.310487 0.050240 0.7841 0.7524 0.5101
v 0.090208 0.241297 0.043804 0.7195 0.7408 0.8107
v -0.084787 0.369231 0.050850 1.0000 0.7960 0.2078
v -0.110180 0.369610 0.050849 1.0000 0.8324 0.3877
v -0.107050 0.365719 0.047820 0.9761 0.7046 0.1546
v -0.109730 0.332906 0.047820 1.0000 0.8325 0.3166
v -0.089534 0.322654 0.050848 1.0000 0.8059 0.2157
v -0.118615 0.263349 0.047820 1.0000 0.8269 0.2933
v -0.105129 0.228664 0.050827 0.9686 0.7677 0.2235
v -0.133983 0.189611 0.047820 0.9935 0.7909 0.2090
v -0.113798 0.196458 0.050829 1.0000 0.7960 0.2039
v -0.135308 0.183897 0.053328 1.0000 0.8398 0.3885
v -0.094358 0.219894 0.054436 0.0867 0.0871 0.0756
v -0.105876 0.167412 0.056716 0.8617 0.8625 0.8938
v -0.143058 0.159524 0.054342 0.6768 0.6497 0.4555
v -0.090051 0.219165 0.060786 0.8196 0.8353 0.8627
v 0.081513 0.187980 0.051441 0.7641 0.7846 0.8434
v 0.065582 0.113505 0.062404 0.8006 0.8193 0.8645
v 0.051854 0.066944 0.058684 0.8392 0.8431 0.8706
v 0.028789 0.004155 0.055727 0.7956 0.8012 0.8286
v -0.170791 0.089356 0.053531 0.8254 0.8352 0.8699
v 0.002064 -0.057878 0.053251 0.7772 0.7822 0.8220
v -0.188142 0.048802 0.053275 0.8257 0.8355 0.8706
v -0.031543 -0.121857 0.051383 0.7505 0.7604 0.8040
v -0.209129 0.006768 0.053275 0.8360 0.8400 0.8675
v -0.234314 -0.034334 0.053274 0.8148 0.8293 0.8627
v -0.068020 -0.183439 0.050053 0.7334 0.7492 0.7975
v -0.266277 -0.079923 0.053273 0.7876 0.8010 0.8366
v -0.108749 -0.238005 0.049827 0.6969 0.7143 0.7848
v -0.148028 -0.281534 0.050087 0.6642 0.6819 0.7538
v -0.302507 -0.123113 0.053848 0.7829 0.7993 0.8456
v -0.184249 -0.321320 0.050086 0.6482 0.6682 0.7456
v -0.333524 -0.156646 0.055378 0.7737 0.7804 0.8392
v -0.223119 -0.361267 0.050085 0.5932 0.6220 0.7226
v -0.370966 -0.195018 0.058424 0.7729 0.7849 0.8369
v 0.109935 0.406065 -0.000602 0.9160 0.9196 0.9213
v 0.125029 0.406065 0.027658 0.9218 0.9227 0.9407
v 0.125029 0.406065 -0.000602 0.8892 0.8848 0.8943
v -0.068717 0.333261 -0.000606 0.6471 0.6529 0.6785
v 0.097522 0.333261 -0.000603 0.3621 0.3718 0.3954
v -0.336107 -0.326207 -0.052726 0.6259 0.6271 0.5144
v -0.423806 -0.224141 -0.055408 1.0000 0.8319 0.3930
v -0.414467 -0.217641 -0.055411 0.6049 0.6000 0.5551
v -0.344236 -0.336853 -0.052723 1.0000 0.8218 0.3825
v -0.275326 -0.411346 -0.052725 0.7064 0.6215 0.4680
v -0.285842 -0.418831 -0.052722 1.0000 0.8133 0.3403
v -0.273055 -0.436906 -0.026193 1.0000 0.8117 0.3232
v -0.262263 -0.429244 -0.026196 0.7261 0.7315 0.6970
v -0.334581 -0.350421 -0.023520 0.9952 0.6854 0.1217
v -0.349941 -0.328879 -0.023520 0.9691 0.5870 0.0741
v -0.413446 -0.239425 -0.023521 0.9649 0.5812 0.0612
v -0.430762 -0.218886 -0.025541 0.9989 0.8327 0.3856
v -0.419970 -0.211223 -0.025543 0.4660 0.4606 0.3269
v -0.443707 -0.252918 -0.023522 1.0000 0.8349 0.3539
v -0.443694 -0.269675 -0.023522 1.0000 0.8371 0.3931
v -0.440381 -0.283880 -0.023522 1.0000 0.8355 0.3959
v -0.437161 -0.289873 -0.023522 1.0000 0.8371 0.4008
v -0.427588 -0.299644 -0.023522 1.0000 0.8257 0.3898
v -0.430899 -0.257390 -0.023522 1.0000 0.8032 0.3283
v -0.432457 -0.269374 -0.023522 1.0000 0.8164 0.3813
v -0.428990 -0.282042 -0.023522 0.9856 0.8006 0.3599
v -0.419620 -0.292013 -0.023522 0.9878 0.7862 0.3250
v -0.125916 0.406179 -0.031330 0.9235 0.9253 0.9374
v -0.109222 0.406317 -0.031157 0.9493 0.9465 0.9493
v -0.120409 0.406271 -0.039078 0.9223 0.9219 0.9316
v -0.108465 0.406065 -0.052753 0.9424 0.9464 0.9541
v -0.068631 0.406065 -0.031329 0.9372 0.9378 0.9389
v -0.068427 0.406065 -0.052753 0.9235 0.9321 0.9521
v -0.059101 0.406065 -0.040800 0.8838 0.8815 0.8848
v -0.051839 0.414892 -0.051596 0.9592 0.9580 0.9686
v -0.047214 0.414892 -0.039644 0.8807 0.8796 0.8840
v -0.035250 0.429557 -0.043522 0.9426 0.9445 0.9541
v -0.032721 0.425200 -0.034133 0.8888 0.8953 0.9005
v -0.015742 0.437916 -0.030133 0.9361 0.9432 0.9529
v -0.015992 0.432232 -0.023729 0.9066 0.9066 0.9162
v 0.103361 0.437916 -0.030131 0.9477 0.9520 0.9608
v 0.114445 0.432232 -0.022783 0.9344 0.9288 0.9408
v 0.114445 0.425200 -0.033186 0.9178 0.9204 0.9480
v 0.114445 0.414892 -0.038878 0.8917 0.9001 0.9262
v 0.109084 0.406065 -0.040196 0.7266 0.7311 0.7533
v 0.114445 0.406065 -0.040214 0.8909 0.8928 0.9224
v 0.097163 0.333261 -0.040197 0.3851 0.3865 0.4104
v -0.059101 0.333261 -0.040800 0.3147 0.3231 0.3376
v -0.068670 0.333261 -0.031674 0.4608 0.4634 0.4793
v 0.103361 0.429557 -0.043519 0.9058 0.9120 0.9442
v 0.103361 0.414892 -0.051593 0.9114 0.9167 0.9473
v 0.103361 0.406065 -0.052750 0.9057 0.9142 0.9356
v 0.102699 0.384880 -0.048625 0.7736 0.7860 0.8333
v -0.068463 0.385046 -0.052062 0.8392 0.8588 0.7098
v 0.096923 0.319545 -0.051591 0.8321 0.8474 0.8776
v -0.109209 0.385046 -0.052062 0.7203 0.7054 0.5830
v -0.074831 0.310487 -0.051452 0.5072 0.4762 0.3189
v 0.090209 0.241297 -0.045010 0.8283 0.8418 0.8769
v -0.084785 0.369231 -0.052062 1.0000 0.7960 0.2078
v -0.110178 0.369610 -0.052062 0.9630 0.7996 0.4001
v -0.107048 0.365719 -0.049033 0.9163 0.6610 0.1748
v -0.109728 0.332906 -0.049033 1.0000 0.8302 0.3340
v -0.089532 0.322654 -0.052060 1.0000 0.8059 0.2157
v -0.118613 0.263349 -0.049033 1.0000 0.8232 0.2743
v -0.105127 0.228664 -0.052040 0.9686 0.7686 0.2235
v -0.133981 0.189611 -0.049034 0.9980 0.7952 0.2143
v -0.113796 0.196458 -0.052042 1.0000 0.7960 0.2039
v -0.135306 0.183897 -0.054542 1.0000 0.8361 0.3483
v -0.094356 0.219894 -0.055649 0.5219 0.4809 0.1165
v -0.105874 0.167412 -0.057929 0.8775 0.8805 0.9089
v -0.143056 0.159524 -0.055556 0.6807 0.6443 0.4292
v -0.090049 0.219165 -0.061998 0.8196 0.8353 0.8627
v 0.081514 0.187980 -0.052647 0.8643 0.8733 0.8976
v 0.065584 0.113505 -0.063610 0.7929 0.8053 0.8483
v 0.051857 0.066944 -0.059891 0.8086 0.8190 0.8473
v 0.028791 0.004155 -0.056935 0.7806 0.7883 0.8177
v -0.170789 0.089356 -0.054746 0.8245 0.8306 0.8706
v 0.002066 -0.057878 -0.054460 0.7548 0.7675 0.8143
v -0.188140 0.048802 -0.054491 0.8159 0.8315 0.8706
v -0.031541 -0.121857 -0.052594 0.7313 0.7458 0.7858
v -0.209127 0.006768 -0.054491 0.8149 0.8264 0.8619
v -0.234312 -0.034334 -0.054492 0.8137 0.8196 0.8583
v -0.068018 -0.183439 -0.051265 0.7110 0.7266 0.7793
v -0.266275 -0.079923 -0.054492 0.7881 0.8016 0.8438
v -0.108747 -0.238005 -0.051041 0.6752 0.6949 0.7620
v -0.148026 -0.281534 -0.051301 0.6453 0.6668 0.7432
v -0.302505 -0.123113 -0.055069 0.7730 0.7905 0.8411
v -0.184247 -0.321320 -0.051302 0.6209 0.6428 0.7262
v -0.333522 -0.156646 -0.056599 0.7621 0.7715 0.8295
v -0.223117 -0.361267 -0.051303 0.5750 0.6048 0.7043
v -0.370964 -0.195018 -0.059647 0.7514 0.7690 0.8175
v 0.125030 0.406065 -0.028863 0.9367 0.9375 0.9501
v 0.113976 0.381994 0.036779 0.7333 0.7451 0.8078
v 0.113463 0.314825 0.032374 0.6995 0.7172 0.7622
v 0.137575 0.375957 0.014515 0.9529 0.9529 0.9686
v 0.122723 0.331130 0.023666 0.9307 0.9183 0.9339
v 0.104308 0.236862 0.024904 0.8019 0.8078 0.8392
v 0.118085 0.315062 -0.000602 0.7338 0.7407 0.7726
v 0.124092 0.327827 -0.000602 0.7764 0.7843 0.8196
v 0.137575 0.377060 -0.000602 0.9490 0.9411 0.9568
v 0.137576 0.375957 -0.015719 0.9538 0.9538 0.9686
v 0.122724 0.331130 -0.024871 0.9147 0.9160 0.9301
v 0.113977 0.381994 -0.037984 0.8019 0.8117 0.8451
v 0.113465 0.314825 -0.033579 0.7418 0.7544 0.7906
v 0.104309 0.236862 -0.026109 0.7960 0.8039 0.8392
v 0.109002 0.237887 -0.000603 0.7960 0.8039 0.8392
v 0.096287 0.183754 -0.026114 0.7964 0.7999 0.8392
v 0.100859 0.182788 -0.000603 0.7960 0.8000 0.8392
v 0.083080 0.121741 -0.026165 0.7764 0.7960 0.8274
v 0.096286 0.183754 0.024908 0.7960 0.8000 0.8392
v 0.066837 0.061195 -0.026110 0.7764 0.7884 0.8388
v 0.083079 0.121741 0.024959 0.7840 0.7960 0.8274
v 0.087708 0.120483 -0.000603 0.7843 0.7960 0.8337
v 0.066836 0.061195 0.024903 0.7764 0.7921 0.8333
v 0.071376 0.059534 -0.000603 0.7764 0.7921 0.8274
v 0.043326 -0.003203 0.024903 0.7706 0.7705 0.8078
v 0.043327 -0.003203 -0.026110 0.7602 0.7735 0.8078
v 0.047732 -0.005342 -0.000604 0.7701 0.7651 0.8078
v 0.016261 -0.066585 0.024902 0.7412 0.7451 0.8078
v 0.016262 -0.066585 -0.026110 0.7412 0.7490 0.7960
v 0.020361 -0.069129 -0.000604 0.7412 0.7493 0.8023
v -0.017590 -0.131467 0.024901 0.7098 0.7266 0.7764
v -0.017589 -0.131467 -0.026111 0.7098 0.7255 0.7764
v -0.013763 -0.134308 -0.000605 0.7098 0.7216 0.7764
v -0.054678 -0.194299 0.025206 0.6952 0.7070 0.7604
v -0.054677 -0.194299 -0.026417 0.6922 0.7039 0.7559
v -0.052408 -0.199961 -0.000606 0.6785 0.6981 0.7473
v -0.095212 -0.252653 0.026038 0.6550 0.6755 0.7412
v -0.095211 -0.252653 -0.027251 0.6471 0.6667 0.7412
v -0.091966 -0.257021 -0.000606 0.6471 0.6625 0.7375
v -0.133785 -0.298139 0.025090 0.6178 0.6412 0.7216
v -0.133784 -0.298139 -0.026304 0.6236 0.6432 0.7216
v -0.130023 -0.301992 -0.000607 0.6118 0.6403 0.7098
v -0.171967 -0.337684 0.025118 0.5804 0.6039 0.6980
v -0.168790 -0.343669 -0.000608 0.5804 0.6039 0.6902
v -0.171966 -0.337684 -0.026333 0.5804 0.6118 0.6980
v -0.211966 -0.387038 -0.000608 0.5059 0.5451 0.6667
v -0.213385 -0.379951 -0.026131 0.5490 0.5764 0.6785
v -0.213386 -0.379951 0.024914 0.5176 0.5569 0.6667
v -0.125835 0.370121 -0.020901 0.9686 0.8117 0.4196
v -0.130275 0.370206 -0.000607 1.0000 0.8274 0.4196
v -0.122688 0.366225 -0.018893 0.9521 0.6502 0.1294
v -0.125258 0.335051 -0.018893 1.0000 0.8112 0.2235
v -0.127125 0.366308 -0.000607 0.9742 0.6734 0.1387
v -0.135612 0.265755 -0.019245 1.0000 0.8117 0.2235
v -0.129677 0.335405 -0.000607 1.0000 0.8117 0.2235
v -0.138616 0.266563 -0.000607 1.0000 0.8117 0.2235
v -0.152147 0.184052 -0.021109 1.0000 0.7820 0.1922
v -0.122688 0.366225 0.017680 0.9466 0.6384 0.1294
v -0.156485 0.183239 -0.000607 1.0000 0.7860 0.2066
v -0.157772 0.176510 -0.022870 1.0000 0.8198 0.2806
v -0.162655 0.174846 -0.000608 1.0000 0.8260 0.3018
v -0.166824 0.151007 -0.022174 0.1306 0.1181 0.0535
v -0.187224 0.098662 -0.022533 0.8196 0.8274 0.8627
v -0.169702 0.149729 -0.000608 0.4969 0.4889 0.4969
v -0.204756 0.058210 -0.022115 0.8196 0.8274 0.8627
v -0.189825 0.100134 -0.000608 0.8196 0.8274 0.8627
v -0.207360 0.059685 -0.000608 0.8196 0.8274 0.8627
v -0.224492 0.018030 -0.022546 0.8078 0.8274 0.8706
v -0.227143 0.019966 -0.000609 0.8078 0.8199 0.8706
v -0.249880 -0.022923 -0.022116 0.8078 0.8118 0.8392
v -0.252323 -0.021140 -0.000609 0.8078 0.8117 0.8392
v -0.280361 -0.066248 -0.022116 0.7764 0.7960 0.8392
v -0.282569 -0.064104 -0.000610 0.7843 0.8000 0.8392
v -0.315349 -0.108311 -0.022356 0.7764 0.7960 0.8392
v -0.317458 -0.105869 -0.000610 0.7764 0.7960 0.8392
v -0.346417 -0.141799 -0.022235 0.7647 0.7804 0.8274
v -0.383662 -0.180074 -0.022406 0.7373 0.7549 0.8139
v -0.348441 -0.139455 -0.000611 0.7586 0.7804 0.8382
v -0.385652 -0.177700 -0.000612 0.7412 0.7469 0.8078
v -0.383663 -0.180074 0.021182 0.7333 0.7451 0.8078
v -0.346418 -0.141799 0.021013 0.7647 0.7804 0.8274
v -0.315350 -0.108311 0.021136 0.7764 0.7902 0.8392
v -0.280362 -0.066248 0.020897 0.7843 0.8000 0.8392
v -0.249880 -0.022923 0.020898 0.8078 0.8117 0.8392
v -0.224493 0.018030 0.021329 0.8078 0.8274 0.8706
v -0.204757 0.058210 0.020898 0.8196 0.8274 0.8627
v -0.187225 0.098662 0.021317 0.8196 0.8274 0.8627
v -0.166825 0.151007 0.020959 0.5145 0.4821 0.3143
v -0.157772 0.176510 0.021655 1.0000 0.8353 0.3549
v -0.152147 0.184052 0.019894 1.0000 0.7819 0.1967
v -0.135612 0.265755 0.018031 1.0000 0.8117 0.2235
v -0.125258 0.335051 0.017680 1.0000 0.8078 0.2235
v -0.125836 0.370121 0.019687 1.0000 0.8254 0.4033
v -0.109262 0.333206 0.007117 0.4184 0.4208 0.4387
v -0.109262 0.333308 0.014841 0.4165 0.4143 0.4275
v -0.109263 0.333411 0.022565 0.3600 0.3647 0.3833
v -0.109257 0.347419 -0.000607 0.5715 0.5793 0.6039
v -0.109252 0.361734 -0.000607 0.5686 0.5807 0.6042
v -0.109247 0.376050 -0.000607 0.6357 0.6396 0.6670
v -0.109248 0.376152 0.007117 0.6365 0.6404 0.6678
v -0.109253 0.361939 0.014841 0.5707 0.5788 0.6021
v -0.109258 0.347726 0.022565 0.5090 0.5205 0.5413
v -0.109258 0.347828 0.030246 0.3730 0.3795 0.4003
v -0.109253 0.362144 0.030203 0.3871 0.3938 0.4155
v -0.109248 0.376459 0.030160 0.3975 0.3995 0.4106
v -0.109243 0.390467 0.007074 0.9474 0.9462 0.9474
v -0.109243 0.390570 0.014755 0.9134 0.9121 0.9134
v -0.109243 0.390672 0.022436 0.8054 0.8080 0.8210
v -0.126057 0.390482 0.022436 0.9305 0.9332 0.9305
v -0.127404 0.390393 0.014755 0.9369 0.9382 0.9401
v -0.128751 0.390305 0.007074 0.9380 0.9371 0.9397
v -0.109257 0.347828 -0.031459 0.3734 0.3804 0.4008
v -0.109252 0.362144 -0.031416 0.3871 0.3938 0.4155
v -0.109247 0.376459 -0.031373 0.3944 0.3985 0.4166
v -0.121744 0.406214 0.030073 0.9465 0.9454 0.9570
v -0.117570 0.406248 0.030030 0.9490 0.9453 0.9529
v -0.113397 0.406283 0.029987 0.9490 0.9460 0.9500
v -0.124540 0.406202 0.032053 0.9533 0.9552 0.9640
v -0.123164 0.406225 0.033990 0.9567 0.9569 0.9629
v -0.121787 0.406248 0.035927 0.9530 0.9609 0.9686
v -0.117614 0.406282 0.035884 0.9584 0.9529 0.9686
v -0.114817 0.406294 0.033904 0.9571 0.9493 0.9578
v -0.112020 0.406305 0.031924 0.9568 0.9528 0.9568
v -0.109034 0.406254 0.035343 0.9494 0.9481 0.9505
v -0.108845 0.406191 0.040742 0.9456 0.9456 0.9456
v -0.108656 0.406128 0.046141 0.9538 0.9551 0.9636
v -0.117425 0.406219 0.041283 0.9686 0.9607 0.9686
v -0.114439 0.406168 0.044702 0.9632 0.9607 0.9686
v -0.111453 0.406117 0.048121 0.9585 0.9574 0.9686
v -0.098508 0.406065 0.046185 0.9255 0.9255 0.9488
v -0.088549 0.406065 0.040829 0.8627 0.8745 0.8941
v -0.078591 0.406065 0.035473 0.9366 0.9220 0.9374
v -0.099076 0.406254 0.029988 0.9373 0.9373 0.9433
v -0.088928 0.406191 0.030031 0.9372 0.9401 0.9459
v -0.078780 0.406128 0.030074 0.9372 0.9383 0.9509
v -0.068581 0.406065 0.035473 0.9369 0.9368 0.9371
v -0.068531 0.406065 0.040829 0.8759 0.8798 0.8972
v -0.068480 0.406065 0.046185 0.9013 0.9032 0.9171
v -0.098457 0.406065 0.051541 0.9432 0.9477 0.9619
v -0.088448 0.406065 0.051541 0.9429 0.9487 0.9601
v -0.078439 0.406065 0.051541 0.9442 0.9442 0.9587
v -0.066097 0.406065 0.048553 0.9396 0.9396 0.9416
v -0.063766 0.406065 0.045565 0.8911 0.8837 0.9035
v -0.061434 0.406065 0.042577 0.9057 0.9057 0.9059
v -0.066250 0.406065 0.032485 0.9356 0.9359 0.9356
v -0.063867 0.406065 0.034853 0.9312 0.9312 0.9312
v -0.061485 0.406065 0.037221 0.9268 0.9280 0.9268
v -0.064282 0.408272 0.051252 0.9461 0.9499 0.9572
v -0.060135 0.410479 0.050963 0.9570 0.9573 0.9572
v -0.055988 0.412686 0.050674 0.9437 0.9522 0.9630
v -0.057287 0.408272 0.042288 0.9288 0.9344 0.9403
v -0.055472 0.410479 0.044987 0.9530 0.9451 0.9530
v -0.053656 0.412686 0.047686 0.9529 0.9549 0.9686
v -0.050684 0.414892 0.047397 0.9552 0.9529 0.9677
v -0.049528 0.414892 0.044409 0.9563 0.9488 0.9563
v -0.048372 0.414892 0.041421 0.9381 0.9375 0.9381
v -0.056131 0.408272 0.039300 0.8901 0.8891 0.8967
v -0.053159 0.410479 0.039011 0.9157 0.9128 0.9157
v -0.050187 0.412686 0.038722 0.9006 0.9013 0.9044
v -0.047693 0.418559 0.048367 0.9436 0.9456 0.9542
v -0.043546 0.422225 0.046349 0.9366 0.9356 0.9513
v -0.039399 0.425891 0.044330 0.9294 0.9291 0.9476
v -0.044225 0.418559 0.039403 0.9372 0.9387 0.9372
v -0.041234 0.422225 0.040372 0.9378 0.9414 0.9378
v -0.038243 0.425891 0.041342 0.9568 0.9490 0.9568
v -0.043592 0.417469 0.037056 0.8996 0.8990 0.8996
v -0.039969 0.420046 0.035678 0.8853 0.8859 0.8939
v -0.036345 0.422623 0.034300 0.8898 0.8986 0.9030
v -0.034619 0.428468 0.039964 0.9491 0.9567 0.9568
v -0.033987 0.427379 0.037617 0.9430 0.9468 0.9528
v -0.033354 0.426289 0.035270 0.9372 0.9372 0.9490
v -0.030375 0.431646 0.038965 0.9322 0.9400 0.9541
v -0.025498 0.433736 0.035618 0.9309 0.9318 0.9521
v -0.020621 0.435826 0.032270 0.9399 0.9498 0.9652
v -0.028477 0.428379 0.031923 0.9372 0.9372 0.9372
v -0.024233 0.431558 0.030923 0.9372 0.9412 0.9372
v -0.019988 0.434737 0.029923 0.9495 0.9416 0.9495
v -0.028540 0.426958 0.030322 0.9086 0.9052 0.9140
v -0.024357 0.428716 0.027721 0.8997 0.9012 0.9062
v -0.020175 0.430474 0.025120 0.8997 0.9004 0.9120
v -0.015806 0.436495 0.027322 0.9490 0.9490 0.9490
v -0.015868 0.435074 0.025721 0.9372 0.9372 0.9372
v -0.015931 0.433653 0.024121 0.9336 0.9336 0.9336
v 0.014032 0.437916 0.028924 0.9443 0.9412 0.9485
v 0.043808 0.437916 0.028924 0.9296 0.9325 0.9402
v 0.073584 0.437916 0.028925 0.9422 0.9408 0.9497
v 0.013845 0.433653 0.024121 0.9372 0.9372 0.9372
v 0.043683 0.435074 0.025723 0.9372 0.9392 0.9431
v 0.073522 0.436495 0.027324 0.9490 0.9411 0.9490
v 0.106131 0.436495 0.027089 0.9442 0.9441 0.9543
v 0.108902 0.435074 0.025252 0.9462 0.9426 0.9549
v 0.111673 0.433653 0.023415 0.9468 0.9512 0.9478
v 0.016616 0.432232 0.022284 0.9017 0.9067 0.9106
v 0.049225 0.432232 0.022049 0.9036 0.9068 0.9107
v 0.081835 0.432232 0.021814 0.8958 0.9036 0.9085
v -0.262252 -0.435361 -0.000609 0.9558 0.8927 0.5109
v -0.264950 -0.437277 -0.000609 1.0000 0.7960 0.3112
v -0.267648 -0.439193 -0.000609 1.0000 0.8019 0.3273
v -0.260232 -0.432395 0.005787 0.5041 0.5360 0.6358
v -0.260909 -0.431345 0.012184 0.5383 0.5578 0.6267
v -0.261587 -0.430294 0.018580 0.5125 0.5392 0.6347
v -0.264284 -0.432210 0.018580 0.9111 0.8255 0.5355
v -0.266305 -0.435176 0.012184 1.0000 0.7960 0.2902
v -0.268325 -0.438142 0.005787 1.0000 0.8120 0.3267
v -0.264962 -0.431159 0.024976 0.9101 0.8404 0.5070
v -0.267660 -0.433075 0.024976 1.0000 0.7872 0.2813
v -0.270358 -0.434991 0.024975 1.0000 0.8114 0.3208
v -0.271023 -0.440058 0.005786 1.0000 0.8228 0.3693
v -0.271701 -0.439007 0.012182 1.0000 0.8182 0.3601
v -0.272378 -0.437957 0.018578 1.0000 0.8183 0.3762
v -0.265530 -0.424769 0.031609 0.4786 0.5119 0.5721
v -0.268796 -0.420295 0.038241 0.6641 0.5788 0.3752
v -0.272062 -0.415821 0.044873 0.6141 0.5322 0.3680
v -0.273624 -0.430516 0.031607 1.0000 0.7979 0.2905
v -0.274192 -0.424126 0.038240 1.0000 0.7991 0.3306
v -0.274760 -0.417736 0.044873 1.0000 0.8265 0.3227
v -0.276253 -0.432387 0.031606 1.0000 0.8005 0.2825
v -0.279450 -0.427868 0.038238 1.0000 0.7834 0.2333
v -0.282647 -0.423350 0.044870 1.0000 0.8082 0.3260
v -0.277957 -0.413217 0.051505 1.0000 0.8120 0.3230
v -0.280586 -0.415088 0.051504 1.0000 0.8235 0.3647
v -0.283215 -0.416959 0.051503 1.0000 0.8157 0.3530
v -0.292555 -0.392723 0.051504 1.0000 0.8426 0.3876
v -0.309783 -0.374099 0.051503 1.0000 0.8117 0.3214
v -0.327011 -0.355476 0.051502 1.0000 0.8275 0.3886
v -0.300443 -0.398336 0.051502 1.0000 0.8340 0.4187
v -0.315041 -0.377842 0.051502 1.0000 0.8348 0.4144
v -0.329640 -0.357347 0.051502 1.0000 0.8372 0.4294
v -0.342206 -0.334191 0.051502 1.0000 0.8230 0.3754
v -0.340174 -0.331530 0.051503 1.0000 0.8020 0.2845
v -0.338141 -0.328868 0.051504 1.0000 0.9158 0.4678
v -0.290523 -0.390061 0.051505 0.6847 0.5972 0.3364
v -0.305718 -0.368777 0.051505 0.6852 0.6084 0.4601
v -0.320914 -0.347492 0.051505 0.4879 0.5102 0.5814
v -0.358034 -0.300691 0.052174 0.9686 0.9058 0.5804
v -0.379959 -0.275174 0.052844 1.0000 0.8117 0.3037
v -0.401883 -0.249658 0.053514 1.0000 0.8117 0.3459
v -0.364131 -0.308675 0.052172 1.0000 0.8254 0.3950
v -0.384023 -0.280497 0.052842 1.0000 0.8117 0.2986
v -0.403916 -0.252319 0.053513 1.0000 0.8117 0.3395
v -0.421473 -0.222516 0.054184 1.0000 0.8298 0.3777
v -0.419139 -0.220891 0.054185 1.0000 0.8297 0.3838
v -0.416804 -0.219266 0.054186 1.0000 0.8556 0.3852
v -0.355699 -0.299066 0.052175 0.5331 0.5477 0.5290
v -0.375289 -0.271924 0.052845 0.5991 0.5974 0.5904
v -0.394879 -0.244783 0.053516 0.7577 0.6842 0.5334
v -0.322300 -0.367656 0.005117 1.0000 0.7182 0.1477
v -0.326394 -0.361911 0.010844 1.0000 0.7005 0.1338
v -0.330488 -0.356166 0.016571 1.0000 0.6950 0.1261
v -0.338422 -0.345036 0.022298 0.9572 0.6087 0.0753
v -0.342262 -0.339650 0.022298 0.9524 0.5878 0.0688
v -0.346102 -0.334265 0.022298 0.9627 0.5882 0.0688
v -0.349942 -0.328879 0.016571 0.9786 0.7079 0.2150
v -0.349942 -0.328879 0.010844 0.9624 0.6640 0.2662
v -0.349942 -0.328879 0.005116 0.8691 0.6536 0.1668
v -0.365818 -0.306516 0.016571 0.9864 0.6670 0.1119
v -0.381694 -0.284152 0.010843 1.0000 0.6941 0.1294
v -0.397571 -0.261789 0.005115 1.0000 0.6905 0.1294
v -0.397570 -0.261789 -0.000612 1.0000 0.6902 0.1294
v -0.381694 -0.284152 -0.000612 0.9805 0.6746 0.1291
v -0.365818 -0.306516 -0.000611 0.9604 0.6254 0.0941
v -0.413447 -0.239425 0.005115 0.9686 0.5533 0.0477
v -0.413447 -0.239425 0.010842 0.9686 0.5572 0.0485
v -0.413447 -0.239425 0.016570 0.9686 0.5590 0.0536
v -0.365818 -0.306516 0.022298 1.0000 0.7137 0.1294
v -0.381695 -0.284152 0.022298 1.0000 0.7137 0.1374
v -0.397571 -0.261789 0.022297 1.0000 0.7176 0.1373
v -0.417776 -0.234290 0.022802 0.9568 0.5870 0.0704
v -0.422105 -0.229156 0.023306 0.9608 0.5919 0.0788
v -0.426434 -0.224021 0.023811 0.9509 0.6139 0.0930
v -0.419968 -0.211238 0.018086 0.4103 0.3945 0.2758
v -0.419964 -0.211254 0.011853 0.3582 0.3523 0.1911
v -0.419961 -0.211269 0.005620 0.4066 0.4013 0.3377
v -0.426600 -0.216450 -0.000612 1.0000 0.7680 0.1876
v -0.433243 -0.221616 -0.000613 1.0000 0.7553 0.1701
v -0.439886 -0.226783 -0.000613 1.0000 0.7516 0.1700
v -0.445824 -0.237191 0.005115 1.0000 0.8168 0.2728
v -0.445118 -0.242433 0.010842 1.0000 0.8153 0.2235
v -0.444413 -0.247676 0.016569 1.0000 0.8235 0.2235
v -0.446379 -0.251941 0.016569 1.0000 0.8117 0.2235
v -0.449050 -0.250963 0.010842 1.0000 0.8117 0.2235
v -0.451722 -0.249985 0.005115 1.0000 0.8241 0.2754
v -0.448495 -0.236214 -0.000613 1.0000 0.8117 0.3239
v -0.450461 -0.240478 -0.000613 1.0000 0.8219 0.3646
v -0.452427 -0.244743 -0.000613 1.0000 0.8274 0.3855
v -0.454787 -0.254144 -0.000613 1.0000 0.8274 0.3788
v -0.455181 -0.259281 -0.000613 1.0000 0.8274 0.3788
v -0.455575 -0.264417 -0.000613 1.0000 0.8262 0.3730
v -0.446773 -0.257077 0.016569 1.0000 0.8117 0.2235
v -0.449839 -0.261236 0.010842 1.0000 0.8117 0.2235
v -0.452904 -0.265394 0.005114 1.0000 0.8117 0.2741
v -0.443705 -0.257107 0.022297 1.0000 0.8422 0.3830
v -0.443701 -0.261296 0.022297 1.0000 0.8404 0.3914
v -0.443698 -0.265486 0.022297 1.0000 0.8390 0.3861
v -0.452901 -0.269584 0.005114 1.0000 0.8117 0.2625
v -0.449832 -0.269614 0.010842 1.0000 0.8117 0.2235
v -0.446763 -0.269645 0.016569 1.0000 0.8177 0.2573
v -0.452073 -0.273135 0.005115 1.0000 0.8084 0.2535
v -0.448176 -0.276717 0.010842 1.0000 0.8076 0.2156
v -0.444279 -0.280298 0.016569 1.0000 0.8117 0.2701
v -0.442866 -0.273226 0.022297 1.0000 0.8392 0.3935
v -0.442038 -0.276777 0.022297 1.0000 0.8378 0.3912
v -0.441210 -0.280329 0.022297 1.0000 0.8376 0.4029
v -0.443304 -0.284351 0.016569 1.0000 0.8115 0.2558
v -0.446227 -0.284822 0.010842 1.0000 0.7968 0.2109
v -0.449149 -0.285293 0.005115 1.0000 0.8010 0.2547
v -0.454995 -0.273606 -0.000613 1.0000 0.8149 0.3647
v -0.454021 -0.277659 -0.000613 1.0000 0.8149 0.3646
v -0.453046 -0.281711 -0.000613 1.0000 0.8148 0.3622
v -0.448344 -0.286791 0.005115 1.0000 0.8012 0.2555
v -0.444617 -0.287818 0.010842 1.0000 0.7921 0.2039
v -0.440890 -0.288846 0.016570 1.0000 0.8018 0.2249
v -0.439577 -0.285378 0.022297 1.0000 0.8361 0.3976
v -0.438772 -0.286876 0.022297 1.0000 0.8366 0.3984
v -0.437967 -0.288375 0.022297 1.0000 0.8398 0.3995
v -0.439207 -0.291868 0.016570 1.0000 0.8036 0.2555
v -0.441251 -0.293863 0.010842 1.0000 0.7921 0.2039
v -0.443296 -0.295858 0.005115 1.0000 0.7934 0.2557
v -0.450389 -0.288786 -0.000613 1.0000 0.8106 0.3664
v -0.448706 -0.291808 -0.000613 1.0000 0.8109 0.3761
v -0.447023 -0.294830 -0.000613 1.0000 0.8111 0.3770
v -0.442948 -0.300280 -0.000613 1.0000 0.8117 0.3883
v -0.440556 -0.302708 -0.000613 1.0000 0.8117 0.3945
v -0.438165 -0.305135 -0.000613 1.0000 0.8117 0.3915
v -0.436815 -0.294295 0.016570 1.0000 0.8038 0.2562
v -0.436467 -0.298718 0.010842 1.0000 0.7842 0.1922
v -0.436120 -0.303140 0.005115 1.0000 0.7926 0.2784
v -0.434769 -0.292316 0.022297 1.0000 0.8323 0.3900
v -0.432375 -0.294759 0.022297 1.0000 0.8355 0.4020
v -0.429982 -0.297201 0.022297 1.0000 0.8288 0.3974
v -0.433727 -0.305583 0.005115 1.0000 0.7857 0.2319
v -0.431681 -0.303604 0.010842 1.0000 0.7828 0.1922
v -0.429635 -0.301624 0.016570 1.0000 0.7979 0.2782
v -0.419624 -0.292011 0.016570 0.9686 0.6824 0.1294
v -0.419628 -0.292009 0.010842 0.9686 0.6354 0.1059
v -0.419631 -0.292007 0.005115 0.9686 0.6354 0.0941
v -0.421963 -0.289520 0.022297 0.9711 0.7370 0.2249
v -0.424306 -0.287027 0.022297 0.9752 0.7444 0.2470
v -0.426649 -0.284534 0.022297 0.9780 0.7577 0.2772
v -0.421974 -0.289514 0.005115 0.9686 0.6275 0.0941
v -0.424313 -0.287023 0.010842 0.9686 0.6354 0.0941
v -0.426652 -0.284533 0.016570 0.9686 0.6667 0.1294
v -0.421974 -0.289499 -0.000612 0.9686 0.6276 0.0941
v -0.424314 -0.286993 -0.000612 0.9686 0.6196 0.0937
v -0.426654 -0.284487 -0.000612 0.9686 0.6126 0.0863
v -0.428992 -0.282027 0.016570 0.9543 0.6610 0.1123
v -0.428993 -0.282011 0.010842 0.9686 0.6197 0.0941
v -0.428993 -0.281996 0.005115 0.9686 0.6118 0.0863
v -0.429860 -0.278830 0.005115 0.9686 0.6118 0.0863
v -0.430726 -0.275678 0.010842 0.9686 0.6197 0.0941
v -0.431592 -0.272526 0.016570 0.9509 0.6559 0.1059
v -0.429858 -0.278875 0.022297 0.9956 0.8022 0.3289
v -0.430724 -0.275708 0.022297 0.9953 0.7873 0.3017
v -0.431591 -0.272541 0.022297 0.9994 0.7889 0.3051
v -0.432457 -0.269352 0.016570 0.9568 0.6589 0.1059
v -0.432457 -0.269330 0.010842 0.9686 0.6146 0.0907
v -0.432457 -0.269308 0.005115 0.9686 0.6000 0.0745
v -0.429860 -0.278808 -0.000612 0.9686 0.6079 0.0840
v -0.430725 -0.275634 -0.000613 0.9686 0.6039 0.0879
v -0.431591 -0.272460 -0.000613 0.9686 0.6039 0.0864
v -0.432068 -0.266312 0.005115 0.9686 0.5940 0.0745
v -0.431679 -0.263338 0.010842 0.9686 0.6039 0.0784
v -0.431289 -0.260364 0.016570 0.9686 0.6354 0.0941
v -0.432068 -0.266378 0.022297 0.9993 0.7843 0.2702
v -0.431679 -0.263382 0.022297 0.9948 0.7934 0.3016
v -0.431289 -0.260386 0.022297 0.9944 0.7819 0.2932
v -0.430900 -0.257390 0.016570 0.9686 0.6354 0.0941
v -0.430900 -0.257390 0.010842 0.9686 0.5970 0.0811
v -0.430900 -0.257390 0.005115 0.9686 0.5882 0.0627
v -0.432068 -0.266312 -0.000613 0.9686 0.5951 0.0743
v -0.431678 -0.263338 -0.000613 0.9686 0.5914 0.0722
v -0.431289 -0.260364 -0.000613 0.9686 0.5872 0.0627
v 0.114444 0.422623 0.033404 0.8623 0.8747 0.9179
v 0.114444 0.420046 0.034827 0.8545 0.8693 0.9137
v 0.114444 0.417469 0.036250 0.8519 0.8692 0.9098
v 0.113103 0.412686 0.038002 0.8350 0.8391 0.8817
v 0.111763 0.410479 0.038332 0.8073 0.7962 0.8087
v 0.110423 0.408272 0.038662 0.7577 0.7548 0.7665
v 0.114444 0.412686 0.038007 0.8316 0.8444 0.8911
v 0.114444 0.410479 0.038341 0.8302 0.8465 0.8937
v 0.114444 0.408272 0.038675 0.8086 0.8249 0.8686
v 0.110423 0.406065 0.038996 0.7704 0.7725 0.7933
v 0.111763 0.406065 0.039000 0.7906 0.7937 0.8135
v 0.113103 0.406065 0.039005 0.8414 0.8459 0.8676
v 0.106102 0.387864 0.038991 0.4686 0.4698 0.4928
v 0.103122 0.369663 0.038991 0.4522 0.4587 0.4798
v 0.100142 0.351462 0.038991 0.4427 0.4511 0.4720
v 0.058095 0.333261 0.039141 0.4210 0.4184 0.4347
v 0.019029 0.333261 0.039290 0.4298 0.4311 0.4542
v -0.020037 0.333261 0.039440 0.4380 0.4388 0.4582
v -0.061495 0.333261 0.037307 0.3291 0.3300 0.3392
v -0.063887 0.333261 0.035026 0.3878 0.3855 0.3954
v -0.066279 0.333261 0.032744 0.4372 0.4390 0.4586
v 0.103360 0.425891 0.044333 0.8658 0.8806 0.9257
v 0.103360 0.422225 0.046351 0.8627 0.8804 0.9255
v 0.103360 0.418559 0.048370 0.8636 0.8817 0.9268
v 0.103360 0.412686 0.050677 0.8627 0.8823 0.9255
v 0.103360 0.410479 0.050966 0.8644 0.8847 0.9280
v 0.103360 0.408272 0.051255 0.8660 0.8834 0.9304
v 0.103194 0.400769 0.050513 0.8469 0.8666 0.9102
v 0.103028 0.395472 0.049482 0.8078 0.8253 0.8723
v 0.102863 0.390176 0.048451 0.7556 0.7727 0.8289
v 0.059906 0.384921 0.048277 0.6997 0.7138 0.7860
v 0.017116 0.384963 0.049135 0.7097 0.7281 0.7889
v -0.025675 0.385004 0.049992 0.6980 0.7176 0.7843
v -0.027119 0.368671 0.050734 0.7395 0.7624 0.8082
v 0.014228 0.352296 0.050618 0.7412 0.7636 0.8241
v 0.055574 0.335920 0.050501 0.7412 0.7568 0.8197
v 0.101253 0.368546 0.048161 0.7607 0.7822 0.8392
v 0.099809 0.352212 0.048902 0.7647 0.7833 0.8392
v 0.098365 0.335879 0.049644 0.7664 0.7880 0.8392
v -0.078652 0.385046 0.050850 0.5228 0.4982 0.3033
v -0.088838 0.385046 0.050850 0.5080 0.4841 0.2947
v -0.099024 0.385046 0.050849 0.4927 0.4626 0.2859
v -0.070057 0.366406 0.050697 0.4089 0.3832 0.2498
v -0.071649 0.347767 0.050545 0.3127 0.3177 0.2889
v -0.073241 0.329127 0.050392 0.7619 0.7533 0.7441
v 0.053982 0.317281 0.050349 0.7412 0.7647 0.8193
v 0.011044 0.315016 0.050312 0.7419 0.7676 0.8269
v -0.031895 0.312752 0.050276 0.7412 0.7621 0.8231
v -0.033573 0.293190 0.048631 0.7412 0.7557 0.8252
v 0.007687 0.275892 0.047022 0.7339 0.7572 0.8198
v 0.048948 0.258594 0.045413 0.7132 0.7289 0.7924
v 0.095243 0.299983 0.048740 0.7424 0.7573 0.8161
v 0.093564 0.280421 0.047095 0.7586 0.7744 0.8323
v 0.091886 0.260859 0.045450 0.7307 0.7479 0.8140
v -0.103105 0.381092 0.050849 1.0000 0.8752 0.4380
v -0.096999 0.377139 0.050850 1.0000 0.7960 0.1922
v -0.090893 0.373185 0.050850 1.0000 0.7960 0.2157
v -0.072546 0.381092 0.050850 0.9815 0.8833 0.5022
v -0.076626 0.377139 0.050850 1.0000 0.7960 0.1922
v -0.080707 0.373185 0.050850 1.0000 0.7960 0.2039
v -0.077322 0.325173 0.050392 1.0000 0.8745 0.3882
v -0.079810 0.339859 0.050545 1.0000 0.8019 0.2128
v -0.082299 0.354545 0.050697 1.0000 0.7971 0.2072
v -0.109453 0.381187 0.050849 0.9539 0.8674 0.4660
v -0.109695 0.377328 0.050849 1.0000 0.8274 0.3794
v -0.109938 0.373469 0.050849 1.0000 0.8232 0.3449
v -0.091135 0.369326 0.050850 1.0000 0.7929 0.2166
v -0.097484 0.369420 0.050849 0.9924 0.7888 0.2584
v -0.103832 0.369515 0.050849 1.0000 0.8256 0.3631
v -0.109398 0.368637 0.050092 1.0000 0.8284 0.3852
v -0.108615 0.367664 0.049335 0.9981 0.8152 0.3655
v -0.107832 0.366692 0.048577 0.9897 0.7676 0.2659
v -0.090353 0.368353 0.050092 1.0000 0.7822 0.2057
v -0.095918 0.367475 0.049335 0.9694 0.7013 0.1344
v -0.101484 0.366597 0.048577 0.9710 0.7065 0.1449
v -0.107720 0.357516 0.047820 1.0000 0.8274 0.3507
v -0.108390 0.349313 0.047820 1.0000 0.8290 0.3367
v -0.109060 0.341109 0.047820 1.0000 0.8398 0.3422
v -0.091023 0.360150 0.050092 1.0000 0.7927 0.2062
v -0.097259 0.351069 0.049335 1.0000 0.7970 0.2076
v -0.103494 0.341987 0.048577 1.0000 0.8117 0.2235
v -0.104681 0.330343 0.048577 1.0000 0.8117 0.2250
v -0.099632 0.327780 0.049334 1.0000 0.8078 0.2157
v -0.094583 0.325217 0.050091 1.0000 0.8000 0.2157
v -0.085974 0.357587 0.050849 1.0000 0.8000 0.2157
v -0.087161 0.345942 0.050849 1.0000 0.8039 0.2157
v -0.088348 0.334298 0.050848 1.0000 0.8039 0.2157
v -0.078509 0.313529 0.050392 0.8019 0.7371 0.4006
v -0.082184 0.316570 0.050544 1.0000 0.7980 0.2118
v -0.085859 0.319612 0.050696 1.0000 0.8033 0.2090
v -0.111951 0.315517 0.047820 1.0000 0.8234 0.2880
v -0.114173 0.298127 0.047820 1.0000 0.8220 0.2764
v -0.116394 0.280738 0.047820 1.0000 0.8164 0.2317
v -0.096805 0.307827 0.050091 1.0000 0.8000 0.2157
v -0.104075 0.293001 0.049334 1.0000 0.8076 0.2159
v -0.111345 0.278175 0.048577 1.0000 0.8117 0.2235
v -0.115244 0.254677 0.048572 1.0000 0.8117 0.2235
v -0.111872 0.246006 0.049323 1.0000 0.8039 0.2161
v -0.108500 0.237335 0.050075 0.9802 0.7801 0.2235
v -0.093433 0.299156 0.050842 1.0000 0.8026 0.2157
v -0.097332 0.275659 0.050837 1.0000 0.8000 0.2235
v -0.101230 0.252161 0.050832 1.0000 0.8000 0.2157
v -0.082407 0.290031 0.050387 1.0000 0.7960 0.2235
v -0.089981 0.269576 0.050533 1.0000 0.7960 0.2039
v -0.097555 0.249120 0.050680 1.0000 0.7990 0.2142
v -0.122457 0.244914 0.047820 1.0000 0.8261 0.2869
v -0.126299 0.226480 0.047820 1.0000 0.8176 0.2484
v -0.130141 0.208045 0.047820 1.0000 0.8316 0.3155
v -0.112342 0.218901 0.050075 0.9686 0.7650 0.2235
v -0.119556 0.209137 0.049323 0.9763 0.7848 0.2235
v -0.126769 0.199374 0.048571 1.0000 0.8076 0.2157
v -0.107296 0.220612 0.050828 0.9686 0.7647 0.2235
v -0.109463 0.212561 0.050828 0.9686 0.7647 0.2235
v -0.111630 0.204509 0.050828 1.0000 0.7960 0.2235
v -0.128936 0.191323 0.048572 0.9408 0.6751 0.1349
v -0.123890 0.193034 0.049324 0.9735 0.7212 0.1544
v -0.118844 0.194746 0.050077 1.0000 0.7754 0.2138
v -0.134314 0.188182 0.049197 0.9990 0.8215 0.2208
v -0.134645 0.186754 0.050574 1.0000 0.8292 0.2593
v -0.134977 0.185325 0.051951 1.0000 0.8379 0.3726
v -0.119175 0.193318 0.051454 1.0000 0.7910 0.2721
v -0.124553 0.190177 0.052078 0.9989 0.8671 0.4368
v -0.129931 0.187037 0.052703 1.0000 0.8427 0.4128
v -0.079715 0.287839 0.051289 0.8825 0.7579 0.2561
v -0.084596 0.265191 0.052338 0.9688 0.8603 0.5000
v -0.089477 0.242542 0.053387 0.9448 0.9026 0.5921
v -0.102436 0.226471 0.051729 0.9686 0.7529 0.2157
v -0.099743 0.224279 0.052632 0.9686 0.7339 0.1997
v -0.097051 0.222086 0.053534 0.9686 0.7294 0.1922
v -0.108938 0.202317 0.051731 1.0000 0.7981 0.2124
v -0.104078 0.208176 0.052633 0.9624 0.7371 0.1978
v -0.099218 0.214035 0.053534 0.9686 0.7329 0.1922
v -0.127950 0.179776 0.054175 1.0000 0.8000 0.2157
v -0.120592 0.175654 0.055022 1.0000 0.7921 0.2039
v -0.113234 0.171533 0.055869 0.8160 0.7213 0.2888
v -0.111817 0.189197 0.052301 1.0000 0.7860 0.1939
v -0.109837 0.181935 0.053772 1.0000 0.7842 0.2035
v -0.107857 0.174674 0.055244 0.5677 0.5775 0.5873
v -0.097238 0.206774 0.055006 0.0817 0.0808 0.0469
v -0.100117 0.193653 0.055576 0.5921 0.5861 0.4394
v -0.102997 0.180533 0.056146 0.8800 0.8929 0.9144
v -0.137246 0.177804 0.053581 1.0000 0.8222 0.3088
v -0.139183 0.171710 0.053835 0.9992 0.8228 0.3018
v -0.141121 0.165617 0.054088 1.0000 0.8249 0.3236
v -0.115172 0.165440 0.056122 0.9042 0.9100 0.8834
v -0.124467 0.163468 0.055529 0.0730 0.0387 0.0194
v -0.133763 0.161496 0.054935 0.4046 0.4200 0.3478
v -0.093281 0.219712 0.056024 0.6114 0.6145 0.5342
v -0.092205 0.219530 0.057611 0.7764 0.7804 0.6785
v -0.091128 0.219347 0.059199 0.7842 0.7902 0.8434
v -0.078638 0.287657 0.052876 0.4550 0.4550 0.4702
v -0.082442 0.264826 0.055513 0.9372 0.9372 0.8078
v -0.086247 0.241996 0.058149 0.8411 0.8563 0.8637
v -0.101920 0.180351 0.057733 0.8923 0.8992 0.9245
v -0.097964 0.193289 0.058751 0.8747 0.8801 0.9087
v -0.094008 0.206227 0.059768 0.8050 0.8282 0.8678
v 0.045143 0.235764 0.048050 0.6917 0.7106 0.7763
v 0.000078 0.230231 0.052295 0.6941 0.7137 0.7743
v -0.044987 0.224698 0.056541 0.6942 0.7138 0.7746
v 0.088034 0.227968 0.045714 0.7686 0.7892 0.8510
v 0.085860 0.214638 0.047623 0.7620 0.7834 0.8392
v 0.083686 0.201309 0.049532 0.7532 0.7766 0.8392
v -0.047161 0.211369 0.058450 0.7412 0.7647 0.8271
v -0.004269 0.203573 0.056113 0.7529 0.7686 0.8215
v 0.038621 0.195776 0.053777 0.7412 0.7647 0.8209
v -0.051143 0.192750 0.061190 0.7516 0.7751 0.8387
v -0.012235 0.166335 0.061595 0.7705 0.7901 0.8392
v 0.026673 0.139920 0.061999 0.7527 0.7687 0.8279
v 0.077530 0.169361 0.054182 0.7575 0.7814 0.8392
v 0.073547 0.150743 0.056922 0.7810 0.7922 0.8537
v 0.069564 0.132124 0.059663 0.8020 0.8185 0.8672
v -0.063012 0.153935 0.058138 0.7764 0.7846 0.8392
v -0.020147 0.140459 0.059560 0.7648 0.7843 0.8276
v 0.022717 0.126982 0.060982 0.7406 0.7568 0.8196
v -0.066444 0.142295 0.057208 0.7764 0.7921 0.8392
v -0.027011 0.117178 0.057700 0.7939 0.8078 0.8392
v 0.012422 0.092061 0.058192 0.7764 0.7960 0.8274
v 0.062150 0.101865 0.061474 0.8148 0.8209 0.8463
v 0.058718 0.090224 0.060544 0.8235 0.8274 0.8554
v 0.055286 0.078584 0.059614 0.8330 0.8370 0.8665
v -0.094330 0.136379 0.055427 0.7878 0.8022 0.8392
v -0.045602 0.113234 0.056513 0.8077 0.8039 0.8392
v 0.003126 0.090089 0.057598 0.7821 0.7960 0.8392
v -0.100096 0.120682 0.054688 0.7978 0.8117 0.8392
v -0.057135 0.081840 0.055034 0.7843 0.7960 0.8392
v -0.014173 0.042997 0.055381 0.7764 0.7764 0.8196
v 0.046088 0.051247 0.057945 0.8324 0.8386 0.8636
v 0.040322 0.035550 0.057205 0.7826 0.7871 0.8149
v 0.034555 0.019852 0.056466 0.8027 0.8073 0.8354
v -0.021106 0.025455 0.055178 0.7651 0.7766 0.8082
v -0.071001 0.046756 0.054629 0.7764 0.7960 0.8392
v -0.120896 0.068056 0.054080 0.7840 0.7960 0.8392
v -0.149991 0.141982 0.054139 0.8390 0.8430 0.8706
v -0.156925 0.124440 0.053936 0.8223 0.8341 0.8706
v -0.163858 0.106898 0.053733 0.8238 0.8337 0.8706
v -0.127577 0.052548 0.053461 0.7843 0.7960 0.8392
v -0.084364 0.015739 0.053391 0.7647 0.7804 0.8274
v -0.041150 -0.021069 0.053321 0.7412 0.7510 0.8078
v 0.022108 -0.011353 0.055108 0.7851 0.7985 0.8203
v 0.015427 -0.026861 0.054489 0.7811 0.7907 0.8254
v 0.008745 -0.042369 0.053870 0.7832 0.7924 0.8244
v -0.045487 -0.031208 0.053257 0.7412 0.7502 0.8078
v -0.093039 -0.004538 0.053263 0.7759 0.7802 0.8274
v -0.140591 0.022132 0.053269 0.7764 0.7843 0.8392
v -0.175129 0.079218 0.053467 0.8392 0.8349 0.8706
v -0.179467 0.069079 0.053403 0.8256 0.8295 0.8681
v -0.183805 0.058940 0.053339 0.8266 0.8308 0.8706
v -0.148992 0.006137 0.052802 0.7764 0.7843 0.8274
v -0.109843 -0.036528 0.052329 0.7524 0.7686 0.8196
v -0.070693 -0.079192 0.051856 0.7098 0.7333 0.7764
v -0.006338 -0.073872 0.052784 0.7658 0.7818 0.8196
v -0.014739 -0.089867 0.052317 0.7582 0.7729 0.8144
v -0.023141 -0.105862 0.051850 0.7588 0.7667 0.8066
v -0.075940 -0.089701 0.051856 0.7098 0.7294 0.7915
v -0.120336 -0.057545 0.052329 0.7529 0.7647 0.8196
v -0.164733 -0.025389 0.052802 0.7764 0.7781 0.8392
v -0.193389 0.038293 0.053275 0.8245 0.8362 0.8706
v -0.198636 0.027785 0.053275 0.8302 0.8379 0.8683
v -0.203882 0.017276 0.053275 0.8379 0.8427 0.8706
v -0.082236 -0.099976 0.051856 0.7098 0.7191 0.7764
v -0.132929 -0.078096 0.052329 0.7529 0.7646 0.8195
v -0.183622 -0.056215 0.052801 0.7526 0.7659 0.8161
v -0.215425 -0.003508 0.053274 0.8150 0.8202 0.8501
v -0.221722 -0.013783 0.053274 0.8089 0.8153 0.8476
v -0.228018 -0.024059 0.053274 0.8105 0.8145 0.8419
v -0.040663 -0.137252 0.051051 0.7470 0.7655 0.8064
v -0.049782 -0.152648 0.050718 0.7567 0.7697 0.8133
v -0.058901 -0.168043 0.050386 0.7267 0.7409 0.7912
v -0.192741 -0.071610 0.052469 0.7419 0.7643 0.8083
v -0.151167 -0.108886 0.051664 0.7348 0.7490 0.8078
v -0.109594 -0.146163 0.050858 0.6980 0.7098 0.7764
v -0.117585 -0.157560 0.050858 0.6845 0.6985 0.7750
v -0.167149 -0.131681 0.051663 0.7333 0.7392 0.8078
v -0.216713 -0.105802 0.052468 0.7371 0.7526 0.8078
v -0.242305 -0.045731 0.053274 0.8192 0.8278 0.8634
v -0.250296 -0.057129 0.053274 0.8165 0.8268 0.8636
v -0.258286 -0.068526 0.053274 0.8137 0.8235 0.8588
v -0.078203 -0.197080 0.049997 0.7204 0.7392 0.7851
v -0.088385 -0.210722 0.049940 0.7168 0.7306 0.7865
v -0.098567 -0.224363 0.049884 0.7020 0.7201 0.7774
v -0.226895 -0.119444 0.052412 0.7313 0.7509 0.8078
v -0.187513 -0.158964 0.051550 0.6785 0.6980 0.7764
v -0.148131 -0.198484 0.050689 0.6849 0.7111 0.7715
v -0.236715 -0.130326 0.052477 0.7392 0.7451 0.8078
v -0.207152 -0.180728 0.051680 0.6784 0.6898 0.7524
v -0.177590 -0.231131 0.050883 0.6471 0.6667 0.7412
v -0.118569 -0.248887 0.049892 0.6900 0.7064 0.7657
v -0.128388 -0.259769 0.049957 0.6874 0.6994 0.7642
v -0.138208 -0.270651 0.050022 0.6829 0.6952 0.7568
v -0.186648 -0.241928 0.051027 0.6358 0.6602 0.7412
v -0.225267 -0.202323 0.051968 0.6550 0.6745 0.7412
v -0.263887 -0.162718 0.052908 0.6898 0.7018 0.7760
v -0.275335 -0.090721 0.053417 0.7861 0.7972 0.8398
v -0.284392 -0.101518 0.053561 0.7960 0.8108 0.8481
v -0.293450 -0.112316 0.053705 0.7851 0.8038 0.8470
v -0.272942 -0.172665 0.052908 0.6785 0.6980 0.7559
v -0.243378 -0.222217 0.051967 0.6429 0.6658 0.7409
v -0.213813 -0.271768 0.051027 0.6511 0.6707 0.7451
v -0.157083 -0.291480 0.050087 0.6652 0.6851 0.7578
v -0.166138 -0.301427 0.050086 0.6497 0.6702 0.7447
v -0.175193 -0.311374 0.050086 0.6502 0.6698 0.7451
v -0.221568 -0.280152 0.051409 0.6351 0.6624 0.7412
v -0.258886 -0.238983 0.052732 0.6785 0.6926 0.7764
v -0.296205 -0.197815 0.054055 0.6842 0.7137 0.7814
v -0.310261 -0.131496 0.054231 0.7764 0.7937 0.8392
v -0.318016 -0.139880 0.054613 0.7760 0.7808 0.8387
v -0.325770 -0.148263 0.054996 0.7764 0.7834 0.8392
v -0.305923 -0.207801 0.054055 0.6902 0.7098 0.7764
v -0.278322 -0.258957 0.052732 0.6608 0.6824 0.7588
v -0.250720 -0.310112 0.051408 0.6053 0.6340 0.7323
v -0.193966 -0.331307 0.050086 0.6361 0.6548 0.7340
v -0.203684 -0.341293 0.050086 0.6250 0.6393 0.7245
v -0.213402 -0.351280 0.050085 0.6039 0.6298 0.7218
v -0.260081 -0.319705 0.052170 0.5804 0.6088 0.7098
v -0.297043 -0.278143 0.054255 0.6353 0.6549 0.7412
v -0.334004 -0.236581 0.056339 0.6787 0.6937 0.7656
v -0.342885 -0.166239 0.056139 0.7647 0.7859 0.8278
v -0.352245 -0.175832 0.056901 0.7677 0.7804 0.8305
v -0.361605 -0.185425 0.057662 0.7647 0.7804 0.8274
v 0.113709 0.406065 -0.000602 0.8740 0.8678 0.8740
v 0.117482 0.406065 -0.000602 0.8223 0.8262 0.8479
v 0.121256 0.406065 -0.000602 0.8797 0.8881 0.8925
v 0.113709 0.406065 0.006463 0.8754 0.8689 0.8754
v 0.117482 0.406065 0.013528 0.8218 0.8255 0.8335
v 0.121255 0.406065 0.020593 0.8941 0.9058 0.9137
v 0.125029 0.406065 0.020593 0.9029 0.9045 0.9217
v 0.125029 0.406065 0.013528 0.8993 0.9060 0.9205
v 0.125029 0.406065 0.006463 0.8896 0.8925 0.9141
v -0.027157 0.333261 -0.000605 0.6471 0.6550 0.6785
v 0.014403 0.333261 -0.000604 0.6471 0.6550 0.6785
v 0.055963 0.333261 -0.000603 0.6471 0.6549 0.6785
v -0.355697 -0.299066 -0.053397 0.6265 0.6395 0.5484
v -0.375287 -0.271924 -0.054068 0.7402 0.7304 0.5945
v -0.394877 -0.244783 -0.054739 0.6557 0.6372 0.6436
v -0.358032 -0.300691 -0.053396 0.4910 0.4670 0.3404
v -0.379957 -0.275174 -0.054067 0.9687 0.8430 0.4351
v -0.401881 -0.249658 -0.054738 1.0000 0.8117 0.3019
v -0.421471 -0.222516 -0.055409 1.0000 0.8363 0.3871
v -0.419137 -0.220891 -0.055409 1.0000 0.8398 0.3930
v -0.416802 -0.219266 -0.055410 1.0000 0.8545 0.3861
v -0.403914 -0.252319 -0.054737 1.0000 0.8117 0.3454
v -0.384021 -0.280497 -0.054066 1.0000 0.8117 0.3190
v -0.364129 -0.308675 -0.053395 1.0000 0.8255 0.3993
v -0.338139 -0.328868 -0.052725 0.9923 0.9126 0.4715
v -0.340172 -0.331530 -0.052725 1.0000 0.7990 0.2735
v -0.342204 -0.334191 -0.052724 1.0000 0.8117 0.3215
v -0.320912 -0.347492 -0.052725 0.6199 0.6315 0.6270
v -0.305717 -0.368777 -0.052725 0.7015 0.6198 0.5096
v -0.290521 -0.390061 -0.052725 0.7017 0.6227 0.3729
v -0.327009 -0.355476 -0.052724 1.0000 0.8158 0.3453
v -0.309781 -0.374099 -0.052724 1.0000 0.8146 0.3431
v -0.292554 -0.392723 -0.052724 1.0000 0.8431 0.3882
v -0.329638 -0.357347 -0.052723 1.0000 0.8353 0.4239
v -0.315039 -0.377842 -0.052723 1.0000 0.8389 0.4269
v -0.300441 -0.398336 -0.052722 1.0000 0.8270 0.4000
v -0.277955 -0.413217 -0.052724 1.0000 0.8117 0.3216
v -0.280584 -0.415088 -0.052723 1.0000 0.8201 0.3563
v -0.283213 -0.416959 -0.052723 1.0000 0.8233 0.3644
v -0.274758 -0.417736 -0.046092 1.0000 0.8274 0.3216
v -0.274190 -0.424126 -0.039459 1.0000 0.7980 0.3275
v -0.273622 -0.430516 -0.032826 1.0000 0.7961 0.3015
v -0.282645 -0.423350 -0.046090 1.0000 0.8137 0.3513
v -0.279448 -0.427868 -0.039458 1.0000 0.8080 0.3235
v -0.276252 -0.432387 -0.032826 1.0000 0.7990 0.2782
v -0.272060 -0.415821 -0.046092 0.6341 0.6580 0.7459
v -0.268794 -0.420295 -0.039460 0.4893 0.4798 0.4944
v -0.265529 -0.424769 -0.032828 0.6567 0.6712 0.6895
v -0.270357 -0.434991 -0.026194 1.0000 0.7959 0.2905
v -0.267659 -0.433075 -0.026195 1.0000 0.7873 0.2814
v -0.264961 -0.431159 -0.026195 0.8865 0.8251 0.5072
v -0.338421 -0.345036 -0.023520 0.9572 0.6019 0.0712
v -0.342261 -0.339650 -0.023520 0.9534 0.5851 0.0688
v -0.346101 -0.334265 -0.023520 0.9627 0.5824 0.0571
v -0.365817 -0.306516 -0.023520 1.0000 0.7137 0.1294
v -0.381694 -0.284152 -0.023521 1.0000 0.7137 0.1374
v -0.397570 -0.261789 -0.023521 1.0000 0.7176 0.1373
v -0.417775 -0.234290 -0.024026 0.9568 0.5870 0.0704
v -0.422104 -0.229156 -0.024531 0.9608 0.5907 0.0773
v -0.426433 -0.224021 -0.025036 0.9626 0.6389 0.1096
v -0.443704 -0.257107 -0.023522 1.0000 0.8409 0.3750
v -0.443700 -0.261296 -0.023522 1.0000 0.8416 0.3958
v -0.443697 -0.265486 -0.023522 1.0000 0.8408 0.3980
v -0.442865 -0.273226 -0.023522 1.0000 0.8410 0.4017
v -0.442037 -0.276777 -0.023522 1.0000 0.8376 0.3963
v -0.441209 -0.280329 -0.023522 1.0000 0.8356 0.4015
v -0.439576 -0.285378 -0.023522 1.0000 0.8374 0.4003
v -0.438771 -0.286876 -0.023522 1.0000 0.8355 0.3988
v -0.437966 -0.288375 -0.023522 1.0000 0.8402 0.4035
v -0.434768 -0.292316 -0.023522 1.0000 0.8343 0.3961
v -0.432375 -0.294759 -0.023522 1.0000 0.8365 0.4060
v -0.429981 -0.297201 -0.023522 1.0000 0.8304 0.4033
v -0.431289 -0.260386 -0.023522 1.0000 0.8093 0.3578
v -0.431678 -0.263382 -0.023522 0.9906 0.8081 0.3521
v -0.432067 -0.266378 -0.023522 0.9930 0.8161 0.3870
v -0.431590 -0.272541 -0.023522 0.9906 0.8035 0.3578
v -0.430724 -0.275708 -0.023522 0.9878 0.7902 0.3383
v -0.429857 -0.278875 -0.023522 0.9905 0.8063 0.3581
v -0.426648 -0.284534 -0.023522 0.9777 0.7611 0.2893
v -0.424305 -0.287027 -0.023522 0.9752 0.7444 0.2540
v -0.421962 -0.289520 -0.023522 0.9696 0.7326 0.2237
v -0.124539 0.406202 -0.033267 0.9172 0.9217 0.9321
v -0.123162 0.406225 -0.035204 0.9228 0.9247 0.9318
v -0.121786 0.406248 -0.037141 0.9212 0.9254 0.9375
v -0.121742 0.406214 -0.031287 0.9463 0.9452 0.9574
v -0.117569 0.406248 -0.031244 0.9490 0.9452 0.9529
v -0.113396 0.406283 -0.031201 0.9490 0.9469 0.9491
v -0.112019 0.406305 -0.033137 0.9566 0.9523 0.9566
v -0.114816 0.406294 -0.035118 0.9610 0.9504 0.9610
v -0.117612 0.406282 -0.037098 0.9637 0.9531 0.9682
v -0.109033 0.406254 -0.036556 0.9494 0.9479 0.9508
v -0.108844 0.406191 -0.041955 0.9456 0.9456 0.9456
v -0.108654 0.406128 -0.047354 0.9541 0.9552 0.9640
v -0.117423 0.406219 -0.042497 0.9302 0.9263 0.9355
v -0.114437 0.406168 -0.045916 0.9285 0.9269 0.9368
v -0.111451 0.406117 -0.049334 0.9244 0.9254 0.9379
v -0.099074 0.406254 -0.031200 0.9373 0.9373 0.9433
v -0.088927 0.406191 -0.031243 0.9372 0.9401 0.9459
v -0.078779 0.406128 -0.031286 0.9372 0.9384 0.9509
v -0.098506 0.406065 -0.047397 0.9251 0.9251 0.9486
v -0.088548 0.406065 -0.042041 0.8627 0.8745 0.8941
v -0.078589 0.406065 -0.036685 0.9361 0.9217 0.9371
v -0.098455 0.406065 -0.052753 0.9464 0.9469 0.9651
v -0.088446 0.406065 -0.052753 0.9429 0.9487 0.9601
v -0.078437 0.406065 -0.052753 0.9431 0.9431 0.9583
v -0.068580 0.406065 -0.036685 0.9368 0.9368 0.9371
v -0.068529 0.406065 -0.042041 0.8759 0.8798 0.8972
v -0.068478 0.406065 -0.047397 0.9019 0.9036 0.9178
v -0.066249 0.406065 -0.033697 0.9327 0.9335 0.9327
v -0.063866 0.406065 -0.036065 0.9277 0.9272 0.9277
v -0.061484 0.406065 -0.038433 0.9165 0.9184 0.9166
v -0.066096 0.406065 -0.049765 0.9345 0.9348 0.9357
v -0.063764 0.406065 -0.046776 0.8617 0.8578 0.8803
v -0.061433 0.406065 -0.043788 0.9050 0.9051 0.9054
v -0.064280 0.408272 -0.052464 0.9458 0.9496 0.9568
v -0.060133 0.410479 -0.052174 0.9571 0.9567 0.9571
v -0.055986 0.412686 -0.051885 0.9621 0.9604 0.9627
v -0.057286 0.408272 -0.043499 0.9251 0.9332 0.9372
v -0.055470 0.410479 -0.046198 0.9509 0.9431 0.9509
v -0.053654 0.412686 -0.048897 0.9526 0.9550 0.9686
v -0.056129 0.408272 -0.040511 0.8833 0.8810 0.8893
v -0.053158 0.410479 -0.040222 0.8852 0.8759 0.8852
v -0.050186 0.412686 -0.039933 0.8915 0.8914 0.8957
v -0.050682 0.414892 -0.048608 0.9566 0.9529 0.9678
v -0.049526 0.414892 -0.045620 0.9529 0.9451 0.9529
v -0.048370 0.414892 -0.042632 0.9373 0.9372 0.9373
v -0.044223 0.418559 -0.040614 0.9361 0.9363 0.9361
v -0.041232 0.422225 -0.041583 0.9372 0.9411 0.9372
v -0.038241 0.425891 -0.042553 0.9566 0.9487 0.9566
v -0.047691 0.418559 -0.049578 0.9622 0.9611 0.9622
v -0.043544 0.422225 -0.047559 0.9654 0.9564 0.9654
v -0.039397 0.425891 -0.045541 0.9606 0.9519 0.9630
v -0.043591 0.417469 -0.038266 0.8995 0.8989 0.8995
v -0.039967 0.420046 -0.036888 0.8842 0.8847 0.8933
v -0.036344 0.422623 -0.035511 0.8862 0.8950 0.8995
v -0.034618 0.428468 -0.041175 0.9491 0.9567 0.9568
v -0.033985 0.427379 -0.038827 0.9429 0.9467 0.9528
v -0.033353 0.426289 -0.036480 0.9372 0.9372 0.9490
v -0.028476 0.428379 -0.033133 0.9372 0.9372 0.9372
v -0.024231 0.431558 -0.032133 0.9372 0.9412 0.9372
v -0.019987 0.434737 -0.031133 0.9495 0.9417 0.9495
v -0.030373 0.431646 -0.040175 0.9414 0.9452 0.9581
v -0.025496 0.433736 -0.036828 0.9383 0.9411 0.9553
v -0.020619 0.435826 -0.033480 0.9419 0.9504 0.9618
v -0.028538 0.426958 -0.031532 0.9082 0.9049 0.9136
v -0.024356 0.428716 -0.028931 0.8997 0.9012 0.9062
v -0.020174 0.430474 -0.026330 0.9007 0.9014 0.9124
v -0.015805 0.436495 -0.028532 0.9490 0.9490 0.9490
v -0.015867 0.435074 -0.026931 0.9372 0.9372 0.9372
v -0.015930 0.433653 -0.025330 0.9336 0.9336 0.9336
v 0.013846 0.433653 -0.025330 0.9372 0.9372 0.9372
v 0.043684 0.435074 -0.026930 0.9372 0.9392 0.9431
v 0.073523 0.436495 -0.028530 0.9490 0.9411 0.9490
v 0.014033 0.437916 -0.030132 0.9446 0.9437 0.9487
v 0.043809 0.437916 -0.030132 0.9296 0.9306 0.9402
v 0.073585 0.437916 -0.030131 0.9407 0.9392 0.9482
v 0.016617 0.432232 -0.023493 0.9017 0.9066 0.9105
v 0.049226 0.432232 -0.023256 0.9035 0.9068 0.9107
v 0.081836 0.432232 -0.023020 0.8961 0.9039 0.9087
v 0.106132 0.436495 -0.028294 0.9467 0.9488 0.9636
v 0.108903 0.435074 -0.026457 0.9492 0.9516 0.9638
v 0.111674 0.433653 -0.024620 0.9565 0.9554 0.9576
v 0.114445 0.422623 -0.034609 0.9091 0.9146 0.9391
v 0.114445 0.420046 -0.036032 0.9045 0.9127 0.9344
v 0.114445 0.417469 -0.037455 0.9018 0.9128 0.9316
v 0.113105 0.412686 -0.039207 0.8449 0.8548 0.9087
v 0.111765 0.410479 -0.039537 0.8167 0.8182 0.8488
v 0.110424 0.408272 -0.039867 0.7575 0.7546 0.7663
v 0.110424 0.406065 -0.040201 0.7710 0.7729 0.7942
v 0.111765 0.406065 -0.040205 0.8245 0.8287 0.8499
v 0.113105 0.406065 -0.040210 0.8492 0.8577 0.8857
v 0.114445 0.412686 -0.039212 0.8926 0.8972 0.9231
v 0.114445 0.410479 -0.039546 0.8523 0.8630 0.8852
v 0.114445 0.408272 -0.039880 0.7443 0.7583 0.7812
v 0.106104 0.387864 -0.040197 0.4687 0.4698 0.4929
v 0.103123 0.369663 -0.040197 0.4530 0.4593 0.4798
v 0.100143 0.351462 -0.040197 0.4427 0.4510 0.4720
v 0.058097 0.333261 -0.040348 0.4212 0.4186 0.4349
v 0.019031 0.333261 -0.040499 0.4298 0.4311 0.4542
v -0.020035 0.333261 -0.040649 0.4379 0.4387 0.4581
v -0.061493 0.333261 -0.038519 0.3175 0.3228 0.3348
v -0.063886 0.333261 -0.036237 0.3481 0.3515 0.3628
v -0.066278 0.333261 -0.033956 0.4185 0.4251 0.4465
v 0.103361 0.425891 -0.045538 0.9143 0.9180 0.9479
v 0.103361 0.422225 -0.047556 0.9142 0.9143 0.9437
v 0.103361 0.418559 -0.049575 0.9057 0.9143 0.9437
v 0.103361 0.412686 -0.051882 0.9114 0.9167 0.9473
v 0.103361 0.410479 -0.052171 0.9112 0.9176 0.9445
v 0.103361 0.408272 -0.052460 0.9114 0.9187 0.9413
v 0.103196 0.400769 -0.051718 0.8720 0.8819 0.9185
v 0.103030 0.395472 -0.050687 0.8299 0.8338 0.8782
v 0.102865 0.390176 -0.049656 0.7913 0.8048 0.8453
v 0.059908 0.384921 -0.049484 0.6962 0.7140 0.7797
v 0.017118 0.384963 -0.050343 0.7098 0.7197 0.7805
v -0.025673 0.385004 -0.051202 0.6934 0.7157 0.7824
v 0.101255 0.368546 -0.049366 0.7985 0.8199 0.8624
v 0.099811 0.352212 -0.050108 0.8121 0.8217 0.8670
v 0.098367 0.335879 -0.050849 0.8096 0.8286 0.8672
v -0.027117 0.368671 -0.051944 0.7411 0.7573 0.8188
v 0.014230 0.352296 -0.051826 0.7412 0.7656 0.8254
v 0.055576 0.335920 -0.051708 0.7412 0.7568 0.8197
v -0.078650 0.385046 -0.052062 0.5059 0.4821 0.2934
v -0.088836 0.385046 -0.052062 0.5080 0.4841 0.2947
v -0.099022 0.385046 -0.052062 0.5219 0.4892 0.3027
v -0.070055 0.366406 -0.051909 1.0000 0.9372 0.6118
v -0.071647 0.347767 -0.051757 0.9661 0.9255 0.6664
v -0.073239 0.329127 -0.051604 0.6064 0.5207 0.1948
v 0.053984 0.317281 -0.051556 0.7412 0.7647 0.8232
v 0.011046 0.315016 -0.051521 0.7529 0.7647 0.8274
v -0.031893 0.312752 -0.051486 0.7412 0.7653 0.8256
v 0.095244 0.299983 -0.049945 0.7926 0.8085 0.8487
v 0.093566 0.280421 -0.048300 0.8105 0.8246 0.8644
v 0.091888 0.260859 -0.046655 0.8435 0.8449 0.8762
v -0.033571 0.293190 -0.049841 0.7412 0.7568 0.8268
v 0.007689 0.275892 -0.048231 0.7432 0.7628 0.8235
v 0.048949 0.258594 -0.046621 0.7018 0.7240 0.7849
v -0.103103 0.381092 -0.052062 1.0000 0.8886 0.4746
v -0.096997 0.377139 -0.052062 1.0000 0.7980 0.1979
v -0.090891 0.373185 -0.052062 1.0000 0.7960 0.2157
v -0.072544 0.381092 -0.052062 1.0000 0.8776 0.4519
v -0.076624 0.377139 -0.052062 1.0000 0.7960 0.1922
v -0.080705 0.373185 -0.052062 1.0000 0.7960 0.2039
v -0.077320 0.325173 -0.051604 1.0000 0.8362 0.2928
v -0.079808 0.339859 -0.051757 1.0000 0.8000 0.2157
v -0.082297 0.354545 -0.051909 1.0000 0.7984 0.2110
v -0.109451 0.381187 -0.052062 0.9098 0.8188 0.4496
v -0.109693 0.377328 -0.052062 0.9687 0.7985 0.3769
v -0.109936 0.373469 -0.052062 0.9693 0.8033 0.3858
v -0.091133 0.369326 -0.052062 1.0000 0.7965 0.2210
v -0.097482 0.369420 -0.052062 0.9924 0.7890 0.2685
v -0.103830 0.369515 -0.052062 1.0000 0.8263 0.3727
v -0.090351 0.368353 -0.051305 1.0000 0.7811 0.2049
v -0.095917 0.367475 -0.050547 0.9694 0.7010 0.1340
v -0.101482 0.366597 -0.049790 0.9714 0.7084 0.1476
v -0.109396 0.368637 -0.051305 0.9693 0.8043 0.4012
v -0.108613 0.367664 -0.050548 0.9693 0.7959 0.3647
v -0.107831 0.366692 -0.049790 0.9557 0.7477 0.2698
v -0.091021 0.360150 -0.051305 1.0000 0.7932 0.2055
v -0.097257 0.351069 -0.050548 1.0000 0.7980 0.2103
v -0.103492 0.341987 -0.049790 1.0000 0.8117 0.2235
v -0.107718 0.357516 -0.049033 0.9852 0.8197 0.3362
v -0.108388 0.349313 -0.049033 1.0000 0.8371 0.3433
v -0.109058 0.341109 -0.049033 1.0000 0.8389 0.3374
v -0.104679 0.330343 -0.049790 1.0000 0.8117 0.2207
v -0.099630 0.327780 -0.050547 1.0000 0.8078 0.2157
v -0.094581 0.325217 -0.051303 1.0000 0.8000 0.2157
v -0.085972 0.357587 -0.052061 1.0000 0.8000 0.2157
v -0.087159 0.345942 -0.052061 1.0000 0.8019 0.2196
v -0.088346 0.334298 -0.052060 1.0000 0.8039 0.2157
v -0.078507 0.313529 -0.051604 1.0000 0.8035 0.2239
v -0.082182 0.316570 -0.051756 1.0000 0.8000 0.2077
v -0.085857 0.319612 -0.051908 1.0000 0.8078 0.2157
v -0.096803 0.307827 -0.051303 1.0000 0.8000 0.2157
v -0.104073 0.293001 -0.050547 1.0000 0.8098 0.2196
v -0.111343 0.278175 -0.049790 1.0000 0.8124 0.2250
v -0.111950 0.315517 -0.049033 1.0000 0.8225 0.2964
v -0.114171 0.298127 -0.049033 1.0000 0.8159 0.2561
v -0.116392 0.280738 -0.049033 1.0000 0.8139 0.2314
v -0.093431 0.299156 -0.052055 1.0000 0.8000 0.2157
v -0.097330 0.275659 -0.052050 1.0000 0.8000 0.2196
v -0.101228 0.252161 -0.052045 1.0000 0.8000 0.2157
v -0.115242 0.254677 -0.049785 1.0000 0.8122 0.2259
v -0.111870 0.246006 -0.050537 1.0000 0.8041 0.2161
v -0.108498 0.237335 -0.051288 0.9572 0.7649 0.2235
v -0.082405 0.290031 -0.051599 1.0000 0.7960 0.2159
v -0.089979 0.269576 -0.051746 1.0000 0.7960 0.2098
v -0.097553 0.249120 -0.051893 1.0000 0.8000 0.2157
v -0.112340 0.218901 -0.051288 0.9686 0.7648 0.2235
v -0.119554 0.209137 -0.050537 0.9775 0.7835 0.2198
v -0.126767 0.199374 -0.049785 1.0000 0.8078 0.2169
v -0.122455 0.244914 -0.049033 1.0000 0.8162 0.2469
v -0.126297 0.226480 -0.049033 1.0000 0.8157 0.2328
v -0.130139 0.208045 -0.049033 1.0000 0.8294 0.3058
v -0.128935 0.191323 -0.049786 0.9592 0.7187 0.1641
v -0.123888 0.193034 -0.050538 0.9779 0.7362 0.1626
v -0.118842 0.194746 -0.051290 1.0000 0.7753 0.2136
v -0.107294 0.220612 -0.052041 0.9686 0.7647 0.2235
v -0.109461 0.212561 -0.052041 0.9686 0.7647 0.2235
v -0.111628 0.204509 -0.052042 1.0000 0.7960 0.2235
v -0.134312 0.188182 -0.050411 0.9997 0.8171 0.2220
v -0.134644 0.186754 -0.051788 1.0000 0.8254 0.2512
v -0.134975 0.185325 -0.053165 1.0000 0.8365 0.3608
v -0.119173 0.193318 -0.052667 1.0000 0.7906 0.2693
v -0.124551 0.190177 -0.053292 0.9982 0.8620 0.4270
v -0.129929 0.187037 -0.053917 1.0000 0.8421 0.4029
v -0.079713 0.287839 -0.052501 1.0000 0.8588 0.2902
v -0.084594 0.265191 -0.053550 1.0000 0.7821 0.1937
v -0.089475 0.242542 -0.054600 0.9995 0.7669 0.1956
v -0.102434 0.226471 -0.052942 0.9686 0.7644 0.2233
v -0.099741 0.224279 -0.053844 0.9686 0.7442 0.2069
v -0.097049 0.222086 -0.054747 0.9686 0.7294 0.1922
v -0.108936 0.202317 -0.052944 1.0000 0.7993 0.2138
v -0.104076 0.208176 -0.053846 0.9624 0.7371 0.1978
v -0.099216 0.214035 -0.054747 0.9686 0.7342 0.1922
v -0.111815 0.189197 -0.053514 1.0000 0.7901 0.1980
v -0.109835 0.181935 -0.054986 1.0000 0.7842 0.2035
v -0.107855 0.174674 -0.056457 0.4157 0.3634 0.1332
v -0.127948 0.179776 -0.055388 1.0000 0.8058 0.2196
v -0.120590 0.175654 -0.056235 1.0000 0.7921 0.2039
v -0.113232 0.171533 -0.057082 0.9554 0.8160 0.3054
v -0.097236 0.206774 -0.056219 0.9521 0.7827 0.2202
v -0.100115 0.193653 -0.056789 0.3547 0.3522 0.2540
v -0.102995 0.180533 -0.057359 0.9795 0.9334 0.6203
v -0.137244 0.177804 -0.054795 1.0000 0.8221 0.2740
v -0.139181 0.171710 -0.055049 0.9896 0.8190 0.2850
v -0.141119 0.165617 -0.055303 1.0000 0.8181 0.3096
v -0.115170 0.165440 -0.057336 0.8179 0.8108 0.7473
v -0.124465 0.163468 -0.056743 0.4846 0.3966 0.1078
v -0.133761 0.161496 -0.056149 0.5085 0.5241 0.4442
v -0.078636 0.287657 -0.054088 0.4492 0.3856 0.1299
v -0.082440 0.264826 -0.056725 0.5224 0.5224 0.4502
v -0.086245 0.241996 -0.059362 0.8776 0.8811 0.7815
v -0.093279 0.219712 -0.057236 0.3995 0.4016 0.3489
v -0.092203 0.219530 -0.058824 0.7764 0.7804 0.6785
v -0.091126 0.219347 -0.060411 0.7768 0.7808 0.8368
v -0.101918 0.180351 -0.058946 0.8841 0.8950 0.9178
v -0.097962 0.193289 -0.059964 0.9006 0.9029 0.8188
v -0.094005 0.206227 -0.060981 0.7940 0.8158 0.8567
v 0.045145 0.235764 -0.049257 0.6938 0.7132 0.7748
v 0.000080 0.230231 -0.053504 0.6941 0.7137 0.7743
v -0.044985 0.224698 -0.057751 0.6940 0.7134 0.7742
v 0.088036 0.227968 -0.046919 0.8579 0.8661 0.8984
v 0.085862 0.214638 -0.048829 0.8560 0.8701 0.9024
v 0.083688 0.201309 -0.050738 0.8524 0.8623 0.8953
v -0.047158 0.211369 -0.059661 0.7412 0.7647 0.8271
v -0.004267 0.203573 -0.057323 0.7529 0.7686 0.8235
v 0.038624 0.195776 -0.054985 0.7412 0.7647 0.8235
v 0.077532 0.169361 -0.055388 0.8309 0.8462 0.8884
v 0.073549 0.150743 -0.058129 0.8397 0.8550 0.8889
v 0.069567 0.132124 -0.060869 0.8377 0.8542 0.8857
v -0.051141 0.192750 -0.062401 0.7478 0.7713 0.8389
v -0.012233 0.166335 -0.062804 0.7705 0.7901 0.8392
v 0.026676 0.139920 -0.063207 0.7644 0.7746 0.8334
v -0.063010 0.153935 -0.059349 0.7764 0.7863 0.8392
v -0.020145 0.140459 -0.060770 0.7648 0.7842 0.8275
v 0.022719 0.126982 -0.062190 0.7407 0.7613 0.8225
v 0.062152 0.101865 -0.062680 0.7978 0.8023 0.8381
v 0.058720 0.090224 -0.061751 0.8016 0.8079 0.8390
v 0.055289 0.078584 -0.060821 0.8020 0.8135 0.8504
v -0.066442 0.142295 -0.058419 0.7758 0.7956 0.8386
v -0.027009 0.117178 -0.058910 0.7960 0.8078 0.8392
v 0.012424 0.092061 -0.059401 0.7764 0.7960 0.8274
v -0.094328 0.136379 -0.056640 0.7866 0.8012 0.8392
v -0.045600 0.113234 -0.057724 0.8077 0.8039 0.8392
v 0.003128 0.090089 -0.058807 0.7838 0.7960 0.8392
v 0.046090 0.051247 -0.059152 0.7918 0.7991 0.8335
v 0.040324 0.035550 -0.058413 0.7764 0.7812 0.8132
v 0.034557 0.019852 -0.057674 0.7856 0.7902 0.8177
v -0.100094 0.120682 -0.055901 0.7960 0.8117 0.8392
v -0.057133 0.081840 -0.056245 0.7843 0.7960 0.8392
v -0.014171 0.042997 -0.056590 0.7764 0.7764 0.8196
v -0.149989 0.141982 -0.055354 0.8296 0.8353 0.8669
v -0.156923 0.124440 -0.055151 0.8249 0.8326 0.8706
v -0.163856 0.106898 -0.054949 0.8235 0.8314 0.8698
v -0.021104 0.025455 -0.056388 0.7650 0.7766 0.8081
v -0.070999 0.046756 -0.055840 0.7764 0.7960 0.8392
v -0.120894 0.068056 -0.055293 0.7841 0.7960 0.8392
v 0.022110 -0.011353 -0.056316 0.7688 0.7825 0.8137
v 0.015429 -0.026861 -0.055698 0.7591 0.7759 0.8151
v 0.008747 -0.042369 -0.055079 0.7591 0.7715 0.8093
v -0.127575 0.052548 -0.054675 0.7843 0.7960 0.8392
v -0.084361 0.015739 -0.054603 0.7647 0.7804 0.8274
v -0.041148 -0.021069 -0.054532 0.7412 0.7509 0.8078
v -0.175127 0.079218 -0.054682 0.8295 0.8295 0.8666
v -0.179465 0.069079 -0.054619 0.8235 0.8294 0.8666
v -0.183802 0.058940 -0.054555 0.8204 0.8283 0.8706
v -0.045485 -0.031208 -0.054468 0.7412 0.7523 0.8078
v -0.093037 -0.004538 -0.054476 0.7763 0.7803 0.8274
v -0.140589 0.022132 -0.054483 0.7764 0.7843 0.8392
v -0.006336 -0.073872 -0.053994 0.7524 0.7647 0.8074
v -0.014738 -0.089867 -0.053527 0.7461 0.7581 0.8098
v -0.023140 -0.105862 -0.053060 0.7407 0.7524 0.7954
v -0.148990 0.006137 -0.054017 0.7764 0.7843 0.8274
v -0.109841 -0.036528 -0.053542 0.7524 0.7686 0.8196
v -0.070691 -0.079192 -0.053068 0.7098 0.7333 0.7764
v -0.193387 0.038293 -0.054491 0.8218 0.8325 0.8697
v -0.198633 0.027785 -0.054491 0.8238 0.8350 0.8705
v -0.203880 0.017276 -0.054491 0.8237 0.8347 0.8666
v -0.075938 -0.089701 -0.053068 0.7098 0.7294 0.7921
v -0.120334 -0.057545 -0.053542 0.7529 0.7647 0.8196
v -0.164730 -0.025389 -0.054017 0.7764 0.7804 0.8392
v -0.215423 -0.003508 -0.054491 0.8115 0.8203 0.8531
v -0.221720 -0.013783 -0.054492 0.8114 0.8240 0.8625
v -0.228016 -0.024059 -0.054492 0.8205 0.8253 0.8663
v -0.082234 -0.099976 -0.053068 0.7098 0.7204 0.7764
v -0.132927 -0.078096 -0.053543 0.7431 0.7549 0.8078
v -0.183620 -0.056215 -0.054017 0.7441 0.7676 0.8108
v -0.040661 -0.137252 -0.052261 0.7257 0.7376 0.7863
v -0.049780 -0.152648 -0.051929 0.7325 0.7395 0.7890
v -0.058899 -0.168043 -0.051597 0.7087 0.7241 0.7805
v -0.192739 -0.071610 -0.053685 0.7519 0.7644 0.8082
v -0.151165 -0.108886 -0.052878 0.7333 0.7490 0.8078
v -0.109592 -0.146163 -0.052072 0.6987 0.7100 0.7764
v -0.117583 -0.157560 -0.052072 0.6842 0.6982 0.7760
v -0.167147 -0.131681 -0.052879 0.7333 0.7392 0.8078
v -0.216711 -0.105802 -0.053685 0.7373 0.7476 0.8078
v -0.242303 -0.045731 -0.054492 0.8090 0.8203 0.8557
v -0.250294 -0.057129 -0.054492 0.8032 0.8129 0.8576
v -0.258284 -0.068526 -0.054492 0.8022 0.8119 0.8511
v -0.226893 -0.119444 -0.053629 0.7327 0.7475 0.8078
v -0.187511 -0.158964 -0.052766 0.6785 0.6980 0.7706
v -0.148129 -0.198484 -0.051903 0.6760 0.6979 0.7633
v -0.078201 -0.197080 -0.051209 0.7046 0.7191 0.7709
v -0.088383 -0.210722 -0.051153 0.6967 0.7110 0.7721
v -0.098565 -0.224363 -0.051097 0.6886 0.7042 0.7624
v -0.236713 -0.130326 -0.053695 0.7392 0.7451 0.8078
v -0.207150 -0.180728 -0.052897 0.6779 0.6898 0.7524
v -0.177588 -0.231131 -0.052099 0.6471 0.6667 0.7412
v -0.118567 -0.248887 -0.051106 0.6759 0.6899 0.7483
v -0.128386 -0.259769 -0.051171 0.6708 0.6897 0.7520
v -0.138206 -0.270651 -0.051236 0.6665 0.6821 0.7489
v -0.186646 -0.241928 -0.052243 0.6356 0.6549 0.7412
v -0.225265 -0.202323 -0.053185 0.6550 0.6745 0.7412
v -0.263885 -0.162718 -0.054127 0.6900 0.7020 0.7762
v -0.275333 -0.090721 -0.054636 0.7843 0.7960 0.8392
v -0.284390 -0.101518 -0.054781 0.7885 0.8020 0.8427
v -0.293448 -0.112316 -0.054925 0.7845 0.7962 0.8351
v -0.272940 -0.172665 -0.054127 0.6785 0.6980 0.7558
v -0.243376 -0.222217 -0.053185 0.6546 0.6742 0.7524
v -0.213811 -0.271768 -0.052244 0.6510 0.6706 0.7450
v -0.157081 -0.291480 -0.051301 0.6362 0.6627 0.7427
v -0.166136 -0.301427 -0.051302 0.6375 0.6599 0.7410
v -0.175192 -0.311374 -0.051302 0.6302 0.6536 0.7318
v -0.221566 -0.280152 -0.052626 0.6351 0.6625 0.7412
v -0.258884 -0.238983 -0.053951 0.6785 0.6902 0.7764
v -0.296203 -0.197815 -0.055275 0.6941 0.7137 0.7764
v -0.310259 -0.131496 -0.055451 0.7737 0.7862 0.8365
v -0.318013 -0.139880 -0.055834 0.7686 0.7779 0.8319
v -0.325768 -0.148263 -0.056217 0.7648 0.7765 0.8392
v -0.193964 -0.331307 -0.051302 0.6100 0.6362 0.7163
v -0.203682 -0.341293 -0.051302 0.6020 0.6217 0.7151
v -0.213400 -0.351280 -0.051302 0.5765 0.6098 0.7014
v -0.305921 -0.207801 -0.055275 0.6922 0.7118 0.7764
v -0.278320 -0.258957 -0.053951 0.6608 0.6824 0.7588
v -0.250718 -0.310112 -0.052627 0.6039 0.6354 0.7333
v -0.342882 -0.166239 -0.057361 0.7530 0.7723 0.8235
v -0.352243 -0.175832 -0.058123 0.7582 0.7735 0.8235
v -0.361603 -0.185425 -0.058885 0.7560 0.7726 0.8177
v -0.260079 -0.319705 -0.053389 0.5804 0.6079 0.7098
v -0.297041 -0.278143 -0.055475 0.6354 0.6550 0.7412
v -0.334002 -0.236581 -0.057561 0.6667 0.6863 0.7647
v 0.113848 0.365202 0.035678 0.7333 0.7451 0.8078
v 0.113719 0.348410 0.034577 0.7333 0.7451 0.8078
v 0.113591 0.331618 0.033476 0.7412 0.7647 0.8080
v 0.119875 0.380485 0.031213 0.7367 0.7580 0.8078
v 0.125775 0.378975 0.025647 0.8100 0.8139 0.8487
v 0.131675 0.377466 0.020081 0.8925 0.8928 0.9132
v 0.115778 0.318902 0.030197 0.8297 0.8339 0.8648
v 0.118093 0.322978 0.028020 0.9073 0.9047 0.9146
v 0.120408 0.327054 0.025843 0.9208 0.9235 0.9332
v 0.116163 0.369278 0.033501 0.7291 0.7437 0.8078
v 0.118349 0.356562 0.030223 0.7333 0.7414 0.8078
v 0.120536 0.343846 0.026944 0.8401 0.8516 0.8830
v 0.133862 0.364750 0.016803 0.9255 0.9372 0.9490
v 0.130149 0.353544 0.019090 0.9352 0.9352 0.9372
v 0.126436 0.342337 0.021378 0.9372 0.9304 0.9372
v 0.111175 0.295334 0.030507 0.7412 0.7568 0.8196
v 0.108886 0.275843 0.028639 0.7871 0.7971 0.8294
v 0.106597 0.256353 0.026771 0.8021 0.8079 0.8392
v 0.114619 0.314885 0.024130 0.7176 0.7350 0.7489
v 0.115774 0.314944 0.015886 0.6471 0.6510 0.6785
v 0.116929 0.315003 0.007642 0.6582 0.6623 0.6901
v 0.121564 0.327113 0.017599 0.8003 0.8042 0.8317
v 0.120404 0.323096 0.011532 0.7647 0.7686 0.7960
v 0.119244 0.319079 0.005465 0.7409 0.7637 0.8065
v 0.107752 0.256412 0.018527 0.7960 0.8039 0.8392
v 0.111196 0.275962 0.012151 0.8005 0.8069 0.8392
v 0.114641 0.295512 0.005774 0.8078 0.8117 0.8392
v 0.123066 0.330304 0.017599 0.8360 0.8399 0.8693
v 0.123408 0.329479 0.011532 0.7805 0.7884 0.8195
v 0.123750 0.328653 0.005465 0.7764 0.7843 0.8078
v 0.134204 0.363924 0.010736 0.8785 0.8907 0.9106
v 0.130834 0.351892 0.006956 0.7929 0.8040 0.8267
v 0.127463 0.339859 0.003177 0.7764 0.7929 0.8297
v 0.119587 0.318253 -0.000602 0.7525 0.7609 0.7852
v 0.121089 0.321444 -0.000602 0.7576 0.7717 0.8078
v 0.122591 0.324636 -0.000602 0.7652 0.7768 0.8084
v 0.137575 0.376233 0.010736 0.9568 0.9529 0.9686
v 0.137575 0.376508 0.006956 0.9557 0.9526 0.9683
v 0.137575 0.376784 0.003177 0.9490 0.9411 0.9568
v 0.127463 0.340135 -0.000602 0.7764 0.7960 0.8392
v 0.130834 0.352443 -0.000602 0.7804 0.7960 0.8392
v 0.134205 0.364752 -0.000602 0.7960 0.8000 0.8274
v 0.137575 0.376784 -0.004381 0.9490 0.9411 0.9568
v 0.137575 0.376508 -0.008160 0.9561 0.9561 0.9686
v 0.137576 0.376233 -0.011940 0.9568 0.9568 0.9686
v 0.127463 0.339859 -0.004381 0.7764 0.7931 0.8302
v 0.130834 0.351892 -0.008161 0.8023 0.7963 0.8339
v 0.134205 0.363924 -0.011940 0.8745 0.8887 0.9066
v 0.133863 0.364750 -0.018007 0.9372 0.9333 0.9490
v 0.130150 0.353544 -0.020295 0.9370 0.9221 0.9371
v 0.126437 0.342337 -0.022583 0.9335 0.9335 0.9372
v 0.123750 0.328653 -0.006669 0.7764 0.7843 0.8078
v 0.123408 0.329479 -0.012736 0.7764 0.7874 0.8226
v 0.123066 0.330304 -0.018803 0.8232 0.8299 0.8573
v 0.119245 0.319079 -0.006669 0.7529 0.7532 0.7843
v 0.120405 0.323096 -0.012736 0.7545 0.7696 0.8078
v 0.121564 0.327113 -0.018804 0.8078 0.8117 0.8392
v 0.131676 0.377466 -0.021285 0.8865 0.8888 0.9119
v 0.125776 0.378975 -0.026851 0.8078 0.8221 0.8606
v 0.119877 0.380485 -0.032418 0.7960 0.8117 0.8509
v 0.120537 0.343846 -0.028149 0.8406 0.8445 0.8737
v 0.118351 0.356562 -0.031427 0.8078 0.8117 0.8392
v 0.116164 0.369278 -0.034706 0.7960 0.8078 0.8509
v 0.120409 0.327054 -0.027048 0.9175 0.9207 0.9277
v 0.118094 0.322978 -0.029225 0.8922 0.8992 0.9171
v 0.115780 0.318902 -0.031402 0.8286 0.8325 0.8635
v 0.116930 0.315003 -0.008847 0.6741 0.6776 0.7055
v 0.115775 0.314944 -0.017091 0.6710 0.6747 0.7023
v 0.114620 0.314885 -0.025335 0.7299 0.7310 0.7613
v 0.113849 0.365202 -0.036883 0.8078 0.8117 0.8392
v 0.113721 0.348410 -0.035782 0.8078 0.8117 0.8392
v 0.113593 0.331618 -0.034680 0.8278 0.8317 0.8630
v 0.111176 0.295334 -0.031712 0.7985 0.8109 0.8392
v 0.108887 0.275843 -0.029844 0.7960 0.8117 0.8392
v 0.106598 0.256353 -0.027976 0.7978 0.8064 0.8392
v 0.114641 0.295512 -0.006979 0.7960 0.8039 0.8392
v 0.111197 0.275962 -0.013356 0.7960 0.8039 0.8392
v 0.107753 0.256412 -0.019732 0.7960 0.8039 0.8392
v 0.115814 0.295768 -0.000602 0.7960 0.8039 0.8392
v 0.113544 0.276475 -0.000602 0.7960 0.8039 0.8392
v 0.111273 0.257181 -0.000602 0.7960 0.8039 0.8392
v 0.105482 0.237118 -0.019732 0.7960 0.8039 0.8392
v 0.106656 0.237374 -0.013356 0.7960 0.8113 0.8392
v 0.107829 0.237631 -0.006979 0.7960 0.8059 0.8392
v 0.105482 0.237118 0.018527 0.7960 0.8039 0.8392
v 0.106655 0.237374 0.012151 0.7960 0.8039 0.8392
v 0.107829 0.237631 0.005774 0.7960 0.8039 0.8392
v 0.102303 0.223585 -0.026110 0.7960 0.8117 0.8392
v 0.100298 0.210308 -0.026111 0.7960 0.8117 0.8392
v 0.098292 0.197031 -0.026113 0.8078 0.7993 0.8392
v 0.106966 0.224112 -0.000603 0.7960 0.8039 0.8392
v 0.104930 0.210338 -0.000603 0.8034 0.8000 0.8392
v 0.102895 0.196563 -0.000603 0.7960 0.8000 0.8392
v 0.103446 0.223343 -0.019732 0.7949 0.8117 0.8392
v 0.102584 0.209825 -0.013356 0.8078 0.7980 0.8392
v 0.101721 0.196307 -0.006979 0.7960 0.8000 0.8392
v 0.097430 0.183512 -0.019736 0.7960 0.8000 0.8392
v 0.098573 0.183271 -0.013358 0.7960 0.8000 0.8392
v 0.099716 0.183030 -0.006980 0.7960 0.8000 0.8392
v 0.103446 0.223343 0.018527 0.7909 0.8112 0.8392
v 0.102583 0.209825 0.012150 0.8078 0.8000 0.8392
v 0.101721 0.196307 0.005774 0.8020 0.7980 0.8392
v 0.092985 0.168250 -0.026127 0.7960 0.8000 0.8392
v 0.089683 0.152747 -0.026139 0.7843 0.7965 0.8392
v 0.086381 0.137244 -0.026152 0.7764 0.7974 0.8392
v 0.096414 0.167526 -0.006993 0.7843 0.8000 0.8392
v 0.091969 0.152265 -0.013384 0.7794 0.8002 0.8392
v 0.087524 0.137003 -0.019774 0.7764 0.7960 0.8392
v 0.102302 0.223585 0.024905 0.8078 0.8117 0.8392
v 0.100297 0.210308 0.024906 0.7960 0.8000 0.8392
v 0.098291 0.197031 0.024907 0.7960 0.8039 0.8392
v 0.099715 0.183030 0.005775 0.7960 0.8000 0.8392
v 0.098572 0.183271 0.012153 0.7960 0.8000 0.8392
v 0.097429 0.183512 0.018531 0.7960 0.8000 0.8392
v 0.079019 0.106604 -0.026151 0.7843 0.7960 0.8392
v 0.074958 0.091468 -0.026137 0.7774 0.7956 0.8274
v 0.070898 0.076331 -0.026124 0.7843 0.7960 0.8392
v 0.092984 0.168250 0.024921 0.7960 0.8010 0.8392
v 0.089682 0.152747 0.024934 0.7843 0.7960 0.8392
v 0.086380 0.137244 0.024946 0.7764 0.8028 0.8392
v 0.096414 0.167526 0.005788 0.7843 0.8000 0.8392
v 0.091969 0.152265 0.012178 0.7837 0.8003 0.8392
v 0.087524 0.137003 0.018568 0.7843 0.7960 0.8392
v 0.084237 0.121426 -0.019774 0.7843 0.7960 0.8274
v 0.085394 0.121112 -0.013384 0.7843 0.7960 0.8274
v 0.086551 0.120797 -0.006993 0.7843 0.7960 0.8392
v 0.097571 0.167212 -0.000603 0.7843 0.8000 0.8392
v 0.094283 0.151635 -0.000603 0.7833 0.7960 0.8392
v 0.090996 0.136059 -0.000603 0.7839 0.7960 0.8280
v 0.084236 0.121426 0.018568 0.7843 0.7960 0.8274
v 0.085393 0.121112 0.012178 0.7843 0.7960 0.8274
v 0.086551 0.120797 0.005788 0.7843 0.7960 0.8274
v 0.072055 0.076017 -0.019733 0.7764 0.7960 0.8392
v 0.077272 0.090839 -0.013356 0.7843 0.7935 0.8316
v 0.082490 0.105661 -0.006980 0.7764 0.7960 0.8303
v 0.079018 0.106604 0.024945 0.7823 0.7960 0.8392
v 0.074957 0.091468 0.024931 0.7843 0.7921 0.8274
v 0.070897 0.076331 0.024917 0.7843 0.7960 0.8392
v 0.082490 0.105661 0.005774 0.7764 0.7960 0.8392
v 0.077272 0.090839 0.012150 0.7843 0.7921 0.8274
v 0.072054 0.076017 0.018527 0.7764 0.7921 0.8274
v 0.067972 0.060779 -0.019733 0.7764 0.7941 0.8392
v 0.069106 0.060364 -0.013357 0.7843 0.7960 0.8392
v 0.070241 0.059949 -0.006980 0.7764 0.7921 0.8274
v 0.083625 0.105245 -0.000603 0.7764 0.7960 0.8392
v 0.079542 0.090008 -0.000603 0.7843 0.7921 0.8274
v 0.075459 0.074771 -0.000603 0.7764 0.7960 0.8256
v 0.067971 0.060779 0.018527 0.7764 0.7921 0.8392
v 0.069106 0.060364 0.012150 0.7764 0.7960 0.8392
v 0.070241 0.059949 0.005773 0.7764 0.7931 0.8302
v 0.060958 0.045095 0.024903 0.7764 0.7814 0.8166
v 0.055081 0.028996 0.024903 0.7764 0.7804 0.8190
v 0.049203 0.012897 0.024903 0.7764 0.7757 0.8078
v 0.064363 0.043850 0.005773 0.7764 0.7908 0.8080
v 0.057351 0.028166 0.012150 0.7764 0.7804 0.8078
v 0.050338 0.012481 0.018526 0.7650 0.7804 0.8078
v 0.064363 0.043850 -0.006980 0.7764 0.7804 0.8078
v 0.057351 0.028166 -0.013357 0.7761 0.7804 0.8078
v 0.050339 0.012481 -0.019733 0.7632 0.7804 0.8078
v 0.060959 0.045095 -0.026110 0.7764 0.7831 0.8115
v 0.055082 0.028996 -0.026110 0.7764 0.7804 0.8152
v 0.049204 0.012897 -0.026110 0.7757 0.7804 0.8188
v 0.065465 0.043315 -0.000603 0.7764 0.7804 0.8078
v 0.059554 0.027096 -0.000603 0.7764 0.7804 0.8084
v 0.053643 0.010877 -0.000604 0.7750 0.7804 0.8091
v 0.044427 -0.003738 0.018526 0.7490 0.7651 0.8078
v 0.045529 -0.004272 0.012150 0.7531 0.7647 0.8078
v 0.046630 -0.004807 0.005773 0.7727 0.7673 0.8078
v 0.044428 -0.003738 -0.019734 0.7543 0.7651 0.8078
v 0.045529 -0.004272 -0.013357 0.7529 0.7647 0.8078
v 0.046631 -0.004807 -0.006980 0.7647 0.7647 0.8078
v 0.036559 -0.019048 0.024903 0.7461 0.7647 0.8078
v 0.029793 -0.034894 0.024902 0.7529 0.7646 0.8078
v 0.023027 -0.050740 0.024902 0.7412 0.7516 0.8078
v 0.039864 -0.020653 0.005773 0.7462 0.7647 0.8078
v 0.031996 -0.035964 0.012149 0.7514 0.7647 0.8078
v 0.024128 -0.051275 0.018526 0.7412 0.7451 0.8074
v 0.036560 -0.019048 -0.026110 0.7499 0.7676 0.8078
v 0.029794 -0.034894 -0.026110 0.7441 0.7647 0.8078
v 0.023028 -0.050740 -0.026110 0.7412 0.7510 0.8078
v 0.039864 -0.020653 -0.006980 0.7454 0.7647 0.8078
v 0.031997 -0.035964 -0.013357 0.7412 0.7646 0.8078
v 0.024129 -0.051275 -0.019734 0.7412 0.7453 0.7970
v 0.017286 -0.067221 0.018525 0.7412 0.7488 0.7960
v 0.018311 -0.067857 0.012149 0.7412 0.7451 0.7931
v 0.019336 -0.068493 0.005772 0.7412 0.7451 0.7906
v 0.040889 -0.021289 -0.000604 0.7493 0.7647 0.8078
v 0.034047 -0.037235 -0.000604 0.7470 0.7612 0.8026
v 0.027204 -0.053182 -0.000604 0.7412 0.7451 0.8018
v 0.017287 -0.067221 -0.019734 0.7412 0.7451 0.7956
v 0.018312 -0.067857 -0.013357 0.7412 0.7451 0.7939
v 0.019336 -0.068493 -0.006981 0.7412 0.7451 0.7902
v 0.007798 -0.082806 0.024902 0.7333 0.7451 0.8078
v -0.000665 -0.099026 0.024902 0.7272 0.7371 0.7900
v -0.009127 -0.115247 0.024901 0.7216 0.7294 0.7843
v 0.010874 -0.084713 0.005772 0.7255 0.7451 0.7921
v 0.001386 -0.100298 0.012148 0.7330 0.7297 0.7764
v -0.008102 -0.115883 0.018525 0.7098 0.7294 0.7764
v 0.007799 -0.082806 -0.026111 0.7338 0.7451 0.8078
v -0.000664 -0.099026 -0.026111 0.7147 0.7309 0.7813
v -0.009126 -0.115247 -0.026111 0.7216 0.7294 0.7783
v 0.010874 -0.084713 -0.006981 0.7412 0.7333 0.7843
v 0.001386 -0.100298 -0.013357 0.7212 0.7331 0.7769
v -0.008101 -0.115883 -0.019734 0.7098 0.7294 0.7764
v 0.011830 -0.085423 -0.000604 0.7389 0.7361 0.7807
v 0.003299 -0.101718 -0.000604 0.7295 0.7305 0.7768
v -0.005232 -0.118013 -0.000605 0.7216 0.7294 0.7764
v -0.016633 -0.132178 0.018525 0.7098 0.7236 0.7764
v -0.015676 -0.132888 0.012148 0.7098 0.7294 0.7764
v -0.014719 -0.133598 0.005772 0.7098 0.7294 0.7764
v -0.016632 -0.132178 -0.019734 0.7098 0.7294 0.7764
v -0.015676 -0.132888 -0.013358 0.7098 0.7216 0.7764
v -0.014719 -0.133598 -0.006981 0.7098 0.7294 0.7764
v -0.026862 -0.147175 0.024977 0.7098 0.7176 0.7764
v -0.036134 -0.162883 0.025054 0.7098 0.7176 0.7764
v -0.045406 -0.178591 0.025130 0.6980 0.7114 0.7682
v -0.023991 -0.149306 0.005848 0.7098 0.7176 0.7764
v -0.034220 -0.164303 0.012301 0.7098 0.7137 0.7764
v -0.044449 -0.179301 0.018753 0.7010 0.7046 0.7711
v -0.026861 -0.147175 -0.026187 0.7098 0.7176 0.7764
v -0.036133 -0.162883 -0.026264 0.6980 0.7137 0.7764
v -0.045405 -0.178591 -0.026341 0.6902 0.7059 0.7764
v -0.023991 -0.149306 -0.007058 0.7098 0.7176 0.7764
v -0.034220 -0.164303 -0.013511 0.7098 0.7137 0.7764
v -0.044448 -0.179301 -0.019964 0.6873 0.7039 0.7735
v -0.023424 -0.150721 -0.000605 0.7098 0.7137 0.7764
v -0.033085 -0.167134 -0.000605 0.7098 0.7131 0.7764
v -0.042747 -0.183548 -0.000605 0.6785 0.6980 0.7639
v -0.054110 -0.195715 0.018753 0.6789 0.6982 0.7529
v -0.053543 -0.197130 0.012300 0.6902 0.6980 0.7647
v -0.052975 -0.198545 0.005847 0.6785 0.6980 0.7529
v -0.054110 -0.195715 -0.019964 0.6895 0.7022 0.7764
v -0.053542 -0.197130 -0.013511 0.6785 0.6980 0.7529
v -0.052975 -0.198545 -0.007058 0.6785 0.6980 0.7529
v -0.064811 -0.208888 0.025414 0.6875 0.6993 0.7620
v -0.074945 -0.223476 0.025622 0.6785 0.6883 0.7556
v -0.085078 -0.238064 0.025830 0.6733 0.6837 0.7435
v -0.063109 -0.213134 0.006055 0.6785 0.6824 0.7529
v -0.073810 -0.226307 0.012716 0.6667 0.6824 0.7412
v -0.084511 -0.239480 0.019377 0.6667 0.6785 0.7412
v -0.064810 -0.208888 -0.026625 0.6785 0.6980 0.7530
v -0.074944 -0.223476 -0.026834 0.6711 0.6892 0.7529
v -0.085077 -0.238064 -0.027042 0.6550 0.6785 0.7412
v -0.063109 -0.213134 -0.007267 0.6785 0.6850 0.7489
v -0.073809 -0.226307 -0.013928 0.6571 0.6794 0.7426
v -0.084510 -0.239480 -0.020589 0.6490 0.6736 0.7412
v -0.094400 -0.253745 0.019377 0.6576 0.6667 0.7412
v -0.093589 -0.254837 0.012716 0.6537 0.6667 0.7408
v -0.092778 -0.255929 0.006055 0.6471 0.6667 0.7333
v -0.062298 -0.214226 -0.000606 0.6785 0.6824 0.7469
v -0.072187 -0.228491 -0.000606 0.6579 0.6824 0.7412
v -0.082077 -0.242756 -0.000606 0.6471 0.6667 0.7412
v -0.094400 -0.253745 -0.020590 0.6471 0.6660 0.7412
v -0.093589 -0.254837 -0.013928 0.6471 0.6630 0.7337
v -0.092777 -0.255929 -0.007267 0.6471 0.6628 0.7333
v -0.104855 -0.264024 0.025801 0.6474 0.6671 0.7353
v -0.114498 -0.275396 0.025564 0.6363 0.6559 0.7339
v -0.124142 -0.286767 0.025327 0.6278 0.6499 0.7258
v -0.102421 -0.267300 0.005818 0.6471 0.6667 0.7333
v -0.112876 -0.277580 0.012242 0.6257 0.6486 0.7238
v -0.123330 -0.287859 0.018666 0.6246 0.6478 0.7226
v -0.104854 -0.264024 -0.027014 0.6462 0.6625 0.7334
v -0.114497 -0.275396 -0.026777 0.6354 0.6550 0.7333
v -0.124141 -0.286767 -0.026541 0.6274 0.6470 0.7173
v -0.102421 -0.267300 -0.007031 0.6354 0.6579 0.7353
v -0.112875 -0.277580 -0.013455 0.6354 0.6510 0.7326
v -0.123329 -0.287859 -0.019880 0.6190 0.6510 0.7144
v -0.132844 -0.299102 0.018666 0.6131 0.6393 0.7111
v -0.131904 -0.300065 0.012242 0.6118 0.6392 0.7153
v -0.130963 -0.301029 0.005817 0.6118 0.6405 0.7098
v -0.101480 -0.268264 -0.000606 0.6354 0.6589 0.7333
v -0.110994 -0.279506 -0.000607 0.6310 0.6520 0.7289
v -0.120509 -0.290749 -0.000607 0.6150 0.6393 0.7216
v -0.132844 -0.299102 -0.019880 0.6125 0.6380 0.7105
v -0.131903 -0.300065 -0.013456 0.6118 0.6393 0.7098
v -0.130963 -0.301029 -0.007031 0.6231 0.6354 0.7098
v -0.143330 -0.308025 0.025097 0.6122 0.6355 0.7098
v -0.152876 -0.317911 0.025104 0.6068 0.6197 0.7098
v -0.162422 -0.327797 0.025111 0.5921 0.6118 0.7098
v -0.142536 -0.309522 0.018666 0.6118 0.6344 0.7098
v -0.151288 -0.320904 0.012241 0.6039 0.6236 0.7098
v -0.160039 -0.332287 0.005817 0.5804 0.6118 0.6980
v -0.139715 -0.312411 -0.000607 0.6118 0.6276 0.7098
v -0.149406 -0.322831 -0.000607 0.6039 0.6236 0.7098
v -0.159098 -0.333250 -0.000607 0.5864 0.6197 0.7098
v -0.142536 -0.309522 -0.019880 0.6118 0.6354 0.7098
v -0.151287 -0.320904 -0.013456 0.5966 0.6231 0.7098
v -0.160039 -0.332287 -0.007032 0.5804 0.6125 0.6990
v -0.171173 -0.339180 0.018687 0.5804 0.6039 0.7098
v -0.170379 -0.340676 0.012255 0.5799 0.6038 0.7064
v -0.169585 -0.342173 0.005824 0.5804 0.6039 0.6949
v -0.143330 -0.308025 -0.026312 0.6118 0.6354 0.7098
v -0.152875 -0.317911 -0.026319 0.6039 0.6277 0.7098
v -0.162421 -0.327797 -0.026326 0.5927 0.6197 0.7098
v -0.169584 -0.342173 -0.007039 0.5804 0.6118 0.6980
v -0.170378 -0.340676 -0.013471 0.5804 0.6073 0.7098
v -0.171172 -0.339180 -0.019902 0.5804 0.6079 0.7070
v -0.181967 -0.350022 0.018686 0.5642 0.5955 0.6936
v -0.191966 -0.362361 0.012255 0.5373 0.5686 0.6785
v -0.201966 -0.374700 0.005823 0.5176 0.5490 0.6667
v -0.179584 -0.354512 -0.000608 0.5608 0.5896 0.6902
v -0.190378 -0.365354 -0.000608 0.5431 0.5709 0.6785
v -0.201172 -0.376196 -0.000608 0.5255 0.5608 0.6667
v -0.181966 -0.350022 -0.019902 0.5686 0.6000 0.6980
v -0.191966 -0.362361 -0.013471 0.5682 0.5976 0.6902
v -0.201966 -0.374700 -0.007040 0.5490 0.5725 0.6785
v -0.182321 -0.348250 -0.026283 0.5686 0.5961 0.6902
v -0.192676 -0.358817 -0.026232 0.5600 0.5882 0.6836
v -0.203030 -0.369384 -0.026182 0.5490 0.5882 0.6785
v -0.212321 -0.385266 -0.006989 0.5376 0.5670 0.6767
v -0.212675 -0.383495 -0.013370 0.5490 0.5725 0.6785
v -0.213030 -0.381723 -0.019751 0.5433 0.5723 0.6785
v -0.212321 -0.385266 0.005772 0.5036 0.5436 0.6645
v -0.212676 -0.383495 0.012153 0.5117 0.5451 0.6609
v -0.213031 -0.381723 0.018534 0.5176 0.5490 0.6628
v -0.182322 -0.348250 0.025067 0.5686 0.6000 0.6980
v -0.192677 -0.358817 0.025016 0.5549 0.5828 0.6843
v -0.203031 -0.369384 0.024965 0.5370 0.5670 0.6785
v -0.126945 0.370142 -0.015827 1.0000 0.8274 0.4115
v -0.128055 0.370164 -0.010754 1.0000 0.8274 0.4180
v -0.129165 0.370185 -0.005680 1.0000 0.8274 0.4196
v -0.125048 0.369147 -0.020399 0.9686 0.7859 0.3661
v -0.124261 0.368173 -0.019897 0.9686 0.7138 0.2221
v -0.123474 0.367199 -0.019395 0.9686 0.6667 0.1294
v -0.128378 0.369210 -0.005179 1.0000 0.8245 0.4106
v -0.126481 0.368215 -0.009750 0.9878 0.7469 0.2256
v -0.124584 0.367220 -0.014322 0.9686 0.6980 0.1294
v -0.123330 0.358431 -0.018893 1.0000 0.7808 0.1926
v -0.123973 0.350638 -0.018893 1.0000 0.8000 0.2157
v -0.124615 0.342844 -0.018893 1.0000 0.8117 0.2235
v -0.129487 0.369231 -0.000607 1.0000 0.8274 0.4196
v -0.128700 0.368257 -0.000607 1.0000 0.8034 0.3230
v -0.127912 0.367282 -0.000607 0.9902 0.7389 0.1885
v -0.123797 0.366246 -0.014322 0.9441 0.6491 0.1294
v -0.124906 0.366266 -0.009750 0.9396 0.6405 0.1312
v -0.126016 0.366287 -0.005178 0.9472 0.6593 0.1394
v -0.127846 0.317727 -0.018981 1.0000 0.8117 0.2235
v -0.130435 0.300403 -0.019069 1.0000 0.8117 0.2235
v -0.133023 0.283079 -0.019157 1.0000 0.8117 0.2235
v -0.126362 0.335139 -0.014322 1.0000 0.8119 0.2235
v -0.127467 0.335228 -0.009750 1.0000 0.8117 0.2235
v -0.128572 0.335316 -0.005179 1.0000 0.8117 0.2235
v -0.124435 0.358520 -0.014322 1.0000 0.7877 0.1937
v -0.126182 0.350815 -0.009750 1.0000 0.8078 0.2196
v -0.127929 0.343110 -0.005179 1.0000 0.8117 0.2235
v -0.127763 0.358582 -0.000607 1.0000 0.7882 0.1922
v -0.128401 0.350856 -0.000607 1.0000 0.8113 0.2231
v -0.129039 0.343130 -0.000607 1.0000 0.8117 0.2235
v -0.136363 0.265957 -0.014586 1.0000 0.8117 0.2235
v -0.137114 0.266159 -0.009926 1.0000 0.8117 0.2235
v -0.137865 0.266361 -0.005267 1.0000 0.8117 0.2235
v -0.128597 0.317929 -0.014322 1.0000 0.8117 0.2235
v -0.131937 0.300807 -0.009750 1.0000 0.8117 0.2235
v -0.135277 0.283685 -0.005179 1.0000 0.8117 0.2235
v -0.131912 0.318194 -0.000607 1.0000 0.8117 0.2235
v -0.134147 0.300984 -0.000607 1.0000 0.8117 0.2235
v -0.136381 0.283773 -0.000607 1.0000 0.8117 0.2235
v -0.139745 0.245329 -0.019711 1.0000 0.8117 0.2235
v -0.143879 0.224904 -0.020177 1.0000 0.8117 0.2235
v -0.148013 0.204478 -0.020643 1.0000 0.8117 0.2235
v -0.126016 0.366287 0.003965 0.9617 0.6547 0.1148
v -0.124906 0.366266 0.008536 0.9421 0.6324 0.0998
v -0.123797 0.366246 0.013108 0.9460 0.6392 0.1115
v -0.127930 0.343110 0.003965 1.0000 0.8117 0.2235
v -0.126182 0.350815 0.008536 1.0000 0.8117 0.2235
v -0.124435 0.358520 0.013108 1.0000 0.7776 0.1926
v -0.128378 0.369210 0.003965 1.0000 0.8274 0.4196
v -0.126482 0.368215 0.008536 0.9995 0.7952 0.3197
v -0.124585 0.367220 0.013108 0.9785 0.7124 0.1282
v -0.153231 0.183849 -0.015983 1.0000 0.7819 0.1922
v -0.154316 0.183646 -0.010858 1.0000 0.7917 0.2039
v -0.155400 0.183443 -0.005733 1.0000 0.7921 0.2039
v -0.140830 0.245126 -0.014586 1.0000 0.8117 0.2235
v -0.146048 0.224497 -0.009926 1.0000 0.8117 0.2235
v -0.151266 0.203868 -0.005267 1.0000 0.8174 0.2235
v -0.143083 0.245732 -0.000607 1.0000 0.8117 0.2235
v -0.147550 0.224901 -0.000607 1.0000 0.8117 0.2235
v -0.152018 0.204070 -0.000607 1.0000 0.8117 0.2235
v -0.153553 0.182167 -0.021549 1.0000 0.7863 0.1928
v -0.154959 0.180281 -0.021989 1.0000 0.8073 0.2154
v -0.156365 0.178396 -0.022430 1.0000 0.8079 0.2165
v -0.158992 0.176094 -0.017304 1.0000 0.8220 0.2847
v -0.160213 0.175678 -0.011739 1.0000 0.8163 0.2661
v -0.161434 0.175262 -0.006173 1.0000 0.8246 0.2905
v -0.154774 0.181751 -0.015983 1.0000 0.7921 0.2039
v -0.157401 0.179449 -0.010858 1.0000 0.8000 0.2098
v -0.160028 0.177148 -0.005733 1.0000 0.8157 0.2177
v -0.158027 0.181141 -0.000607 1.0000 0.7976 0.2121
v -0.159570 0.179043 -0.000607 1.0000 0.7997 0.2152
v -0.161112 0.176944 -0.000608 1.0000 0.8117 0.2231
v -0.160035 0.170134 -0.022696 1.0000 0.8196 0.2235
v -0.162298 0.163759 -0.022522 1.0000 0.8118 0.2235
v -0.164561 0.157383 -0.022348 1.0000 0.8144 0.2396
v -0.163697 0.168886 -0.005999 1.0000 0.8196 0.2235
v -0.164739 0.162927 -0.011391 1.0000 0.8224 0.2235
v -0.165782 0.156967 -0.016782 1.0000 0.8146 0.2495
v -0.171924 0.137921 -0.022264 0.8365 0.8547 0.8714
v -0.177024 0.124834 -0.022353 0.8196 0.8274 0.8627
v -0.182124 0.111748 -0.022443 0.8196 0.8274 0.8627
v -0.164416 0.168567 -0.000608 1.0000 0.8235 0.2353
v -0.166178 0.162287 -0.000608 1.0000 0.8139 0.2235
v -0.167940 0.156008 -0.000608 1.0000 0.8209 0.2627
v -0.167544 0.150687 -0.016782 0.1720 0.1563 0.1067
v -0.168263 0.150368 -0.011391 0.5067 0.4811 0.3384
v -0.168983 0.150048 -0.005999 0.0952 0.0907 0.0708
v -0.191607 0.088549 -0.022428 0.8196 0.8274 0.8627
v -0.195990 0.078436 -0.022324 0.8196 0.8274 0.8627
v -0.200373 0.068323 -0.022220 0.8196 0.8274 0.8627
v -0.187874 0.099030 -0.017052 0.8196 0.8274 0.8627
v -0.188524 0.099398 -0.011571 0.8196 0.8274 0.8627
v -0.189175 0.099766 -0.006089 0.8196 0.8274 0.8627
v -0.172575 0.138289 -0.016782 0.8483 0.8553 0.8797
v -0.178325 0.125570 -0.011391 0.8196 0.8274 0.8627
v -0.184075 0.112852 -0.005999 0.8196 0.8274 0.8627
v -0.174733 0.137330 -0.000608 0.8246 0.8343 0.8560
v -0.179764 0.124931 -0.000608 0.8196 0.8274 0.8627
v -0.184794 0.112532 -0.000608 0.8196 0.8274 0.8627
v -0.205407 0.058579 -0.016738 0.8078 0.8278 0.8706
v -0.206058 0.058948 -0.011362 0.8078 0.8313 0.8706
v -0.206709 0.059317 -0.005985 0.8083 0.8280 0.8702
v -0.192258 0.088918 -0.017052 0.8196 0.8274 0.8627
v -0.197292 0.079174 -0.011571 0.8196 0.8274 0.8627
v -0.202326 0.069430 -0.006090 0.8078 0.8313 0.8706
v -0.194209 0.090022 -0.000608 0.8196 0.8274 0.8627
v -0.198593 0.079909 -0.000608 0.8196 0.8274 0.8627
v -0.202976 0.069797 -0.000608 0.8078 0.8302 0.8706
v -0.209690 0.048165 -0.022223 0.8101 0.8274 0.8697
v -0.214624 0.038120 -0.022331 0.8078 0.8274 0.8627
v -0.219558 0.028075 -0.022439 0.8078 0.8274 0.8706
v -0.210353 0.048649 -0.016738 0.8196 0.8274 0.8667
v -0.215950 0.039088 -0.011362 0.8078 0.8274 0.8706
v -0.221546 0.029527 -0.005985 0.8078 0.8274 0.8627
v -0.212306 0.049756 -0.000608 0.8085 0.8274 0.8706
v -0.217251 0.039826 -0.000609 0.8078 0.8274 0.8666
v -0.222197 0.029896 -0.000609 0.8078 0.8229 0.8706
v -0.225155 0.018514 -0.017062 0.8078 0.8196 0.8706
v -0.225817 0.018998 -0.011578 0.8078 0.8274 0.8706
v -0.226480 0.019482 -0.006093 0.8078 0.8197 0.8706
v -0.230839 0.007792 -0.022439 0.8078 0.8155 0.8706
v -0.237186 -0.002446 -0.022331 0.8078 0.8157 0.8706
v -0.243533 -0.012685 -0.022224 0.8078 0.8117 0.8612
v -0.231450 0.008238 -0.017062 0.8078 0.8274 0.8627
v -0.238407 -0.001555 -0.011578 0.8078 0.8137 0.8608
v -0.245365 -0.011347 -0.006094 0.8078 0.8117 0.8549
v -0.233438 0.009690 -0.000609 0.8078 0.8190 0.8543
v -0.239733 -0.000587 -0.000609 0.8078 0.8117 0.8706
v -0.246028 -0.010864 -0.000609 0.8078 0.8117 0.8512
v -0.250490 -0.022478 -0.016739 0.8078 0.8117 0.8392
v -0.251101 -0.022032 -0.011363 0.8078 0.8117 0.8588
v -0.251712 -0.021586 -0.005986 0.8078 0.8117 0.8392
v -0.257500 -0.033754 -0.022116 0.8078 0.8117 0.8509
v -0.265120 -0.044586 -0.022116 0.7924 0.8117 0.8392
v -0.272741 -0.055417 -0.022116 0.8078 0.8034 0.8392
v -0.258052 -0.033219 -0.016739 0.8078 0.8117 0.8392
v -0.266224 -0.043514 -0.011363 0.8078 0.8117 0.8509
v -0.274397 -0.053809 -0.005986 0.7960 0.8048 0.8481
v -0.259884 -0.031881 -0.000609 0.7988 0.8117 0.8419
v -0.267446 -0.042622 -0.000609 0.7960 0.8113 0.8392
v -0.275007 -0.053363 -0.000610 0.7843 0.8039 0.8392
v -0.280913 -0.065712 -0.016740 0.7790 0.7973 0.8392
v -0.281465 -0.065176 -0.011363 0.7897 0.8036 0.8392
v -0.282017 -0.064640 -0.005986 0.7785 0.7971 0.8392
v -0.289108 -0.076764 -0.022176 0.7843 0.7960 0.8392
v -0.297855 -0.087279 -0.022236 0.7764 0.7960 0.8392
v -0.306602 -0.097795 -0.022296 0.7764 0.7933 0.8392
v -0.315877 -0.107701 -0.016920 0.7764 0.7921 0.8392
v -0.316404 -0.107090 -0.011483 0.7764 0.7960 0.8392
v -0.316931 -0.106480 -0.006047 0.7764 0.7922 0.8392
v -0.289635 -0.076153 -0.016740 0.7843 0.8000 0.8392
v -0.298910 -0.086058 -0.011363 0.7843 0.7960 0.8392
v -0.308184 -0.095964 -0.005987 0.7843 0.7960 0.8392
v -0.291291 -0.074546 -0.000610 0.7843 0.8000 0.8392
v -0.300014 -0.084987 -0.000610 0.7843 0.7960 0.8392
v -0.308736 -0.095428 -0.000610 0.7840 0.7960 0.8392
v -0.323116 -0.116683 -0.022326 0.7764 0.7843 0.8392
v -0.330883 -0.125055 -0.022296 0.7764 0.7804 0.8392
v -0.338650 -0.133427 -0.022266 0.7764 0.7804 0.8392
v -0.324698 -0.114852 -0.006017 0.7764 0.7882 0.8392
v -0.331937 -0.123834 -0.011423 0.7764 0.7843 0.8392
v -0.339177 -0.132817 -0.016829 0.7764 0.7804 0.8392
v -0.355728 -0.151368 -0.022278 0.7535 0.7802 0.8386
v -0.365039 -0.160937 -0.022320 0.7502 0.7677 0.8392
v -0.374351 -0.170505 -0.022363 0.7412 0.7629 0.8130
v -0.374857 -0.169919 -0.016957 0.7412 0.7647 0.8078
v -0.366051 -0.159764 -0.011508 0.7611 0.7760 0.8293
v -0.357246 -0.149610 -0.006060 0.7631 0.7754 0.8392
v -0.346923 -0.141213 -0.016829 0.7764 0.7804 0.8392
v -0.347429 -0.140627 -0.011423 0.7710 0.7804 0.8392
v -0.347935 -0.140041 -0.006017 0.7650 0.7805 0.8392
v -0.325204 -0.114265 -0.000611 0.7764 0.7843 0.8392
v -0.332949 -0.122662 -0.000611 0.7764 0.7843 0.8392
v -0.340695 -0.131058 -0.000611 0.7648 0.7804 0.8392
v -0.384160 -0.179481 -0.016957 0.7412 0.7498 0.8078
v -0.384657 -0.178887 -0.011509 0.7373 0.7495 0.8086
v -0.385155 -0.178294 -0.006060 0.7333 0.7490 0.8078
v -0.357744 -0.149016 -0.000611 0.7506 0.7763 0.8369
v -0.367046 -0.158578 -0.000611 0.7470 0.7647 0.8333
v -0.376349 -0.168139 -0.000611 0.7412 0.7613 0.8203
v -0.385155 -0.178294 0.004837 0.7346 0.7582 0.8177
v -0.384658 -0.178887 0.010285 0.7333 0.7496 0.8084
v -0.384160 -0.179481 0.015734 0.7412 0.7490 0.8078
v -0.357246 -0.149610 0.004837 0.7615 0.7804 0.8392
v -0.366052 -0.159764 0.010286 0.7645 0.7765 0.8276
v -0.374857 -0.169919 0.015734 0.7412 0.7647 0.8196
v -0.374352 -0.170505 0.021140 0.7412 0.7647 0.8078
v -0.365040 -0.160937 0.021098 0.7532 0.7688 0.8198
v -0.355729 -0.151368 0.021056 0.7647 0.7764 0.8274
v -0.347935 -0.140041 0.004795 0.7647 0.7804 0.8392
v -0.347429 -0.140627 0.010201 0.7694 0.7804 0.8387
v -0.346923 -0.141213 0.015607 0.7647 0.7804 0.8392
v -0.324698 -0.114852 0.004796 0.7764 0.7960 0.8392
v -0.331938 -0.123834 0.010201 0.7764 0.7843 0.8392
v -0.339178 -0.132817 0.015607 0.7736 0.7826 0.8392
v -0.338651 -0.133427 0.021044 0.7669 0.7804 0.8392
v -0.330884 -0.125055 0.021075 0.7764 0.7808 0.8392
v -0.323117 -0.116683 0.021105 0.7764 0.7804 0.8392
v -0.316931 -0.106480 0.004826 0.7764 0.7921 0.8392
v -0.316404 -0.107090 0.010263 0.7764 0.7960 0.8392
v -0.315877 -0.107701 0.015699 0.7764 0.7951 0.8392
v -0.306603 -0.097795 0.021076 0.7838 0.7958 0.8392
v -0.297856 -0.087279 0.021016 0.7764 0.7963 0.8392
v -0.289109 -0.076764 0.020957 0.7843 0.7992 0.8392
v -0.308184 -0.095964 0.004766 0.7765 0.7960 0.8392
v -0.298910 -0.086058 0.010143 0.7843 0.7960 0.8392
v -0.289636 -0.076153 0.015520 0.7849 0.8003 0.8392
v -0.282017 -0.064640 0.004767 0.7835 0.7996 0.8392
v -0.281465 -0.065176 0.010144 0.7930 0.8058 0.8392
v -0.280914 -0.065712 0.015520 0.7874 0.8020 0.8392
v -0.272742 -0.055417 0.020897 0.7960 0.8068 0.8421
v -0.265121 -0.044586 0.020897 0.8005 0.8095 0.8392
v -0.257501 -0.033754 0.020897 0.7960 0.8117 0.8392
v -0.274397 -0.053809 0.004767 0.7960 0.8039 0.8509
v -0.266225 -0.043514 0.010144 0.8019 0.8098 0.8509
v -0.258053 -0.033219 0.015521 0.7984 0.8117 0.8392
v -0.251712 -0.021586 0.004767 0.8078 0.8117 0.8392
v -0.251101 -0.022032 0.010144 0.8078 0.8117 0.8618
v -0.250491 -0.022478 0.015521 0.8078 0.8117 0.8400
v -0.243534 -0.012685 0.021005 0.8078 0.8117 0.8598
v -0.237187 -0.002446 0.021113 0.8078 0.8117 0.8706
v -0.230840 0.007792 0.021221 0.8078 0.8175 0.8706
v -0.245365 -0.011347 0.004875 0.8078 0.8117 0.8549
v -0.238408 -0.001555 0.010360 0.8078 0.8157 0.8706
v -0.231450 0.008238 0.015845 0.8078 0.8273 0.8703
v -0.226480 0.019482 0.004876 0.8078 0.8274 0.8706
v -0.225818 0.018998 0.010360 0.8078 0.8274 0.8706
v -0.225155 0.018514 0.015845 0.8078 0.8193 0.8706
v -0.219559 0.028075 0.021221 0.8078 0.8274 0.8706
v -0.214625 0.038120 0.021114 0.8078 0.8274 0.8627
v -0.209691 0.048165 0.021006 0.8165 0.8274 0.8706
v -0.221546 0.029527 0.004768 0.8078 0.8274 0.8706
v -0.215950 0.039088 0.010145 0.8177 0.8274 0.8706
v -0.210353 0.048649 0.015522 0.8196 0.8274 0.8686
v -0.206709 0.059317 0.004768 0.8196 0.8274 0.8627
v -0.206059 0.058948 0.010145 0.8190 0.8313 0.8631
v -0.205408 0.058579 0.015522 0.8078 0.8307 0.8706
v -0.200374 0.068323 0.021003 0.8196 0.8274 0.8627
v -0.195991 0.078436 0.021108 0.8196 0.8274 0.8627
v -0.191608 0.088549 0.021212 0.8196 0.8274 0.8627
v -0.202326 0.069430 0.004873 0.8078 0.8313 0.8706
v -0.197292 0.079174 0.010354 0.8196 0.8274 0.8627
v -0.192258 0.088918 0.015836 0.8196 0.8274 0.8627
v -0.189175 0.099766 0.004873 0.8196 0.8274 0.8627
v -0.188525 0.099398 0.010354 0.8196 0.8274 0.8627
v -0.187875 0.099030 0.015836 0.8196 0.8274 0.8627
v -0.182125 0.111748 0.021227 0.8196 0.8274 0.8627
v -0.177025 0.124834 0.021138 0.8196 0.8274 0.8627
v -0.171925 0.137921 0.021048 0.8229 0.8346 0.8706
v -0.184075 0.112852 0.004784 0.8196 0.8274 0.8627
v -0.178325 0.125570 0.010175 0.8196 0.8274 0.8627
v -0.172575 0.138289 0.015567 0.8568 0.8607 0.8882
v -0.168983 0.150048 0.004784 0.1205 0.1065 0.0716
v -0.168264 0.150368 0.010175 0.5044 0.4727 0.2923
v -0.167544 0.150687 0.015567 0.0999 0.0936 0.0608
v -0.163697 0.168886 0.004784 1.0000 0.8274 0.2235
v -0.164740 0.162927 0.010176 1.0000 0.8157 0.2235
v -0.165783 0.156967 0.015567 1.0000 0.8140 0.2414
v -0.164562 0.157383 0.021133 1.0000 0.8146 0.2496
v -0.162299 0.163759 0.021307 1.0000 0.8120 0.2235
v -0.160036 0.170134 0.021481 1.0000 0.8135 0.2235
v -0.161434 0.175262 0.004958 1.0000 0.8313 0.3094
v -0.160213 0.175678 0.010524 1.0000 0.8276 0.3069
v -0.158993 0.176094 0.016089 1.0000 0.8275 0.3205
v -0.156366 0.178396 0.021215 1.0000 0.8078 0.2157
v -0.154960 0.180281 0.020774 1.0000 0.7971 0.2115
v -0.153554 0.182167 0.020334 1.0000 0.7843 0.2039
v -0.160028 0.177148 0.004518 1.0000 0.8116 0.2234
v -0.157401 0.179449 0.009643 1.0000 0.7944 0.2073
v -0.154774 0.181751 0.014769 1.0000 0.7880 0.2039
v -0.155400 0.183443 0.004518 1.0000 0.7843 0.2039
v -0.154316 0.183646 0.009643 1.0000 0.7845 0.2039
v -0.153232 0.183849 0.014769 1.0000 0.7815 0.1955
v -0.148014 0.204478 0.019428 1.0000 0.8117 0.2235
v -0.143880 0.224904 0.018963 1.0000 0.8117 0.2235
v -0.139746 0.245329 0.018497 1.0000 0.8117 0.2235
v -0.151267 0.203868 0.004052 1.0000 0.8162 0.2235
v -0.146049 0.224497 0.008712 1.0000 0.8117 0.2235
v -0.140830 0.245126 0.013372 1.0000 0.8117 0.2235
v -0.137865 0.266361 0.004052 1.0000 0.8117 0.2235
v -0.137114 0.266159 0.008712 1.0000 0.8117 0.2235
v -0.136363 0.265957 0.013372 1.0000 0.8117 0.2235
v -0.133024 0.283079 0.017943 1.0000 0.8117 0.2235
v -0.130435 0.300403 0.017855 1.0000 0.8117 0.2235
v -0.127847 0.317727 0.017768 1.0000 0.8117 0.2235
v -0.135277 0.283685 0.003965 1.0000 0.8117 0.2235
v -0.131937 0.300807 0.008536 1.0000 0.8117 0.2235
v -0.128598 0.317929 0.013108 1.0000 0.8117 0.2235
v -0.128572 0.335316 0.003965 1.0000 0.8117 0.2235
v -0.127467 0.335228 0.008536 1.0000 0.8117 0.2235
v -0.126363 0.335139 0.013108 1.0000 0.8117 0.2235
v -0.123331 0.358431 0.017680 1.0000 0.7785 0.1922
v -0.123973 0.350638 0.017680 1.0000 0.8107 0.2215
v -0.124616 0.342844 0.017680 1.0000 0.8117 0.2235
v -0.123475 0.367199 0.018181 0.9791 0.7035 0.1294
v -0.124262 0.368173 0.018683 1.0000 0.7861 0.2715
v -0.125049 0.369147 0.019185 1.0000 0.8269 0.4153
v -0.129165 0.370185 0.004467 1.0000 0.8244 0.4086
v -0.128055 0.370164 0.009540 1.0000 0.8267 0.4172
v -0.126946 0.370142 0.014613 1.0000 0.8258 0.4067
v -0.120843 0.390519 0.022436 0.9137 0.9107 0.9137
v -0.116976 0.390467 0.014755 0.9372 0.9294 0.9430
v -0.113110 0.390416 0.007074 0.9314 0.9333 0.9314
v -0.114456 0.390328 -0.000607 0.9440 0.9419 0.9426
v -0.119670 0.390291 -0.000607 0.9524 0.9445 0.9473
v -0.124884 0.390254 -0.000607 0.9372 0.9411 0.9490
v -0.120844 0.390621 0.030117 0.8734 0.8650 0.8734
v -0.116977 0.390672 0.030117 0.7744 0.7762 0.7856
v -0.113110 0.390723 0.030117 0.5410 0.5524 0.5684
v -0.109262 0.333411 -0.023779 0.3370 0.3402 0.3625
v -0.109262 0.333308 -0.016055 0.4050 0.4037 0.4163
v -0.109262 0.333206 -0.008331 0.4200 0.4214 0.4402
v -0.109257 0.347726 -0.023779 0.4816 0.5036 0.5168
v -0.109252 0.361939 -0.016055 0.5612 0.5690 0.5925
v -0.109247 0.376152 -0.008331 0.6358 0.6398 0.6671
v -0.109242 0.390467 -0.008287 0.9017 0.8996 0.9017
v -0.109242 0.390570 -0.015968 0.8627 0.8617 0.8627
v -0.109242 0.390672 -0.023649 0.6926 0.6946 0.7173
v -0.120843 0.390519 -0.023649 0.9100 0.9062 0.9101
v -0.116976 0.390467 -0.015968 0.9372 0.9294 0.9401
v -0.113109 0.390416 -0.008287 0.9332 0.9351 0.9332
v -0.126056 0.390482 -0.023649 0.8942 0.8960 0.8942
v -0.127404 0.390393 -0.015969 0.9010 0.8984 0.9042
v -0.128751 0.390305 -0.008288 0.9216 0.9255 0.9276
v -0.120842 0.390621 -0.031330 0.8704 0.8618 0.8706
v -0.116976 0.390672 -0.031330 0.7158 0.7180 0.7321
v -0.113109 0.390723 -0.031330 0.4857 0.4938 0.5136
v -0.284343 -0.421030 0.018578 1.0000 0.7647 0.1804
v -0.295631 -0.405154 0.012182 1.0000 0.7608 0.1804
v -0.306918 -0.389278 0.005786 1.0000 0.7685 0.1804
v -0.306241 -0.390328 -0.000610 1.0000 0.7673 0.1886
v -0.294276 -0.407255 -0.000610 1.0000 0.7664 0.1872
v -0.282311 -0.424182 -0.000610 1.0000 0.7490 0.1725
v -0.288437 -0.415285 0.024305 1.0000 0.7647 0.1796
v -0.303819 -0.393664 0.023636 1.0000 0.7646 0.1804
v -0.319200 -0.372042 0.022967 1.0000 0.7480 0.1773
v -0.322397 -0.367523 0.029599 1.0000 0.7562 0.1791
v -0.310213 -0.384626 0.036900 1.0000 0.7686 0.1922
v -0.298028 -0.401728 0.044202 1.0000 0.7804 0.1922
v -0.336996 -0.347029 0.029599 1.0000 0.6996 0.1314
v -0.339410 -0.343637 0.036900 1.0000 0.7296 0.1609
v -0.341824 -0.340245 0.044201 1.0000 0.7725 0.1804
v -0.345664 -0.334859 0.044201 1.0000 0.7764 0.1725
v -0.347090 -0.332866 0.036900 1.0000 0.7294 0.1607
v -0.348516 -0.330873 0.029599 1.0000 0.6982 0.1295
v -0.361541 -0.312496 0.044200 1.0000 0.7804 0.1922
v -0.378843 -0.288139 0.036899 1.0000 0.7530 0.1725
v -0.396145 -0.263782 0.029598 1.0000 0.7399 0.1608
v -0.416037 -0.235604 0.030269 1.0000 0.6980 0.1294
v -0.418628 -0.231783 0.038240 1.0000 0.7448 0.1610
v -0.421218 -0.227962 0.046212 1.0000 0.7807 0.1937
v -0.425547 -0.222827 0.046717 1.0000 0.8418 0.3990
v -0.427285 -0.221514 0.039250 1.0000 0.8250 0.3688
v -0.429024 -0.220200 0.031783 1.0000 0.8304 0.3641
v -0.418596 -0.212828 0.031786 0.3651 0.3328 0.1295
v -0.417220 -0.214432 0.039253 0.3488 0.3251 0.1923
v -0.415845 -0.216037 0.046719 0.5181 0.4932 0.4038
v -0.420931 -0.214453 0.031785 1.0000 0.8605 0.3697
v -0.421890 -0.217682 0.039251 1.0000 0.8315 0.3865
v -0.422849 -0.220912 0.046717 1.0000 0.8411 0.3753
v -0.422669 -0.213139 0.024318 1.0000 0.8431 0.3882
v -0.425367 -0.215055 0.024317 1.0000 0.8393 0.3356
v -0.428065 -0.216970 0.024317 1.0000 0.8396 0.3396
v -0.428061 -0.216985 0.018084 1.0000 0.8274 0.2626
v -0.425360 -0.215085 0.011852 1.0000 0.8284 0.3080
v -0.422659 -0.213184 0.005620 1.0000 0.8196 0.4196
v -0.434704 -0.222152 0.018084 1.0000 0.8431 0.4177
v -0.438646 -0.225417 0.011852 1.0000 0.8415 0.4021
v -0.442587 -0.228683 0.005619 1.0000 0.8412 0.4062
v -0.433999 -0.227394 0.023811 1.0000 0.8107 0.2908
v -0.437235 -0.235902 0.023306 1.0000 0.8295 0.3453
v -0.440472 -0.244410 0.022802 1.0000 0.8378 0.3549
v -0.410475 -0.318277 0.005115 1.0000 0.7691 0.1791
v -0.385177 -0.328992 0.010843 1.0000 0.7771 0.1922
v -0.359879 -0.339706 0.016571 1.0000 0.7882 0.2297
v -0.404337 -0.312338 0.022297 1.0000 0.8218 0.3540
v -0.381085 -0.325033 0.022298 1.0000 0.8104 0.3397
v -0.357833 -0.337727 0.022298 1.0000 0.7977 0.3270
v -0.406381 -0.324022 -0.000612 1.0000 0.8071 0.3362
v -0.376989 -0.340482 -0.000612 1.0000 0.8147 0.3647
v -0.347598 -0.356942 -0.000611 1.0000 0.8225 0.3676
v -0.402201 -0.301230 0.016570 0.9686 0.6887 0.1459
v -0.384781 -0.310446 0.010843 0.9686 0.6446 0.1034
v -0.367361 -0.319663 0.005116 0.9686 0.6081 0.0857
v -0.402201 -0.301230 0.022297 0.9713 0.7540 0.3088
v -0.384781 -0.310446 0.022298 0.9689 0.7105 0.2051
v -0.367362 -0.319663 0.022298 0.9686 0.7231 0.2316
v -0.367365 -0.319661 -0.000611 0.9686 0.6042 0.0855
v -0.384788 -0.310442 -0.000612 0.9686 0.6197 0.0941
v -0.402211 -0.301224 -0.000612 0.9686 0.6393 0.1058
v -0.426537 -0.252898 0.005115 0.9686 0.5862 0.0658
v -0.422174 -0.248407 0.010842 0.9686 0.5967 0.0692
v -0.417810 -0.243916 0.016570 0.9686 0.5906 0.0678
v -0.426537 -0.252898 0.022297 0.9966 0.7697 0.2949
v -0.422174 -0.248407 0.022297 0.9887 0.7238 0.2517
v -0.417810 -0.243916 0.022297 0.9639 0.5969 0.0769
v -0.426537 -0.252898 -0.000612 0.9679 0.5848 0.0663
v -0.422173 -0.248407 -0.000612 0.9685 0.5884 0.0658
v -0.417810 -0.243916 -0.000612 0.9686 0.5725 0.0627
v 0.114444 0.426958 0.029381 0.8528 0.8687 0.9112
v 0.114444 0.428716 0.026780 0.8626 0.8745 0.9190
v 0.114444 0.430474 0.024179 0.8618 0.8760 0.9213
v 0.081835 0.426958 0.029616 0.7056 0.7095 0.7370
v 0.049225 0.428716 0.027251 0.7744 0.7784 0.7921
v 0.016616 0.430474 0.024885 0.8452 0.8472 0.8452
v 0.077652 0.425200 0.032217 0.6135 0.6274 0.6449
v 0.040861 0.425200 0.032452 0.6289 0.6334 0.6452
v 0.004070 0.425200 0.032687 0.6393 0.6335 0.6452
v 0.004070 0.422623 0.034110 0.5472 0.5472 0.5648
v 0.040861 0.420046 0.035298 0.5000 0.5078 0.5333
v 0.077652 0.417469 0.036485 0.4823 0.4902 0.5176
v 0.074029 0.414892 0.037863 0.4667 0.4745 0.5000
v 0.033614 0.414892 0.038053 0.4724 0.4821 0.5000
v -0.006801 0.414892 0.038243 0.4784 0.4843 0.5118
v -0.008141 0.412686 0.038573 0.4745 0.4784 0.5059
v 0.030934 0.410479 0.038712 0.4745 0.4863 0.5059
v 0.070008 0.408272 0.038852 0.4834 0.4883 0.5148
v 0.067036 0.406065 0.039141 0.5163 0.5243 0.5477
v 0.024990 0.406065 0.039290 0.5061 0.5277 0.5375
v -0.017056 0.406065 0.039440 0.5273 0.5273 0.5597
v -0.020037 0.387864 0.039440 0.5686 0.5804 0.6039
v 0.019029 0.369663 0.039290 0.5686 0.5804 0.6039
v 0.058095 0.351462 0.039141 0.5686 0.5725 0.6039
v -0.059103 0.387864 0.039589 0.4830 0.5103 0.5183
v -0.059103 0.369663 0.039589 0.4823 0.4902 0.5176
v -0.059103 0.351462 0.039589 0.4823 0.4745 0.5176
v -0.061485 0.351462 0.037221 0.5089 0.5010 0.5413
v -0.063867 0.369663 0.034853 0.6117 0.6273 0.6470
v -0.066250 0.387864 0.032485 0.7530 0.7733 0.7851
v -0.068642 0.387864 0.030204 0.8071 0.8126 0.8244
v -0.068652 0.369663 0.030290 0.7236 0.7324 0.7383
v -0.068662 0.351462 0.030377 0.6455 0.6515 0.6789
v -0.078814 0.347639 0.030376 0.6069 0.6108 0.6354
v -0.088957 0.362018 0.030290 0.5804 0.5882 0.6118
v -0.099100 0.376396 0.030203 0.5601 0.5679 0.5914
v -0.078785 0.402242 0.030117 0.9140 0.9063 0.9142
v -0.088938 0.398420 0.030117 0.8888 0.8898 0.8888
v -0.099090 0.394597 0.030117 0.8070 0.7956 0.8070
v -0.078819 0.333324 0.030419 0.4252 0.4255 0.4415
v -0.088967 0.333387 0.030376 0.4052 0.4103 0.4282
v -0.099115 0.333450 0.030333 0.3893 0.3930 0.4087
v -0.109238 0.394660 0.030074 0.7746 0.7787 0.8059
v -0.109233 0.398546 0.030031 0.8412 0.8353 0.8549
v -0.109228 0.402431 0.029987 0.9057 0.8904 0.9058
v -0.113095 0.402380 0.029987 0.9056 0.8943 0.9059
v -0.116967 0.398443 0.030030 0.8837 0.8857 0.8877
v -0.120839 0.394507 0.030074 0.8630 0.8666 0.8706
v -0.125012 0.394472 0.030117 0.9342 0.9263 0.9342
v -0.125314 0.398375 0.030117 0.9415 0.9331 0.9415
v -0.125615 0.402277 0.030117 0.9454 0.9406 0.9502
v 0.014032 0.435826 0.032271 0.8661 0.8835 0.9306
v 0.043808 0.433736 0.035619 0.8590 0.8775 0.9255
v 0.073584 0.431646 0.038967 0.8463 0.8659 0.9099
v 0.103360 0.431647 0.038967 0.8666 0.8863 0.9255
v 0.103360 0.433736 0.035620 0.8646 0.8823 0.9255
v 0.103360 0.435826 0.032273 0.8629 0.8787 0.9256
v 0.068707 0.429557 0.042314 0.8042 0.8226 0.8682
v 0.034054 0.429557 0.042313 0.7887 0.8115 0.8642
v -0.000599 0.429557 0.042312 0.7961 0.8118 0.8628
v -0.000599 0.425891 0.044331 0.7725 0.7921 0.8392
v 0.034054 0.422225 0.046350 0.7457 0.7692 0.8392
v 0.068707 0.418559 0.048369 0.7600 0.7812 0.8392
v 0.064560 0.414892 0.050387 0.7948 0.8104 0.8614
v 0.025760 0.414892 0.050387 0.7842 0.8000 0.8627
v -0.013040 0.414892 0.050386 0.7914 0.8035 0.8541
v -0.013040 0.412686 0.050675 0.8048 0.8117 0.8685
v 0.025760 0.410479 0.050965 0.7843 0.8039 0.8627
v 0.064560 0.408272 0.051255 0.7898 0.8120 0.8644
v 0.060412 0.406065 0.051543 0.7804 0.7980 0.8451
v 0.017465 0.406065 0.051543 0.7779 0.7968 0.8414
v -0.025482 0.406065 0.051542 0.7704 0.7900 0.8392
v -0.025648 0.400769 0.050511 0.7392 0.7617 0.8078
v 0.017134 0.395472 0.049480 0.7217 0.7413 0.8078
v 0.059916 0.390176 0.048450 0.7216 0.7333 0.7960
v -0.068438 0.400810 0.051368 0.8315 0.8589 0.8972
v -0.068447 0.395555 0.051196 0.7451 0.7577 0.8102
v -0.068456 0.390301 0.051023 0.7225 0.7400 0.7870
v -0.078466 0.390301 0.051023 0.7910 0.8204 0.8566
v -0.088466 0.395555 0.051195 0.7846 0.8081 0.8513
v -0.098466 0.400810 0.051368 0.8597 0.8764 0.9224
v -0.108653 0.400810 0.051368 0.9530 0.9542 0.9595
v -0.108839 0.395555 0.051195 0.9586 0.9548 0.9627
v -0.109025 0.390301 0.051022 0.9287 0.9338 0.9481
v -0.251367 -0.352502 0.050440 0.5405 0.5774 0.6969
v -0.279614 -0.343737 0.050795 0.5490 0.5781 0.6919
v -0.307862 -0.334972 0.051150 0.5654 0.6039 0.6935
v -0.362252 -0.227816 0.056694 0.6550 0.6745 0.7412
v -0.353537 -0.260613 0.054964 0.6508 0.6667 0.7412
v -0.344823 -0.293410 0.053234 0.6118 0.6354 0.7100
v -0.236171 -0.373786 0.050440 0.5763 0.6034 0.7114
v -0.249223 -0.386306 0.050795 0.5398 0.5721 0.6858
v -0.262276 -0.398826 0.051150 0.4676 0.5057 0.6437
v -0.381842 -0.200674 0.057365 0.7576 0.7737 0.8315
v -0.392717 -0.206330 0.056305 0.7617 0.7745 0.8254
v -0.403593 -0.211985 0.055246 0.7320 0.7555 0.8009
v 0.121042 0.406065 0.030492 0.9581 0.9581 0.9615
v 0.117056 0.406065 0.033325 0.9296 0.9331 0.9509
v 0.113069 0.406065 0.036158 0.8987 0.8989 0.8985
v 0.109722 0.406065 0.009296 0.8959 0.8984 0.9073
v 0.109509 0.406065 0.019194 0.8709 0.8769 0.8857
v 0.109296 0.406065 0.029093 0.8055 0.8139 0.8319
v 0.122382 0.406065 0.030496 0.9220 0.9224 0.9382
v 0.119736 0.406065 0.033334 0.9249 0.9353 0.9473
v 0.117090 0.406065 0.036172 0.9025 0.9087 0.9327
v -0.099126 0.333450 0.022566 0.5451 0.5453 0.5632
v -0.088990 0.333387 0.014842 0.6354 0.6393 0.6628
v -0.078853 0.333324 0.007118 0.6471 0.6471 0.6667
v -0.078853 0.333222 -0.000606 0.6471 0.6529 0.6785
v -0.088990 0.333182 -0.000606 0.6471 0.6510 0.6785
v -0.099126 0.333143 -0.000606 0.6134 0.6193 0.6449
v -0.068706 0.333261 0.007161 0.6471 0.6472 0.6669
v -0.068694 0.333261 0.014929 0.6354 0.6412 0.6667
v -0.068683 0.333261 0.022696 0.5914 0.5970 0.6224
v -0.027123 0.333261 0.022696 0.6464 0.6504 0.6663
v 0.014426 0.333261 0.014930 0.6471 0.6510 0.6785
v 0.055974 0.333261 0.007164 0.6471 0.6472 0.6669
v -0.027213 0.333261 0.032595 0.5688 0.5766 0.6031
v 0.014245 0.333261 0.034727 0.4631 0.4438 0.4751
v 0.055703 0.333261 0.036859 0.4444 0.4470 0.4634
v 0.097432 0.333261 0.009296 0.3498 0.3595 0.3812
v 0.097342 0.333261 0.019194 0.3496 0.3594 0.3810
v 0.097252 0.333261 0.029093 0.3246 0.3271 0.3394
v 0.100413 0.351462 0.009296 0.5920 0.5998 0.6234
v 0.103303 0.369663 0.019194 0.5804 0.5882 0.6118
v 0.106193 0.387864 0.029093 0.5517 0.5617 0.5831
v 0.100626 0.351462 -0.000603 0.5920 0.5999 0.6234
v 0.103729 0.369663 -0.000603 0.5863 0.5979 0.6178
v 0.106832 0.387864 -0.000603 0.6131 0.6284 0.6631
v -0.264284 -0.432210 -0.019799 0.8765 0.8006 0.5312
v -0.266304 -0.435176 -0.013403 1.0000 0.7960 0.3051
v -0.268325 -0.438142 -0.007006 1.0000 0.7927 0.3024
v -0.272377 -0.437957 -0.019797 1.0000 0.8034 0.3091
v -0.271700 -0.439007 -0.013401 1.0000 0.8049 0.3139
v -0.271023 -0.440058 -0.007006 1.0000 0.8140 0.3351
v -0.261586 -0.430294 -0.019799 0.7064 0.7088 0.7162
v -0.260909 -0.431345 -0.013403 0.7043 0.7236 0.7185
v -0.260231 -0.432395 -0.007006 0.7168 0.7294 0.7056
v -0.306918 -0.389278 -0.007006 1.0000 0.7686 0.1915
v -0.295630 -0.405154 -0.013402 1.0000 0.7608 0.1804
v -0.284343 -0.421030 -0.019798 1.0000 0.7647 0.1804
v -0.288436 -0.415285 -0.025525 1.0000 0.7661 0.1809
v -0.303818 -0.393664 -0.024857 1.0000 0.7646 0.1804
v -0.319199 -0.372042 -0.024188 1.0000 0.7525 0.1765
v -0.322300 -0.367656 -0.006338 1.0000 0.7226 0.1533
v -0.326393 -0.361911 -0.012065 1.0000 0.7025 0.1369
v -0.330487 -0.356166 -0.017792 1.0000 0.6936 0.1242
v -0.322396 -0.367523 -0.030820 1.0000 0.7588 0.1785
v -0.310211 -0.384626 -0.038121 1.0000 0.7686 0.1922
v -0.298027 -0.401728 -0.045422 1.0000 0.7804 0.1862
v -0.336995 -0.347029 -0.030821 1.0000 0.7010 0.1314
v -0.339409 -0.343637 -0.038122 1.0000 0.7297 0.1610
v -0.341823 -0.340245 -0.045422 1.0000 0.7725 0.1804
v -0.345663 -0.334859 -0.045422 1.0000 0.7764 0.1725
v -0.347089 -0.332866 -0.038122 1.0000 0.7295 0.1608
v -0.348515 -0.330873 -0.030821 1.0000 0.6980 0.1294
v -0.365817 -0.306516 -0.017793 0.9858 0.6661 0.1113
v -0.381694 -0.284152 -0.012066 1.0000 0.6941 0.1294
v -0.397570 -0.261789 -0.006339 1.0000 0.6907 0.1294
v -0.349941 -0.328879 -0.017793 0.9700 0.7063 0.2235
v -0.349941 -0.328879 -0.012066 0.9562 0.6868 0.3728
v -0.349941 -0.328879 -0.006338 0.8777 0.6584 0.1691
v -0.413447 -0.239425 -0.006339 0.9686 0.5561 0.0476
v -0.413446 -0.239425 -0.012067 0.9686 0.5563 0.0485
v -0.413447 -0.239425 -0.017794 0.9686 0.5590 0.0536
v -0.361539 -0.312496 -0.045423 1.0000 0.7804 0.1922
v -0.378841 -0.288139 -0.038122 1.0000 0.7530 0.1725
v -0.396144 -0.263782 -0.030822 1.0000 0.7392 0.1608
v -0.416036 -0.235604 -0.031493 1.0000 0.6980 0.1294
v -0.418626 -0.231783 -0.039465 1.0000 0.7447 0.1610
v -0.421216 -0.227962 -0.047437 1.0000 0.7805 0.1919
v -0.425545 -0.222827 -0.047941 1.0000 0.8410 0.4026
v -0.427284 -0.221514 -0.040475 1.0000 0.8267 0.3690
v -0.429023 -0.220200 -0.033008 1.0000 0.8225 0.3486
v -0.422847 -0.220912 -0.047942 1.0000 0.8413 0.3762
v -0.421888 -0.217682 -0.040476 1.0000 0.8334 0.3809
v -0.420929 -0.214453 -0.033010 1.0000 0.8641 0.3702
v -0.418595 -0.212828 -0.033010 0.3757 0.3548 0.2133
v -0.417219 -0.214432 -0.040477 0.4063 0.3823 0.3137
v -0.415843 -0.216037 -0.047944 0.4526 0.4329 0.3479
v -0.422668 -0.213139 -0.025543 1.0000 0.8431 0.3882
v -0.425366 -0.215055 -0.025542 1.0000 0.8392 0.3352
v -0.428064 -0.216970 -0.025542 1.0000 0.8384 0.3338
v -0.428061 -0.216985 -0.019309 1.0000 0.8274 0.2577
v -0.425360 -0.215085 -0.013077 1.0000 0.8284 0.3080
v -0.422659 -0.213184 -0.006844 1.0000 0.8199 0.4196
v -0.419967 -0.211238 -0.019311 0.3378 0.3186 0.1803
v -0.419964 -0.211254 -0.013078 0.4633 0.4422 0.3123
v -0.419961 -0.211269 -0.006845 0.3987 0.3894 0.3139
v -0.434704 -0.222152 -0.019309 1.0000 0.8431 0.4153
v -0.438645 -0.225417 -0.013077 1.0000 0.8382 0.3766
v -0.442587 -0.228683 -0.006845 1.0000 0.8304 0.3332
v -0.445823 -0.237191 -0.006340 1.0000 0.8227 0.3081
v -0.445118 -0.242433 -0.012068 1.0000 0.8157 0.2235
v -0.444412 -0.247676 -0.017795 1.0000 0.8235 0.2235
v -0.433998 -0.227394 -0.025036 1.0000 0.8390 0.3835
v -0.437235 -0.235902 -0.024532 1.0000 0.8416 0.3840
v -0.440471 -0.244410 -0.024027 1.0000 0.8406 0.3748
v -0.446379 -0.251941 -0.017795 1.0000 0.8117 0.2235
v -0.449050 -0.250963 -0.012068 1.0000 0.8117 0.2235
v -0.451721 -0.249985 -0.006340 1.0000 0.8273 0.3218
v -0.446773 -0.257077 -0.017795 1.0000 0.8117 0.2235
v -0.449838 -0.261236 -0.012068 1.0000 0.8117 0.2235
v -0.452904 -0.265394 -0.006340 1.0000 0.8124 0.3209
v -0.452900 -0.269584 -0.006340 1.0000 0.8121 0.2901
v -0.449831 -0.269614 -0.012068 1.0000 0.8117 0.2235
v -0.446763 -0.269645 -0.017795 1.0000 0.8124 0.2273
v -0.452072 -0.273135 -0.006340 1.0000 0.8115 0.2907
v -0.448175 -0.276717 -0.012068 1.0000 0.8040 0.2102
v -0.444278 -0.280298 -0.017795 1.0000 0.8075 0.2435
v -0.443304 -0.284351 -0.017795 1.0000 0.8071 0.2336
v -0.446226 -0.284822 -0.012068 1.0000 0.7961 0.2099
v -0.449149 -0.285293 -0.006340 1.0000 0.8077 0.3019
v -0.448344 -0.286791 -0.006340 1.0000 0.8076 0.3011
v -0.444616 -0.287818 -0.012068 1.0000 0.7921 0.2039
v -0.440889 -0.288846 -0.017795 1.0000 0.7966 0.1953
v -0.439206 -0.291868 -0.017795 1.0000 0.8000 0.2342
v -0.441251 -0.293863 -0.012067 1.0000 0.7921 0.2039
v -0.443295 -0.295858 -0.006340 1.0000 0.8003 0.3026
v -0.436814 -0.294295 -0.017795 1.0000 0.8002 0.2355
v -0.436467 -0.298718 -0.012067 1.0000 0.7878 0.1922
v -0.436120 -0.303140 -0.006340 1.0000 0.7965 0.3139
v -0.433726 -0.305583 -0.006340 1.0000 0.7956 0.2881
v -0.431680 -0.303604 -0.012067 1.0000 0.7819 0.1922
v -0.429634 -0.301624 -0.017795 1.0000 0.7929 0.2498
v -0.404336 -0.312338 -0.023521 1.0000 0.8256 0.3708
v -0.381084 -0.325033 -0.023521 1.0000 0.8181 0.3704
v -0.357833 -0.337727 -0.023520 1.0000 0.8158 0.3548
v -0.410475 -0.318277 -0.006339 1.0000 0.7724 0.1867
v -0.385177 -0.328992 -0.012066 1.0000 0.7764 0.1922
v -0.359879 -0.339706 -0.017793 1.0000 0.7807 0.1938
v -0.426536 -0.252898 -0.006340 0.9686 0.5842 0.0643
v -0.422173 -0.248407 -0.012067 0.9686 0.5885 0.0636
v -0.417810 -0.243916 -0.017794 0.9686 0.5822 0.0627
v -0.430900 -0.257390 -0.006340 0.9686 0.5863 0.0627
v -0.430900 -0.257390 -0.012067 0.9686 0.5902 0.0745
v -0.430900 -0.257390 -0.017795 0.9686 0.6197 0.0902
v -0.417810 -0.243916 -0.023521 0.9685 0.6030 0.0739
v -0.422173 -0.248407 -0.023522 0.9869 0.7538 0.3127
v -0.426536 -0.252898 -0.023522 0.9950 0.7859 0.3354
v -0.431289 -0.260364 -0.017795 0.9686 0.6193 0.0901
v -0.431678 -0.263338 -0.012067 0.9686 0.5980 0.0765
v -0.432068 -0.266312 -0.006340 0.9686 0.5947 0.0730
v -0.432457 -0.269308 -0.006340 0.9686 0.6020 0.0804
v -0.432457 -0.269330 -0.012067 0.9686 0.6059 0.0833
v -0.432457 -0.269352 -0.017795 0.9627 0.6393 0.1000
v -0.431591 -0.272526 -0.017795 0.9600 0.6420 0.1044
v -0.430725 -0.275678 -0.012067 0.9686 0.6138 0.0902
v -0.429860 -0.278830 -0.006340 0.9686 0.6099 0.0863
v -0.428993 -0.281996 -0.006340 0.9686 0.6098 0.0863
v -0.428992 -0.282011 -0.012067 0.9686 0.6157 0.0902
v -0.428991 -0.282027 -0.017795 0.9612 0.6486 0.1117
v -0.426652 -0.284533 -0.017795 0.9686 0.6488 0.1176
v -0.424312 -0.287023 -0.012067 0.9686 0.6296 0.0941
v -0.421974 -0.289514 -0.006340 0.9686 0.6275 0.0941
v -0.419631 -0.292007 -0.006340 0.9686 0.6335 0.0941
v -0.419627 -0.292009 -0.012067 0.9686 0.6354 0.1000
v -0.419623 -0.292011 -0.017794 0.9686 0.6666 0.1235
v -0.402200 -0.301230 -0.017794 0.9686 0.6745 0.1294
v -0.384781 -0.310446 -0.012066 0.9686 0.6363 0.0970
v -0.367361 -0.319663 -0.006339 0.9686 0.6061 0.0853
v -0.402200 -0.301230 -0.023521 0.9695 0.7432 0.2872
v -0.384780 -0.310446 -0.023521 0.9686 0.7209 0.2297
v -0.367361 -0.319663 -0.023521 0.9686 0.7108 0.2092
v 0.016617 0.430474 -0.026094 0.8449 0.8468 0.8449
v 0.049226 0.428716 -0.028458 0.7744 0.7784 0.7921
v 0.081836 0.426958 -0.030822 0.7058 0.7097 0.7372
v 0.114445 0.426958 -0.030586 0.9095 0.9114 0.9351
v 0.114445 0.428716 -0.027985 0.9095 0.9150 0.9337
v 0.114445 0.430474 -0.025384 0.9077 0.9160 0.9376
v 0.077654 0.425200 -0.033423 0.6140 0.6278 0.6454
v 0.040862 0.425200 -0.033660 0.6216 0.6334 0.6452
v 0.004071 0.425200 -0.033896 0.6389 0.6331 0.6448
v 0.004071 0.422623 -0.035319 0.5470 0.5470 0.5646
v 0.040862 0.420046 -0.036505 0.5000 0.5078 0.5333
v 0.077654 0.417469 -0.037691 0.4823 0.4902 0.5176
v 0.074030 0.414892 -0.039069 0.4668 0.4746 0.5001
v 0.033616 0.414892 -0.039261 0.4726 0.4824 0.5000
v -0.006799 0.414892 -0.039452 0.4784 0.4843 0.5117
v -0.008140 0.412686 -0.039782 0.4745 0.4784 0.5059
v 0.030935 0.410479 -0.039920 0.4745 0.4863 0.5059
v 0.070010 0.408272 -0.040058 0.4833 0.4882 0.5147
v 0.067038 0.406065 -0.040347 0.5159 0.5238 0.5473
v 0.024991 0.406065 -0.040498 0.5061 0.5277 0.5375
v -0.017055 0.406065 -0.040649 0.5256 0.5369 0.5608
v -0.020035 0.387864 -0.040649 0.5686 0.5804 0.6039
v 0.019031 0.369663 -0.040499 0.5686 0.5804 0.6039
v 0.058097 0.351462 -0.040348 0.5686 0.5725 0.6039
v -0.059101 0.387864 -0.040800 0.5168 0.5341 0.5501
v -0.059101 0.369663 -0.040800 0.5142 0.5189 0.5392
v -0.059101 0.351462 -0.040800 0.5111 0.5114 0.5443
v -0.061484 0.351462 -0.038433 0.4825 0.4747 0.5178
v -0.063866 0.369663 -0.036065 0.5686 0.5804 0.6039
v -0.066249 0.387864 -0.033697 0.7427 0.7656 0.7775
v -0.068641 0.387864 -0.031416 0.8075 0.8129 0.8247
v -0.068651 0.369663 -0.031502 0.7236 0.7324 0.7383
v -0.068660 0.351462 -0.031588 0.6453 0.6511 0.6785
v -0.078784 0.402242 -0.031329 0.9140 0.9063 0.9142
v -0.088936 0.398420 -0.031330 0.8888 0.8898 0.8888
v -0.099089 0.394597 -0.031330 0.8063 0.7950 0.8063
v -0.078813 0.347639 -0.031588 0.6071 0.6109 0.6355
v -0.088956 0.362018 -0.031502 0.5804 0.5882 0.6118
v -0.099099 0.376396 -0.031416 0.5597 0.5675 0.5910
v -0.078818 0.333324 -0.031631 0.4227 0.4257 0.4444
v -0.088966 0.333387 -0.031589 0.4038 0.4112 0.4318
v -0.099114 0.333450 -0.031546 0.3893 0.3929 0.4085
v -0.109237 0.394660 -0.031287 0.7748 0.7789 0.8060
v -0.109232 0.398546 -0.031244 0.8412 0.8353 0.8549
v -0.109227 0.402431 -0.031201 0.9054 0.8902 0.9056
v -0.113094 0.402380 -0.031201 0.9060 0.8912 0.9061
v -0.116966 0.398443 -0.031244 0.8734 0.8764 0.8793
v -0.120837 0.394507 -0.031287 0.8600 0.8636 0.8683
v -0.125011 0.394472 -0.031330 0.8823 0.8779 0.8844
v -0.125313 0.398375 -0.031330 0.9023 0.8952 0.9023
v -0.125614 0.402277 -0.031330 0.9013 0.8999 0.9111
v 0.103361 0.431647 -0.040172 0.9150 0.9305 0.9473
v 0.103361 0.433736 -0.036825 0.9135 0.9276 0.9473
v 0.103361 0.435826 -0.033478 0.9126 0.9227 0.9493
v 0.073585 0.431646 -0.040173 0.8399 0.8595 0.9063
v 0.043809 0.433736 -0.036826 0.8568 0.8745 0.9254
v 0.014033 0.435826 -0.033480 0.8699 0.8891 0.9362
v 0.068708 0.429557 -0.043520 0.7977 0.8139 0.8637
v 0.034056 0.429557 -0.043521 0.7960 0.8176 0.8666
v -0.000597 0.429557 -0.043521 0.7961 0.8118 0.8627
v -0.000597 0.425891 -0.045540 0.7655 0.7851 0.8392
v 0.034056 0.422225 -0.047558 0.7472 0.7707 0.8392
v 0.068709 0.418559 -0.049576 0.7561 0.7786 0.8392
v 0.064561 0.414892 -0.051594 0.7872 0.8098 0.8539
v 0.025761 0.414892 -0.051595 0.7901 0.8038 0.8626
v -0.013039 0.414892 -0.051596 0.7960 0.8058 0.8587
v -0.013039 0.412686 -0.051885 0.8005 0.8107 0.8637
v 0.025761 0.410479 -0.052173 0.7902 0.8078 0.8627
v 0.064561 0.408272 -0.052461 0.7975 0.8083 0.8637
v 0.060414 0.406065 -0.052750 0.7803 0.7999 0.8449
v 0.017467 0.406065 -0.052751 0.7803 0.7980 0.8450
v -0.025480 0.406065 -0.052752 0.7724 0.7931 0.8479
v -0.025646 0.400769 -0.051721 0.7393 0.7618 0.8078
v 0.017136 0.395472 -0.050689 0.7274 0.7470 0.8078
v 0.059917 0.390176 -0.049657 0.7216 0.7333 0.7960
v -0.068436 0.400810 -0.052580 0.8311 0.8586 0.8968
v -0.068445 0.395555 -0.052407 0.7525 0.7680 0.8191
v -0.068454 0.390301 -0.052234 0.7302 0.7464 0.7935
v -0.078464 0.390301 -0.052235 0.7927 0.8212 0.8583
v -0.088464 0.395555 -0.052408 0.7906 0.8121 0.8571
v -0.098465 0.400810 -0.052580 0.8600 0.8766 0.9227
v -0.108651 0.400810 -0.052581 0.9256 0.9280 0.9371
v -0.108837 0.395555 -0.052408 0.9321 0.9303 0.9377
v -0.109023 0.390301 -0.052235 0.9103 0.9103 0.9160
v -0.251365 -0.352502 -0.051658 0.5403 0.5787 0.6980
v -0.279612 -0.343737 -0.052014 0.5490 0.5808 0.6945
v -0.307860 -0.334972 -0.052370 0.5610 0.6039 0.6978
v -0.362250 -0.227816 -0.057916 0.6550 0.6709 0.7412
v -0.353535 -0.260613 -0.056186 0.6550 0.6667 0.7412
v -0.344821 -0.293410 -0.054456 0.6118 0.6354 0.7098
v -0.236169 -0.373786 -0.051658 0.5549 0.5845 0.6900
v -0.249222 -0.386306 -0.052014 0.5343 0.5667 0.6784
v -0.262274 -0.398826 -0.052369 0.4868 0.5270 0.6551
v -0.381840 -0.200674 -0.058588 0.7517 0.7693 0.8177
v -0.392715 -0.206330 -0.057529 0.7483 0.7606 0.8174
v -0.403591 -0.211985 -0.056470 0.7310 0.7488 0.8075
v 0.121043 0.406065 -0.031696 0.9378 0.9379 0.9476
v 0.117057 0.406065 -0.034530 0.9345 0.9376 0.9531
v 0.113071 0.406065 -0.037363 0.8994 0.8995 0.8991
v 0.122383 0.406065 -0.031701 0.9242 0.9255 0.9407
v 0.119737 0.406065 -0.034538 0.9082 0.9169 0.9379
v 0.117091 0.406065 -0.037376 0.9050 0.9055 0.9289
v 0.109297 0.406065 -0.030298 0.8046 0.8131 0.8310
v 0.109510 0.406065 -0.020399 0.8675 0.8730 0.8822
v 0.109723 0.406065 -0.010501 0.8956 0.8982 0.9072
v 0.121256 0.406065 -0.021798 0.8941 0.9058 0.9137
v 0.117483 0.406065 -0.014733 0.8237 0.8274 0.8391
v 0.113709 0.406065 -0.007668 0.8724 0.8665 0.8724
v 0.125029 0.406065 -0.021798 0.9471 0.9490 0.9589
v 0.125029 0.406065 -0.014732 0.9471 0.9454 0.9529
v 0.125029 0.406065 -0.007667 0.9491 0.9451 0.9534
v -0.078853 0.333324 -0.008330 0.6471 0.6471 0.6667
v -0.088989 0.333387 -0.016054 0.6138 0.6118 0.6295
v -0.099126 0.333450 -0.023778 0.4189 0.4238 0.4434
v -0.068705 0.333261 -0.008373 0.6471 0.6471 0.6667
v -0.068694 0.333261 -0.016140 0.6188 0.6257 0.6502
v -0.068682 0.333261 -0.023907 0.4952 0.4932 0.5079
v -0.027122 0.333261 -0.023907 0.6118 0.6197 0.6471
v 0.014426 0.333261 -0.016139 0.6471 0.6510 0.6785
v 0.055974 0.333261 -0.008371 0.6471 0.6471 0.6667
v -0.027212 0.333261 -0.033805 0.4820 0.4898 0.5172
v 0.014246 0.333261 -0.035936 0.4823 0.4900 0.5176
v 0.055704 0.333261 -0.038066 0.4540 0.4540 0.4677
v 0.097433 0.333261 -0.010501 0.3494 0.3591 0.3807
v 0.097343 0.333261 -0.020400 0.3496 0.3594 0.3810
v 0.097253 0.333261 -0.030298 0.2846 0.2827 0.2906
v 0.100413 0.351462 -0.010501 0.5917 0.5996 0.6232
v 0.103303 0.369663 -0.020400 0.5804 0.5882 0.6118
v 0.106194 0.387864 -0.030298 0.4596 0.4754 0.4911
v -0.430797 -0.228512 0.023811 1.0000 0.7529 0.1725
v -0.430831 -0.238138 0.023307 1.0000 0.7799 0.1917
v -0.430866 -0.247764 0.022802 1.0000 0.8035 0.2600
v -0.434102 -0.256272 0.022297 1.0000 0.8230 0.3318
v -0.437304 -0.255154 0.022297 1.0000 0.8132 0.2702
v -0.440506 -0.254036 0.022297 1.0000 0.8309 0.3596
v -0.434099 -0.260461 0.022297 1.0000 0.8431 0.4196
v -0.437297 -0.263532 0.022297 1.0000 0.8256 0.3279
v -0.440496 -0.266604 0.022297 1.0000 0.8283 0.3272
v -0.440885 -0.269600 0.022297 1.0000 0.8274 0.3488
v -0.438076 -0.269525 0.022297 1.0000 0.8274 0.3240
v -0.435267 -0.269450 0.022297 1.0000 0.8433 0.4233
v -0.434438 -0.273001 0.022297 1.0000 0.8427 0.4462
v -0.436420 -0.276627 0.022297 1.0000 0.8294 0.3432
v -0.438401 -0.280254 0.022297 1.0000 0.8299 0.3596
v -0.437534 -0.283420 0.022297 1.0000 0.8293 0.3801
v -0.434687 -0.282961 0.022297 1.0000 0.8277 0.3434
v -0.431839 -0.282501 0.022297 1.0000 0.8417 0.4313
v -0.431034 -0.283999 0.022297 1.0000 0.8431 0.4510
v -0.433077 -0.285957 0.022297 1.0000 0.8318 0.3479
v -0.435119 -0.287915 0.022297 1.0000 0.8315 0.3702
v -0.428641 -0.286442 0.022297 1.0000 0.8431 0.4510
v -0.428290 -0.290843 0.022297 1.0000 0.8390 0.3961
v -0.427939 -0.295244 0.022297 1.0000 0.8274 0.3529
v -0.425597 -0.297736 0.022297 1.0000 0.8274 0.3540
v -0.423605 -0.295829 0.022297 1.0000 0.8283 0.3710
v -0.421613 -0.293921 0.022297 1.0000 0.8401 0.4267
v -0.408177 -0.306953 0.022297 1.0000 0.8216 0.3451
v -0.388765 -0.314262 0.022298 1.0000 0.8378 0.3989
v -0.369354 -0.321570 0.022298 0.9490 0.5804 0.0627
v 0.106131 0.434737 0.029690 0.8599 0.8765 0.9226
v 0.108902 0.431558 0.030454 0.8630 0.8786 0.9255
v 0.111673 0.428379 0.031218 0.8627 0.8862 0.9255
v 0.111673 0.426289 0.034565 0.8628 0.8803 0.9256
v 0.108902 0.427379 0.037148 0.8706 0.8823 0.9255
v 0.106131 0.428468 0.039731 0.8706 0.8823 0.9255
v 0.111673 0.422623 0.036583 0.8663 0.8766 0.9309
v 0.108902 0.420046 0.041185 0.8706 0.8804 0.9372
v 0.106131 0.417469 0.045787 0.8667 0.8823 0.9255
v 0.106131 0.414892 0.047209 0.8674 0.8823 0.9255
v 0.108902 0.414892 0.044031 0.8706 0.8823 0.9255
v 0.111673 0.414892 0.040852 0.8586 0.8756 0.9213
v 0.111673 0.412686 0.041141 0.8577 0.8750 0.9204
v 0.108902 0.410479 0.044609 0.8560 0.8829 0.9187
v 0.106131 0.408272 0.048076 0.8530 0.8719 0.9158
v 0.106131 0.406065 0.048411 0.8509 0.8705 0.9137
v 0.108902 0.406065 0.045277 0.8405 0.8601 0.9050
v 0.111673 0.406065 0.042143 0.8387 0.8583 0.9053
v 0.111507 0.400769 0.041112 0.7842 0.7970 0.8558
v 0.108570 0.395472 0.043215 0.7355 0.7521 0.8205
v 0.105634 0.390176 0.045317 0.7480 0.7598 0.8255
v 0.105517 0.384158 0.044760 0.7333 0.7543 0.8098
v 0.108336 0.383437 0.042100 0.7266 0.7551 0.8078
v 0.111156 0.382716 0.039439 0.7333 0.7451 0.8078
v 0.114327 0.400047 0.038452 0.7758 0.7914 0.8505
v 0.114210 0.394030 0.037894 0.7245 0.7441 0.8078
v 0.114093 0.388012 0.037337 0.7333 0.7451 0.8078
v 0.109712 0.366382 0.040181 0.7219 0.7451 0.8078
v 0.105448 0.350770 0.043582 0.7412 0.7529 0.8196
v 0.101185 0.335158 0.046984 0.7469 0.7704 0.8392
v 0.116739 0.388012 0.034499 0.7303 0.7441 0.8078
v 0.119502 0.394030 0.032219 0.7455 0.7660 0.8244
v 0.122265 0.400047 0.029939 0.8616 0.8685 0.9136
v 0.101057 0.318365 0.045882 0.7409 0.7642 0.8159
v 0.105192 0.317185 0.041380 0.7216 0.7412 0.8078
v 0.109328 0.316005 0.036877 0.7098 0.7412 0.8078
v 0.107650 0.296443 0.035232 0.7378 0.7451 0.8078
v 0.101836 0.278061 0.038089 0.7456 0.7711 0.8313
v 0.096022 0.259679 0.040947 0.8033 0.8229 0.8675
v 0.128165 0.398538 0.024372 0.9599 0.9529 0.9599
v 0.131302 0.391011 0.021087 0.9490 0.9470 0.9529
v 0.134438 0.383484 0.017801 0.9481 0.9528 0.9576
v 0.134439 0.383484 0.010736 0.9093 0.9123 0.9280
v 0.131302 0.391011 0.006956 0.8321 0.8389 0.8669
v 0.128166 0.398538 0.003177 0.8710 0.8787 0.8941
v 0.093733 0.240188 0.039079 0.7970 0.8069 0.8619
v 0.097258 0.239079 0.034354 0.7333 0.7568 0.8196
v 0.100783 0.237970 0.029629 0.7412 0.7568 0.8231
v 0.098609 0.224641 0.031538 0.7412 0.7568 0.8196
v 0.092910 0.212421 0.038172 0.7269 0.7479 0.8122
v 0.087211 0.200201 0.044807 0.7729 0.7922 0.8364
v 0.128166 0.398814 -0.000602 0.8672 0.8738 0.8986
v 0.131302 0.391563 -0.000602 0.8261 0.8313 0.8618
v 0.134439 0.384311 -0.000602 0.8454 0.8589 0.8767
v 0.128166 0.398538 -0.004381 0.8636 0.8680 0.8950
v 0.131302 0.391011 -0.008161 0.8255 0.8334 0.8667
v 0.134439 0.383484 -0.011940 0.9133 0.9169 0.9251
v 0.134439 0.383484 -0.019005 0.9490 0.9502 0.9568
v 0.131303 0.391011 -0.022291 0.9490 0.9450 0.9568
v 0.128166 0.398538 -0.025577 0.9532 0.9611 0.9686
v 0.122266 0.400047 -0.031143 0.9400 0.9449 0.9500
v 0.119503 0.394030 -0.033423 0.8265 0.8304 0.8615
v 0.116740 0.388012 -0.035704 0.7990 0.8117 0.8392
v 0.114094 0.388012 -0.038542 0.8049 0.8117 0.8392
v 0.114211 0.394030 -0.039099 0.7964 0.8079 0.8392
v 0.114328 0.400047 -0.039657 0.8450 0.8587 0.8774
v 0.111157 0.382716 -0.040644 0.8021 0.8117 0.8449
v 0.108338 0.383437 -0.043305 0.8078 0.8157 0.8509
v 0.105518 0.384158 -0.045965 0.8121 0.8199 0.8524
v 0.111509 0.400769 -0.042317 0.8448 0.8584 0.8772
v 0.108572 0.395472 -0.044420 0.8137 0.8176 0.8451
v 0.105635 0.390176 -0.046522 0.8250 0.8292 0.8597
v 0.111674 0.406065 -0.043348 0.9278 0.9281 0.9368
v 0.108903 0.406065 -0.046482 0.9249 0.9290 0.9310
v 0.106132 0.406065 -0.049616 0.9449 0.9502 0.9555
v 0.109713 0.366382 -0.041386 0.8078 0.8157 0.8509
v 0.105450 0.350770 -0.044787 0.8196 0.8235 0.8510
v 0.101186 0.335158 -0.048189 0.8422 0.8481 0.8736
v 0.109329 0.316005 -0.038082 0.7846 0.7963 0.8278
v 0.105194 0.317185 -0.042585 0.8019 0.8078 0.8392
v 0.101058 0.318365 -0.047088 0.8391 0.8431 0.8706
v 0.106132 0.408272 -0.049282 0.9490 0.9529 0.9568
v 0.108903 0.410479 -0.045814 0.9495 0.9470 0.9583
v 0.111674 0.412686 -0.042346 0.9490 0.9451 0.9568
v 0.107651 0.296443 -0.036437 0.8144 0.8191 0.8457
v 0.101837 0.278061 -0.039295 0.8501 0.8540 0.8815
v 0.096023 0.259679 -0.042152 0.9270 0.9338 0.9495
v 0.111674 0.414892 -0.042057 0.9491 0.9565 0.9682
v 0.108903 0.414892 -0.045236 0.9497 0.9518 0.9635
v 0.106132 0.414892 -0.048414 0.9531 0.9604 0.9686
v 0.106132 0.417469 -0.046992 0.9568 0.9529 0.9686
v 0.108903 0.420046 -0.042390 0.9568 0.9587 0.9686
v 0.111674 0.422623 -0.037788 0.9568 0.9559 0.9598
v 0.111674 0.426289 -0.035770 0.9568 0.9529 0.9686
v 0.108903 0.427379 -0.038353 0.9686 0.9568 0.9686
v 0.106132 0.428468 -0.040936 0.9686 0.9607 0.9686
v 0.111674 0.428379 -0.032422 0.9597 0.9549 0.9686
v 0.108903 0.431558 -0.031659 0.9627 0.9647 0.9686
v 0.106132 0.434737 -0.030895 0.9568 0.9607 0.9686
v 0.093734 0.240188 -0.040285 0.9372 0.9394 0.9409
v 0.097259 0.239079 -0.035559 0.8697 0.8884 0.9045
v 0.100784 0.237970 -0.030834 0.8172 0.8258 0.8615
v 0.098610 0.224641 -0.032743 0.8106 0.8222 0.8593
v 0.092912 0.212421 -0.039378 0.8382 0.8426 0.8699
v 0.087213 0.200201 -0.046012 0.8796 0.8820 0.9089
v 0.085208 0.186924 -0.046014 0.8399 0.8438 0.8731
v 0.088901 0.185867 -0.039380 0.7960 0.8078 0.8392
v 0.092594 0.184810 -0.032747 0.8078 0.7960 0.8392
v 0.081906 0.171420 -0.046026 0.8194 0.8274 0.8509
v 0.082297 0.154861 -0.039406 0.8078 0.7960 0.8392
v 0.082688 0.138301 -0.032785 0.7883 0.7989 0.8392
v 0.078706 0.119682 -0.035526 0.7771 0.7964 0.8392
v 0.074332 0.117623 -0.044888 0.7921 0.8039 0.8392
v 0.069958 0.115564 -0.054249 0.7902 0.7997 0.8392
v 0.075274 0.108042 -0.034596 0.7962 0.7960 0.8392
v 0.067468 0.094342 -0.043028 0.7764 0.7960 0.8282
v 0.059662 0.080643 -0.051460 0.7926 0.7993 0.8274
v 0.085206 0.186924 0.044808 0.7725 0.7782 0.8374
v 0.088899 0.185867 0.038175 0.7255 0.7490 0.8078
v 0.092593 0.184810 0.031542 0.7363 0.7451 0.8078
v 0.055602 0.065507 -0.051446 0.7930 0.8044 0.8392
v 0.059347 0.064069 -0.043001 0.7774 0.7960 0.8377
v 0.063092 0.062632 -0.034555 0.7764 0.7921 0.8274
v 0.057325 0.046935 -0.033816 0.7764 0.7843 0.8392
v 0.047814 0.032675 -0.041522 0.7764 0.7845 0.8082
v 0.038302 0.018415 -0.049229 0.7764 0.7843 0.8196
v 0.081904 0.171420 0.044820 0.7385 0.7598 0.8110
v 0.082296 0.154861 0.038200 0.7216 0.7446 0.8078
v 0.082687 0.138301 0.031579 0.7851 0.8003 0.8388
v 0.078704 0.119682 0.034320 0.7764 0.7960 0.8392
v 0.074330 0.117623 0.043681 0.7706 0.7803 0.8270
v 0.069956 0.115564 0.053042 0.7407 0.7587 0.8149
v 0.075273 0.108042 0.033390 0.7872 0.7960 0.8392
v 0.067467 0.094342 0.041821 0.7768 0.7959 0.8387
v 0.059660 0.080643 0.050253 0.7843 0.7921 0.8274
v 0.055600 0.065507 0.050239 0.7834 0.7923 0.8280
v 0.059345 0.064069 0.041794 0.7764 0.7960 0.8392
v 0.063091 0.062632 0.033349 0.7764 0.7960 0.8266
v 0.057324 0.046935 0.032609 0.7764 0.7804 0.8235
v 0.047812 0.032675 0.040315 0.7764 0.7862 0.8167
v 0.038300 0.018415 0.048021 0.7829 0.7950 0.8269
v 0.032423 0.002316 0.048021 0.7756 0.7887 0.8240
v 0.036057 0.000476 0.040315 0.7759 0.7804 0.8078
v 0.039691 -0.001363 0.032609 0.7621 0.7804 0.8078
v 0.033010 -0.016871 0.031990 0.7429 0.7648 0.8078
v 0.022695 -0.030540 0.039077 0.7618 0.7745 0.8078
v 0.012380 -0.044209 0.046164 0.7641 0.7796 0.8186
v 0.032425 0.002316 -0.049229 0.7764 0.7866 0.8219
v 0.036059 0.000476 -0.041522 0.7691 0.7804 0.8078
v 0.039693 -0.001363 -0.033816 0.7647 0.7804 0.8078
v 0.033011 -0.016871 -0.033198 0.7470 0.7667 0.8078
v 0.022696 -0.030540 -0.040285 0.7537 0.7647 0.8078
v 0.012381 -0.044209 -0.047373 0.7739 0.7794 0.8163
v 0.005613 -0.060055 0.046164 0.7513 0.7697 0.8129
v 0.009163 -0.062232 0.039077 0.7412 0.7646 0.8073
v 0.012712 -0.064408 0.031989 0.7412 0.7568 0.8050
v 0.004310 -0.080403 0.031522 0.7392 0.7422 0.7960
v -0.007641 -0.094221 0.038143 0.7405 0.7451 0.8069
v -0.019592 -0.108039 0.044763 0.7352 0.7588 0.7989
v 0.005615 -0.060055 -0.047373 0.7609 0.7804 0.8078
v 0.009164 -0.062232 -0.040285 0.7412 0.7568 0.8078
v 0.012713 -0.064408 -0.033198 0.7412 0.7451 0.8078
v 0.004311 -0.080403 -0.032731 0.7412 0.7451 0.7976
v -0.007640 -0.094221 -0.039352 0.7412 0.7451 0.7960
v -0.019591 -0.108039 -0.045973 0.7412 0.7495 0.8078
v -0.028055 -0.124260 0.044763 0.7255 0.7490 0.7921
v -0.024567 -0.126662 0.038142 0.7218 0.7335 0.7845
v -0.021078 -0.129065 0.031522 0.7143 0.7294 0.7783
v -0.030198 -0.144460 0.031189 0.7210 0.7291 0.7839
v -0.042805 -0.157453 0.037477 0.7098 0.7280 0.7764
v -0.055413 -0.170446 0.043765 0.7216 0.7333 0.7843
v -0.028053 -0.124260 -0.045973 0.7290 0.7386 0.7920
v -0.024565 -0.126662 -0.039352 0.7220 0.7336 0.7847
v -0.021077 -0.129065 -0.032731 0.7098 0.7333 0.7843
v -0.030196 -0.144460 -0.032399 0.7098 0.7189 0.7764
v -0.042804 -0.157453 -0.038688 0.7098 0.7294 0.7843
v -0.055411 -0.170446 -0.044976 0.6902 0.7137 0.7647
v -0.064685 -0.186154 0.043841 0.7107 0.7288 0.7776
v -0.061349 -0.188869 0.037630 0.6980 0.7137 0.7764
v -0.058013 -0.191584 0.031418 0.7080 0.7138 0.7764
v -0.068196 -0.205226 0.031361 0.7052 0.7122 0.7764
v -0.081713 -0.216152 0.037517 0.6902 0.7049 0.7764
v -0.095231 -0.227078 0.043672 0.6894 0.7026 0.7764
v -0.064683 -0.186154 -0.045053 0.6936 0.7053 0.7579
v -0.061348 -0.188869 -0.038841 0.7098 0.7137 0.7764
v -0.058012 -0.191584 -0.032629 0.6981 0.7137 0.7764
v -0.068194 -0.205226 -0.032573 0.6981 0.7085 0.7755
v -0.081712 -0.216152 -0.038729 0.6821 0.7119 0.7764
v -0.095230 -0.227078 -0.044885 0.6550 0.6785 0.7412
v -0.105365 -0.241667 0.043880 0.6785 0.6980 0.7586
v -0.101980 -0.245329 0.037933 0.6785 0.6902 0.7529
v -0.098596 -0.248991 0.031985 0.6785 0.6961 0.7650
v -0.108416 -0.259873 0.032050 0.6667 0.6902 0.7529
v -0.121620 -0.267093 0.038062 0.6550 0.6745 0.7529
v -0.134824 -0.274313 0.044075 0.6550 0.6730 0.7448
v -0.105363 -0.241667 -0.045093 0.6550 0.6706 0.7412
v -0.101979 -0.245329 -0.039146 0.6697 0.6873 0.7544
v -0.098595 -0.248991 -0.033198 0.6677 0.6864 0.7640
v -0.108415 -0.259873 -0.033263 0.6785 0.6858 0.7515
v -0.121618 -0.267093 -0.039276 0.6540 0.6706 0.7412
v -0.134822 -0.274313 -0.045289 0.6361 0.6547 0.7338
v -0.144467 -0.285685 0.043838 0.6501 0.6712 0.7457
v -0.140906 -0.289836 0.037588 0.6471 0.6589 0.7412
v -0.137346 -0.293988 0.031339 0.6342 0.6545 0.7293
v -0.146401 -0.303934 0.031339 0.6236 0.6471 0.7216
v -0.159017 -0.309730 0.037588 0.6261 0.6496 0.7240
v -0.171633 -0.315525 0.043837 0.6352 0.6548 0.7332
v -0.144465 -0.285685 -0.045052 0.6321 0.6523 0.7296
v -0.140905 -0.289836 -0.038803 0.6354 0.6589 0.7333
v -0.137344 -0.293988 -0.032553 0.6354 0.6550 0.7333
v -0.146400 -0.303934 -0.032554 0.6205 0.6408 0.7238
v -0.159015 -0.309730 -0.038803 0.6236 0.6393 0.7216
v -0.171631 -0.315525 -0.045053 0.6046 0.6317 0.7098
v -0.181178 -0.325411 0.043844 0.6144 0.6379 0.7405
v -0.178108 -0.329502 0.037602 0.6088 0.6325 0.7216
v -0.175038 -0.333593 0.031360 0.5927 0.6161 0.7011
v -0.184755 -0.343579 0.031360 0.5804 0.6064 0.6965
v -0.197543 -0.349475 0.037602 0.5862 0.6171 0.7098
v -0.210331 -0.355371 0.043843 0.5804 0.6197 0.7098
v -0.181177 -0.325411 -0.045060 0.5921 0.6145 0.7098
v -0.178107 -0.329502 -0.038818 0.6039 0.6256 0.7098
v -0.175036 -0.333593 -0.032576 0.5922 0.6197 0.7098
v -0.184754 -0.343579 -0.032576 0.5804 0.6122 0.6980
v -0.197542 -0.349475 -0.038818 0.5804 0.6079 0.6980
v -0.210329 -0.355371 -0.045060 0.5608 0.5804 0.6902
v -0.220684 -0.365938 -0.045010 0.5490 0.5882 0.6785
v -0.218251 -0.370609 -0.038717 0.5497 0.5882 0.6902
v -0.215818 -0.375280 -0.032424 0.5490 0.5765 0.6844
v -0.228870 -0.387800 -0.032780 0.5373 0.5698 0.6785
v -0.244355 -0.395648 -0.039428 0.5255 0.5647 0.6785
v -0.259841 -0.403497 -0.046076 0.5129 0.5554 0.6739
v -0.225605 -0.392274 -0.026148 0.5255 0.5608 0.6785
v -0.237824 -0.404597 -0.026164 0.5059 0.5414 0.6556
v -0.250044 -0.416921 -0.026180 0.4915 0.5345 0.6533
v -0.224927 -0.393325 -0.019751 0.5238 0.5548 0.6707
v -0.236470 -0.406698 -0.013370 0.4946 0.5357 0.6636
v -0.248012 -0.420072 -0.006990 0.4745 0.5137 0.6471
v -0.223863 -0.398640 -0.000609 0.4859 0.5291 0.6495
v -0.235760 -0.410242 -0.000609 0.4739 0.5117 0.6457
v -0.247657 -0.421844 -0.000609 0.4564 0.4955 0.6471
v -0.248012 -0.420072 0.005772 0.4353 0.4823 0.6295
v -0.236470 -0.406698 0.012153 0.4515 0.4906 0.6358
v -0.224928 -0.393325 0.018533 0.4941 0.5373 0.6550
v -0.220686 -0.365938 0.043793 0.5651 0.5969 0.6945
v -0.218253 -0.370609 0.037500 0.5490 0.5725 0.6785
v -0.215819 -0.375280 0.031207 0.5320 0.5651 0.6785
v -0.225606 -0.392274 0.024930 0.4941 0.5412 0.6550
v -0.237825 -0.404597 0.024946 0.4626 0.5018 0.6247
v -0.250044 -0.416921 0.024961 0.4510 0.4897 0.6270
v -0.228871 -0.387800 0.031562 0.5176 0.5496 0.6626
v -0.244357 -0.395648 0.038210 0.4991 0.5406 0.6600
v -0.259842 -0.403497 0.044858 0.4569 0.4960 0.6471
v -0.408176 -0.306953 -0.023522 1.0000 0.8233 0.3594
v -0.388764 -0.314262 -0.023521 1.0000 0.8274 0.4196
v -0.369353 -0.321570 -0.023521 0.9440 0.5506 0.0373
v -0.425596 -0.297736 -0.023522 1.0000 0.8274 0.3534
v -0.423604 -0.295829 -0.023522 1.0000 0.8304 0.3780
v -0.421612 -0.293921 -0.023522 1.0000 0.8411 0.4346
v -0.427939 -0.295244 -0.023522 1.0000 0.8274 0.3529
v -0.428289 -0.290843 -0.023522 1.0000 0.8390 0.3961
v -0.428640 -0.286442 -0.023522 1.0000 0.8431 0.4510
v -0.431033 -0.283999 -0.023522 1.0000 0.8431 0.4510
v -0.433076 -0.285957 -0.023522 1.0000 0.8318 0.3479
v -0.435119 -0.287915 -0.023522 1.0000 0.8319 0.3728
v -0.431838 -0.282501 -0.023522 1.0000 0.8409 0.4237
v -0.434686 -0.282961 -0.023522 1.0000 0.8274 0.3386
v -0.437533 -0.283420 -0.023522 1.0000 0.8295 0.3798
v -0.438400 -0.280254 -0.023522 1.0000 0.8353 0.3706
v -0.436419 -0.276627 -0.023522 1.0000 0.8284 0.3323
v -0.434438 -0.273001 -0.023522 1.0000 0.8383 0.4088
v -0.435266 -0.269450 -0.023522 1.0000 0.8354 0.4032
v -0.438075 -0.269525 -0.023522 1.0000 0.8274 0.3225
v -0.440884 -0.269600 -0.023522 1.0000 0.8394 0.3760
v -0.440495 -0.266604 -0.023522 1.0000 0.8373 0.3633
v -0.437296 -0.263532 -0.023522 1.0000 0.8274 0.2921
v -0.434098 -0.260461 -0.023522 1.0000 0.8245 0.3388
v -0.434101 -0.256272 -0.023522 1.0000 0.8117 0.2739
v -0.437303 -0.255154 -0.023522 1.0000 0.8196 0.3061
v -0.440505 -0.254036 -0.023522 1.0000 0.8357 0.3657
v -0.430865 -0.247764 -0.024027 1.0000 0.7921 0.2039
v -0.430831 -0.238138 -0.024532 1.0000 0.7858 0.2129
v -0.430796 -0.228512 -0.025036 1.0000 0.7852 0.1792
v -0.112009 0.390352 -0.048816 0.8798 0.8774 0.8925
v -0.114809 0.395658 -0.045570 0.8861 0.8885 0.9050
v -0.117609 0.400964 -0.042324 0.8956 0.8969 0.9058
v -0.121484 0.402345 -0.037141 0.8848 0.8937 0.9058
v -0.122559 0.398420 -0.035204 0.8832 0.8868 0.8956
v -0.123634 0.394495 -0.033267 0.8866 0.8812 0.8866
v -0.113084 0.386427 -0.046879 0.9058 0.9058 0.9058
v -0.116959 0.387808 -0.041696 0.9058 0.9058 0.9058
v -0.120834 0.389189 -0.036513 0.9058 0.9058 0.9058
v -0.121077 0.385330 -0.036513 0.0687 0.0644 0.0475
v -0.117444 0.380090 -0.041696 0.9137 0.7412 0.3216
v -0.113811 0.374850 -0.046879 0.9372 0.7534 0.2620
v -0.124991 0.385458 -0.028723 0.4961 0.4961 0.4961
v -0.125272 0.380346 -0.026115 0.9529 0.7845 0.3450
v -0.125553 0.375233 -0.023508 0.9372 0.7492 0.2289
v -0.114092 0.369738 -0.044272 0.9372 0.7802 0.4189
v -0.118007 0.369865 -0.036482 0.9372 0.7764 0.4078
v -0.121921 0.369993 -0.028691 0.9373 0.7802 0.4180
v -0.126901 0.375145 -0.015827 0.9715 0.7843 0.2373
v -0.127966 0.380169 -0.010754 0.9975 0.8140 0.3627
v -0.129032 0.385193 -0.005680 0.7427 0.6845 0.4310
v -0.121138 0.369021 -0.027934 0.9404 0.7659 0.2984
v -0.116441 0.367920 -0.034967 0.9157 0.6452 0.1608
v -0.111745 0.366820 -0.042000 0.8714 0.5631 0.1608
v -0.130142 0.385214 -0.000607 0.9789 0.9022 0.5682
v -0.130186 0.380211 -0.000607 1.0000 0.8273 0.3700
v -0.130231 0.375209 -0.000607 1.0000 0.8003 0.2374
v -0.110958 0.365846 -0.041498 0.8944 0.6111 0.1608
v -0.114868 0.365972 -0.033963 0.8941 0.5921 0.1608
v -0.118778 0.366098 -0.026428 0.9076 0.6070 0.1312
v -0.111600 0.358052 -0.041498 1.0000 0.7936 0.1979
v -0.116153 0.350385 -0.033963 1.0000 0.8078 0.2157
v -0.120705 0.342718 -0.026428 1.0000 0.8098 0.2235
v -0.121375 0.334515 -0.026428 1.0000 0.8078 0.2235
v -0.117493 0.333978 -0.033963 1.0000 0.8078 0.2235
v -0.113611 0.333442 -0.041498 1.0000 0.8117 0.2235
v -0.116199 0.316118 -0.041586 1.0000 0.8078 0.2157
v -0.122670 0.299330 -0.034139 1.0000 0.8078 0.2235
v -0.129141 0.282543 -0.026692 1.0000 0.8117 0.2235
v -0.131362 0.265153 -0.026692 1.0000 0.8117 0.2235
v -0.127113 0.264552 -0.034139 1.0000 0.8117 0.2235
v -0.122863 0.263950 -0.041586 1.0000 0.8078 0.2235
v -0.135204 0.246719 -0.026692 1.0000 0.8117 0.2235
v -0.134796 0.227683 -0.034139 1.0000 0.8117 0.2235
v -0.134389 0.208647 -0.041586 1.0000 0.8134 0.2235
v -0.138522 0.188221 -0.042052 1.0000 0.7863 0.2039
v -0.143064 0.186832 -0.035071 1.0000 0.7843 0.2039
v -0.147605 0.185442 -0.028090 1.0000 0.7843 0.2039
v -0.139928 0.186336 -0.042493 1.0000 0.7668 0.1934
v -0.145876 0.183061 -0.035952 1.0000 0.7861 0.2048
v -0.151824 0.179786 -0.029411 1.0000 0.7991 0.2144
v -0.152155 0.178357 -0.030788 1.0000 0.8135 0.2402
v -0.146539 0.180204 -0.038706 1.0000 0.8176 0.2335
v -0.140923 0.182050 -0.046624 1.0000 0.8300 0.2514
v -0.154093 0.172264 -0.031041 1.0000 0.8147 0.2437
v -0.150414 0.168017 -0.039213 1.0000 0.8117 0.2235
v -0.146735 0.163771 -0.047385 1.0000 0.7976 0.2125
v -0.148998 0.157395 -0.047211 0.3881 0.3669 0.2384
v -0.154940 0.155265 -0.038865 0.6934 0.6564 0.4181
v -0.160882 0.153136 -0.030519 0.4456 0.4012 0.2294
v -0.154098 0.144309 -0.047300 0.8201 0.8316 0.8706
v -0.165140 0.129093 -0.039045 0.8196 0.8274 0.8632
v -0.176182 0.113878 -0.030789 0.8196 0.8274 0.8627
v -0.183115 0.096336 -0.030586 0.8196 0.8274 0.8627
v -0.179007 0.094009 -0.038640 0.8196 0.8274 0.8627
v -0.174898 0.091683 -0.046693 0.8253 0.8371 0.8706
v -0.179281 0.081570 -0.046588 0.8196 0.8313 0.8706
v -0.187773 0.073783 -0.038431 0.8196 0.8274 0.8627
v -0.196264 0.065997 -0.030273 0.8196 0.8274 0.8627
v -0.200602 0.055858 -0.030209 0.8196 0.8274 0.8627
v -0.196448 0.053506 -0.038303 0.8196 0.8274 0.8627
v -0.192294 0.051154 -0.046397 0.8256 0.8374 0.8706
v -0.197228 0.041109 -0.046505 0.8213 0.8303 0.8706
v -0.206316 0.033416 -0.038519 0.8188 0.8274 0.8706
v -0.215404 0.025723 -0.030533 0.8078 0.8210 0.8706
v -0.220651 0.015215 -0.030533 0.8078 0.8274 0.8696
v -0.216809 0.012399 -0.038519 0.8078 0.8251 0.8665
v -0.212968 0.009583 -0.046505 0.8078 0.8274 0.8627
v -0.219315 -0.000655 -0.046397 0.8078 0.8117 0.8706
v -0.229503 -0.008078 -0.038304 0.8078 0.8117 0.8471
v -0.239691 -0.015501 -0.030210 0.7960 0.8117 0.8392
v -0.245988 -0.025776 -0.030210 0.8078 0.8117 0.8392
v -0.242096 -0.028629 -0.038304 0.7960 0.8106 0.8459
v -0.238204 -0.031481 -0.046398 0.8078 0.8117 0.8508
v -0.245825 -0.042313 -0.046398 0.7980 0.8078 0.8432
v -0.257337 -0.050291 -0.038304 0.7960 0.8041 0.8502
v -0.268849 -0.058269 -0.030210 0.7852 0.7978 0.8392
v -0.276840 -0.069667 -0.030210 0.7925 0.7986 0.8392
v -0.273318 -0.073086 -0.038304 0.7843 0.7960 0.8392
v -0.269797 -0.076504 -0.046398 0.7846 0.8022 0.8452
v -0.278544 -0.087020 -0.046458 0.7848 0.8003 0.8392
v -0.290812 -0.094117 -0.038424 0.7764 0.7960 0.8392
v -0.303081 -0.101214 -0.030390 0.7764 0.7940 0.8392
v -0.312138 -0.112012 -0.030534 0.7764 0.7823 0.8392
v -0.308927 -0.115712 -0.038712 0.7764 0.7813 0.8392
v -0.305716 -0.119412 -0.046891 0.7764 0.7923 0.8392
v -0.319893 -0.120395 -0.030917 0.7764 0.7804 0.8367
v -0.324436 -0.132479 -0.039478 0.7764 0.7804 0.8392
v -0.328979 -0.144563 -0.048039 0.7705 0.7804 0.8332
v -0.336746 -0.152935 -0.048008 0.7615 0.7823 0.8261
v -0.339969 -0.149223 -0.039417 0.7496 0.7759 0.8358
v -0.343193 -0.145511 -0.030826 0.7707 0.7744 0.8392
v -0.352554 -0.155104 -0.031588 0.7529 0.7763 0.8392
v -0.358690 -0.168409 -0.040941 0.7412 0.7647 0.8078
v -0.364827 -0.181714 -0.050294 0.7624 0.7749 0.8259
v -0.374138 -0.191282 -0.050336 0.7412 0.7566 0.8193
v -0.377313 -0.187546 -0.041026 0.7412 0.7529 0.8196
v -0.380488 -0.183810 -0.031716 0.7409 0.7480 0.8164
v -0.391363 -0.189466 -0.030657 0.7263 0.7423 0.8078
v -0.399064 -0.198858 -0.038908 0.7213 0.7409 0.8078
v -0.406766 -0.208249 -0.047159 0.7233 0.7361 0.8078
v -0.392739 -0.187861 -0.023190 0.7223 0.7322 0.8078
v -0.401816 -0.195649 -0.023975 0.6980 0.7176 0.7960
v -0.410893 -0.203436 -0.024759 0.6618 0.6834 0.7598
v -0.411391 -0.202843 -0.019311 0.6667 0.6863 0.7647
v -0.402811 -0.194462 -0.013078 0.6997 0.7193 0.7977
v -0.394232 -0.186081 -0.006845 0.7103 0.7333 0.8078
v -0.394228 -0.186096 -0.000612 0.7117 0.7326 0.8078
v -0.402805 -0.194492 -0.000612 0.6976 0.7172 0.7955
v -0.411381 -0.202888 -0.000612 0.6667 0.6916 0.7727
v -0.394232 -0.186081 0.005621 0.7216 0.7333 0.8078
v -0.402812 -0.194462 0.011854 0.6980 0.7176 0.7960
v -0.411392 -0.202843 0.018086 0.6674 0.6870 0.7653
v -0.410894 -0.203436 0.023535 0.6663 0.6860 0.7747
v -0.401817 -0.195649 0.022751 0.6945 0.7139 0.7907
v -0.392740 -0.187861 0.021966 0.7127 0.7302 0.8072
v -0.391364 -0.189466 0.029433 0.7098 0.7294 0.8073
v -0.399066 -0.198858 0.037684 0.6980 0.7255 0.7960
v -0.406767 -0.208249 0.045935 0.6828 0.7039 0.7784
v -0.380489 -0.183810 0.030493 0.7255 0.7451 0.8078
v -0.377314 -0.187546 0.039803 0.7409 0.7489 0.8081
v -0.374140 -0.191282 0.049114 0.7412 0.7568 0.8196
v -0.364829 -0.181714 0.049071 0.7529 0.7686 0.8196
v -0.358692 -0.168409 0.039719 0.7412 0.7608 0.8196
v -0.352555 -0.155104 0.030366 0.7412 0.7725 0.8392
v -0.343194 -0.145511 0.029605 0.7647 0.7804 0.8392
v -0.339971 -0.149223 0.038196 0.7416 0.7766 0.8279
v -0.336747 -0.152935 0.046787 0.7589 0.7747 0.8392
v -0.328981 -0.144563 0.046817 0.7632 0.7804 0.8392
v -0.324437 -0.132479 0.038257 0.7764 0.7804 0.8392
v -0.319894 -0.120395 0.029696 0.7764 0.7804 0.8392
v -0.312139 -0.112012 0.029314 0.7764 0.7900 0.8392
v -0.308929 -0.115712 0.037492 0.7764 0.7841 0.8387
v -0.305718 -0.119412 0.045670 0.7764 0.7804 0.8392
v -0.303082 -0.101214 0.029170 0.7764 0.7960 0.8392
v -0.290814 -0.094117 0.037205 0.7764 0.7958 0.8392
v -0.278545 -0.087020 0.045239 0.7784 0.7960 0.8392
v -0.269798 -0.076504 0.045179 0.7843 0.7962 0.8392
v -0.273320 -0.073086 0.037085 0.7804 0.7960 0.8392
v -0.276841 -0.069667 0.028991 0.7951 0.7962 0.8392
v -0.268850 -0.058269 0.028991 0.7917 0.7960 0.8509
v -0.257338 -0.050291 0.037086 0.7960 0.8078 0.8392
v -0.245826 -0.042313 0.045180 0.7967 0.8080 0.8392
v -0.238206 -0.031481 0.045180 0.7960 0.8117 0.8392
v -0.242097 -0.028629 0.037086 0.7965 0.8117 0.8396
v -0.245989 -0.025776 0.028992 0.8078 0.8117 0.8392
v -0.239693 -0.015501 0.028992 0.7963 0.8117 0.8509
v -0.229505 -0.008078 0.037086 0.8078 0.8117 0.8538
v -0.219317 -0.000655 0.045180 0.8078 0.8196 0.8509
v -0.212970 0.009583 0.045288 0.8078 0.8235 0.8627
v -0.216811 0.012399 0.037302 0.8078 0.8196 0.8706
v -0.220652 0.015215 0.029315 0.8078 0.8254 0.8706
v -0.215405 0.025723 0.029316 0.8078 0.8234 0.8703
v -0.206318 0.033416 0.037302 0.8078 0.8235 0.8627
v -0.197230 0.041109 0.045288 0.8177 0.8307 0.8691
v -0.192296 0.051154 0.045181 0.8196 0.8275 0.8706
v -0.196450 0.053506 0.037087 0.8196 0.8274 0.8706
v -0.200603 0.055858 0.028993 0.8196 0.8274 0.8687
v -0.196266 0.065997 0.029056 0.8196 0.8274 0.8627
v -0.187774 0.073783 0.037215 0.8196 0.8274 0.8627
v -0.179283 0.081570 0.045373 0.8196 0.8276 0.8631
v -0.174900 0.091683 0.045477 0.8196 0.8274 0.8627
v -0.179008 0.094009 0.037424 0.8196 0.8274 0.8627
v -0.183116 0.096336 0.029370 0.8196 0.8274 0.8627
v -0.176183 0.113878 0.029573 0.8196 0.8274 0.8627
v -0.165141 0.129093 0.037829 0.8196 0.8274 0.8706
v -0.154100 0.144309 0.046086 0.8078 0.8157 0.8509
v -0.149000 0.157395 0.045996 0.2573 0.2205 0.0651
v -0.154942 0.155265 0.037650 0.6784 0.6841 0.5281
v -0.160883 0.153136 0.029304 0.7238 0.6801 0.4250
v -0.146737 0.163771 0.046170 1.0000 0.8042 0.2159
v -0.150415 0.168017 0.037998 1.0000 0.8132 0.2235
v -0.154094 0.172264 0.029827 1.0000 0.8123 0.2252
v -0.152156 0.178357 0.029573 1.0000 0.8160 0.2988
v -0.146540 0.180204 0.037491 1.0000 0.8239 0.2617
v -0.140924 0.182050 0.045409 1.0000 0.8287 0.3199
v -0.151825 0.179786 0.028196 1.0000 0.7965 0.2062
v -0.145877 0.183061 0.034737 1.0000 0.7882 0.1922
v -0.139930 0.186336 0.041278 1.0000 0.7809 0.1929
v -0.138524 0.188221 0.040838 1.0000 0.7887 0.2005
v -0.143065 0.186832 0.033857 1.0000 0.7843 0.2039
v -0.147606 0.185442 0.026875 1.0000 0.7842 0.2033
v -0.134390 0.208647 0.040372 1.0000 0.8137 0.2235
v -0.134798 0.227683 0.032925 1.0000 0.8117 0.2235
v -0.135205 0.246719 0.025478 1.0000 0.8117 0.2235
v -0.131363 0.265153 0.025478 1.0000 0.8117 0.2235
v -0.127114 0.264552 0.032926 1.0000 0.8117 0.2235
v -0.122865 0.263950 0.040373 1.0000 0.8117 0.2235
v -0.129142 0.282543 0.025478 1.0000 0.8117 0.2235
v -0.122671 0.299330 0.032926 1.0000 0.8117 0.2235
v -0.116201 0.316118 0.040373 1.0000 0.8117 0.2235
v -0.113612 0.333442 0.040285 1.0000 0.8117 0.2235
v -0.117494 0.333978 0.032750 1.0000 0.8078 0.2235
v -0.121376 0.334515 0.025215 1.0000 0.8078 0.2235
v -0.120706 0.342718 0.025215 1.0000 0.8116 0.2235
v -0.116154 0.350385 0.032750 1.0000 0.8078 0.2157
v -0.111602 0.358052 0.040285 1.0000 0.7955 0.2035
v -0.118779 0.366098 0.025215 0.9568 0.6276 0.1059
v -0.114869 0.365972 0.032750 0.9573 0.6405 0.1061
v -0.110959 0.365846 0.040285 0.9686 0.6510 0.0941
v -0.111746 0.366820 0.040787 0.9735 0.6754 0.1349
v -0.116443 0.367920 0.033753 0.9993 0.7447 0.1339
v -0.121139 0.369021 0.026720 1.0000 0.8235 0.4078
v -0.129032 0.385193 0.004467 0.2960 0.2766 0.2030
v -0.127967 0.380169 0.009540 1.0000 0.8219 0.3811
v -0.126901 0.375145 0.014613 1.0000 0.8044 0.2324
v -0.121922 0.369993 0.027477 1.0000 0.8235 0.4078
v -0.118008 0.369865 0.035268 1.0000 0.8235 0.3885
v -0.114094 0.369738 0.043059 1.0000 0.8274 0.4192
v -0.125554 0.375233 0.022294 1.0000 0.8002 0.2052
v -0.125273 0.380346 0.024902 1.0000 0.8196 0.3882
v -0.124992 0.385458 0.027509 0.0726 0.0722 0.0487
v -0.113813 0.374850 0.045666 1.0000 0.8132 0.2366
v -0.117445 0.380090 0.040483 1.0000 0.8869 0.4142
v -0.121078 0.385330 0.035300 0.2769 0.2419 0.1062
v -0.120835 0.389189 0.035300 0.9372 0.9529 0.9686
v -0.116961 0.387808 0.040483 0.9372 0.9294 0.9372
v -0.113085 0.386427 0.045666 0.9510 0.9592 0.9673
v -0.112011 0.390352 0.047603 0.9356 0.9402 0.9553
v -0.114810 0.395658 0.044357 0.9490 0.9492 0.9574
v -0.117610 0.400964 0.041110 0.9568 0.9529 0.9686
v -0.123635 0.394495 0.032053 0.9490 0.9451 0.9490
v -0.122560 0.398420 0.033990 0.9520 0.9493 0.9520
v -0.121485 0.402345 0.035927 0.9564 0.9622 0.9655
v -0.109256 0.352327 0.009692 0.5687 0.5765 0.6118
v -0.109258 0.345257 0.005904 0.5692 0.5770 0.6043
v -0.109254 0.356734 0.004868 0.5686 0.5804 0.6039
v -0.109251 0.366317 0.005904 0.5686 0.5882 0.6105
v -0.109254 0.356830 0.012104 0.5750 0.5857 0.6073
v -0.109258 0.345408 0.017268 0.5671 0.5749 0.5985
v -0.109259 0.343417 0.012104 0.5686 0.5764 0.6039
v -0.109249 0.371551 0.019933 0.5525 0.5604 0.5846
v -0.109254 0.357561 0.023742 0.5209 0.5157 0.5523
v -0.109251 0.367048 0.017548 0.5608 0.5686 0.5921
v -0.109247 0.378470 0.012379 0.6772 0.6812 0.7082
v -0.109246 0.380461 0.017507 0.6771 0.6714 0.6984
v -0.109247 0.378621 0.023679 0.5656 0.5524 0.5880
v -0.109251 0.367144 0.024744 0.4948 0.5026 0.5262
v -0.121350 0.390384 0.009634 0.9372 0.9392 0.9496
v -0.122586 0.390452 0.017167 0.9372 0.9372 0.9372
v -0.119301 0.390423 0.012033 0.9372 0.9372 0.9490
v -0.116897 0.390377 0.005868 0.9483 0.9409 0.9483
v -0.120563 0.390340 0.004837 0.9483 0.9411 0.9490
v -0.124567 0.390323 0.005868 0.9372 0.9411 0.9490
v -0.124186 0.390388 0.012033 0.9372 0.9411 0.9490
v -0.114399 0.390570 0.019876 0.8637 0.8645 0.8637
v -0.112502 0.390494 0.012343 0.9255 0.9294 0.9255
v -0.115606 0.390522 0.017477 0.9155 0.9071 0.9155
v -0.118191 0.390570 0.023642 0.8693 0.8732 0.8815
v -0.115606 0.390618 0.024673 0.8412 0.8451 0.8640
v -0.112503 0.390645 0.023642 0.7873 0.7922 0.8173
v -0.111983 0.390570 0.017477 0.9370 0.9370 0.9370
v -0.109255 0.352327 -0.010905 0.5686 0.5764 0.6118
v -0.109258 0.345408 -0.018481 0.5465 0.5544 0.5779
v -0.109254 0.356830 -0.013318 0.5661 0.5797 0.5982
v -0.109251 0.366317 -0.007118 0.5686 0.5882 0.6039
v -0.109254 0.356734 -0.006081 0.5686 0.5842 0.6039
v -0.109258 0.345257 -0.007118 0.5686 0.5764 0.6039
v -0.109258 0.343417 -0.013318 0.5665 0.5743 0.6006
v -0.109249 0.371551 -0.021146 0.5497 0.5575 0.5811
v -0.109246 0.378470 -0.013592 0.6716 0.6715 0.7000
v -0.109250 0.367048 -0.018761 0.5608 0.5686 0.5921
v -0.109253 0.357561 -0.024955 0.4807 0.4794 0.5121
v -0.109250 0.367144 -0.025958 0.4511 0.4590 0.4825
v -0.109246 0.378621 -0.024892 0.5176 0.5067 0.5452
v -0.109246 0.380461 -0.018721 0.6673 0.6599 0.6906
v -0.121350 0.390384 -0.010848 0.9372 0.9372 0.9504
v -0.122585 0.390452 -0.018381 0.9372 0.9344 0.9372
v -0.124186 0.390388 -0.013247 0.9372 0.9411 0.9490
v -0.124567 0.390323 -0.007081 0.9372 0.9411 0.9490
v -0.120563 0.390340 -0.006050 0.9490 0.9411 0.9490
v -0.116897 0.390377 -0.007081 0.9400 0.9381 0.9400
v -0.119301 0.390423 -0.013247 0.9372 0.9372 0.9490
v -0.114398 0.390570 -0.021089 0.8392 0.8431 0.8392
v -0.118190 0.390570 -0.024856 0.8680 0.8719 0.8807
v -0.115606 0.390522 -0.018690 0.9239 0.9187 0.9239
v -0.112502 0.390494 -0.013556 0.9553 0.9576 0.9553
v -0.111983 0.390570 -0.018690 0.9371 0.9371 0.9371
v -0.112502 0.390645 -0.024855 0.7838 0.7888 0.8135
v -0.115606 0.390618 -0.025887 0.7854 0.7912 0.8089
v -0.118517 0.406256 0.032642 0.9557 0.9557 0.9557
v -0.121239 0.406228 0.031713 0.9493 0.9493 0.9493
v -0.120694 0.406241 0.033273 0.9568 0.9568 0.9568
v -0.119213 0.406261 0.034562 0.9582 0.9546 0.9634
v -0.116784 0.406274 0.033233 0.9568 0.9547 0.9568
v -0.115099 0.406278 0.031650 0.9570 0.9490 0.9570
v -0.118073 0.406252 0.031418 0.9490 0.9490 0.9490
v -0.112700 0.406218 0.039783 0.9636 0.9587 0.9649
v -0.111421 0.406254 0.036164 0.9568 0.9568 0.9568
v -0.113692 0.406253 0.037029 0.9585 0.9529 0.9686
v -0.115536 0.406237 0.039077 0.9612 0.9558 0.9686
v -0.113515 0.406194 0.042087 0.9686 0.9607 0.9686
v -0.111143 0.406162 0.044107 0.9568 0.9568 0.9614
v -0.110894 0.406205 0.040232 0.9558 0.9558 0.9558
v -0.095441 0.406149 0.037201 0.9034 0.9133 0.9193
v -0.100232 0.406118 0.042475 0.8708 0.8772 0.9059
v -0.092212 0.406110 0.038900 0.8731 0.8913 0.9066
v -0.085581 0.406118 0.034596 0.9372 0.9356 0.9456
v -0.092390 0.406169 0.033842 0.9372 0.9391 0.9403
v -0.100510 0.406211 0.034532 0.9452 0.9399 0.9452
v -0.101720 0.406169 0.038860 0.8957 0.8962 0.9147
v -0.081843 0.406065 0.044400 0.8956 0.8976 0.9208
v -0.076984 0.406065 0.039147 0.8708 0.8890 0.9059
v -0.084985 0.406065 0.042727 0.8805 0.8882 0.9121
v -0.091635 0.406065 0.047026 0.9423 0.9423 0.9546
v -0.084937 0.406065 0.047745 0.9323 0.9323 0.9513
v -0.076909 0.406065 0.047026 0.9415 0.9415 0.9543
v -0.075606 0.406065 0.042727 0.8720 0.8759 0.9058
v -0.065388 0.406065 0.040416 0.8912 0.8931 0.8984
v -0.063076 0.406065 0.040112 0.9058 0.9058 0.9058
v -0.064676 0.406065 0.037810 0.9209 0.9196 0.9209
v -0.066581 0.406065 0.036628 0.9350 0.9342 0.9350
v -0.066860 0.406065 0.040610 0.8724 0.8743 0.8881
v -0.066506 0.406065 0.044508 0.8637 0.8653 0.8822
v -0.064628 0.406065 0.042828 0.8401 0.8434 0.8645
v -0.059791 0.409008 0.047172 0.9454 0.9425 0.9544
v -0.062968 0.407925 0.048779 0.9273 0.9379 0.9492
v -0.059952 0.409697 0.048948 0.9490 0.9568 0.9490
v -0.056867 0.411172 0.048354 0.9490 0.9568 0.9676
v -0.057767 0.409697 0.046148 0.9492 0.9414 0.9567
v -0.059538 0.407925 0.044383 0.9199 0.9299 0.9456
v -0.061653 0.407629 0.046419 0.9301 0.9157 0.9320
v -0.052720 0.411950 0.042803 0.9469 0.9469 0.9469
v -0.050695 0.413032 0.041196 0.9363 0.9362 0.9363
v -0.052926 0.411261 0.041026 0.9372 0.9372 0.9372
v -0.055067 0.409786 0.041621 0.9222 0.9322 0.9398
v -0.054009 0.411261 0.043826 0.9511 0.9455 0.9511
v -0.052396 0.413032 0.045591 0.9561 0.9550 0.9595
v -0.051224 0.413328 0.043555 0.9490 0.9490 0.9490
v -0.044769 0.419781 0.043710 0.9537 0.9529 0.9537
v -0.047370 0.417983 0.046165 0.9556 0.9529 0.9556
v -0.044196 0.420926 0.044946 0.9568 0.9529 0.9568
v -0.041269 0.423376 0.043196 0.9568 0.9510 0.9568
v -0.043113 0.420926 0.042146 0.9467 0.9506 0.9467
v -0.045669 0.417983 0.041769 0.9490 0.9411 0.9490
v -0.046999 0.417491 0.044038 0.9554 0.9507 0.9554
v -0.038396 0.423216 0.037889 0.9372 0.9404 0.9372
v -0.041640 0.420155 0.038089 0.9372 0.9378 0.9372
v -0.039726 0.422752 0.039052 0.9372 0.9411 0.9372
v -0.037240 0.425548 0.039516 0.9479 0.9412 0.9479
v -0.036331 0.425166 0.037762 0.9372 0.9411 0.9372
v -0.036309 0.423946 0.036062 0.9372 0.9374 0.9372
v -0.039133 0.421731 0.036853 0.9372 0.9374 0.9372
v -0.027906 0.430891 0.034719 0.9384 0.9432 0.9474
v -0.030607 0.430400 0.037512 0.9490 0.9490 0.9568
v -0.026778 0.432224 0.035140 0.9372 0.9451 0.9568
v -0.023433 0.433474 0.032588 0.9512 0.9554 0.9523
v -0.026185 0.431203 0.032941 0.9372 0.9411 0.9372
v -0.029677 0.428798 0.034058 0.9372 0.9372 0.9372
v -0.030754 0.429245 0.036077 0.9433 0.9433 0.9473
v -0.021486 0.431783 0.028122 0.9372 0.9372 0.9372
v -0.025618 0.429362 0.029887 0.9372 0.9372 0.9372
v -0.022773 0.431677 0.029434 0.9372 0.9396 0.9372
v -0.019374 0.434038 0.028417 0.9483 0.9409 0.9483
v -0.018854 0.433324 0.026997 0.9372 0.9372 0.9372
v -0.019466 0.431948 0.026061 0.9253 0.9273 0.9313
v -0.022831 0.430346 0.027934 0.9313 0.9313 0.9313
v 0.023874 0.436021 0.026790 0.9490 0.9411 0.9490
v 0.009303 0.436718 0.027574 0.9490 0.9480 0.9490
v 0.033213 0.436909 0.027790 0.9497 0.9487 0.9497
v 0.053108 0.436718 0.027575 0.9490 0.9411 0.9490
v 0.033154 0.435577 0.026290 0.9397 0.9396 0.9397
v 0.009212 0.434627 0.025219 0.9372 0.9372 0.9372
v 0.005256 0.435577 0.026289 0.9398 0.9398 0.9398
v 0.067270 0.434127 0.024341 0.9372 0.9372 0.9372
v 0.084620 0.433430 0.023325 0.9276 0.9276 0.9276
v 0.058817 0.433239 0.023267 0.9345 0.9352 0.9359
v 0.036647 0.433430 0.023671 0.9255 0.9255 0.9255
v 0.056221 0.434570 0.024988 0.9372 0.9372 0.9372
v 0.080543 0.435520 0.026027 0.9435 0.9393 0.9435
v 0.086773 0.434570 0.024768 0.9372 0.9372 0.9372
v -0.264055 -0.434599 0.007919 0.9843 0.7978 0.3221
v -0.262400 -0.434175 0.004783 0.9062 0.8590 0.5176
v -0.262581 -0.433075 0.009917 0.9058 0.8588 0.5335
v -0.263396 -0.432630 0.014193 0.9058 0.8588 0.5490
v -0.265109 -0.434869 0.009917 1.0000 0.7915 0.2907
v -0.266369 -0.436993 0.004783 1.0000 0.7917 0.3004
v -0.264474 -0.435854 0.003924 1.0000 0.7948 0.3140
v -0.268555 -0.435753 0.016447 1.0000 0.7958 0.3070
v -0.270210 -0.436177 0.019583 1.0000 0.8078 0.3216
v -0.270029 -0.437278 0.014449 1.0000 0.8034 0.3099
v -0.269214 -0.437723 0.010174 1.0000 0.8091 0.3216
v -0.267501 -0.435483 0.014450 1.0000 0.7960 0.2966
v -0.266241 -0.433359 0.019584 1.0000 0.7862 0.2843
v -0.268136 -0.434498 0.020443 1.0000 0.7876 0.2884
v -0.270216 -0.425832 0.033819 1.0000 0.8094 0.3387
v -0.272096 -0.420504 0.040324 1.0000 0.8178 0.3024
v -0.272078 -0.425033 0.035890 1.0000 0.7960 0.3216
v -0.271260 -0.429905 0.030566 1.0000 0.7960 0.2947
v -0.269018 -0.429225 0.029676 1.0000 0.7960 0.3043
v -0.267291 -0.427087 0.030567 0.8706 0.8274 0.5176
v -0.269551 -0.423238 0.035891 1.0000 0.8504 0.3896
v -0.278076 -0.422361 0.042661 1.0000 0.8117 0.3529
v -0.276229 -0.427711 0.036156 1.0000 0.8000 0.3063
v -0.276256 -0.423188 0.040590 1.0000 0.8102 0.3502
v -0.277065 -0.418310 0.045914 1.0000 0.8019 0.3157
v -0.279252 -0.418954 0.046804 1.0000 0.8033 0.3198
v -0.280933 -0.421062 0.045913 1.0000 0.8157 0.3529
v -0.278719 -0.424941 0.040589 1.0000 0.8114 0.3517
v -0.301803 -0.389010 0.051503 1.0000 0.8181 0.3304
v -0.292066 -0.397225 0.051504 1.0000 0.8170 0.3124
v -0.305542 -0.382025 0.051503 1.0000 0.8188 0.3191
v -0.317410 -0.369827 0.051503 1.0000 0.8353 0.4196
v -0.308005 -0.383778 0.051503 1.0000 0.8303 0.3846
v -0.295934 -0.399977 0.051503 1.0000 0.8341 0.3824
v -0.291864 -0.401227 0.051504 1.0000 0.8133 0.2979
v -0.318558 -0.358135 0.051504 1.0000 0.8309 0.3953
v -0.328003 -0.350308 0.051503 1.0000 0.8130 0.3289
v -0.314447 -0.365614 0.051504 1.0000 0.8228 0.3572
v -0.302659 -0.377705 0.051504 1.0000 0.8274 0.3529
v -0.312543 -0.363120 0.051504 1.0000 0.8132 0.3529
v -0.325013 -0.346393 0.051504 0.9686 0.9215 0.5804
v -0.328685 -0.345672 0.051503 1.0000 0.8198 0.3604
v -0.368052 -0.295734 0.052396 1.0000 0.8214 0.3591
v -0.356304 -0.306941 0.052068 1.0000 0.8159 0.3612
v -0.373630 -0.286102 0.052606 1.0000 0.8117 0.3098
v -0.388558 -0.269403 0.053054 1.0000 0.8117 0.3333
v -0.375534 -0.288596 0.052605 1.0000 0.8235 0.3897
v -0.359294 -0.310857 0.052067 1.0000 0.8274 0.4384
v -0.354992 -0.312503 0.051978 1.0000 0.8154 0.3386
v -0.391462 -0.255996 0.053291 0.9543 0.7931 0.3654
v -0.403359 -0.244280 0.053619 1.0000 0.8117 0.2947
v -0.386073 -0.264981 0.053082 1.0000 0.8117 0.3469
v -0.371104 -0.281819 0.052634 0.9058 0.8588 0.5490
v -0.383886 -0.263458 0.053082 0.9372 0.8745 0.5490
v -0.399924 -0.241890 0.053621 1.0000 0.8117 0.3216
v -0.404428 -0.239551 0.053710 1.0000 0.8106 0.3171
v -0.287203 -0.417139 0.007918 1.0000 0.7647 0.1804
v -0.282000 -0.424409 0.014191 1.0000 0.7686 0.1804
v -0.291151 -0.411524 0.009916 1.0000 0.7610 0.1810
v -0.298605 -0.401053 0.004781 1.0000 0.7647 0.1804
v -0.290516 -0.412509 0.003923 1.0000 0.7583 0.1825
v -0.281003 -0.425954 0.004782 1.0000 0.7560 0.1725
v -0.279940 -0.427384 0.009916 1.0000 0.7686 0.1843
v -0.308614 -0.386910 0.015554 1.0000 0.7608 0.1804
v -0.312142 -0.381942 0.009609 1.0000 0.7642 0.1804
v -0.302532 -0.395457 0.013974 1.0000 0.7608 0.1804
v -0.295536 -0.405298 0.019019 1.0000 0.7608 0.1804
v -0.306368 -0.390074 0.019340 1.0000 0.7608 0.1804
v -0.318165 -0.373490 0.018035 1.0000 0.7529 0.1801
v -0.316944 -0.375199 0.013348 1.0000 0.7526 0.1721
v -0.297827 -0.402053 0.032925 1.0000 0.7647 0.1804
v -0.288716 -0.414871 0.030001 1.0000 0.7647 0.1804
v -0.289218 -0.414147 0.035414 1.0000 0.7681 0.1917
v -0.293420 -0.408223 0.039758 1.0000 0.7742 0.1922
v -0.303629 -0.393889 0.034787 1.0000 0.7657 0.1834
v -0.311345 -0.383063 0.029017 1.0000 0.7647 0.1865
v -0.300634 -0.398123 0.028574 1.0000 0.7647 0.1804
v -0.321555 -0.368701 0.041767 1.0000 0.7801 0.1843
v -0.308421 -0.387138 0.045348 1.0000 0.7863 0.1880
v -0.318503 -0.372983 0.046328 1.0000 0.7969 0.2268
v -0.329897 -0.356988 0.045348 1.0000 0.7804 0.1922
v -0.329919 -0.356959 0.039487 1.0000 0.7647 0.1814
v -0.326346 -0.361978 0.034607 1.0000 0.7562 0.1792
v -0.316241 -0.376162 0.039487 1.0000 0.7694 0.1922
v -0.342921 -0.338718 0.032033 1.0000 0.6980 0.1294
v -0.345503 -0.335099 0.028452 1.0000 0.6824 0.1294
v -0.342612 -0.339155 0.027472 0.9946 0.6692 0.0888
v -0.339854 -0.343022 0.028453 1.0000 0.6824 0.1294
v -0.341276 -0.341022 0.034313 1.0000 0.7123 0.1410
v -0.343405 -0.338032 0.039193 1.0000 0.7451 0.1725
v -0.344874 -0.335976 0.034313 1.0000 0.7122 0.1408
v -0.371110 -0.299061 0.007025 0.9530 0.6164 0.0941
v -0.363325 -0.310028 0.012642 0.9572 0.6117 0.0863
v -0.376068 -0.292077 0.008814 0.9856 0.6737 0.1111
v -0.386681 -0.277128 0.004216 1.0000 0.6980 0.1294
v -0.376068 -0.292077 0.003447 0.9833 0.6647 0.1088
v -0.363324 -0.310028 0.004217 0.9686 0.6096 0.0941
v -0.361193 -0.313030 0.008814 0.9686 0.5993 0.0852
v -0.392279 -0.269243 0.014661 1.0000 0.7063 0.1294
v -0.400064 -0.258276 0.009044 0.9999 0.6979 0.1293
v -0.387320 -0.276228 0.012872 1.0000 0.7023 0.1294
v -0.376708 -0.291176 0.017470 1.0000 0.7021 0.1294
v -0.387320 -0.276228 0.018238 1.0000 0.7113 0.1311
v -0.400064 -0.258276 0.017469 1.0000 0.7099 0.1294
v -0.402195 -0.255274 0.012872 0.9996 0.6975 0.1289
v -0.369209 -0.301719 0.032032 1.0000 0.7492 0.1669
v -0.385479 -0.278808 0.028452 1.0000 0.7284 0.1598
v -0.375058 -0.293489 0.027472 1.0000 0.7294 0.1608
v -0.362123 -0.311708 0.028452 1.0000 0.7343 0.1527
v -0.358847 -0.316310 0.034312 1.0000 0.7535 0.1737
v -0.360025 -0.314641 0.039193 1.0000 0.7764 0.1804
v -0.373722 -0.295357 0.034312 1.0000 0.7490 0.1725
v -0.393831 -0.266806 0.042661 1.0000 0.7668 0.1922
v -0.375592 -0.292568 0.045912 1.0000 0.7804 0.1922
v -0.389237 -0.273220 0.047431 1.0000 0.7846 0.2007
v -0.404856 -0.251115 0.046899 1.0000 0.7804 0.1922
v -0.405448 -0.250399 0.040590 1.0000 0.7686 0.1804
v -0.401046 -0.256736 0.035171 1.0000 0.7568 0.1804
v -0.386810 -0.276800 0.039962 1.0000 0.7686 0.1804
v -0.422673 -0.227484 0.033599 1.0000 0.7139 0.1374
v -0.425648 -0.224322 0.030185 1.0000 0.7137 0.1294
v -0.422407 -0.228267 0.028777 0.9929 0.6769 0.1167
v -0.419280 -0.231876 0.029442 1.0000 0.6980 0.1294
v -0.420778 -0.229498 0.035773 1.0000 0.7219 0.1528
v -0.423090 -0.226255 0.041170 1.0000 0.7768 0.1815
v -0.424834 -0.224687 0.036246 1.0000 0.7451 0.1608
v -0.419416 -0.217669 0.044230 1.0000 0.8395 0.3882
v -0.419620 -0.215298 0.036907 1.0000 0.8784 0.3649
v -0.420575 -0.217675 0.041897 1.0000 0.8313 0.3882
v -0.421031 -0.220049 0.047890 1.0000 0.8404 0.3719
v -0.419286 -0.219178 0.048893 1.0000 0.8431 0.3882
v -0.417597 -0.217658 0.047892 1.0000 0.8874 0.3716
v -0.418387 -0.216152 0.041898 0.9961 0.9233 0.3866
v -0.424847 -0.218083 0.034273 1.0000 0.8329 0.3276
v -0.424465 -0.220311 0.041596 1.0000 0.8468 0.3944
v -0.423462 -0.217896 0.036605 1.0000 0.8313 0.3216
v -0.423054 -0.215560 0.030612 1.0000 0.8274 0.3529
v -0.425091 -0.216665 0.029609 1.0000 0.8313 0.3216
v -0.427023 -0.218379 0.030611 1.0000 0.8422 0.3805
v -0.425990 -0.219690 0.036604 1.0000 0.8431 0.3882
v -0.423564 -0.213798 0.016008 1.0000 0.8431 0.3883
v -0.426212 -0.215669 0.019063 1.0000 0.8274 0.3010
v -0.424409 -0.214387 0.019900 1.0000 0.8424 0.3854
v -0.422243 -0.212851 0.019064 1.0000 0.8578 0.3827
v -0.421878 -0.212606 0.014061 1.0000 0.8669 0.3722
v -0.422237 -0.212873 0.009895 1.0000 0.8504 0.3975
v -0.424405 -0.214401 0.014061 1.0000 0.8606 0.3746
v -0.432416 -0.220706 0.007697 1.0000 0.8117 0.2235
v -0.437607 -0.224841 0.004641 1.0000 0.7989 0.2021
v -0.435335 -0.222913 0.009643 1.0000 0.8219 0.2235
v -0.431808 -0.220037 0.013809 1.0000 0.8274 0.2353
v -0.429111 -0.218073 0.009643 1.0000 0.8193 0.2196
v -0.427834 -0.217241 0.004641 1.0000 0.8000 0.2039
v -0.432804 -0.221133 0.003804 1.0000 0.7875 0.1993
v -0.440333 -0.234584 0.015333 1.0000 0.8273 0.2235
v -0.442612 -0.233615 0.009469 1.0000 0.8226 0.2294
v -0.442575 -0.238261 0.013229 1.0000 0.8196 0.2235
v -0.441574 -0.241327 0.017894 1.0000 0.8274 0.2705
v -0.438882 -0.235202 0.019069 1.0000 0.8372 0.3194
v -0.436813 -0.228811 0.018637 1.0000 0.8326 0.3089
v -0.439543 -0.230290 0.013702 1.0000 0.8274 0.2386
v -0.448210 -0.244625 0.007024 1.0000 0.8157 0.2157
v -0.446554 -0.247675 0.012641 1.0000 0.8151 0.2235
v -0.446761 -0.243598 0.008812 1.0000 0.8150 0.2220
v -0.447591 -0.239963 0.004215 1.0000 0.8222 0.3026
v -0.449264 -0.242682 0.003446 1.0000 0.8229 0.3271
v -0.450484 -0.246237 0.004215 1.0000 0.8267 0.3109
v -0.448604 -0.247594 0.008812 1.0000 0.8157 0.2208
v -0.451357 -0.257160 0.007024 1.0000 0.8157 0.2157
v -0.453053 -0.261718 0.004215 1.0000 0.8117 0.3111
v -0.450645 -0.259069 0.008812 1.0000 0.8131 0.2208
v -0.448543 -0.255600 0.012641 1.0000 0.8149 0.2235
v -0.450276 -0.254257 0.008812 1.0000 0.8137 0.2206
v -0.452473 -0.254162 0.004215 1.0000 0.8268 0.3128
v -0.453148 -0.258153 0.003446 1.0000 0.8274 0.3339
v -0.447791 -0.264049 0.014660 1.0000 0.8117 0.2235
v -0.446289 -0.259955 0.017469 1.0000 0.8262 0.2677
v -0.448750 -0.262731 0.012871 1.0000 0.8117 0.2235
v -0.450799 -0.266073 0.009043 1.0000 0.8117 0.2224
v -0.448747 -0.266656 0.012871 1.0000 0.8117 0.2235
v -0.446284 -0.266118 0.017469 1.0000 0.8250 0.2960
v -0.445875 -0.262759 0.018238 1.0000 0.8293 0.3193
v -0.446682 -0.274369 0.014660 1.0000 0.8119 0.1970
v -0.450098 -0.272598 0.009043 1.0000 0.8032 0.2135
v -0.447382 -0.275469 0.012872 1.0000 0.8041 0.2157
v -0.444365 -0.277867 0.017469 1.0000 0.8178 0.3114
v -0.444506 -0.275497 0.018238 1.0000 0.8259 0.3398
v -0.445583 -0.272643 0.017469 1.0000 0.8241 0.3101
v -0.448158 -0.272142 0.012872 1.0000 0.8039 0.2157
v -0.449474 -0.279732 0.007024 1.0000 0.8000 0.2157
v -0.446130 -0.281258 0.012641 1.0000 0.8040 0.2139
v -0.448866 -0.278320 0.008812 1.0000 0.8040 0.2142
v -0.451863 -0.275989 0.004215 1.0000 0.8111 0.2830
v -0.451604 -0.278761 0.003446 1.0000 0.8117 0.3338
v -0.450430 -0.281951 0.004215 1.0000 0.8110 0.3110
v -0.447953 -0.282117 0.008812 1.0000 0.7995 0.2078
v -0.443205 -0.286506 0.014660 1.0000 0.7960 0.1925
v -0.446466 -0.286233 0.009043 1.0000 0.7929 0.2018
v -0.443867 -0.287121 0.012872 1.0000 0.7921 0.2039
v -0.440983 -0.287744 0.017469 1.0000 0.8092 0.2703
v -0.441129 -0.286679 0.018238 1.0000 0.8137 0.3059
v -0.442167 -0.285540 0.017469 1.0000 0.8149 0.2805
v -0.444621 -0.285717 0.012872 1.0000 0.7982 0.2130
v -0.444858 -0.291163 0.007024 1.0000 0.7960 0.1922
v -0.442028 -0.290689 0.012641 1.0000 0.7921 0.2039
v -0.444745 -0.289596 0.008813 1.0000 0.7936 0.1997
v -0.447511 -0.289177 0.004215 1.0000 0.8065 0.2930
v -0.446661 -0.291465 0.003446 1.0000 0.8093 0.3219
v -0.445035 -0.293623 0.004215 1.0000 0.8031 0.2915
v -0.443168 -0.292428 0.008813 1.0000 0.7908 0.1999
v -0.439425 -0.298429 0.007024 1.0000 0.7804 0.1922
v -0.438082 -0.301789 0.004215 1.0000 0.7953 0.3134
v -0.438039 -0.298565 0.008813 1.0000 0.7848 0.1922
v -0.438593 -0.295282 0.012641 1.0000 0.7921 0.2039
v -0.440280 -0.296290 0.008813 1.0000 0.7878 0.1996
v -0.441600 -0.298217 0.004215 1.0000 0.7986 0.2934
v -0.439955 -0.300434 0.003446 1.0000 0.8022 0.3339
v -0.433508 -0.299027 0.014661 1.0000 0.7897 0.1975
v -0.434852 -0.295660 0.017469 1.0000 0.8176 0.3102
v -0.434894 -0.298882 0.012872 1.0000 0.7854 0.1922
v -0.434341 -0.302166 0.009043 1.0000 0.7811 0.1922
v -0.432652 -0.301171 0.012872 1.0000 0.7839 0.1922
v -0.431331 -0.299254 0.017469 1.0000 0.8147 0.3342
v -0.432977 -0.297027 0.018238 1.0000 0.8244 0.3413
v -0.399314 -0.319209 0.014661 1.0000 0.7804 0.1867
v -0.412723 -0.314926 0.009044 1.0000 0.7749 0.1899
v -0.392692 -0.323792 0.012872 1.0000 0.7804 0.1922
v -0.375507 -0.330689 0.017470 1.0000 0.7988 0.2819
v -0.390775 -0.321937 0.018239 1.0000 0.8077 0.3306
v -0.409713 -0.312014 0.017469 1.0000 0.8036 0.2918
v -0.414477 -0.311898 0.012872 1.0000 0.7763 0.1922
v -0.362853 -0.343795 0.007025 1.0000 0.7764 0.1804
v -0.389672 -0.330469 0.004216 1.0000 0.7764 0.1804
v -0.369476 -0.342243 0.003448 1.0000 0.7928 0.2577
v -0.346433 -0.354684 0.004217 1.0000 0.7924 0.2154
v -0.345773 -0.352282 0.008814 1.0000 0.7722 0.1813
v -0.352455 -0.346232 0.012642 1.0000 0.7786 0.1922
v -0.373311 -0.336860 0.008814 1.0000 0.7779 0.1880
v -0.373168 -0.316590 0.014661 0.9686 0.6516 0.1105
v -0.390253 -0.307551 0.017470 0.9686 0.6965 0.1684
v -0.378608 -0.313712 0.018239 0.9686 0.6884 0.1582
v -0.364626 -0.321110 0.017470 0.9686 0.6770 0.1466
v -0.362287 -0.322347 0.012873 0.9686 0.6107 0.0796
v -0.364626 -0.321110 0.009044 0.9686 0.6043 0.0787
v -0.378608 -0.313712 0.012873 0.9686 0.6458 0.1045
v -0.396399 -0.304299 0.007025 0.9686 0.6432 0.1059
v -0.379312 -0.313339 0.004216 0.9686 0.6197 0.0930
v -0.390960 -0.307177 0.003447 0.9686 0.6378 0.1016
v -0.404945 -0.299778 0.004216 0.9686 0.6432 0.1098
v -0.407281 -0.298542 0.008813 0.9686 0.6472 0.1118
v -0.404939 -0.299780 0.012642 0.9686 0.6589 0.1176
v -0.390956 -0.307179 0.008813 0.9686 0.6410 0.1053
v -0.422749 -0.288687 0.014661 0.9669 0.6430 0.1089
v -0.421598 -0.289910 0.017469 0.9571 0.6732 0.1226
v -0.421287 -0.290243 0.012872 0.9686 0.6365 0.1059
v -0.421604 -0.289907 0.009044 0.9686 0.6354 0.0958
v -0.423482 -0.287907 0.012872 0.9686 0.6391 0.1052
v -0.425045 -0.286243 0.017469 0.9544 0.6667 0.1209
v -0.423478 -0.287909 0.018238 0.9490 0.6667 0.1176
v -0.425873 -0.285343 0.007024 0.9686 0.6196 0.0941
v -0.427021 -0.284106 0.004215 0.9686 0.6110 0.0884
v -0.427335 -0.283782 0.008813 0.9686 0.6185 0.0933
v -0.427020 -0.284129 0.012641 0.9686 0.6298 0.1042
v -0.425142 -0.286130 0.008813 0.9686 0.6212 0.0941
v -0.423579 -0.287793 0.004216 0.9686 0.6213 0.0941
v -0.425143 -0.286116 0.003447 0.9686 0.6108 0.0877
v -0.430148 -0.277799 0.014661 0.9669 0.6377 0.1102
v -0.429723 -0.279337 0.009043 0.9686 0.6149 0.0893
v -0.430418 -0.276805 0.012872 0.9686 0.6297 0.1041
v -0.430997 -0.274701 0.017469 0.9490 0.6553 0.1066
v -0.430418 -0.276820 0.018238 0.9521 0.6799 0.1499
v -0.429722 -0.279359 0.017469 0.9490 0.6590 0.1061
v -0.429607 -0.279773 0.012872 0.9686 0.6197 0.0941
v -0.431303 -0.273547 0.007024 0.9686 0.6079 0.0863
v -0.431727 -0.272013 0.012641 0.9686 0.6197 0.0941
v -0.431032 -0.274545 0.008813 0.9686 0.6106 0.0881
v -0.430453 -0.276649 0.004215 0.9686 0.6030 0.0790
v -0.431032 -0.274525 0.003447 0.9686 0.6069 0.0838
v -0.431727 -0.271980 0.004215 0.9686 0.6020 0.0775
v -0.431844 -0.271572 0.008813 0.9686 0.6082 0.0865
v -0.431938 -0.265350 0.014661 0.9669 0.6227 0.0961
v -0.432129 -0.266798 0.009043 0.9686 0.6053 0.0850
v -0.431817 -0.264408 0.012872 0.9686 0.6181 0.0925
v -0.431556 -0.262422 0.017469 0.9490 0.6550 0.1176
v -0.431817 -0.264428 0.018238 0.9490 0.6550 0.1176
v -0.432129 -0.266830 0.017469 0.9539 0.6575 0.1104
v -0.432181 -0.267215 0.012872 0.9686 0.6184 0.0933
v -0.431419 -0.261355 0.007024 0.9686 0.5924 0.0749
v -0.431228 -0.259897 0.012641 0.9686 0.6039 0.0863
v -0.431541 -0.262284 0.008813 0.9686 0.5948 0.0754
v -0.431801 -0.264272 0.004215 0.9686 0.5921 0.0745
v -0.431540 -0.262284 0.003447 0.9686 0.5887 0.0643
v -0.431228 -0.259897 0.004215 0.9686 0.5899 0.0679
v -0.431176 -0.259497 0.008813 0.9686 0.5952 0.0780
v -0.425082 -0.251401 0.014661 0.9686 0.6184 0.0926
v -0.427222 -0.253604 0.009043 0.9686 0.5912 0.0716
v -0.423720 -0.249999 0.012872 0.9686 0.6067 0.0847
v -0.420803 -0.246997 0.017469 0.9686 0.6566 0.1998
v -0.423720 -0.249999 0.018238 0.9686 0.6855 0.2010
v -0.427222 -0.253604 0.017469 0.9686 0.6354 0.0941
v -0.427808 -0.254207 0.012872 0.9686 0.5961 0.0863
v -0.419264 -0.245413 0.007024 0.9686 0.5712 0.0627
v -0.417125 -0.243211 0.012641 0.9686 0.5736 0.0627
v -0.420627 -0.246816 0.008813 0.9686 0.5832 0.0635
v -0.423544 -0.249818 0.004215 0.9686 0.5804 0.0745
v -0.420627 -0.246816 0.003447 0.9686 0.5784 0.0627
v -0.417125 -0.243211 0.004216 0.9686 0.5647 0.0627
v -0.416539 -0.242608 0.008813 0.9686 0.5664 0.0627
v 0.070965 0.429888 0.025360 0.8177 0.8125 0.8276
v 0.086956 0.428164 0.027795 0.7564 0.7674 0.7896
v 0.060781 0.429339 0.026246 0.7979 0.7991 0.8115
v 0.038983 0.430750 0.024315 0.8531 0.8413 0.8531
v 0.060781 0.430986 0.023809 0.8573 0.8480 0.8598
v 0.086956 0.430750 0.023969 0.8201 0.8397 0.8529
v 0.091333 0.429339 0.026025 0.8298 0.8481 0.8591
v 0.021910 0.427544 0.029141 0.7583 0.7511 0.7637
v 0.055942 0.426682 0.030186 0.6998 0.7154 0.7285
v 0.030788 0.426446 0.030692 0.7007 0.7079 0.7329
v 0.001817 0.426682 0.030532 0.7242 0.7322 0.7440
v 0.000235 0.428093 0.028476 0.7752 0.7790 0.7927
v 0.007970 0.429268 0.026706 0.8096 0.8075 0.8096
v 0.034706 0.428093 0.028256 0.7730 0.7579 0.7730
v 0.065389 0.421764 0.034192 0.5226 0.5305 0.5540
v 0.083430 0.419237 0.035472 0.4888 0.4959 0.5234
v 0.053898 0.420960 0.034710 0.5124 0.5203 0.5444
v 0.029305 0.423028 0.033725 0.5539 0.5539 0.5696
v 0.053898 0.423374 0.033377 0.5424 0.5596 0.5738
v 0.083430 0.423028 0.033379 0.5381 0.5447 0.5695
v 0.088369 0.420960 0.034490 0.5191 0.5233 0.5506
v 0.011502 0.418328 0.036343 0.4823 0.4902 0.5176
v 0.049363 0.417065 0.036832 0.4823 0.4902 0.5176
v 0.021861 0.416719 0.037144 0.4823 0.4902 0.5176
v -0.010093 0.417065 0.037112 0.4903 0.4975 0.5257
v -0.012610 0.419133 0.036031 0.5288 0.5334 0.5641
v -0.004763 0.420856 0.035085 0.5176 0.5223 0.5433
v 0.025256 0.419133 0.035853 0.4888 0.4955 0.5224
v 0.058770 0.411950 0.038366 0.4510 0.4589 0.4823
v 0.019790 0.413032 0.038391 0.4541 0.4624 0.4854
v 0.046985 0.413328 0.038219 0.4628 0.4628 0.4823
v 0.079246 0.413032 0.038111 0.4510 0.4589 0.4823
v 0.083596 0.411261 0.038350 0.4510 0.4589 0.4823
v 0.077274 0.409786 0.038596 0.4585 0.4654 0.4907
v 0.045730 0.411261 0.038528 0.4628 0.4628 0.4823
v 0.112657 0.409008 0.038558 0.7951 0.8006 0.8295
v 0.113314 0.407925 0.038724 0.8012 0.8173 0.8566
v 0.112238 0.407629 0.038765 0.7602 0.7648 0.7847
v 0.111342 0.407925 0.038717 0.7503 0.7487 0.7605
v 0.112238 0.409697 0.038452 0.7988 0.7969 0.8187
v 0.113314 0.411172 0.038232 0.8298 0.8404 0.8873
v 0.113494 0.409697 0.038456 0.8206 0.8362 0.8833
v 0.000921 0.409008 0.039005 0.4994 0.5072 0.5327
v 0.040702 0.407925 0.039000 0.5003 0.5052 0.5131
v 0.012197 0.407629 0.039138 0.5162 0.5128 0.5248
v -0.021155 0.407925 0.039220 0.5207 0.5214 0.5559
v -0.024414 0.409697 0.039008 0.5110 0.5110 0.5435
v -0.016783 0.411172 0.038794 0.4783 0.4842 0.5116
v 0.014981 0.409697 0.038868 0.4796 0.4935 0.5110
v 0.049047 0.381797 0.039191 0.5804 0.5796 0.6118
v 0.009271 0.390723 0.039337 0.5686 0.5806 0.6039
v 0.037777 0.393166 0.039237 0.5686 0.5804 0.6039
v 0.071127 0.390723 0.039117 0.5686 0.5765 0.6039
v 0.074379 0.376113 0.039097 0.5776 0.5725 0.6099
v 0.066743 0.363946 0.039117 0.5804 0.5767 0.6118
v 0.034985 0.376113 0.039237 0.5804 0.5795 0.6118
v -0.007015 0.357529 0.039390 0.5783 0.5804 0.6104
v 0.031300 0.348604 0.039243 0.5793 0.5763 0.6107
v 0.005186 0.346160 0.039343 0.5700 0.5734 0.6048
v -0.026172 0.348604 0.039463 0.5801 0.5879 0.6116
v -0.031416 0.363213 0.039483 0.5686 0.5804 0.6039
v -0.026172 0.375380 0.039463 0.5686 0.5804 0.6039
v 0.005186 0.363213 0.039343 0.5686 0.5804 0.6039
v -0.062279 0.381797 0.036432 0.5671 0.5797 0.5991
v -0.061111 0.390723 0.037593 0.5621 0.5738 0.5936
v -0.060791 0.376113 0.037911 0.4988 0.5082 0.5341
v -0.061111 0.363946 0.037593 0.5063 0.5120 0.5416
v -0.063023 0.376113 0.035692 0.5732 0.5915 0.6086
v -0.064616 0.390723 0.034110 0.7400 0.7472 0.7680
v -0.063023 0.393166 0.035692 0.6904 0.6982 0.7137
v -0.065469 0.357529 0.033390 0.6473 0.6546 0.6815
v -0.066647 0.348604 0.032313 0.6119 0.6197 0.6470
v -0.066960 0.363213 0.031938 0.6906 0.6945 0.7171
v -0.066632 0.375380 0.032186 0.7095 0.7252 0.7321
v -0.064719 0.363213 0.034075 0.6416 0.6477 0.6751
v -0.063127 0.348604 0.035670 0.5553 0.5578 0.5864
v -0.064728 0.346160 0.034156 0.5759 0.5915 0.6075
v -0.082182 0.376700 0.030232 0.6546 0.6571 0.6839
v -0.077213 0.360724 0.030317 0.6792 0.6908 0.7105
v -0.085356 0.369822 0.030259 0.5973 0.6039 0.6288
v -0.092135 0.381876 0.030190 0.6282 0.6321 0.6595
v -0.085347 0.386875 0.030178 0.7506 0.7583 0.7629
v -0.077199 0.387500 0.030190 0.8319 0.8393 0.8424
v -0.075844 0.373404 0.030260 0.7295 0.7256 0.7384
v -0.095726 0.352516 0.030290 0.5742 0.5821 0.6056
v -0.100697 0.366587 0.030226 0.5555 0.5633 0.5868
v -0.092555 0.356967 0.030290 0.5696 0.5846 0.6046
v -0.085776 0.345434 0.030353 0.5804 0.5882 0.6118
v -0.092559 0.343555 0.030330 0.5804 0.5882 0.6118
v -0.100704 0.345527 0.030290 0.5446 0.5519 0.5760
v -0.102063 0.357026 0.030249 0.5322 0.5400 0.5635
v -0.095700 0.401052 0.030060 0.8886 0.8886 0.8886
v -0.100673 0.402989 0.030017 0.9135 0.9135 0.9167
v -0.092527 0.403460 0.030046 0.9196 0.9213 0.9247
v -0.085745 0.402896 0.030081 0.9131 0.9154 0.9173
v -0.092532 0.399819 0.030087 0.8849 0.8884 0.8849
v -0.100681 0.397272 0.030081 0.8403 0.8327 0.8403
v -0.102040 0.399878 0.030046 0.8720 0.8720 0.8720
v -0.114392 0.395887 0.030059 0.8189 0.8219 0.8387
v -0.118187 0.393931 0.030080 0.8125 0.8144 0.8274
v -0.115598 0.397085 0.030046 0.8596 0.8635 0.8683
v -0.112491 0.399723 0.030017 0.8629 0.8552 0.8707
v -0.111975 0.397133 0.030046 0.8486 0.8422 0.8603
v -0.112499 0.394007 0.030080 0.7148 0.7234 0.7471
v -0.115603 0.393444 0.030086 0.6593 0.6643 0.6867
v -0.119950 0.401022 0.030059 0.9058 0.9058 0.9058
v -0.116005 0.402970 0.030017 0.9158 0.9149 0.9176
v -0.118553 0.399814 0.030046 0.9056 0.9056 0.9056
v -0.121701 0.397178 0.030080 0.9051 0.9044 0.9052
v -0.122463 0.399782 0.030086 0.9107 0.9078 0.9107
v -0.122145 0.402919 0.030080 0.9169 0.9158 0.9190
v -0.118835 0.403470 0.030046 0.9245 0.9228 0.9279
v 0.063659 0.435129 0.033388 0.8700 0.8844 0.9290
v 0.034456 0.436154 0.031746 0.8670 0.8852 0.9321
v 0.054359 0.434477 0.034433 0.8722 0.8902 0.9356
v 0.078260 0.433080 0.036671 0.8509 0.8708 0.9137
v 0.082257 0.434477 0.034433 0.8651 0.8820 0.9290
v 0.078260 0.436154 0.031747 0.8674 0.8854 0.9324
v 0.054359 0.436435 0.031297 0.8668 0.8825 0.9282
v 0.017455 0.432343 0.037850 0.8311 0.8456 0.8971
v 0.049049 0.431318 0.039492 0.8322 0.8454 0.8989
v 0.029800 0.432996 0.036805 0.8550 0.8746 0.9185
v 0.005245 0.434393 0.034567 0.8685 0.8868 0.9335
v -0.002667 0.432996 0.036804 0.8530 0.8680 0.9105
v -0.001930 0.431318 0.039491 0.8217 0.8414 0.8862
v 0.025231 0.431038 0.039941 0.8166 0.8362 0.8811
v 0.057156 0.424669 0.045005 0.7668 0.7864 0.8392
v 0.023170 0.426466 0.044014 0.7668 0.7866 0.8402
v 0.046333 0.423524 0.045635 0.7548 0.7777 0.8392
v 0.074149 0.421073 0.046985 0.7490 0.7725 0.8392
v 0.078801 0.423524 0.045636 0.7529 0.7764 0.8392
v 0.074149 0.426466 0.044015 0.7777 0.8013 0.8511
v 0.046333 0.426959 0.043744 0.7791 0.7929 0.8478
v 0.005422 0.419781 0.047695 0.7483 0.7714 0.8392
v 0.041442 0.417983 0.048686 0.7557 0.7783 0.8392
v 0.018835 0.420926 0.047065 0.7470 0.7705 0.8392
v -0.009537 0.423376 0.045715 0.7628 0.7830 0.8392
v -0.017518 0.420926 0.047064 0.7642 0.7840 0.8392
v -0.015638 0.417983 0.048684 0.7678 0.7877 0.8393
v 0.014950 0.417491 0.048956 0.7662 0.7860 0.8418
v 0.051626 0.411950 0.050773 0.8009 0.8094 0.8659
v 0.013573 0.413032 0.050630 0.7961 0.8131 0.8666
v 0.039508 0.411261 0.050863 0.8044 0.8217 0.8683
v 0.070653 0.409786 0.051056 0.8026 0.8115 0.8672
v 0.075862 0.411261 0.050863 0.7960 0.8117 0.8627
v 0.070653 0.413032 0.050631 0.7960 0.8117 0.8627
v 0.039508 0.413328 0.050592 0.8027 0.8207 0.8670
v -0.005637 0.409008 0.051157 0.7873 0.8020 0.8540
v 0.034451 0.407925 0.051299 0.7959 0.8116 0.8627
v 0.009072 0.409697 0.051067 0.7977 0.8084 0.8638
v -0.022630 0.411172 0.050873 0.8052 0.8248 0.8688
v -0.031167 0.409697 0.051066 0.7969 0.8158 0.8633
v -0.028731 0.407925 0.051298 0.7920 0.8115 0.8609
v 0.005186 0.407629 0.051338 0.7843 0.8000 0.8627
v 0.045876 0.399003 0.050168 0.7238 0.7441 0.8100
v 0.003836 0.401601 0.050673 0.7520 0.7752 0.8214
v 0.032411 0.397349 0.049846 0.7267 0.7474 0.8078
v 0.066774 0.393809 0.049158 0.7098 0.7335 0.8077
v 0.072650 0.397349 0.049847 0.7209 0.7406 0.8078
v 0.067018 0.401601 0.050674 0.7432 0.7628 0.8235
v 0.032566 0.402312 0.050812 0.7418 0.7618 0.8231
v -0.011399 0.391997 0.049937 0.7279 0.7475 0.8078
v 0.030564 0.389379 0.049011 0.7101 0.7297 0.8070
v 0.001968 0.393625 0.049723 0.7201 0.7397 0.8078
v -0.032374 0.397171 0.050527 0.7310 0.7506 0.8078
v -0.038124 0.393664 0.050527 0.7243 0.7439 0.8078
v -0.032387 0.389440 0.050273 0.7216 0.7419 0.7960
v 0.001959 0.388702 0.049561 0.7281 0.7385 0.8005
v -0.081787 0.399059 0.051311 0.8180 0.8376 0.8828
v -0.091599 0.401636 0.051395 0.8509 0.8706 0.9137
v -0.084916 0.397418 0.051256 0.8007 0.8203 0.8658
v -0.076887 0.393905 0.051141 0.7643 0.7795 0.8273
v -0.075538 0.397418 0.051257 0.7874 0.8015 0.8501
v -0.076874 0.401636 0.051395 0.8517 0.8678 0.9146
v -0.084908 0.402341 0.051418 0.8509 0.8706 0.9137
v 0.043718 0.363157 0.049552 0.7412 0.7530 0.8197
v 0.002458 0.371207 0.050029 0.7412 0.7600 0.8202
v 0.029903 0.358069 0.050051 0.7412 0.7568 0.8196
v 0.063285 0.347117 0.049858 0.7412 0.7567 0.8194
v 0.069995 0.358030 0.049248 0.7333 0.7529 0.8078
v 0.065409 0.371146 0.048768 0.7339 0.7574 0.8187
v 0.031255 0.373372 0.049356 0.7412 0.7547 0.8230
v -0.095381 0.392052 0.051080 0.8203 0.8399 0.8835
v -0.100467 0.389475 0.050995 0.8389 0.8585 0.9056
v -0.092316 0.388770 0.050972 0.8245 0.8441 0.8897
v -0.085482 0.389475 0.050995 0.8098 0.8294 0.8725
v -0.092142 0.393693 0.051134 0.7983 0.8179 0.8642
v -0.100194 0.397206 0.051249 0.8484 0.8680 0.9120
v -0.101685 0.393693 0.051134 0.8429 0.8625 0.9083
v -0.015459 0.338359 0.050492 0.7412 0.7529 0.8196
v -0.037296 0.328108 0.050399 0.7412 0.7574 0.8200
v -0.003043 0.327424 0.050408 0.7412 0.7615 0.8210
v 0.025873 0.331440 0.050452 0.7412 0.7594 0.8261
v -0.001552 0.344888 0.050551 0.7412 0.7645 0.8247
v -0.034954 0.355530 0.050623 0.7412 0.7529 0.8196
v -0.041783 0.342766 0.050517 0.7412 0.7678 0.8269
v 0.037432 0.290443 0.048143 0.7566 0.7704 0.8292
v -0.003858 0.297815 0.048914 0.7400 0.7630 0.8392
v 0.023497 0.283626 0.047618 0.7516 0.7682 0.8295
v 0.056842 0.272368 0.046547 0.7087 0.7215 0.7858
v 0.063728 0.285748 0.047652 0.7098 0.7183 0.7804
v 0.059311 0.301147 0.048968 0.7529 0.7686 0.8274
v 0.025070 0.301955 0.049159 0.7412 0.7535 0.8202
v -0.087488 0.379774 0.050850 1.0000 0.8067 0.2779
v -0.095477 0.381713 0.050850 1.0000 0.9456 0.5657
v -0.091943 0.378540 0.050850 1.0000 0.8027 0.2233
v -0.086494 0.375897 0.050850 1.0000 0.7960 0.1973
v -0.082399 0.378540 0.050850 1.0000 0.7983 0.2171
v -0.080492 0.381713 0.050850 1.0000 0.9479 0.5713
v -0.088120 0.382244 0.050850 1.0000 0.9529 0.5804
v -0.076029 0.354921 0.050647 1.0000 0.8001 0.1929
v -0.079250 0.360184 0.050721 1.0000 0.7960 0.2157
v -0.077800 0.347865 0.050599 1.0000 0.7961 0.2188
v -0.075589 0.338579 0.050497 1.0000 0.8343 0.2873
v -0.073977 0.351570 0.050599 1.0000 0.8226 0.3300
v -0.073247 0.366001 0.050721 1.0000 0.8107 0.2854
v -0.076309 0.365330 0.050742 1.0000 0.7992 0.2016
v -0.101393 0.374629 0.050849 1.0000 0.8000 0.2039
v -0.104268 0.378460 0.050849 1.0000 0.8128 0.2940
v -0.105282 0.375893 0.050849 1.0000 0.8068 0.2583
v -0.104624 0.372783 0.050849 1.0000 0.8148 0.2612
v -0.099561 0.372189 0.050849 1.0000 0.8001 0.2047
v -0.095285 0.372644 0.050850 1.0000 0.7960 0.2039
v -0.099334 0.375805 0.050849 1.0000 0.8000 0.2039
v -0.100672 0.368187 0.049840 0.9955 0.8075 0.3198
v -0.103018 0.367279 0.049097 0.9799 0.7460 0.2107
v -0.098445 0.367853 0.049603 0.9823 0.7546 0.2279
v -0.094830 0.368571 0.050211 0.9989 0.8225 0.3139
v -0.099179 0.368765 0.050313 0.9970 0.8128 0.3252
v -0.104169 0.368710 0.050211 1.0000 0.8274 0.3882
v -0.104393 0.367942 0.049603 0.9960 0.8108 0.3496
v -0.100522 0.355952 0.048830 1.0000 0.7921 0.2039
v -0.102923 0.359544 0.048458 0.9994 0.8064 0.2155
v -0.104208 0.352842 0.048357 1.0000 0.8081 0.2177
v -0.103909 0.347476 0.048458 1.0000 0.8117 0.2235
v -0.098993 0.353664 0.049066 1.0000 0.7972 0.2115
v -0.094735 0.360836 0.049573 1.0000 0.7827 0.1993
v -0.098366 0.361350 0.049066 1.0000 0.7804 0.1922
v -0.094684 0.341597 0.049839 1.0000 0.8000 0.2157
v -0.100218 0.338401 0.049096 1.0000 0.8047 0.2175
v -0.097002 0.335124 0.049602 1.0000 0.8000 0.2157
v -0.092790 0.334630 0.050210 1.0000 0.8026 0.2157
v -0.091160 0.343633 0.050312 1.0000 0.8026 0.2182
v -0.091044 0.351760 0.050211 1.0000 0.8000 0.2157
v -0.095890 0.346034 0.049603 1.0000 0.8000 0.2235
v -0.083052 0.334124 0.050646 1.0000 0.8039 0.2103
v -0.080029 0.325431 0.050496 1.0000 0.7960 0.2091
v -0.081533 0.336811 0.050598 1.0000 0.8039 0.2078
v -0.083690 0.347036 0.050721 1.0000 0.8037 0.2158
v -0.084977 0.339661 0.050741 1.0000 0.8039 0.2157
v -0.085436 0.329905 0.050720 1.0000 0.8078 0.2157
v -0.082645 0.325901 0.050598 1.0000 0.7960 0.2157
v -0.105960 0.306303 0.048829 1.0000 0.8104 0.2235
v -0.107346 0.316087 0.048458 1.0000 0.8117 0.2256
v -0.109807 0.302473 0.048356 1.0000 0.8151 0.2538
v -0.110614 0.290505 0.048458 1.0000 0.8156 0.2379
v -0.105077 0.300071 0.049065 1.0000 0.8078 0.2157
v -0.099919 0.312316 0.049571 1.0000 0.7964 0.2157
v -0.102996 0.316364 0.049066 1.0000 0.8037 0.2231
v -0.104426 0.271555 0.049831 1.0000 0.8036 0.2157
v -0.104685 0.255780 0.050198 1.0000 0.8000 0.2157
v -0.101103 0.273478 0.050303 1.0000 0.8000 0.2157
v -0.098949 0.290349 0.050205 1.0000 0.8000 0.2164
v -0.104262 0.281602 0.049598 1.0000 0.8073 0.2157
v -0.109645 0.268537 0.049092 1.0000 0.8099 0.2157
v -0.107914 0.259586 0.049593 1.0000 0.8000 0.2157
v -0.089832 0.287268 0.050638 1.0000 0.8000 0.2157
v -0.089723 0.300282 0.050715 1.0000 0.8050 0.2157
v -0.093345 0.281830 0.050731 1.0000 0.8000 0.2157
v -0.095458 0.265714 0.050708 1.0000 0.8000 0.2157
v -0.089902 0.278980 0.050589 1.0000 0.7993 0.2139
v -0.084316 0.295808 0.050492 1.0000 0.7937 0.2062
v -0.086249 0.300995 0.050594 1.0000 0.7960 0.2157
v -0.119242 0.227208 0.048822 0.9596 0.7801 0.2226
v -0.124663 0.213380 0.048453 0.9787 0.7914 0.2323
v -0.119389 0.218742 0.049057 0.9679 0.7761 0.2231
v -0.114051 0.227743 0.049560 0.9685 0.7688 0.2235
v -0.115789 0.236014 0.049057 0.9568 0.7783 0.2235
v -0.119012 0.240500 0.048453 1.0000 0.8171 0.2471
v -0.122548 0.226867 0.048353 0.9969 0.8240 0.3039
v -0.117636 0.204911 0.049825 1.0000 0.7960 0.2235
v -0.113036 0.213647 0.050194 0.9686 0.7647 0.2235
v -0.118535 0.206891 0.049590 0.9997 0.7958 0.2235
v -0.123648 0.199284 0.049088 0.9999 0.7960 0.2065
v -0.120566 0.199347 0.049591 1.0000 0.7960 0.2018
v -0.116225 0.201802 0.050194 1.0000 0.7960 0.2147
v -0.113807 0.208495 0.050295 0.9607 0.7620 0.2235
v -0.127696 0.189989 0.050659 0.9797 0.7657 0.1941
v -0.130008 0.189850 0.049614 0.9661 0.7331 0.1724
v -0.130952 0.188473 0.050619 0.9987 0.8239 0.2368
v -0.130496 0.187748 0.051640 1.0000 0.8396 0.3788
v -0.126224 0.190077 0.051324 0.9910 0.8185 0.3512
v -0.122585 0.192368 0.050721 0.9733 0.7224 0.1733
v -0.125913 0.191415 0.050034 0.9663 0.7005 0.1405
v -0.091440 0.253015 0.051834 1.0000 0.7832 0.2007
v -0.085332 0.274153 0.051248 1.0000 0.7921 0.2039
v -0.090757 0.260773 0.051225 1.0000 0.7921 0.2039
v -0.096475 0.244059 0.051464 1.0000 0.7908 0.2026
v -0.095330 0.239553 0.052208 1.0000 0.7779 0.1907
v -0.092513 0.240834 0.052791 1.0000 0.7662 0.1908
v -0.088234 0.258719 0.052070 1.0000 0.7804 0.1922
v -0.104428 0.215005 0.052031 0.9686 0.7509 0.2136
v -0.107874 0.208184 0.051589 0.9609 0.7588 0.2162
v -0.104264 0.211806 0.052313 0.9686 0.7461 0.2089
v -0.100725 0.216803 0.052915 0.9686 0.7377 0.2005
v -0.102234 0.219350 0.052312 0.9686 0.7422 0.2050
v -0.104686 0.220029 0.051588 0.9686 0.7539 0.2164
v -0.106787 0.213860 0.051467 0.9686 0.7578 0.2175
v -0.118327 0.182589 0.053624 1.0000 0.7954 0.2098
v -0.113748 0.177007 0.054761 1.0000 0.7929 0.2113
v -0.114350 0.182283 0.053694 1.0000 0.7894 0.2020
v -0.116661 0.187690 0.052596 1.0000 0.7943 0.2039
v -0.121244 0.186144 0.052900 1.0000 0.7960 0.2117
v -0.124573 0.183070 0.053515 1.0000 0.7995 0.2130
v -0.119389 0.179340 0.054279 1.0000 0.7922 0.2046
v -0.104677 0.194588 0.053994 1.0000 0.7764 0.1922
v -0.100882 0.203895 0.054156 0.9687 0.7957 0.2232
v -0.104397 0.200954 0.053356 1.0000 0.7775 0.1893
v -0.108032 0.195276 0.052830 1.0000 0.7819 0.1969
v -0.107095 0.188661 0.053890 1.0000 0.7804 0.1922
v -0.105118 0.184593 0.054995 0.8895 0.7639 0.2580
v -0.102541 0.194150 0.054735 0.8660 0.7583 0.3565
v -0.128081 0.170278 0.054795 1.0000 0.7921 0.2039
v -0.133589 0.166323 0.054628 1.0000 0.7843 0.2039
v -0.126388 0.167088 0.055139 1.0000 0.8228 0.2157
v -0.119914 0.169224 0.055502 1.0000 0.8277 0.2508
v -0.124573 0.172797 0.054901 1.0000 0.7921 0.2039
v -0.130739 0.175287 0.054255 1.0000 0.8039 0.2078
v -0.133282 0.170949 0.054345 1.0000 0.7960 0.2098
v -0.086414 0.249849 0.055154 0.1923 0.1707 0.0777
v -0.087752 0.238564 0.057225 0.8706 0.8745 0.9058
v -0.084554 0.256865 0.055322 0.3580 0.3583 0.3713
v -0.082155 0.272151 0.053347 0.3007 0.2762 0.1741
v -0.085562 0.257036 0.053835 0.8291 0.7708 0.2332
v -0.089336 0.238832 0.054890 0.1401 0.1408 0.1459
v -0.089127 0.235645 0.056305 0.8551 0.8589 0.8897
v -0.096762 0.202157 0.057313 0.8186 0.8362 0.8777
v -0.100114 0.189378 0.057093 0.8706 0.8902 0.9372
v -0.097325 0.198003 0.057987 0.8469 0.8586 0.8989
v -0.094294 0.208413 0.058590 0.7764 0.7960 0.8392
v -0.094627 0.210296 0.057453 0.7764 0.7960 0.8392
v -0.095878 0.208681 0.056255 0.7241 0.7469 0.7851
v -0.098334 0.198173 0.056499 0.9579 0.8668 0.4571
v -0.024892 0.256983 0.051610 0.7386 0.7598 0.8219
v 0.017440 0.251214 0.048739 0.7096 0.7293 0.7901
v -0.009630 0.265841 0.049461 0.7449 0.7638 0.8242
v -0.043260 0.276661 0.051106 0.7412 0.7594 0.8213
v -0.051853 0.260657 0.053438 0.7497 0.7699 0.8290
v -0.048857 0.243074 0.054985 0.7489 0.7686 0.8274
v -0.013194 0.244451 0.051931 0.7098 0.7176 0.7843
v 0.027223 0.216147 0.052010 0.7412 0.7664 0.8259
v 0.050388 0.225397 0.048992 0.7412 0.7630 0.8239
v 0.014506 0.222745 0.052144 0.7517 0.7678 0.8274
v -0.015909 0.217257 0.055238 0.7412 0.7568 0.8274
v 0.012470 0.210257 0.053933 0.7528 0.7685 0.8274
v 0.047190 0.205788 0.051801 0.7367 0.7588 0.8209
v 0.054693 0.215440 0.049955 0.7412 0.7619 0.8230
v 0.019014 0.173550 0.058210 0.7469 0.7686 0.8274
v -0.021099 0.190327 0.059157 0.7362 0.7567 0.8392
v 0.004375 0.170170 0.059796 0.7529 0.7686 0.8312
v 0.036141 0.151466 0.059752 0.7485 0.7671 0.8274
v 0.044561 0.162866 0.057607 0.7532 0.7682 0.8281
v 0.042000 0.178857 0.055720 0.7412 0.7630 0.8237
v 0.008107 0.187615 0.057228 0.7524 0.7684 0.8207
v -0.043449 0.166694 0.059969 0.7647 0.7764 0.8274
v -0.003349 0.147132 0.060864 0.7657 0.7853 0.8284
v -0.028826 0.166526 0.060730 0.7647 0.7804 0.8274
v -0.060589 0.185992 0.060269 0.7333 0.7490 0.8196
v -0.068987 0.179153 0.059398 0.7534 0.7803 0.8392
v -0.066409 0.166958 0.058772 0.7647 0.7765 0.8274
v -0.032533 0.154404 0.059777 0.7691 0.7779 0.8318
v 0.003853 0.115954 0.059268 0.7917 0.7958 0.8389
v -0.036504 0.134879 0.058329 0.7647 0.7836 0.8274
v -0.010606 0.116527 0.058533 0.7962 0.8079 0.8392
v 0.021507 0.097929 0.059053 0.7843 0.7960 0.8392
v 0.029556 0.103900 0.059866 0.7781 0.8000 0.8392
v 0.026556 0.115053 0.060421 0.7405 0.7568 0.8196
v -0.007390 0.127433 0.059405 0.7764 0.7811 0.8392
v -0.065693 0.131293 0.056581 0.8078 0.8117 0.8392
v -0.022461 0.107627 0.057354 0.7960 0.8039 0.8392
v -0.047572 0.124681 0.057105 0.7986 0.8117 0.8417
v -0.080472 0.144577 0.056630 0.7764 0.7882 0.8392
v -0.093227 0.146366 0.056088 0.7764 0.7885 0.8392
v -0.094147 0.141676 0.055757 0.7792 0.7974 0.8392
v -0.056281 0.122833 0.056549 0.7960 0.8039 0.8392
v -0.020805 0.076874 0.056251 0.7805 0.7960 0.8392
v -0.065768 0.107272 0.055549 0.8078 0.8000 0.8392
v -0.037824 0.079200 0.055681 0.7783 0.7960 0.8392
v -0.002565 0.050129 0.056058 0.7647 0.7804 0.8274
v 0.007831 0.057515 0.056698 0.7764 0.7843 0.8276
v 0.005918 0.073222 0.057146 0.7764 0.7884 0.8387
v -0.032422 0.093908 0.056374 0.7765 0.7960 0.8392
v -0.095020 0.084345 0.054533 0.7921 0.7960 0.8392
v -0.049485 0.054852 0.054972 0.7764 0.7960 0.8392
v -0.077272 0.083171 0.054768 0.7843 0.7960 0.8392
v -0.112688 0.111995 0.054463 0.8078 0.8117 0.8392
v -0.124021 0.103128 0.054254 0.7960 0.8117 0.8392
v -0.122888 0.086188 0.054164 0.7959 0.8041 0.8392
v -0.083768 0.066736 0.054578 0.7764 0.7921 0.8392
v -0.046646 0.011878 0.054170 0.7506 0.7688 0.8090
v -0.092305 0.040373 0.053935 0.7764 0.7921 0.8380
v -0.064316 0.013687 0.053805 0.7764 0.7882 0.8274
v -0.028731 -0.013777 0.053832 0.7412 0.7640 0.8078
v -0.017567 -0.006270 0.054319 0.7492 0.7647 0.8078
v -0.018902 0.009038 0.054742 0.7658 0.7659 0.8078
v -0.058056 0.028217 0.054385 0.7764 0.7960 0.8392
v -0.118956 0.026760 0.053352 0.7764 0.7843 0.8274
v -0.074447 -0.004368 0.053315 0.8119 0.8224 0.8534
v -0.102751 0.021597 0.053370 0.7764 0.7843 0.8274
v -0.138021 0.049782 0.053418 0.7843 0.7960 0.8392
v -0.147304 0.046585 0.053376 0.7843 0.7993 0.8392
v -0.144402 0.034867 0.053324 0.7764 0.7939 0.8392
v -0.106815 0.012098 0.053311 0.7647 0.7804 0.8274
v -0.072540 -0.043644 0.052637 0.7393 0.7421 0.7960
v -0.115057 -0.009644 0.052871 0.7647 0.7804 0.8392
v -0.090015 -0.040310 0.052493 0.7412 0.7561 0.8078
v -0.057462 -0.072410 0.052176 0.7216 0.7333 0.8078
v -0.045462 -0.065298 0.052487 0.7411 0.7334 0.7844
v -0.045102 -0.048879 0.052863 0.7412 0.7451 0.7960
v -0.082143 -0.025324 0.052930 0.7443 0.7668 0.8094
v -0.142938 -0.022096 0.052644 0.7647 0.7804 0.8392
v -0.101969 -0.058787 0.052181 0.7333 0.7474 0.7960
v -0.127434 -0.028857 0.052497 0.7529 0.7686 0.8196
v -0.159564 0.003979 0.052876 0.7764 0.7907 0.8338
v -0.169031 0.001272 0.052940 0.7764 0.7843 0.8310
v -0.167282 -0.011480 0.052876 0.7764 0.7843 0.8392
v -0.132350 -0.038703 0.052497 0.7412 0.7724 0.8078
v -0.158329 -0.049808 0.052644 0.7426 0.7663 0.8181
v -0.111699 -0.076307 0.052180 0.7334 0.7404 0.7962
v -0.140530 -0.053432 0.052496 0.7417 0.7684 0.8083
v -0.177012 -0.029000 0.052876 0.7647 0.7764 0.8392
v -0.188026 -0.032931 0.052939 0.7561 0.7804 0.8217
v -0.186275 -0.044117 0.052876 0.7412 0.7699 0.8209
v -0.146430 -0.063060 0.052496 0.7412 0.7619 0.8161
v -0.111293 -0.113210 0.051570 0.7098 0.7161 0.7764
v -0.081962 -0.116390 0.051501 0.7098 0.7173 0.7764
v -0.121429 -0.096760 0.051926 0.7216 0.7294 0.7843
v -0.156538 -0.084201 0.052197 0.7412 0.7451 0.8078
v -0.129973 -0.111184 0.051614 0.7098 0.7263 0.7777
v -0.095378 -0.139039 0.051012 0.7044 0.7137 0.7764
v -0.082477 -0.131685 0.051171 0.6980 0.7137 0.7764
v -0.189537 -0.099232 0.052200 0.7412 0.7481 0.8078
v -0.144845 -0.130202 0.051411 0.7218 0.7348 0.7895
v -0.171562 -0.103755 0.051949 0.7333 0.7490 0.8078
v -0.206006 -0.075364 0.052595 0.7420 0.7647 0.8078
v -0.218001 -0.079508 0.052703 0.7412 0.7647 0.8078
v -0.217761 -0.092131 0.052595 0.7412 0.7568 0.8078
v -0.179049 -0.114433 0.051949 0.7333 0.7451 0.8078
v -0.147682 -0.167122 0.051051 0.6902 0.6980 0.7764
v -0.118384 -0.173123 0.050684 0.6785 0.6980 0.7764
v -0.156802 -0.150519 0.051338 0.6987 0.7063 0.7647
v -0.191300 -0.135052 0.051869 0.7333 0.7412 0.8078
v -0.166342 -0.163300 0.051285 0.6785 0.6980 0.7647
v -0.133363 -0.193192 0.050601 0.6785 0.6824 0.7412
v -0.119903 -0.187547 0.050531 0.6785 0.6980 0.7764
v -0.174351 -0.199821 0.051063 0.6662 0.6824 0.7412
v -0.208160 -0.155724 0.051876 0.6785 0.7020 0.7647
v -0.189717 -0.190877 0.051352 0.6667 0.6829 0.7427
v -0.164670 -0.229873 0.050704 0.6471 0.6683 0.7412
v -0.152819 -0.227905 0.050545 0.6550 0.6785 0.7529
v -0.150224 -0.213864 0.050608 0.6893 0.7017 0.7642
v -0.180517 -0.180681 0.051291 0.6785 0.6857 0.7486
v -0.238937 -0.161523 0.052403 0.6785 0.6980 0.7529
v -0.205502 -0.205661 0.051551 0.6550 0.6745 0.7412
v -0.224047 -0.170520 0.052064 0.6785 0.6980 0.7529
v -0.248992 -0.131512 0.052723 0.7412 0.7451 0.8078
v -0.260231 -0.133413 0.052945 0.7363 0.7469 0.8078
v -0.262317 -0.147396 0.052934 0.7328 0.7499 0.8078
v -0.232533 -0.180637 0.052199 0.6782 0.6855 0.7529
v -0.211595 -0.241989 0.051340 0.6306 0.6498 0.7285
v -0.245031 -0.198268 0.052263 0.6550 0.6821 0.7412
v -0.226484 -0.232726 0.051634 0.6364 0.6560 0.7341
v -0.201537 -0.271166 0.050879 0.6550 0.6902 0.7764
v -0.190300 -0.269834 0.050753 0.6550 0.6902 0.7764
v -0.188215 -0.256533 0.050879 0.6236 0.6393 0.7216
v -0.218000 -0.223407 0.051634 0.6471 0.6655 0.7412
v -0.273427 -0.200360 0.053104 0.6471 0.6667 0.7412
v -0.240628 -0.244847 0.051994 0.6785 0.6902 0.7764
v -0.259350 -0.210599 0.052572 0.6481 0.6682 0.7426
v -0.284122 -0.171950 0.053378 0.6785 0.6980 0.7764
v -0.294315 -0.172027 0.053811 0.6785 0.6980 0.7584
v -0.295530 -0.184283 0.053940 0.6481 0.6682 0.7426
v -0.266615 -0.218454 0.052930 0.6785 0.6980 0.7764
v -0.246964 -0.279744 0.051850 0.6357 0.6570 0.7412
v -0.278799 -0.234471 0.053147 0.6785 0.6980 0.7764
v -0.261654 -0.270006 0.052263 0.6471 0.6628 0.7412
v -0.238194 -0.309727 0.051201 0.6118 0.6354 0.7384
v -0.226689 -0.308578 0.051023 0.6118 0.6393 0.7412
v -0.223898 -0.295035 0.051201 0.6236 0.6510 0.7412
v -0.252549 -0.260649 0.052263 0.6785 0.6980 0.7764
v -0.309203 -0.237644 0.054629 0.6785 0.6980 0.7764
v -0.277543 -0.283111 0.052958 0.6334 0.6536 0.7412
v -0.294736 -0.247628 0.053740 0.6785 0.6980 0.7764
v -0.318148 -0.207854 0.054905 0.6910 0.7140 0.7812
v -0.329367 -0.208687 0.055693 0.6980 0.7145 0.7781
v -0.331918 -0.221967 0.056025 0.6929 0.7178 0.7867
v -0.303506 -0.256616 0.054454 0.6471 0.6667 0.7412
v -0.310065 -0.294164 0.053338 0.6017 0.6289 0.7098
v -0.278087 -0.318843 0.052142 0.5804 0.6085 0.7098
v -0.303964 -0.286658 0.053767 0.6239 0.6473 0.7412
v -0.332463 -0.257700 0.055208 0.6351 0.6548 0.7330
v -0.330430 -0.278446 0.054100 0.6118 0.6375 0.7163
v -0.319643 -0.305949 0.052663 0.6039 0.6315 0.7098
v -0.295800 -0.317387 0.052146 0.5921 0.6236 0.7216
v -0.278185 -0.366273 0.051032 0.5176 0.5530 0.6785
v -0.257933 -0.364432 0.050684 0.5176 0.5569 0.6785
v -0.278855 -0.355716 0.050921 0.5255 0.5629 0.6902
v -0.299489 -0.351538 0.051205 0.5490 0.5745 0.6843
v -0.291084 -0.367446 0.051253 0.4890 0.5321 0.6515
v -0.277134 -0.382850 0.051206 0.4666 0.5041 0.6202
v -0.264618 -0.375658 0.050921 0.5037 0.5437 0.6785
v -0.373848 -0.246289 0.054705 0.6550 0.6706 0.7412
v -0.359968 -0.275682 0.053528 0.6471 0.6667 0.7412
v -0.364333 -0.252999 0.054826 0.6471 0.6667 0.7412
v -0.372788 -0.227432 0.056073 0.6541 0.6702 0.7412
v -0.382688 -0.227569 0.055455 0.6377 0.6635 0.7412
v -0.388788 -0.235753 0.054514 0.6170 0.6406 0.7150
v -0.374523 -0.258298 0.053834 0.6548 0.6775 0.7412
v 0.119998 0.406065 0.008818 0.8635 0.8631 0.8706
v 0.116297 0.406065 0.005353 0.8285 0.8325 0.8498
v 0.118819 0.406065 0.011024 0.8401 0.8359 0.8561
v 0.121848 0.406065 0.015747 0.8823 0.8862 0.8941
v 0.122355 0.406065 0.011024 0.8839 0.8873 0.8968
v 0.121848 0.406065 0.005353 0.8823 0.8902 0.9058
v 0.118819 0.406065 0.004405 0.8368 0.8407 0.8556
v 0.114682 0.406065 0.022016 0.8859 0.8892 0.8859
v 0.118487 0.406065 0.024091 0.9084 0.9173 0.9223
v 0.115994 0.406065 0.018039 0.8358 0.8398 0.8372
v 0.112936 0.406065 0.013697 0.8881 0.8783 0.8881
v 0.112259 0.406065 0.020694 0.8998 0.9008 0.8998
v 0.112623 0.406065 0.028259 0.9026 0.9043 0.9026
v 0.115794 0.406065 0.027314 0.9266 0.9294 0.9316
v 0.116185 0.406065 0.035220 0.9352 0.9358 0.9522
v 0.119437 0.406065 0.032439 0.9369 0.9445 0.9580
v 0.116593 0.406065 0.034332 0.9217 0.9248 0.9467
v 0.113573 0.406065 0.036607 0.9098 0.9074 0.9053
v 0.114113 0.406065 0.036991 0.9115 0.9077 0.9047
v 0.115545 0.406065 0.036613 0.9016 0.9016 0.9255
v 0.117849 0.406065 0.034336 0.9587 0.9592 0.9639
v -0.095747 0.333293 0.009692 0.6354 0.6432 0.6667
v -0.100718 0.333374 0.017268 0.5634 0.5664 0.5855
v -0.092582 0.333337 0.012105 0.6471 0.6495 0.6738
v -0.085806 0.333281 0.005905 0.6471 0.6484 0.6705
v -0.092582 0.333241 0.004868 0.6471 0.6499 0.6749
v -0.100718 0.333223 0.005905 0.5861 0.5906 0.6176
v -0.102079 0.333300 0.012105 0.5667 0.5716 0.5933
v -0.082217 0.333345 0.020049 0.5999 0.5986 0.6064
v -0.077252 0.333314 0.012452 0.6306 0.6388 0.6529
v -0.085390 0.333365 0.017610 0.6158 0.6151 0.6332
v -0.092164 0.333407 0.023815 0.5316 0.5351 0.5397
v -0.085379 0.333365 0.024887 0.4932 0.5057 0.5077
v -0.077235 0.333314 0.023879 0.5343 0.5314 0.5430
v -0.075882 0.333306 0.017650 0.6160 0.6233 0.6335
v -0.013289 0.333261 0.009751 0.6471 0.6471 0.6667
v -0.033658 0.333261 0.017369 0.6471 0.6510 0.6750
v -0.000305 0.333261 0.012177 0.6471 0.6495 0.6739
v 0.027466 0.333261 0.005943 0.6471 0.6487 0.6715
v -0.000316 0.333261 0.004900 0.6471 0.6500 0.6754
v -0.033674 0.333261 0.005942 0.6471 0.6487 0.6714
v -0.039244 0.333261 0.012177 0.6471 0.6495 0.6667
v -0.010204 0.333261 0.036348 0.4734 0.4772 0.5007
v 0.029283 0.333261 0.037320 0.4798 0.4739 0.5018
v 0.001249 0.333261 0.035588 0.4715 0.4564 0.4866
v -0.031708 0.333261 0.034183 0.4856 0.4935 0.5178
v -0.035353 0.333261 0.035728 0.4679 0.4730 0.4869
v -0.028188 0.333261 0.037540 0.4785 0.4863 0.5133
v 0.003491 0.333261 0.037726 0.4934 0.4891 0.5166
v 0.042004 0.333261 0.022950 0.6417 0.6462 0.6700
v 0.062423 0.333261 0.014288 0.6471 0.6510 0.6785
v 0.029084 0.333261 0.019193 0.6471 0.6510 0.6785
v 0.001299 0.333261 0.025713 0.6120 0.6199 0.6473
v 0.029000 0.333261 0.028467 0.6118 0.6197 0.6471
v 0.062290 0.333261 0.028850 0.5921 0.6118 0.6236
v 0.067928 0.333261 0.021191 0.6471 0.6510 0.6696
v 0.101255 0.357529 0.025793 0.5804 0.5725 0.6118
v 0.104134 0.375380 0.030647 0.4823 0.4971 0.5153
v 0.102214 0.363213 0.022702 0.5804 0.5860 0.6118
v 0.099883 0.348604 0.016085 0.5803 0.5882 0.6118
v 0.099422 0.346160 0.022702 0.5609 0.5687 0.5922
v 0.099750 0.348604 0.030647 0.4921 0.5029 0.5235
v 0.102130 0.363213 0.031976 0.4679 0.4659 0.4869
v 0.105514 0.381797 0.012595 0.5804 0.5882 0.6118
v 0.107140 0.390723 0.007741 0.6556 0.6676 0.6909
v 0.104678 0.376113 0.006413 0.5809 0.5884 0.6123
v 0.102575 0.363946 0.007741 0.5846 0.5896 0.6160
v 0.104478 0.376113 0.015687 0.5804 0.5882 0.6118
v 0.106826 0.390723 0.022304 0.5824 0.6054 0.6139
v 0.107385 0.393166 0.015687 0.6619 0.6741 0.6933
v -0.391460 -0.255996 -0.054515 0.9137 0.7764 0.3765
v -0.371102 -0.281819 -0.053857 0.1865 0.1766 0.1117
v -0.386071 -0.264981 -0.054305 0.9372 0.8745 0.5490
v -0.403356 -0.244280 -0.054843 1.0000 0.8117 0.3394
v -0.404426 -0.239551 -0.054934 1.0000 0.7960 0.2902
v -0.399922 -0.241890 -0.054844 1.0000 0.8117 0.3216
v -0.383884 -0.263458 -0.054306 0.0848 0.0791 0.0493
v -0.368050 -0.295734 -0.053619 1.0000 0.8151 0.3420
v -0.388556 -0.269403 -0.054277 1.0000 0.8117 0.3154
v -0.373628 -0.286102 -0.053829 1.0000 0.8117 0.3199
v -0.356302 -0.306941 -0.053291 1.0000 0.8905 0.5160
v -0.354990 -0.312503 -0.053200 1.0000 0.8133 0.3309
v -0.359292 -0.310857 -0.053290 1.0000 0.8271 0.3873
v -0.375532 -0.288596 -0.053828 1.0000 0.8117 0.3492
v -0.318556 -0.358135 -0.052725 1.0000 0.8588 0.4510
v -0.302657 -0.377706 -0.052725 1.0000 0.8274 0.3529
v -0.314445 -0.365614 -0.052724 1.0000 0.8213 0.3743
v -0.328001 -0.350308 -0.052724 1.0000 0.8146 0.3387
v -0.328683 -0.345672 -0.052725 1.0000 0.8707 0.4640
v -0.325011 -0.346393 -0.052725 0.5812 0.5530 0.3858
v -0.312541 -0.363120 -0.052725 1.0000 0.8131 0.3529
v -0.301801 -0.389010 -0.052723 1.0000 0.8152 0.3181
v -0.317408 -0.369827 -0.052723 1.0000 0.8281 0.3791
v -0.305540 -0.382025 -0.052724 1.0000 0.8157 0.3098
v -0.292064 -0.397225 -0.052724 1.0000 0.8289 0.3387
v -0.291862 -0.401227 -0.052723 1.0000 0.8126 0.2947
v -0.295932 -0.399978 -0.052723 1.0000 0.8218 0.3354
v -0.308003 -0.383778 -0.052723 1.0000 0.8264 0.3477
v -0.278074 -0.422361 -0.043880 1.0000 0.8026 0.3189
v -0.276228 -0.427711 -0.037375 1.0000 0.7976 0.3122
v -0.278718 -0.424941 -0.041808 1.0000 0.8117 0.3528
v -0.280931 -0.421062 -0.047132 1.0000 0.8108 0.3411
v -0.279250 -0.418954 -0.048023 1.0000 0.8000 0.3098
v -0.277063 -0.418310 -0.047133 1.0000 0.8136 0.3298
v -0.276255 -0.423188 -0.041809 1.0000 0.8074 0.3393
v -0.270215 -0.425832 -0.035038 1.0000 0.8745 0.4510
v -0.272094 -0.420504 -0.041543 1.0000 0.8178 0.3023
v -0.269549 -0.423238 -0.037110 1.0000 0.8515 0.3925
v -0.267290 -0.427087 -0.031786 0.5516 0.5242 0.3278
v -0.269017 -0.429225 -0.030895 0.9518 0.8077 0.3892
v -0.271259 -0.429905 -0.031785 1.0000 0.7960 0.2985
v -0.272077 -0.425033 -0.037109 1.0000 0.8168 0.3472
v -0.268555 -0.435753 -0.017666 1.0000 0.7870 0.2836
v -0.269213 -0.437723 -0.011393 1.0000 0.8005 0.3098
v -0.270028 -0.437278 -0.015668 1.0000 0.8044 0.3171
v -0.270210 -0.436177 -0.020802 1.0000 0.7979 0.3092
v -0.268135 -0.434498 -0.021662 1.0000 0.7843 0.2784
v -0.266241 -0.433359 -0.020803 0.9721 0.8025 0.3755
v -0.267501 -0.435483 -0.015669 1.0000 0.7960 0.2938
v -0.264054 -0.434599 -0.009138 0.9058 0.8588 0.5176
v -0.266368 -0.436993 -0.006001 1.0000 0.7914 0.2996
v -0.265109 -0.434869 -0.011136 0.9634 0.8192 0.3927
v -0.263396 -0.432630 -0.015412 0.5523 0.5235 0.3462
v -0.262581 -0.433075 -0.011136 0.2677 0.2538 0.1787
v -0.262399 -0.434175 -0.006001 0.5757 0.5459 0.3406
v -0.264474 -0.435854 -0.005143 0.9760 0.8277 0.3984
v -0.287202 -0.417139 -0.009138 1.0000 0.7647 0.1804
v -0.298605 -0.401053 -0.006002 1.0000 0.7647 0.1804
v -0.291151 -0.411524 -0.011135 1.0000 0.7644 0.1913
v -0.281999 -0.424409 -0.015411 1.0000 0.7685 0.1921
v -0.279940 -0.427384 -0.011135 1.0000 0.7707 0.1839
v -0.281003 -0.425954 -0.006001 1.0000 0.7616 0.1765
v -0.290516 -0.412509 -0.005143 1.0000 0.7576 0.1815
v -0.308614 -0.386910 -0.016775 1.0000 0.7608 0.1804
v -0.295536 -0.405298 -0.020239 1.0000 0.7608 0.1804
v -0.302531 -0.395457 -0.015195 1.0000 0.7608 0.1804
v -0.312142 -0.381942 -0.010830 1.0000 0.7647 0.1804
v -0.316943 -0.375199 -0.014568 1.0000 0.7554 0.1775
v -0.318164 -0.373490 -0.019255 1.0000 0.7531 0.1797
v -0.306367 -0.390074 -0.020561 1.0000 0.7608 0.1804
v -0.297826 -0.402053 -0.034145 1.0000 0.7647 0.1804
v -0.288715 -0.414871 -0.031221 1.0000 0.7657 0.1835
v -0.300633 -0.398123 -0.029794 1.0000 0.7647 0.1804
v -0.311344 -0.383063 -0.030237 1.0000 0.7647 0.1816
v -0.303628 -0.393889 -0.036008 1.0000 0.7656 0.1833
v -0.293418 -0.408223 -0.040978 1.0000 0.7740 0.1922
v -0.289217 -0.414147 -0.036634 1.0000 0.7703 0.1916
v -0.321553 -0.368701 -0.042988 1.0000 0.7805 0.1861
v -0.308419 -0.387138 -0.046568 1.0000 0.7861 0.1872
v -0.316240 -0.376162 -0.040708 1.0000 0.7694 0.1922
v -0.326344 -0.361978 -0.035828 1.0000 0.7562 0.1792
v -0.329918 -0.356959 -0.040708 1.0000 0.7647 0.1804
v -0.329896 -0.356988 -0.046569 1.0000 0.7804 0.1922
v -0.318502 -0.372983 -0.047549 1.0000 0.7972 0.2277
v -0.342919 -0.338718 -0.033254 1.0000 0.6980 0.1294
v -0.345502 -0.335099 -0.029674 1.0000 0.6824 0.1294
v -0.344873 -0.335976 -0.035535 1.0000 0.7123 0.1411
v -0.343404 -0.338032 -0.040415 1.0000 0.7451 0.1725
v -0.341275 -0.341022 -0.035535 1.0000 0.7126 0.1413
v -0.339853 -0.343022 -0.029674 1.0000 0.6824 0.1294
v -0.342611 -0.339155 -0.028694 0.9947 0.6694 0.0888
v -0.371110 -0.299061 -0.008248 0.9515 0.6136 0.0941
v -0.386681 -0.277128 -0.005440 1.0000 0.6980 0.1294
v -0.376068 -0.292077 -0.010037 0.9848 0.6726 0.1103
v -0.363324 -0.310028 -0.013865 0.9574 0.6116 0.0863
v -0.361193 -0.313030 -0.010036 0.9686 0.5993 0.0853
v -0.363324 -0.310028 -0.005439 0.9686 0.6091 0.0941
v -0.376068 -0.292077 -0.004670 0.9825 0.6642 0.1080
v -0.392278 -0.269243 -0.015885 1.0000 0.7074 0.1294
v -0.400064 -0.258276 -0.018693 1.0000 0.7101 0.1294
v -0.387320 -0.276228 -0.019462 1.0000 0.7109 0.1310
v -0.376707 -0.291176 -0.018693 1.0000 0.7021 0.1294
v -0.387320 -0.276228 -0.014096 1.0000 0.7027 0.1294
v -0.400064 -0.258276 -0.010268 0.9999 0.6979 0.1293
v -0.402195 -0.255274 -0.014096 0.9998 0.6978 0.1291
v -0.369208 -0.301719 -0.033255 1.0000 0.7488 0.1663
v -0.385478 -0.278808 -0.029675 1.0000 0.7285 0.1599
v -0.373721 -0.295357 -0.035535 1.0000 0.7490 0.1725
v -0.360024 -0.314641 -0.040415 1.0000 0.7764 0.1804
v -0.358846 -0.316310 -0.035535 1.0000 0.7534 0.1735
v -0.362122 -0.311708 -0.029675 1.0000 0.7337 0.1523
v -0.375057 -0.293489 -0.028695 1.0000 0.7294 0.1608
v -0.393830 -0.266806 -0.043884 1.0000 0.7675 0.1922
v -0.404854 -0.251115 -0.048123 1.0000 0.7804 0.1922
v -0.389235 -0.273220 -0.048654 1.0000 0.7847 0.2009
v -0.375590 -0.292568 -0.047135 1.0000 0.7804 0.1922
v -0.386808 -0.276800 -0.041185 1.0000 0.7686 0.1804
v -0.401044 -0.256736 -0.036395 1.0000 0.7568 0.1804
v -0.405446 -0.250399 -0.041814 1.0000 0.7686 0.1804
v -0.422671 -0.227484 -0.034824 1.0000 0.7153 0.1386
v -0.425647 -0.224322 -0.031410 1.0000 0.7134 0.1294
v -0.424832 -0.224687 -0.037471 1.0000 0.7451 0.1608
v -0.423089 -0.226255 -0.042394 1.0000 0.7764 0.1804
v -0.420776 -0.229498 -0.036998 1.0000 0.7212 0.1526
v -0.419279 -0.231876 -0.030667 1.0000 0.6980 0.1294
v -0.422406 -0.228267 -0.030002 0.9930 0.6772 0.1169
v -0.419414 -0.217669 -0.045454 1.0000 0.8313 0.3882
v -0.421030 -0.220049 -0.049115 1.0000 0.8342 0.3490
v -0.420573 -0.217675 -0.043122 1.0000 0.8313 0.3882
v -0.419619 -0.215298 -0.038131 1.0000 0.8642 0.3692
v -0.418386 -0.216152 -0.043123 1.0000 0.9256 0.3882
v -0.417595 -0.217658 -0.049116 1.0000 0.8796 0.3746
v -0.419284 -0.219178 -0.050118 1.0000 0.8431 0.3882
v -0.424846 -0.218083 -0.035498 1.0000 0.8325 0.3260
v -0.424464 -0.220311 -0.042820 1.0000 0.8468 0.3945
v -0.425988 -0.219690 -0.037829 1.0000 0.8428 0.3854
v -0.427022 -0.218379 -0.031836 1.0000 0.8421 0.3790
v -0.425090 -0.216665 -0.030834 1.0000 0.8313 0.3216
v -0.423053 -0.215560 -0.031837 1.0000 0.8274 0.3529
v -0.423460 -0.217896 -0.037830 1.0000 0.8313 0.3216
v -0.423563 -0.213798 -0.017232 1.0000 0.8448 0.3997
v -0.426211 -0.215669 -0.020288 1.0000 0.8274 0.2941
v -0.424405 -0.214401 -0.015286 1.0000 0.8602 0.3743
v -0.422237 -0.212873 -0.011120 1.0000 0.8325 0.3952
v -0.421877 -0.212606 -0.015286 1.0000 0.8661 0.3736
v -0.422242 -0.212851 -0.020289 1.0000 0.8544 0.3840
v -0.424408 -0.214387 -0.021125 1.0000 0.8422 0.3845
v -0.432416 -0.220706 -0.008922 1.0000 0.8059 0.2197
v -0.437607 -0.224841 -0.005866 1.0000 0.7844 0.1922
v -0.432804 -0.221133 -0.005029 1.0000 0.7768 0.1886
v -0.427834 -0.217241 -0.005866 1.0000 0.7837 0.2039
v -0.429110 -0.218073 -0.010868 1.0000 0.8057 0.2133
v -0.431808 -0.220037 -0.015034 1.0000 0.8274 0.2369
v -0.435334 -0.222913 -0.010868 1.0000 0.8119 0.2235
v -0.440333 -0.234584 -0.016559 1.0000 0.8235 0.2235
v -0.442611 -0.233615 -0.010694 1.0000 0.8203 0.2554
v -0.439542 -0.230290 -0.014928 1.0000 0.8274 0.2698
v -0.436813 -0.228811 -0.019862 1.0000 0.8310 0.2977
v -0.438881 -0.235202 -0.020294 1.0000 0.8337 0.2951
v -0.441574 -0.241327 -0.019120 1.0000 0.8274 0.2481
v -0.442574 -0.238261 -0.014455 1.0000 0.8196 0.2235
v -0.448210 -0.244625 -0.008249 1.0000 0.8197 0.2420
v -0.447591 -0.239963 -0.005441 1.0000 0.8180 0.3343
v -0.446761 -0.243598 -0.010038 1.0000 0.8140 0.2191
v -0.446554 -0.247675 -0.013867 1.0000 0.8144 0.2235
v -0.448603 -0.247594 -0.010038 1.0000 0.8157 0.2157
v -0.450484 -0.246237 -0.005441 1.0000 0.8274 0.3524
v -0.449264 -0.242682 -0.004672 1.0000 0.8218 0.3599
v -0.451356 -0.257160 -0.008249 1.0000 0.8195 0.2411
v -0.448543 -0.255600 -0.013867 1.0000 0.8150 0.2235
v -0.450645 -0.259069 -0.010038 1.0000 0.8156 0.2157
v -0.453053 -0.261718 -0.005441 1.0000 0.8230 0.3442
v -0.453148 -0.258153 -0.004672 1.0000 0.8274 0.3634
v -0.452473 -0.254162 -0.005441 1.0000 0.8274 0.3513
v -0.450276 -0.254257 -0.010038 1.0000 0.8156 0.2157
v -0.447790 -0.264049 -0.015886 1.0000 0.8117 0.2235
v -0.450798 -0.266073 -0.010269 1.0000 0.8117 0.2176
v -0.448749 -0.262731 -0.014097 1.0000 0.8117 0.2235
v -0.446288 -0.259955 -0.018694 1.0000 0.8202 0.2490
v -0.445874 -0.262759 -0.019463 1.0000 0.8258 0.2949
v -0.446283 -0.266118 -0.018694 1.0000 0.8199 0.2662
v -0.448746 -0.266656 -0.014097 1.0000 0.8117 0.2235
v -0.446681 -0.274369 -0.015886 1.0000 0.8079 0.2036
v -0.450097 -0.272598 -0.010269 1.0000 0.8003 0.2050
v -0.448157 -0.272142 -0.014097 1.0000 0.8039 0.2157
v -0.445582 -0.272643 -0.018694 1.0000 0.8213 0.2869
v -0.444506 -0.275497 -0.019463 1.0000 0.8232 0.3174
v -0.444364 -0.277867 -0.018694 1.0000 0.8133 0.2853
v -0.447381 -0.275469 -0.014097 1.0000 0.8041 0.2157
v -0.449474 -0.279732 -0.008249 1.0000 0.8040 0.2420
v -0.451863 -0.275989 -0.005441 1.0000 0.8117 0.3339
v -0.448866 -0.278320 -0.010038 1.0000 0.8000 0.2157
v -0.446130 -0.281258 -0.013867 1.0000 0.8026 0.2120
v -0.447953 -0.282117 -0.010038 1.0000 0.7986 0.2073
v -0.450430 -0.281951 -0.005441 1.0000 0.8117 0.3444
v -0.451604 -0.278761 -0.004672 1.0000 0.8153 0.3600
v -0.443205 -0.286506 -0.015886 1.0000 0.7947 0.1986
v -0.446466 -0.286233 -0.010269 1.0000 0.7957 0.1932
v -0.444620 -0.285717 -0.014097 1.0000 0.7947 0.2077
v -0.442166 -0.285540 -0.018694 1.0000 0.8080 0.2489
v -0.441128 -0.286679 -0.019463 1.0000 0.8102 0.2780
v -0.440982 -0.287744 -0.018694 1.0000 0.8043 0.2389
v -0.443866 -0.287121 -0.014097 1.0000 0.7921 0.2039
v -0.444858 -0.291163 -0.008249 1.0000 0.7981 0.2203
v -0.447511 -0.289177 -0.005441 1.0000 0.8105 0.3374
v -0.444745 -0.289596 -0.010038 1.0000 0.7960 0.1922
v -0.442027 -0.290689 -0.013866 1.0000 0.7921 0.2039
v -0.443168 -0.292428 -0.010038 1.0000 0.7885 0.1922
v -0.445035 -0.293623 -0.005441 1.0000 0.8098 0.3389
v -0.446661 -0.291465 -0.004672 1.0000 0.8117 0.3614
v -0.439425 -0.298429 -0.008249 1.0000 0.7831 0.2150
v -0.438592 -0.295282 -0.013866 1.0000 0.7921 0.2039
v -0.438039 -0.298565 -0.010038 1.0000 0.7806 0.1942
v -0.438082 -0.301789 -0.005441 1.0000 0.8073 0.3442
v -0.439955 -0.300434 -0.004672 1.0000 0.8117 0.3659
v -0.441600 -0.298217 -0.005441 1.0000 0.8081 0.3374
v -0.440280 -0.296290 -0.010038 1.0000 0.7805 0.1922
v -0.433507 -0.299027 -0.015886 1.0000 0.7861 0.1922
v -0.434341 -0.302166 -0.010268 1.0000 0.7804 0.1922
v -0.434894 -0.298882 -0.014097 1.0000 0.7876 0.1922
v -0.434851 -0.295660 -0.018694 1.0000 0.8135 0.2866
v -0.432977 -0.297027 -0.019463 1.0000 0.8190 0.3190
v -0.431330 -0.299254 -0.018694 1.0000 0.8069 0.3025
v -0.432651 -0.301171 -0.014097 1.0000 0.7808 0.1922
v -0.399314 -0.319209 -0.015885 1.0000 0.7804 0.1892
v -0.409713 -0.312014 -0.018694 1.0000 0.7945 0.2545
v -0.390774 -0.321937 -0.019462 1.0000 0.8010 0.2942
v -0.375506 -0.330689 -0.018693 1.0000 0.7914 0.2412
v -0.392691 -0.323792 -0.014096 1.0000 0.7804 0.1922
v -0.412723 -0.314926 -0.010268 1.0000 0.7694 0.1816
v -0.414476 -0.311898 -0.014096 1.0000 0.7686 0.1922
v -0.362853 -0.343795 -0.008248 1.0000 0.7764 0.1804
v -0.389672 -0.330469 -0.005440 1.0000 0.7930 0.2579
v -0.373311 -0.336860 -0.010037 1.0000 0.7805 0.1804
v -0.352455 -0.346232 -0.013865 1.0000 0.7764 0.1922
v -0.345773 -0.352282 -0.010036 1.0000 0.7764 0.1804
v -0.346433 -0.354684 -0.005439 1.0000 0.8073 0.2936
v -0.369476 -0.342243 -0.004670 1.0000 0.8166 0.3270
v -0.419264 -0.245413 -0.008249 0.9686 0.5725 0.0627
v -0.423544 -0.249818 -0.005440 0.9686 0.5904 0.0693
v -0.420627 -0.246816 -0.010037 0.9686 0.5803 0.0627
v -0.417124 -0.243211 -0.013866 0.9686 0.5755 0.0627
v -0.416539 -0.242608 -0.010037 0.9686 0.5639 0.0627
v -0.417125 -0.243211 -0.005440 0.9686 0.5709 0.0580
v -0.420627 -0.246816 -0.004671 0.9686 0.5882 0.0627
v -0.425082 -0.251401 -0.015885 0.9686 0.6086 0.0859
v -0.427221 -0.253604 -0.010268 0.9686 0.5882 0.0627
v -0.427807 -0.254207 -0.014097 0.9686 0.5961 0.0863
v -0.427221 -0.253604 -0.018694 0.9686 0.6354 0.0941
v -0.423719 -0.249999 -0.019463 0.9686 0.6577 0.1424
v -0.420802 -0.246997 -0.018694 0.9686 0.6382 0.1659
v -0.423719 -0.249999 -0.014096 0.9686 0.5968 0.0713
v -0.431419 -0.261355 -0.008249 0.9686 0.5902 0.0687
v -0.431801 -0.264272 -0.005440 0.9686 0.5911 0.0715
v -0.431540 -0.262284 -0.010038 0.9686 0.5921 0.0745
v -0.431228 -0.259897 -0.013866 0.9686 0.6024 0.0851
v -0.431175 -0.259497 -0.010038 0.9686 0.5922 0.0746
v -0.431228 -0.259897 -0.005440 0.9686 0.5859 0.0627
v -0.431540 -0.262284 -0.004672 0.9686 0.5908 0.0705
v -0.431938 -0.265350 -0.015886 0.9686 0.6197 0.0941
v -0.432129 -0.266798 -0.010268 0.9686 0.5989 0.0774
v -0.432181 -0.267215 -0.014097 0.9686 0.6092 0.0871
v -0.432128 -0.266830 -0.018694 0.9536 0.6572 0.1108
v -0.431816 -0.264428 -0.019463 0.9490 0.6550 0.1176
v -0.431556 -0.262422 -0.018694 0.9490 0.6550 0.1176
v -0.431816 -0.264408 -0.014097 0.9686 0.6041 0.0786
v -0.431302 -0.273547 -0.008249 0.9686 0.6072 0.0853
v -0.430453 -0.276649 -0.005440 0.9686 0.6039 0.0789
v -0.431032 -0.274545 -0.010038 0.9686 0.6078 0.0862
v -0.431727 -0.272013 -0.013866 0.9686 0.6179 0.0930
v -0.431843 -0.271572 -0.010038 0.9686 0.6016 0.0769
v -0.431727 -0.271980 -0.005440 0.9686 0.6039 0.0821
v -0.431032 -0.274525 -0.004672 0.9686 0.6039 0.0831
v -0.430147 -0.277799 -0.015886 0.9686 0.6244 0.0990
v -0.429723 -0.279337 -0.010268 0.9686 0.6118 0.0863
v -0.429606 -0.279773 -0.014097 0.9686 0.6197 0.0941
v -0.429722 -0.279359 -0.018694 0.9490 0.6589 0.1059
v -0.430417 -0.276820 -0.019463 0.9490 0.6557 0.1059
v -0.430996 -0.274701 -0.018694 0.9490 0.6550 0.1059
v -0.430418 -0.276805 -0.014097 0.9686 0.6198 0.0942
v -0.425873 -0.285343 -0.008249 0.9686 0.6138 0.0902
v -0.427020 -0.284129 -0.013866 0.9686 0.6231 0.0975
v -0.427334 -0.283782 -0.010038 0.9686 0.6103 0.0879
v -0.427021 -0.284106 -0.005440 0.9686 0.6118 0.0863
v -0.425143 -0.286116 -0.004671 0.9686 0.6135 0.0880
v -0.423579 -0.287793 -0.005440 0.9686 0.6206 0.0941
v -0.425142 -0.286130 -0.010038 0.9686 0.6227 0.0941
v -0.422748 -0.288687 -0.015885 0.9686 0.6395 0.1062
v -0.425044 -0.286243 -0.018694 0.9548 0.6667 0.1211
v -0.423481 -0.287907 -0.014097 0.9686 0.6368 0.0983
v -0.421603 -0.289907 -0.010268 0.9686 0.6283 0.0941
v -0.421286 -0.290243 -0.014097 0.9686 0.6364 0.1056
v -0.421598 -0.289910 -0.018694 0.9563 0.6725 0.1220
v -0.423478 -0.287909 -0.019463 0.9490 0.6667 0.1176
v -0.396399 -0.304299 -0.008248 0.9686 0.6432 0.1059
v -0.404944 -0.299778 -0.005440 0.9568 0.6432 0.1059
v -0.390959 -0.307177 -0.004671 0.9686 0.6349 0.0941
v -0.379312 -0.313339 -0.005439 0.9686 0.6197 0.0824
v -0.390956 -0.307179 -0.010037 0.9686 0.6390 0.1051
v -0.404939 -0.299780 -0.013866 0.9686 0.6589 0.1176
v -0.407280 -0.298542 -0.010037 0.9686 0.6432 0.1098
v -0.373167 -0.316590 -0.015884 0.9686 0.6384 0.0971
v -0.390252 -0.307551 -0.018693 0.9686 0.6843 0.1348
v -0.378608 -0.313712 -0.014096 0.9686 0.6354 0.0941
v -0.364625 -0.321110 -0.010267 0.9686 0.6038 0.0802
v -0.362287 -0.322347 -0.014095 0.9686 0.6039 0.0745
v -0.364625 -0.321110 -0.018693 0.9686 0.6684 0.1322
v -0.378608 -0.313712 -0.019462 0.9686 0.6772 0.1426
v -0.118516 0.406256 -0.033855 0.9529 0.9529 0.9529
v -0.121237 0.406228 -0.032927 0.9490 0.9490 0.9490
v -0.118072 0.406252 -0.032632 0.9490 0.9490 0.9490
v -0.115098 0.406278 -0.032863 0.9566 0.9487 0.9566
v -0.116782 0.406274 -0.034446 0.9565 0.9547 0.9565
v -0.119212 0.406261 -0.035776 0.9569 0.9568 0.9571
v -0.120693 0.406241 -0.034487 0.9563 0.9563 0.9563
v -0.112699 0.406218 -0.040996 0.9606 0.9567 0.9646
v -0.111420 0.406254 -0.037378 0.9568 0.9568 0.9568
v -0.110893 0.406205 -0.041446 0.9557 0.9557 0.9557
v -0.111142 0.406162 -0.045320 0.9568 0.9568 0.9590
v -0.113513 0.406194 -0.043301 0.9686 0.9607 0.9686
v -0.115534 0.406237 -0.040291 0.9568 0.9529 0.9686
v -0.113690 0.406253 -0.038242 0.9606 0.9529 0.9686
v -0.095439 0.406149 -0.038413 0.9044 0.9141 0.9199
v -0.100509 0.406211 -0.035745 0.9458 0.9401 0.9458
v -0.092388 0.406169 -0.035054 0.9372 0.9391 0.9400
v -0.085580 0.406118 -0.035808 0.9372 0.9352 0.9454
v -0.092211 0.406110 -0.040113 0.8729 0.8914 0.9066
v -0.100230 0.406118 -0.043687 0.8706 0.8776 0.9059
v -0.101719 0.406169 -0.040073 0.8964 0.8969 0.9151
v -0.081841 0.406065 -0.045612 0.8965 0.8984 0.9223
v -0.091633 0.406065 -0.048238 0.9419 0.9419 0.9545
v -0.084983 0.406065 -0.043939 0.8804 0.8880 0.9121
v -0.076983 0.406065 -0.040359 0.8706 0.8886 0.9059
v -0.075605 0.406065 -0.043939 0.8724 0.8763 0.9058
v -0.076908 0.406065 -0.048238 0.9427 0.9427 0.9547
v -0.084935 0.406065 -0.048957 0.9328 0.9328 0.9514
v -0.065386 0.406065 -0.041627 0.8980 0.8991 0.9018
v -0.063075 0.406065 -0.041323 0.9071 0.9071 0.9071
v -0.064627 0.406065 -0.044040 0.8578 0.8605 0.8761
v -0.066505 0.406065 -0.045719 0.8606 0.8624 0.8810
v -0.066859 0.406065 -0.041821 0.8761 0.8788 0.8904
v -0.066580 0.406065 -0.037840 0.9366 0.9364 0.9366
v -0.064674 0.406065 -0.039021 0.9253 0.9239 0.9253
v -0.059789 0.409008 -0.048383 0.9414 0.9385 0.9542
v -0.062966 0.407925 -0.049990 0.9279 0.9340 0.9466
v -0.061651 0.407629 -0.047630 0.9204 0.9077 0.9250
v -0.059536 0.407925 -0.045594 0.9108 0.9245 0.9401
v -0.057766 0.409697 -0.047360 0.9491 0.9412 0.9564
v -0.056865 0.411172 -0.049565 0.9490 0.9568 0.9674
v -0.059950 0.409697 -0.050159 0.9490 0.9568 0.9490
v -0.052718 0.411950 -0.044014 0.9393 0.9393 0.9393
v -0.055066 0.409786 -0.042832 0.9137 0.9294 0.9372
v -0.052924 0.411261 -0.042237 0.9246 0.9246 0.9246
v -0.050694 0.413032 -0.042406 0.9241 0.9241 0.9241
v -0.051223 0.413328 -0.044766 0.9490 0.9490 0.9490
v -0.052395 0.413032 -0.046802 0.9552 0.9552 0.9553
v -0.054007 0.411261 -0.045037 0.9464 0.9420 0.9464
v -0.044768 0.419781 -0.044921 0.9512 0.9529 0.9512
v -0.041267 0.423376 -0.044406 0.9568 0.9510 0.9568
v -0.044195 0.420926 -0.046157 0.9568 0.9529 0.9568
v -0.047368 0.417983 -0.047376 0.9549 0.9529 0.9549
v -0.046997 0.417491 -0.045248 0.9519 0.9455 0.9519
v -0.045668 0.417983 -0.042980 0.9455 0.9400 0.9455
v -0.043111 0.420926 -0.043357 0.9419 0.9458 0.9419
v -0.038395 0.423216 -0.039100 0.9372 0.9393 0.9372
v -0.041639 0.420155 -0.039300 0.9366 0.9364 0.9366
v -0.039132 0.421731 -0.038064 0.9372 0.9376 0.9372
v -0.036308 0.423946 -0.037273 0.9372 0.9377 0.9372
v -0.036329 0.425166 -0.038972 0.9372 0.9411 0.9372
v -0.037238 0.425548 -0.040726 0.9457 0.9411 0.9457
v -0.039724 0.422752 -0.040263 0.9372 0.9409 0.9372
v -0.027904 0.430891 -0.035929 0.9382 0.9430 0.9465
v -0.023431 0.433474 -0.033797 0.9516 0.9557 0.9527
v -0.026776 0.432224 -0.036350 0.9372 0.9451 0.9568
v -0.030606 0.430400 -0.038722 0.9490 0.9490 0.9568
v -0.030753 0.429245 -0.037287 0.9429 0.9429 0.9466
v -0.029676 0.428798 -0.035269 0.9372 0.9372 0.9372
v -0.026184 0.431203 -0.034151 0.9372 0.9411 0.9372
v -0.021485 0.431783 -0.029332 0.9372 0.9372 0.9372
v -0.025617 0.429362 -0.031097 0.9372 0.9372 0.9372
v -0.022830 0.430346 -0.029144 0.9314 0.9314 0.9314
v -0.019465 0.431948 -0.027271 0.9265 0.9283 0.9319
v -0.018853 0.433324 -0.028207 0.9372 0.9372 0.9372
v -0.019373 0.434038 -0.029626 0.9486 0.9410 0.9486
v -0.022772 0.431677 -0.030644 0.9372 0.9396 0.9372
v 0.023875 0.436021 -0.027998 0.9490 0.9411 0.9490
v 0.009213 0.434627 -0.026428 0.9372 0.9372 0.9372
v 0.033155 0.435577 -0.027498 0.9396 0.9395 0.9396
v 0.053109 0.436718 -0.028782 0.9490 0.9411 0.9490
v 0.033214 0.436909 -0.028997 0.9496 0.9486 0.9496
v 0.009305 0.436718 -0.028783 0.9490 0.9480 0.9490
v 0.005257 0.435577 -0.027498 0.9396 0.9396 0.9396
v 0.067271 0.434127 -0.025548 0.9372 0.9372 0.9372
v 0.036648 0.433430 -0.024879 0.9255 0.9255 0.9255
v 0.058818 0.433239 -0.024474 0.9347 0.9354 0.9360
v 0.084621 0.433430 -0.024531 0.9277 0.9277 0.9277
v 0.086774 0.434570 -0.025974 0.9372 0.9372 0.9372
v 0.080545 0.435520 -0.027233 0.9437 0.9394 0.9437
v 0.056221 0.434570 -0.026195 0.9372 0.9372 0.9372
v 0.070966 0.429888 -0.026566 0.8058 0.8135 0.8285
v 0.038984 0.430750 -0.025523 0.8530 0.8413 0.8530
v 0.060782 0.429339 -0.027452 0.7982 0.7979 0.8117
v 0.086957 0.428164 -0.029001 0.7855 0.8051 0.8207
v 0.091334 0.429339 -0.027231 0.8204 0.8291 0.8300
v 0.086957 0.430750 -0.025175 0.8228 0.8424 0.8553
v 0.060782 0.430986 -0.025016 0.8576 0.8481 0.8601
v 0.021911 0.427544 -0.030349 0.7605 0.7625 0.7771
v 0.001818 0.426682 -0.031741 0.7250 0.7278 0.7395
v 0.030789 0.426446 -0.031900 0.7056 0.7078 0.7297
v 0.055943 0.426682 -0.031393 0.6999 0.7155 0.7286
v 0.034707 0.428093 -0.029463 0.7725 0.7574 0.7725
v 0.007970 0.429268 -0.027915 0.8090 0.8067 0.8090
v 0.000236 0.428093 -0.029685 0.7850 0.7877 0.8008
v 0.065390 0.421764 -0.035399 0.5231 0.5310 0.5545
v 0.029306 0.423028 -0.034933 0.5538 0.5538 0.5696
v 0.053899 0.420960 -0.035917 0.5126 0.5204 0.5445
v 0.083432 0.419237 -0.036678 0.4890 0.4961 0.5236
v 0.088371 0.420960 -0.035696 0.5410 0.5479 0.5724
v 0.083432 0.423028 -0.034585 0.5384 0.5449 0.5697
v 0.053899 0.423374 -0.034584 0.5426 0.5597 0.5739
v 0.011503 0.418328 -0.037551 0.4823 0.4902 0.5176
v -0.010092 0.417065 -0.038321 0.4871 0.4945 0.5224
v 0.021862 0.416719 -0.038352 0.4823 0.4902 0.5176
v 0.049364 0.417065 -0.038039 0.4823 0.4902 0.5176
v 0.025257 0.419133 -0.037061 0.4885 0.4952 0.5221
v -0.004762 0.420856 -0.036294 0.5172 0.5219 0.5430
v -0.012609 0.419133 -0.037241 0.5276 0.5319 0.5629
v 0.058772 0.411950 -0.039573 0.4510 0.4589 0.4823
v 0.019792 0.413032 -0.039599 0.4541 0.4624 0.4854
v 0.045731 0.411261 -0.039736 0.4628 0.4628 0.4823
v 0.077276 0.409786 -0.039802 0.4583 0.4652 0.4905
v 0.083597 0.411261 -0.039556 0.4510 0.4589 0.4823
v 0.079248 0.413032 -0.039317 0.4510 0.4589 0.4823
v 0.046987 0.413328 -0.039427 0.4628 0.4628 0.4823
v 0.112658 0.409008 -0.039763 0.8176 0.8352 0.8823
v 0.113315 0.407925 -0.039929 0.8105 0.8296 0.8738
v 0.113495 0.409697 -0.039661 0.8223 0.8390 0.8879
v 0.113315 0.411172 -0.039437 0.8330 0.8468 0.8987
v 0.112240 0.409697 -0.039657 0.8175 0.8307 0.8745
v 0.111344 0.407925 -0.039922 0.7614 0.7640 0.7822
v 0.112240 0.407629 -0.039970 0.8006 0.8176 0.8572
v 0.000923 0.409008 -0.040214 0.5002 0.5080 0.5335
v -0.021153 0.407925 -0.040429 0.5155 0.5166 0.5500
v 0.012198 0.407629 -0.040347 0.5082 0.5129 0.5249
v 0.040703 0.407925 -0.040207 0.5003 0.5052 0.5130
v 0.014983 0.409697 -0.040076 0.4798 0.4936 0.5111
v -0.016781 0.411172 -0.040004 0.4767 0.4817 0.5091
v -0.024412 0.409697 -0.040218 0.5111 0.5111 0.5436
v 0.049048 0.381797 -0.040398 0.5804 0.5798 0.6118
v 0.009273 0.390723 -0.040546 0.5686 0.5806 0.6039
v 0.034986 0.376113 -0.040445 0.5804 0.5759 0.6118
v 0.066744 0.363946 -0.040324 0.5804 0.5777 0.6118
v 0.074381 0.376113 -0.040304 0.5782 0.5725 0.6103
v 0.071129 0.390723 -0.040324 0.5686 0.5766 0.6039
v 0.037778 0.393166 -0.040445 0.5686 0.5804 0.6039
v -0.007013 0.357529 -0.040599 0.5785 0.5804 0.6106
v -0.026170 0.348604 -0.040673 0.5800 0.5877 0.6115
v 0.005188 0.346160 -0.040552 0.5699 0.5734 0.6048
v 0.031301 0.348604 -0.040451 0.5753 0.5749 0.6081
v 0.005188 0.363213 -0.040552 0.5686 0.5804 0.6039
v -0.026170 0.375380 -0.040673 0.5686 0.5804 0.6039
v -0.031415 0.363213 -0.040693 0.5686 0.5804 0.6039
v -0.062278 0.381797 -0.037643 0.5201 0.5380 0.5537
v -0.064614 0.390723 -0.035321 0.7083 0.7126 0.7389
v -0.063022 0.376113 -0.036904 0.5246 0.5363 0.5599
v -0.061109 0.363946 -0.038804 0.4823 0.4902 0.5176
v -0.060790 0.376113 -0.039122 0.4823 0.4902 0.5176
v -0.061109 0.390723 -0.038804 0.5448 0.5600 0.5772
v -0.063022 0.393166 -0.036904 0.6067 0.6150 0.6415
v -0.065467 0.357529 -0.034601 0.6207 0.6283 0.6540
v -0.066631 0.375380 -0.033398 0.7030 0.7195 0.7277
v -0.066959 0.363213 -0.033149 0.6869 0.6908 0.7149
v -0.066645 0.348604 -0.033525 0.6119 0.6197 0.6470
v -0.064726 0.346160 -0.035368 0.5538 0.5752 0.5851
v -0.063126 0.348604 -0.036881 0.5187 0.5122 0.5497
v -0.064717 0.363213 -0.035287 0.6136 0.6213 0.6487
v -0.082181 0.376700 -0.031445 0.6538 0.6565 0.6833
v -0.092134 0.381876 -0.031402 0.6273 0.6313 0.6587
v -0.085355 0.369822 -0.031472 0.5972 0.6039 0.6287
v -0.077212 0.360724 -0.031529 0.6793 0.6908 0.7106
v -0.075842 0.373404 -0.031471 0.7295 0.7256 0.7384
v -0.077197 0.387500 -0.031402 0.8313 0.8388 0.8420
v -0.085346 0.386875 -0.031391 0.7501 0.7577 0.7624
v -0.095725 0.352516 -0.031502 0.5746 0.5825 0.6061
v -0.085774 0.345434 -0.031566 0.5804 0.5882 0.6118
v -0.092554 0.356967 -0.031502 0.5696 0.5846 0.6046
v -0.100696 0.366587 -0.031439 0.5551 0.5629 0.5864
v -0.102062 0.357026 -0.031462 0.5325 0.5403 0.5638
v -0.100703 0.345527 -0.031502 0.5454 0.5528 0.5767
v -0.092558 0.343555 -0.031543 0.5803 0.5881 0.6117
v -0.095698 0.401052 -0.031272 0.8878 0.8878 0.8878
v -0.100672 0.402989 -0.031230 0.9129 0.9129 0.9158
v -0.102039 0.399878 -0.031259 0.8715 0.8714 0.8715
v -0.100680 0.397272 -0.031293 0.8399 0.8323 0.8399
v -0.092531 0.399819 -0.031299 0.8850 0.8884 0.8850
v -0.085743 0.402896 -0.031293 0.9133 0.9157 0.9176
v -0.092526 0.403460 -0.031259 0.9193 0.9210 0.9244
v -0.114391 0.395887 -0.031273 0.8198 0.8207 0.8394
v -0.112490 0.399723 -0.031230 0.8628 0.8549 0.8706
v -0.115597 0.397085 -0.031259 0.8590 0.8624 0.8678
v -0.118186 0.393931 -0.031294 0.7537 0.7576 0.7794
v -0.115602 0.393444 -0.031300 0.6135 0.6194 0.6449
v -0.112497 0.394007 -0.031294 0.7245 0.7328 0.7567
v -0.111974 0.397133 -0.031259 0.8419 0.8361 0.8554
v -0.119949 0.401022 -0.031273 0.9058 0.9058 0.9058
v -0.121700 0.397178 -0.031294 0.8737 0.8766 0.8796
v -0.118552 0.399814 -0.031259 0.9053 0.9053 0.9054
v -0.116004 0.402970 -0.031230 0.9163 0.9153 0.9182
v -0.118834 0.403470 -0.031259 0.9244 0.9227 0.9278
v -0.122144 0.402919 -0.031294 0.9156 0.9147 0.9174
v -0.122462 0.399782 -0.031300 0.9057 0.9057 0.9057
v 0.063660 0.435129 -0.034594 0.8747 0.8860 0.9282
v 0.078262 0.433080 -0.037877 0.8509 0.8706 0.9137
v 0.054361 0.434477 -0.035640 0.8823 0.8902 0.9255
v 0.034457 0.436154 -0.032954 0.8634 0.8828 0.9285
v 0.054361 0.436435 -0.032504 0.8810 0.8890 0.9246
v 0.078261 0.436154 -0.032953 0.8649 0.8828 0.9295
v 0.082259 0.434477 -0.035639 0.8635 0.8795 0.9266
v 0.017456 0.432343 -0.039058 0.8322 0.8463 0.8981
v 0.005246 0.434393 -0.035776 0.8778 0.8906 0.9334
v 0.029802 0.432996 -0.038013 0.8419 0.8615 0.9068
v 0.049051 0.431318 -0.040699 0.8402 0.8447 0.9065
v 0.025232 0.431038 -0.041149 0.8167 0.8363 0.8812
v -0.001928 0.431318 -0.040700 0.8222 0.8418 0.8867
v -0.002666 0.432996 -0.038013 0.8582 0.8714 0.9122
v 0.057158 0.424669 -0.046212 0.7647 0.7843 0.8392
v 0.074151 0.421073 -0.048191 0.7492 0.7727 0.8392
v 0.046335 0.423524 -0.046842 0.7546 0.7776 0.8392
v 0.023171 0.426466 -0.045222 0.7746 0.7944 0.8402
v 0.046335 0.426959 -0.044951 0.7788 0.7928 0.8477
v 0.074151 0.426466 -0.045222 0.7755 0.7951 0.8392
v 0.078803 0.423524 -0.046842 0.7591 0.7806 0.8392
v 0.005424 0.419781 -0.048904 0.7498 0.7724 0.8392
v -0.009535 0.423376 -0.046925 0.7504 0.7778 0.8395
v 0.018837 0.420926 -0.048273 0.7480 0.7715 0.8392
v 0.041444 0.417983 -0.049893 0.7557 0.7783 0.8392
v 0.014952 0.417491 -0.050165 0.7671 0.7872 0.8423
v -0.015636 0.417983 -0.049894 0.7647 0.7869 0.8431
v -0.017516 0.420926 -0.048274 0.7645 0.7842 0.8392
v 0.051628 0.411950 -0.051980 0.7960 0.8078 0.8627
v 0.070655 0.409786 -0.052263 0.7942 0.8102 0.8645
v 0.039510 0.411261 -0.052070 0.8054 0.8117 0.8689
v 0.013575 0.413032 -0.051839 0.7843 0.8078 0.8627
v 0.039510 0.413328 -0.051799 0.7843 0.8000 0.8627
v 0.070655 0.413032 -0.051838 0.7960 0.8117 0.8627
v 0.075864 0.411261 -0.052070 0.7960 0.8117 0.8627
v -0.005635 0.409008 -0.052366 0.7965 0.8117 0.8630
v -0.022628 0.411172 -0.052083 0.8015 0.8211 0.8664
v 0.009073 0.409697 -0.052276 0.7942 0.8049 0.8660
v 0.034453 0.407925 -0.052507 0.7861 0.8009 0.8633
v 0.005188 0.407629 -0.052546 0.7843 0.8000 0.8577
v -0.028729 0.407925 -0.052508 0.7873 0.8084 0.8560
v -0.031165 0.409697 -0.052276 0.8070 0.8191 0.8719
v 0.045878 0.399003 -0.051376 0.7285 0.7500 0.8081
v 0.066776 0.393809 -0.050364 0.7098 0.7409 0.8075
v 0.032413 0.397349 -0.051054 0.7216 0.7412 0.8078
v 0.003838 0.401601 -0.051882 0.7416 0.7650 0.8385
v 0.032568 0.402312 -0.052020 0.7574 0.7708 0.8297
v 0.067019 0.401601 -0.051881 0.7428 0.7625 0.8234
v 0.072652 0.397349 -0.051053 0.7197 0.7393 0.8078
v -0.011397 0.391997 -0.051146 0.7233 0.7429 0.8078
v -0.032372 0.397171 -0.051737 0.7234 0.7430 0.8078
v 0.001970 0.393625 -0.050932 0.7238 0.7434 0.8078
v 0.030566 0.389379 -0.050219 0.7099 0.7296 0.8071
v 0.001961 0.388702 -0.050770 0.7196 0.7326 0.7951
v -0.032385 0.389440 -0.051483 0.7216 0.7451 0.7960
v -0.038122 0.393664 -0.051737 0.7230 0.7426 0.8078
v -0.081785 0.399059 -0.052523 0.8173 0.8369 0.8819
v -0.076886 0.393905 -0.052353 0.7745 0.7935 0.8372
v -0.084914 0.397418 -0.052469 0.8066 0.8262 0.8697
v -0.091598 0.401636 -0.052607 0.8509 0.8706 0.9137
v -0.084906 0.402341 -0.052631 0.8509 0.8706 0.9137
v -0.076872 0.401636 -0.052607 0.8560 0.8748 0.9197
v -0.075536 0.397418 -0.052469 0.7864 0.8010 0.8491
v 0.043719 0.363157 -0.050759 0.7412 0.7552 0.8204
v 0.063287 0.347117 -0.051065 0.7410 0.7608 0.8222
v 0.029904 0.358069 -0.051259 0.7412 0.7568 0.8196
v 0.002460 0.371207 -0.051238 0.7412 0.7615 0.8227
v 0.031257 0.373372 -0.050564 0.7412 0.7551 0.8239
v 0.065411 0.371146 -0.049974 0.7365 0.7600 0.8148
v 0.069996 0.358030 -0.050454 0.7333 0.7529 0.8078
v -0.095379 0.392052 -0.052292 0.8267 0.8463 0.8930
v -0.100192 0.397206 -0.052462 0.8509 0.8706 0.9137
v -0.092140 0.393693 -0.052346 0.8040 0.8236 0.8680
v -0.085480 0.389475 -0.052208 0.8178 0.8374 0.8813
v -0.092314 0.388770 -0.052185 0.8273 0.8469 0.8939
v -0.100465 0.389475 -0.052208 0.8392 0.8588 0.9058
v -0.101683 0.393693 -0.052347 0.8544 0.8727 0.9173
v -0.015457 0.338359 -0.051701 0.7412 0.7555 0.8248
v -0.034952 0.355530 -0.051834 0.7412 0.7529 0.8196
v -0.001550 0.344888 -0.051760 0.7412 0.7623 0.8231
v 0.025874 0.331440 -0.051661 0.7526 0.7698 0.8286
v -0.003041 0.327424 -0.051617 0.7412 0.7571 0.8270
v -0.037294 0.328108 -0.051610 0.7412 0.7576 0.8201
v -0.041781 0.342766 -0.051727 0.7412 0.7629 0.8236
v 0.037434 0.290443 -0.049351 0.7592 0.7718 0.8306
v 0.056844 0.272368 -0.047754 0.7098 0.7176 0.7843
v 0.023499 0.283626 -0.048826 0.7550 0.7716 0.8392
v -0.003856 0.297815 -0.050123 0.7412 0.7628 0.8330
v 0.025072 0.301955 -0.050368 0.7412 0.7608 0.8196
v 0.059313 0.301146 -0.050175 0.7529 0.7686 0.8274
v 0.063730 0.285748 -0.048859 0.7098 0.7232 0.7829
v -0.087486 0.379774 -0.052062 1.0000 0.8116 0.2738
v -0.095475 0.381713 -0.052062 1.0000 0.9474 0.5694
v -0.088118 0.382244 -0.052062 1.0000 0.9529 0.5804
v -0.080490 0.381713 -0.052062 1.0000 0.9456 0.5671
v -0.082398 0.378540 -0.052062 1.0000 0.7982 0.2162
v -0.086493 0.375897 -0.052062 1.0000 0.7960 0.1986
v -0.091941 0.378540 -0.052062 1.0000 0.8028 0.2237
v -0.076027 0.354921 -0.051858 1.0000 0.8000 0.1922
v -0.075587 0.338579 -0.051709 1.0000 0.7960 0.2235
v -0.077798 0.347865 -0.051811 1.0000 0.7962 0.2082
v -0.079248 0.360184 -0.051933 1.0000 0.7960 0.2157
v -0.076307 0.365330 -0.051954 1.0000 0.7993 0.2037
v -0.073245 0.366001 -0.051933 1.0000 0.8010 0.2141
v -0.073975 0.351570 -0.051811 1.0000 0.8075 0.2583
v -0.101391 0.374629 -0.052062 1.0000 0.8000 0.2039
v -0.104266 0.378460 -0.052062 1.0000 0.8178 0.3178
v -0.099332 0.375805 -0.052062 1.0000 0.8000 0.2039
v -0.095284 0.372644 -0.052062 1.0000 0.7960 0.2039
v -0.099560 0.372189 -0.052062 1.0000 0.8000 0.2043
v -0.104623 0.372783 -0.052062 1.0000 0.8201 0.3096
v -0.105280 0.375893 -0.052062 1.0000 0.8154 0.3038
v -0.100671 0.368187 -0.051052 0.9970 0.8140 0.3308
v -0.103016 0.367279 -0.050310 0.9822 0.7560 0.2299
v -0.104391 0.367942 -0.050816 0.9975 0.8164 0.3613
v -0.104167 0.368710 -0.051424 1.0000 0.8274 0.3882
v -0.099177 0.368765 -0.051525 0.9970 0.8127 0.3251
v -0.094828 0.368571 -0.051424 0.9990 0.8229 0.3144
v -0.098443 0.367853 -0.050816 0.9829 0.7570 0.2316
v -0.100521 0.355952 -0.050043 1.0000 0.7921 0.2039
v -0.094733 0.360836 -0.050785 1.0000 0.7823 0.1979
v -0.098992 0.353664 -0.050279 1.0000 0.7982 0.2130
v -0.103907 0.347476 -0.049671 1.0000 0.8117 0.2236
v -0.104206 0.352842 -0.049570 1.0000 0.8087 0.2214
v -0.102921 0.359544 -0.049671 0.9992 0.8061 0.2156
v -0.098364 0.361350 -0.050279 1.0000 0.7804 0.1922
v -0.094682 0.341597 -0.051052 1.0000 0.8000 0.2157
v -0.100216 0.338401 -0.050309 1.0000 0.8059 0.2194
v -0.095888 0.346034 -0.050815 1.0000 0.8000 0.2235
v -0.091042 0.351761 -0.051423 1.0000 0.8000 0.2157
v -0.091158 0.343633 -0.051524 1.0000 0.8027 0.2181
v -0.092788 0.334630 -0.051422 1.0000 0.8000 0.2157
v -0.097000 0.335124 -0.050815 1.0000 0.8000 0.2157
v -0.083050 0.334124 -0.051858 1.0000 0.8039 0.2157
v -0.083688 0.347036 -0.051933 1.0000 0.8039 0.2157
v -0.081531 0.336811 -0.051811 1.0000 0.8039 0.2078
v -0.080027 0.325431 -0.051708 1.0000 0.7960 0.2157
v -0.082643 0.325901 -0.051810 1.0000 0.7995 0.2157
v -0.085434 0.329905 -0.051932 1.0000 0.8078 0.2157
v -0.084975 0.339661 -0.051953 1.0000 0.8039 0.2157
v -0.105958 0.306303 -0.050042 1.0000 0.8117 0.2235
v -0.110612 0.290505 -0.049671 1.0000 0.8189 0.2497
v -0.109806 0.302473 -0.049569 1.0000 0.8166 0.2627
v -0.107345 0.316087 -0.049671 1.0000 0.8117 0.2368
v -0.102994 0.316364 -0.050278 1.0000 0.8108 0.2235
v -0.099917 0.312316 -0.050784 1.0000 0.7965 0.2157
v -0.105075 0.300071 -0.050278 1.0000 0.8078 0.2157
v -0.104424 0.271555 -0.051044 1.0000 0.8039 0.2157
v -0.098947 0.290349 -0.051418 1.0000 0.8000 0.2157
v -0.101101 0.273478 -0.051515 1.0000 0.8000 0.2157
v -0.104683 0.255780 -0.051411 1.0000 0.8000 0.2157
v -0.107912 0.259586 -0.050807 1.0000 0.8039 0.2196
v -0.109643 0.268537 -0.050305 1.0000 0.8096 0.2157
v -0.104260 0.281602 -0.050811 1.0000 0.8078 0.2157
v -0.089830 0.287268 -0.051851 1.0000 0.8000 0.2157
v -0.095456 0.265714 -0.051920 1.0000 0.8000 0.2157
v -0.093343 0.281830 -0.051944 1.0000 0.8082 0.2235
v -0.089721 0.300283 -0.051928 1.0000 0.8050 0.2157
v -0.086247 0.300995 -0.051806 1.0000 0.7960 0.2154
v -0.084314 0.295808 -0.051704 1.0000 0.7960 0.2048
v -0.089900 0.278980 -0.051802 1.0000 0.7992 0.2157
v -0.119240 0.227208 -0.050036 0.9819 0.8088 0.2222
v -0.114049 0.227743 -0.050773 0.9568 0.7764 0.2235
v -0.119387 0.218742 -0.050270 0.9568 0.7725 0.2157
v -0.124662 0.213380 -0.049667 1.0000 0.8309 0.2915
v -0.122546 0.226867 -0.049566 1.0000 0.8274 0.3216
v -0.119010 0.240500 -0.049667 1.0000 0.8296 0.3024
v -0.115788 0.236014 -0.050270 0.9525 0.7747 0.2235
v -0.117634 0.204911 -0.051039 1.0000 0.7960 0.2235
v -0.123646 0.199284 -0.050301 0.9999 0.7970 0.2085
v -0.118534 0.206891 -0.050803 1.0000 0.7981 0.2215
v -0.113034 0.213647 -0.051407 0.9682 0.7651 0.2235
v -0.113806 0.208495 -0.051508 0.9600 0.7622 0.2235
v -0.116223 0.201802 -0.051408 1.0000 0.7960 0.2157
v -0.120564 0.199347 -0.050804 1.0000 0.7960 0.2054
v -0.127694 0.189989 -0.051872 0.9772 0.7601 0.1905
v -0.130006 0.189850 -0.050828 0.9623 0.7140 0.1565
v -0.125911 0.191415 -0.051247 0.9474 0.6798 0.1341
v -0.122583 0.192368 -0.051935 0.9710 0.7102 0.1513
v -0.126222 0.190077 -0.052537 0.9870 0.7987 0.2989
v -0.130494 0.187748 -0.052854 1.0000 0.8374 0.3431
v -0.130950 0.188473 -0.051833 0.9976 0.8184 0.2187
v -0.091438 0.253015 -0.053047 1.0000 0.7812 0.1946
v -0.085330 0.274153 -0.052460 1.0000 0.7921 0.2039
v -0.088232 0.258719 -0.053283 1.0000 0.7865 0.1983
v -0.092511 0.240834 -0.054004 1.0000 0.7723 0.1908
v -0.095328 0.239553 -0.053420 1.0000 0.7815 0.1922
v -0.096473 0.244059 -0.052677 1.0000 0.7948 0.2080
v -0.090755 0.260773 -0.052437 1.0000 0.7921 0.2039
v -0.104426 0.215005 -0.053244 0.9686 0.7548 0.2157
v -0.100723 0.216803 -0.054128 0.9686 0.7407 0.2035
v -0.104262 0.211806 -0.053526 0.9686 0.7526 0.2153
v -0.107872 0.208184 -0.052802 0.9610 0.7610 0.2177
v -0.106785 0.213860 -0.052680 0.9686 0.7618 0.2207
v -0.104684 0.220029 -0.052801 0.9686 0.7647 0.2235
v -0.102232 0.219350 -0.053525 0.9686 0.7528 0.2155
v -0.118325 0.182589 -0.054838 1.0000 0.7974 0.2088
v -0.113746 0.177007 -0.055975 1.0000 0.7843 0.2039
v -0.119386 0.179340 -0.055492 1.0000 0.7979 0.2126
v -0.124571 0.183070 -0.054729 1.0000 0.7994 0.2121
v -0.121242 0.186144 -0.054114 1.0000 0.7960 0.2086
v -0.116659 0.187690 -0.053810 1.0000 0.7938 0.2039
v -0.114348 0.182283 -0.054907 1.0000 0.7899 0.2039
v -0.104675 0.194588 -0.055207 1.0000 0.7771 0.1922
v -0.108030 0.195276 -0.054043 1.0000 0.7837 0.2023
v -0.104394 0.200954 -0.054569 1.0000 0.7804 0.1922
v -0.100880 0.203895 -0.055369 0.9759 0.7688 0.2014
v -0.102539 0.194150 -0.055948 1.0000 0.7826 0.1922
v -0.105116 0.184593 -0.056208 1.0000 0.8588 0.2902
v -0.107093 0.188661 -0.055103 1.0000 0.7804 0.1922
v -0.128079 0.170278 -0.056009 1.0000 0.7921 0.2039
v -0.130737 0.175287 -0.055469 1.0000 0.8039 0.2078
v -0.124571 0.172797 -0.056115 1.0000 0.7921 0.2039
v -0.119912 0.169224 -0.056715 1.0000 0.7861 0.1979
v -0.126386 0.167088 -0.056353 1.0000 0.8229 0.2157
v -0.133587 0.166323 -0.055842 1.0000 0.7843 0.2039
v -0.133280 0.170949 -0.055559 1.0000 0.7960 0.2099
v -0.086412 0.249849 -0.056366 0.0253 0.0224 0.0106
v -0.087750 0.238564 -0.058438 0.8249 0.8286 0.8583
v -0.089125 0.235645 -0.057517 0.3867 0.3884 0.4023
v -0.089334 0.238832 -0.056102 0.2931 0.2931 0.0654
v -0.085560 0.257036 -0.055047 0.9926 0.8224 0.2182
v -0.082153 0.272151 -0.054559 0.9677 0.9359 0.6232
v -0.084551 0.256865 -0.056534 0.2862 0.2675 0.0947
v -0.096760 0.202157 -0.058525 0.8127 0.7781 0.6097
v -0.100112 0.189378 -0.058306 0.8706 0.8902 0.9372
v -0.098332 0.198173 -0.057712 0.1012 0.0913 0.0466
v -0.095876 0.208681 -0.057467 0.3626 0.3750 0.3938
v -0.094625 0.210296 -0.058665 0.7551 0.7761 0.8172
v -0.094292 0.208413 -0.059803 0.7764 0.7960 0.8392
v -0.097323 0.198003 -0.059199 0.9032 0.8626 0.6760
v -0.024890 0.256983 -0.052820 0.7358 0.7583 0.8206
v -0.043258 0.276661 -0.052317 0.7412 0.7573 0.8199
v -0.009628 0.265841 -0.050670 0.7372 0.7592 0.8211
v 0.017442 0.251214 -0.049948 0.7099 0.7281 0.7882
v -0.013192 0.244451 -0.053141 0.7098 0.7176 0.7843
v -0.048855 0.243074 -0.056196 0.7493 0.7690 0.8278
v -0.051851 0.260657 -0.054649 0.7529 0.7686 0.8274
v 0.027225 0.216147 -0.053218 0.7412 0.7668 0.8262
v 0.050390 0.225397 -0.050200 0.7412 0.7625 0.8241
v 0.054695 0.215440 -0.051162 0.7412 0.7668 0.8262
v 0.047192 0.205788 -0.053008 0.7415 0.7617 0.8228
v 0.012472 0.210257 -0.055141 0.7529 0.7686 0.8274
v -0.015907 0.217257 -0.056448 0.7412 0.7568 0.8274
v 0.014508 0.222745 -0.053352 0.7516 0.7677 0.8274
v 0.019016 0.173550 -0.059418 0.7529 0.7686 0.8274
v 0.036143 0.151466 -0.060960 0.7487 0.7672 0.8273
v 0.004377 0.170170 -0.061005 0.7537 0.7691 0.8389
v -0.021096 0.190327 -0.060367 0.7361 0.7556 0.8392
v 0.008109 0.187615 -0.058437 0.7574 0.7709 0.8243
v 0.042002 0.178857 -0.056928 0.7412 0.7656 0.8254
v 0.044563 0.162866 -0.058814 0.7416 0.7624 0.8241
v -0.043446 0.166694 -0.061179 0.7647 0.7764 0.8274
v -0.060586 0.185992 -0.061480 0.7333 0.7490 0.8196
v -0.028824 0.166526 -0.061940 0.7645 0.7802 0.8277
v -0.003347 0.147132 -0.062073 0.7647 0.7843 0.8275
v -0.032530 0.154404 -0.060987 0.7665 0.7770 0.8292
v -0.066406 0.166958 -0.059984 0.7647 0.7765 0.8274
v -0.068985 0.179153 -0.060610 0.7597 0.7761 0.8291
v 0.003856 0.115954 -0.060477 0.7907 0.7949 0.8381
v 0.021510 0.097929 -0.060261 0.7945 0.7960 0.8392
v -0.010604 0.116527 -0.059743 0.7963 0.8079 0.8392
v -0.036502 0.134879 -0.059540 0.7647 0.7811 0.8348
v -0.007388 0.127433 -0.060614 0.7764 0.7804 0.8392
v 0.026558 0.115053 -0.061629 0.7345 0.7575 0.8200
v 0.029558 0.103900 -0.061074 0.7764 0.8000 0.8392
v -0.065691 0.131293 -0.057792 0.8078 0.8117 0.8392
v -0.080470 0.144577 -0.057842 0.7764 0.7883 0.8392
v -0.047570 0.124681 -0.058316 0.7978 0.8114 0.8410
v -0.022459 0.107627 -0.058564 0.7960 0.8039 0.8392
v -0.056279 0.122833 -0.057760 0.7960 0.8039 0.8392
v -0.094145 0.141676 -0.056970 0.7779 0.7944 0.8392
v -0.093225 0.146366 -0.057300 0.7764 0.7858 0.8392
v -0.020803 0.076874 -0.057461 0.7801 0.7957 0.8392
v -0.002563 0.050129 -0.057267 0.7647 0.7804 0.8274
v -0.037822 0.079200 -0.056891 0.7915 0.7960 0.8392
v -0.065766 0.107272 -0.056760 0.8078 0.8000 0.8392
v -0.032419 0.093908 -0.057584 0.7764 0.7960 0.8392
v 0.005920 0.073222 -0.058355 0.7764 0.7882 0.8392
v 0.007833 0.057515 -0.057907 0.7764 0.7843 0.8277
v -0.095018 0.084345 -0.055746 0.7921 0.7960 0.8392
v -0.112686 0.111995 -0.055676 0.8078 0.8117 0.8392
v -0.077270 0.083171 -0.055980 0.7870 0.7960 0.8392
v -0.049483 0.054852 -0.056183 0.7764 0.7934 0.8392
v -0.083766 0.066736 -0.055790 0.7764 0.7921 0.8392
v -0.122886 0.086188 -0.055378 0.7960 0.8078 0.8392
v -0.124019 0.103128 -0.055467 0.7960 0.8117 0.8392
v -0.046644 0.011878 -0.055380 0.7582 0.7716 0.8092
v -0.028729 -0.013777 -0.055042 0.7412 0.7647 0.8078
v -0.064314 0.013687 -0.055016 0.7764 0.7904 0.8340
v -0.092303 0.040373 -0.055147 0.7764 0.7921 0.8379
v -0.058054 0.028217 -0.055596 0.7764 0.7960 0.8392
v -0.018900 0.009038 -0.055952 0.7543 0.7707 0.8078
v -0.017565 -0.006270 -0.055529 0.7528 0.7647 0.8078
v -0.118954 0.026760 -0.054566 0.7764 0.7843 0.8274
v -0.138019 0.049782 -0.054632 0.7843 0.7960 0.8392
v -0.102749 0.021597 -0.054583 0.7764 0.7843 0.8274
v -0.074445 -0.004368 -0.054527 0.8262 0.8330 0.8622
v -0.106813 0.012098 -0.054524 0.7647 0.7804 0.8274
v -0.144400 0.034867 -0.054538 0.7764 0.7932 0.8392
v -0.147302 0.046585 -0.054590 0.7843 0.8000 0.8392
v -0.072538 -0.043644 -0.053848 0.7412 0.7412 0.7960
v -0.057460 -0.072410 -0.053387 0.7216 0.7333 0.8078
v -0.090013 -0.040310 -0.053705 0.7412 0.7575 0.8078
v -0.115055 -0.009644 -0.054085 0.7647 0.7804 0.8392
v -0.082141 -0.025324 -0.054142 0.7483 0.7694 0.8114
v -0.045100 -0.048879 -0.054073 0.7412 0.7451 0.7960
v -0.045461 -0.065298 -0.053698 0.7412 0.7333 0.7843
v -0.142936 -0.022096 -0.053859 0.7647 0.7804 0.8392
v -0.159562 0.003979 -0.054091 0.7764 0.7877 0.8308
v -0.127432 -0.028857 -0.053710 0.7529 0.7686 0.8196
v -0.101967 -0.058787 -0.053393 0.7391 0.7556 0.8030
v -0.132348 -0.038703 -0.053710 0.7412 0.7725 0.8078
v -0.167280 -0.011480 -0.054091 0.7710 0.7822 0.8392
v -0.169029 0.001272 -0.054155 0.7764 0.7843 0.8313
v -0.158327 -0.049808 -0.053859 0.7412 0.7668 0.8139
v -0.177010 -0.029000 -0.054091 0.7690 0.7779 0.8392
v -0.140529 -0.053432 -0.053711 0.7418 0.7684 0.8085
v -0.111697 -0.076307 -0.053394 0.7441 0.7562 0.8089
v -0.146428 -0.063060 -0.053711 0.7412 0.7620 0.8159
v -0.186273 -0.044117 -0.054092 0.7541 0.7706 0.8216
v -0.188024 -0.032931 -0.054155 0.7606 0.7804 0.8247
v -0.111291 -0.113210 -0.052783 0.7098 0.7145 0.7764
v -0.095376 -0.139039 -0.052225 0.7041 0.7137 0.7764
v -0.129971 -0.111184 -0.052828 0.7144 0.7284 0.7809
v -0.156536 -0.084201 -0.053412 0.7412 0.7451 0.8078
v -0.121427 -0.096760 -0.053139 0.7200 0.7283 0.7828
v -0.081960 -0.116390 -0.052714 0.7098 0.7176 0.7764
v -0.082475 -0.131685 -0.052383 0.6980 0.7140 0.7764
v -0.189535 -0.099232 -0.053416 0.7412 0.7469 0.8078
v -0.144843 -0.130202 -0.052625 0.7291 0.7412 0.7979
v -0.179047 -0.114433 -0.053164 0.7333 0.7451 0.8078
v -0.217759 -0.092131 -0.053812 0.7412 0.7604 0.8078
v -0.217999 -0.079508 -0.053920 0.7412 0.7647 0.8078
v -0.206004 -0.075364 -0.053812 0.7484 0.7647 0.8078
v -0.171560 -0.103755 -0.053164 0.7333 0.7490 0.8078
v -0.147680 -0.167122 -0.052266 0.6902 0.6980 0.7764
v -0.191298 -0.135052 -0.053085 0.7333 0.7412 0.8078
v -0.156800 -0.150519 -0.052553 0.6995 0.7092 0.7630
v -0.118382 -0.173123 -0.051898 0.6785 0.6980 0.7764
v -0.119901 -0.187547 -0.051744 0.6785 0.6980 0.7764
v -0.133361 -0.193192 -0.051815 0.6785 0.6824 0.7412
v -0.166340 -0.163300 -0.052500 0.6785 0.6980 0.7647
v -0.174349 -0.199821 -0.052278 0.6628 0.6824 0.7412
v -0.208158 -0.155724 -0.053092 0.6785 0.7020 0.7647
v -0.180515 -0.180681 -0.052507 0.6761 0.6853 0.7483
v -0.150222 -0.213864 -0.051823 0.6789 0.6955 0.7611
v -0.152817 -0.227905 -0.051759 0.6550 0.6728 0.7444
v -0.164668 -0.229873 -0.051919 0.6471 0.6667 0.7412
v -0.189716 -0.190877 -0.052568 0.6667 0.6829 0.7427
v -0.238935 -0.161523 -0.053621 0.6785 0.7020 0.7647
v -0.205500 -0.205661 -0.052768 0.6550 0.6706 0.7412
v -0.232531 -0.180637 -0.053417 0.6783 0.6901 0.7527
v -0.262315 -0.147397 -0.054153 0.7310 0.7476 0.8078
v -0.260229 -0.133413 -0.054164 0.7333 0.7529 0.8078
v -0.248991 -0.131512 -0.053941 0.7357 0.7503 0.8078
v -0.224045 -0.170520 -0.053282 0.6785 0.6980 0.7529
v -0.211593 -0.241989 -0.052557 0.6416 0.6612 0.7375
v -0.245029 -0.198268 -0.053481 0.6550 0.6745 0.7412
v -0.217998 -0.223407 -0.052851 0.6440 0.6654 0.7391
v -0.188214 -0.256533 -0.052095 0.6231 0.6464 0.7319
v -0.190298 -0.269834 -0.051969 0.6550 0.6902 0.7764
v -0.201535 -0.271166 -0.052096 0.6550 0.6902 0.7764
v -0.226482 -0.232726 -0.052851 0.6469 0.6668 0.7415
v -0.273425 -0.200360 -0.054323 0.6473 0.6669 0.7414
v -0.240626 -0.244847 -0.053212 0.6785 0.6902 0.7764
v -0.266613 -0.218454 -0.054149 0.6785 0.6980 0.7764
v -0.295528 -0.184283 -0.055160 0.6485 0.6688 0.7433
v -0.294313 -0.172027 -0.055031 0.6785 0.6980 0.7647
v -0.284120 -0.171950 -0.054597 0.6785 0.6980 0.7764
v -0.259348 -0.210599 -0.053790 0.6490 0.6695 0.7440
v -0.246962 -0.279744 -0.053068 0.6346 0.6565 0.7412
v -0.238192 -0.309727 -0.052419 0.6118 0.6354 0.7383
v -0.261652 -0.270006 -0.053482 0.6471 0.6628 0.7412
v -0.278798 -0.234471 -0.054367 0.6785 0.6980 0.7764
v -0.252547 -0.260649 -0.053482 0.6785 0.6980 0.7764
v -0.223896 -0.295035 -0.052418 0.6236 0.6510 0.7412
v -0.226687 -0.308578 -0.052241 0.6118 0.6393 0.7412
v -0.309201 -0.237644 -0.055850 0.6785 0.6980 0.7764
v -0.318146 -0.207854 -0.056125 0.6980 0.7160 0.7843
v -0.294734 -0.247628 -0.054960 0.6785 0.6980 0.7764
v -0.277541 -0.283111 -0.054177 0.6301 0.6515 0.7412
v -0.303504 -0.256616 -0.055674 0.6471 0.6667 0.7412
v -0.331916 -0.221967 -0.057246 0.6956 0.7180 0.7850
v -0.329365 -0.208687 -0.056915 0.6980 0.7137 0.7764
v -0.310063 -0.294164 -0.054558 0.6039 0.6276 0.7098
v -0.278085 -0.318843 -0.053361 0.5804 0.6138 0.7098
v -0.295798 -0.317387 -0.053367 0.5928 0.6240 0.7216
v -0.319641 -0.305949 -0.053884 0.6039 0.6298 0.7098
v -0.330428 -0.278446 -0.055321 0.6118 0.6388 0.7159
v -0.332461 -0.257700 -0.056430 0.6348 0.6546 0.7327
v -0.303962 -0.286659 -0.054988 0.6325 0.6530 0.7412
v -0.278183 -0.366273 -0.052251 0.5176 0.5530 0.6785
v -0.257931 -0.364432 -0.051902 0.5176 0.5569 0.6785
v -0.264616 -0.375658 -0.052140 0.5022 0.5427 0.6785
v -0.277132 -0.382850 -0.052425 0.4527 0.4865 0.5988
v -0.291082 -0.367446 -0.052473 0.4823 0.5255 0.6471
v -0.299487 -0.351538 -0.052426 0.5490 0.5761 0.6893
v -0.278853 -0.355716 -0.052140 0.5255 0.5647 0.6902
v -0.373846 -0.246289 -0.055928 0.6550 0.6706 0.7412
v -0.359966 -0.275682 -0.054750 0.6471 0.6667 0.7395
v -0.374521 -0.258298 -0.055057 0.6553 0.6787 0.7412
v -0.388786 -0.235753 -0.055738 0.6097 0.6330 0.7094
v -0.382686 -0.227569 -0.056678 0.6404 0.6625 0.7392
v -0.372786 -0.227432 -0.057296 0.6471 0.6667 0.7412
v -0.364331 -0.252999 -0.056049 0.6471 0.6667 0.7412
v 0.116186 0.406065 -0.036424 0.9057 0.9062 0.9374
v 0.119439 0.406065 -0.033643 0.9180 0.9274 0.9504
v 0.117850 0.406065 -0.035541 0.9236 0.9238 0.9462
v 0.115546 0.406065 -0.037818 0.8829 0.8838 0.9262
v 0.114115 0.406065 -0.038196 0.9055 0.9034 0.9031
v 0.113574 0.406065 -0.037812 0.9108 0.9081 0.9057
v 0.116594 0.406065 -0.035537 0.9227 0.9253 0.9469
v 0.114683 0.406065 -0.023221 0.8869 0.8901 0.8869
v 0.112937 0.406065 -0.014902 0.8851 0.8763 0.8851
v 0.115995 0.406065 -0.019244 0.8360 0.8400 0.8373
v 0.118488 0.406065 -0.025296 0.9097 0.9183 0.9231
v 0.115795 0.406065 -0.028519 0.9273 0.9305 0.9322
v 0.112624 0.406065 -0.029464 0.9035 0.9054 0.9035
v 0.112260 0.406065 -0.021899 0.8979 0.8993 0.8979
v 0.119998 0.406065 -0.010022 0.8729 0.8768 0.8752
v 0.121849 0.406065 -0.016952 0.8849 0.8884 0.8954
v 0.118820 0.406065 -0.012229 0.8491 0.8423 0.8676
v 0.116297 0.406065 -0.006558 0.8274 0.8313 0.8509
v 0.118819 0.406065 -0.005609 0.8494 0.8535 0.8620
v 0.121848 0.406065 -0.006558 0.8823 0.8902 0.9058
v 0.122355 0.406065 -0.012229 0.8904 0.8916 0.9075
v -0.095747 0.333293 -0.010905 0.6238 0.6317 0.6571
v -0.085806 0.333281 -0.007117 0.6471 0.6472 0.6668
v -0.092581 0.333337 -0.013317 0.6369 0.6408 0.6648
v -0.100717 0.333374 -0.018480 0.5439 0.5435 0.5607
v -0.102078 0.333300 -0.013317 0.5566 0.5583 0.5767
v -0.100718 0.333223 -0.007117 0.5870 0.5914 0.6185
v -0.092581 0.333241 -0.006080 0.6471 0.6485 0.6707
v -0.082216 0.333345 -0.021261 0.5221 0.5205 0.5334
v -0.092163 0.333407 -0.025028 0.4103 0.4112 0.4224
v -0.085389 0.333365 -0.018822 0.5906 0.5828 0.5940
v -0.077251 0.333314 -0.013664 0.6236 0.6354 0.6471
v -0.075881 0.333306 -0.018862 0.5904 0.5859 0.5937
v -0.077234 0.333314 -0.025091 0.4209 0.4134 0.4216
v -0.085378 0.333365 -0.026099 0.4078 0.4078 0.4196
v -0.013288 0.333261 -0.010961 0.6471 0.6490 0.6724
v 0.027466 0.333261 -0.007151 0.6471 0.6472 0.6668
v -0.000305 0.333261 -0.013387 0.6471 0.6510 0.6785
v -0.033657 0.333261 -0.018579 0.6471 0.6510 0.6667
v -0.039244 0.333261 -0.013387 0.6471 0.6510 0.6718
v -0.033674 0.333261 -0.007152 0.6471 0.6471 0.6667
v -0.000316 0.333261 -0.006109 0.6471 0.6486 0.6711
v -0.010203 0.333261 -0.037557 0.4941 0.4941 0.5176
v 0.029285 0.333261 -0.038528 0.4823 0.4784 0.5059
v 0.003492 0.333261 -0.038935 0.4858 0.4902 0.5176
v -0.028187 0.333261 -0.038750 0.4823 0.4902 0.5176
v -0.035352 0.333261 -0.036939 0.4823 0.4902 0.5176
v -0.031706 0.333261 -0.035394 0.4823 0.4902 0.5176
v 0.001251 0.333261 -0.036797 0.4941 0.4902 0.5176
v 0.042005 0.333261 -0.024158 0.6118 0.6197 0.6236
v 0.001300 0.333261 -0.026922 0.6118 0.6197 0.6471
v 0.029085 0.333261 -0.020401 0.6471 0.6510 0.6785
v 0.062424 0.333261 -0.015495 0.6471 0.6510 0.6785
v 0.067929 0.333261 -0.022397 0.6256 0.6357 0.6498
v 0.062291 0.333261 -0.030057 0.5688 0.5868 0.6002
v 0.029001 0.333261 -0.029675 0.5820 0.5843 0.6126
v 0.101256 0.357529 -0.026999 0.5804 0.5725 0.6118
v 0.104135 0.375380 -0.031853 0.3362 0.3501 0.3697
v 0.102131 0.363213 -0.033181 0.3348 0.3341 0.3413
v 0.099751 0.348604 -0.031853 0.3921 0.4039 0.4235
v 0.099423 0.346160 -0.023907 0.5528 0.5606 0.5841
v 0.099883 0.348604 -0.017291 0.5804 0.5882 0.6118
v 0.102215 0.363213 -0.023907 0.5804 0.5766 0.6118
v 0.105514 0.381797 -0.013801 0.5804 0.5882 0.6118
v 0.102575 0.363946 -0.008947 0.5833 0.5892 0.6148
v 0.104678 0.376113 -0.007618 0.5804 0.5882 0.6118
v 0.107140 0.390723 -0.008947 0.6562 0.6682 0.6914
v 0.107386 0.393166 -0.016892 0.6517 0.6648 0.6830
v 0.106827 0.390723 -0.023509 0.5809 0.5949 0.6123
v 0.104478 0.376113 -0.016892 0.5804 0.5882 0.6118
v -0.425037 -0.238567 0.022970 1.0000 0.7274 0.1476
v -0.427143 -0.231329 0.023465 1.0000 0.7360 0.1557
v -0.427751 -0.238366 0.023128 1.0000 0.7537 0.1664
v -0.427193 -0.245490 0.022723 1.0000 0.7956 0.2825
v -0.423695 -0.243177 0.022655 1.0000 0.7653 0.2709
v -0.420774 -0.238883 0.022722 0.9974 0.7014 0.1291
v -0.423663 -0.234158 0.023128 0.9960 0.7056 0.1357
v -0.435124 -0.243065 0.022970 1.0000 0.8103 0.2512
v -0.433570 -0.248333 0.022723 1.0000 0.8117 0.2265
v -0.433113 -0.240757 0.023128 1.0000 0.8000 0.2067
v -0.433520 -0.234172 0.023465 1.0000 0.7994 0.2718
v -0.436113 -0.239709 0.023128 1.0000 0.8216 0.3114
v -0.438281 -0.246689 0.022722 1.0000 0.8279 0.3259
v -0.436145 -0.248728 0.022655 1.0000 0.8126 0.2541
v -0.439434 -0.259994 0.022297 1.0000 0.8274 0.3040
v -0.441001 -0.263555 0.022297 1.0000 0.8310 0.3412
v -0.438433 -0.261652 0.022297 1.0000 0.8274 0.2950
v -0.436295 -0.259036 0.022297 1.0000 0.8246 0.3262
v -0.438436 -0.257727 0.022297 1.0000 0.8258 0.3056
v -0.441006 -0.257392 0.022297 1.0000 0.8396 0.3675
v -0.441433 -0.260604 0.022297 1.0000 0.8345 0.3588
v -0.435684 -0.265480 0.022297 1.0000 0.8392 0.4196
v -0.433925 -0.262504 0.022297 1.0000 0.8411 0.4196
v -0.436440 -0.264567 0.022297 1.0000 0.8221 0.3713
v -0.438630 -0.267023 0.022297 1.0000 0.8274 0.3273
v -0.436805 -0.267375 0.022297 1.0000 0.8273 0.3769
v -0.434497 -0.266912 0.022297 1.0000 0.8483 0.4490
v -0.433808 -0.264497 0.022297 1.0000 0.8469 0.4443
v -0.438845 -0.274310 0.022297 1.0000 0.8274 0.3216
v -0.439410 -0.277830 0.022297 1.0000 0.8310 0.3502
v -0.437709 -0.275395 0.022297 1.0000 0.8279 0.3265
v -0.436495 -0.272495 0.022297 1.0000 0.8329 0.3733
v -0.438484 -0.272068 0.022297 1.0000 0.8277 0.3243
v -0.440628 -0.272605 0.022297 1.0000 0.8277 0.3545
v -0.440341 -0.275466 0.022297 1.0000 0.8334 0.3621
v -0.433944 -0.278432 0.022297 1.0000 0.8276 0.4076
v -0.433397 -0.275101 0.022297 1.0000 0.8431 0.4510
v -0.435104 -0.277586 0.022297 1.0000 0.8245 0.3867
v -0.436312 -0.280436 0.022297 1.0000 0.8274 0.3224
v -0.434292 -0.280554 0.022297 1.0000 0.8276 0.3846
v -0.432122 -0.279760 0.022297 1.0000 0.8431 0.4510
v -0.432436 -0.277156 0.022297 1.0000 0.8431 0.4510
v -0.435512 -0.285265 0.022297 1.0000 0.8310 0.3509
v -0.436119 -0.286960 0.022297 1.0000 0.8350 0.3877
v -0.434371 -0.285589 0.022297 1.0000 0.8313 0.3451
v -0.433114 -0.284079 0.022297 1.0000 0.8350 0.3689
v -0.435125 -0.284185 0.022297 1.0000 0.8295 0.3386
v -0.437303 -0.284756 0.022297 1.0000 0.8294 0.3909
v -0.437039 -0.286020 0.022297 1.0000 0.8354 0.3975
v -0.431247 -0.290520 0.022297 1.0000 0.8313 0.3451
v -0.429902 -0.293875 0.022297 1.0000 0.8279 0.3614
v -0.429862 -0.290671 0.022297 1.0000 0.8317 0.3474
v -0.430418 -0.287401 0.022297 1.0000 0.8397 0.4026
v -0.432104 -0.288382 0.022297 1.0000 0.8313 0.3451
v -0.433423 -0.290282 0.022297 1.0000 0.8329 0.3804
v -0.431776 -0.292505 0.022297 1.0000 0.8320 0.3778
v -0.425400 -0.291233 0.022297 1.0000 0.8431 0.4510
v -0.426721 -0.287852 0.022297 1.0000 0.8431 0.4510
v -0.426754 -0.291050 0.022297 1.0000 0.8413 0.4391
v -0.426205 -0.294326 0.022297 1.0000 0.8274 0.3529
v -0.424559 -0.293386 0.022297 1.0000 0.8394 0.4219
v -0.423275 -0.291520 0.022297 1.0000 0.8431 0.4510
v -0.424888 -0.289263 0.022297 1.0000 0.8431 0.4510
v -0.399050 -0.306845 0.022297 0.9921 0.8353 0.4392
v -0.409546 -0.304197 0.022297 0.9976 0.8277 0.3869
v -0.394232 -0.310320 0.022298 1.0000 0.8431 0.4510
v -0.380989 -0.314949 0.022298 0.9603 0.6415 0.1134
v -0.392366 -0.308532 0.022298 0.9987 0.8074 0.4411
v -0.406616 -0.301390 0.022297 0.9959 0.8330 0.4196
v -0.410553 -0.301684 0.022297 0.9921 0.8274 0.4196
v -0.370704 -0.326315 0.022298 1.0000 0.7387 0.1608
v -0.391625 -0.316506 0.022298 1.0000 0.8208 0.3431
v -0.375567 -0.325714 0.022298 1.0000 0.7855 0.2718
v -0.357419 -0.335181 0.022298 1.0000 0.7571 0.1981
v -0.357380 -0.332562 0.022298 1.0000 0.7137 0.1294
v -0.363068 -0.327258 0.022298 0.9956 0.7178 0.1354
v -0.379165 -0.320668 0.022298 1.0000 0.7650 0.1616
v 0.110749 0.431783 0.027495 0.8627 0.8862 0.9255
v 0.108032 0.434038 0.028021 0.8535 0.8715 0.9170
v 0.109884 0.431677 0.028881 0.8627 0.8821 0.9255
v 0.112108 0.429362 0.029145 0.8627 0.8862 0.9255
v 0.112480 0.430346 0.027160 0.8627 0.8862 0.9255
v 0.112108 0.431948 0.025319 0.8554 0.8716 0.9181
v 0.109884 0.433324 0.026444 0.8529 0.8682 0.9153
v 0.107055 0.430891 0.034407 0.8706 0.8823 0.9255
v 0.109772 0.428798 0.033515 0.8692 0.8830 0.9255
v 0.107920 0.431203 0.032555 0.8702 0.8821 0.9255
v 0.105696 0.433474 0.032391 0.8627 0.8784 0.9255
v 0.105324 0.432224 0.034975 0.8627 0.8823 0.9255
v 0.105696 0.430400 0.037315 0.8638 0.8823 0.9255
v 0.107920 0.429245 0.035691 0.8706 0.8823 0.9255
v 0.107054 0.423217 0.041561 0.8706 0.8823 0.9353
v 0.105696 0.425548 0.041838 0.8706 0.8823 0.9255
v 0.105323 0.422752 0.043805 0.8627 0.8823 0.9255
v 0.105695 0.420155 0.044808 0.8634 0.8823 0.9265
v 0.107920 0.421731 0.041385 0.8706 0.8823 0.9372
v 0.109772 0.423946 0.038038 0.8697 0.8819 0.9255
v 0.107920 0.425166 0.039494 0.8706 0.8823 0.9255
v 0.110749 0.418328 0.040014 0.8627 0.8784 0.9255
v 0.108031 0.417065 0.043830 0.8706 0.8823 0.9255
v 0.109884 0.416719 0.041896 0.8671 0.8806 0.9255
v 0.112108 0.417065 0.039153 0.8571 0.8732 0.9205
v 0.112480 0.419133 0.037584 0.8627 0.8784 0.9255
v 0.112108 0.420856 0.037060 0.8627 0.8784 0.9255
v 0.109884 0.419133 0.040563 0.8681 0.8757 0.9335
v 0.107054 0.411950 0.046535 0.8674 0.8760 0.9325
v 0.105695 0.413032 0.047952 0.8627 0.8846 0.9255
v 0.105323 0.411261 0.048611 0.8627 0.8862 0.9255
v 0.105695 0.409786 0.048377 0.8622 0.8826 0.9250
v 0.107920 0.411261 0.045633 0.8641 0.8777 0.9276
v 0.109772 0.413032 0.043276 0.8635 0.8788 0.9255
v 0.107920 0.413329 0.045362 0.8670 0.8768 0.9311
v 0.110749 0.409008 0.042742 0.8516 0.8710 0.9144
v 0.108031 0.407925 0.045979 0.8509 0.8706 0.9137
v 0.109884 0.407629 0.043930 0.8411 0.8607 0.9071
v 0.112108 0.407925 0.041369 0.8447 0.8643 0.9095
v 0.112480 0.409697 0.040680 0.8588 0.8784 0.9233
v 0.112108 0.411172 0.040878 0.8506 0.8702 0.9135
v 0.109884 0.409697 0.043616 0.8572 0.8772 0.9200
v 0.106833 0.399003 0.045991 0.7817 0.8002 0.8454
v 0.105556 0.401601 0.048033 0.8211 0.8353 0.8854
v 0.105051 0.397349 0.047627 0.7884 0.8080 0.8535
v 0.105312 0.393809 0.046517 0.7650 0.7865 0.8335
v 0.107647 0.397349 0.044690 0.7602 0.7825 0.8310
v 0.109632 0.401601 0.043423 0.7912 0.8025 0.8589
v 0.107802 0.402312 0.045656 0.8114 0.8219 0.8755
v 0.110372 0.390980 0.041069 0.7272 0.7381 0.8078
v 0.107549 0.388736 0.043405 0.7333 0.7451 0.8196
v 0.109418 0.387446 0.041552 0.7333 0.7422 0.8110
v 0.111697 0.387675 0.039492 0.7333 0.7412 0.8078
v 0.112170 0.392408 0.039582 0.7247 0.7450 0.8078
v 0.111870 0.396528 0.040312 0.7275 0.7476 0.8103
v 0.109528 0.393084 0.042074 0.7268 0.7457 0.8098
v 0.104531 0.362140 0.044861 0.7501 0.7669 0.8263
v 0.101732 0.346474 0.046893 0.7487 0.7722 0.8392
v 0.104961 0.356813 0.044262 0.7412 0.7533 0.8204
v 0.108005 0.369442 0.041889 0.7252 0.7527 0.8181
v 0.106314 0.372117 0.043568 0.7333 0.7568 0.8196
v 0.103857 0.370503 0.045802 0.7529 0.7764 0.8391
v 0.102319 0.357489 0.046754 0.7529 0.7764 0.8392
v 0.117816 0.398042 0.034482 0.7804 0.8000 0.8439
v 0.116404 0.392140 0.035327 0.7227 0.7422 0.8079
v 0.118606 0.396162 0.033422 0.7554 0.7785 0.8287
v 0.120469 0.400993 0.031973 0.8386 0.8537 0.9011
v 0.118715 0.401800 0.033944 0.8305 0.8501 0.8955
v 0.116576 0.400993 0.036147 0.8080 0.8129 0.8709
v 0.116126 0.396162 0.036081 0.7411 0.7646 0.8096
v 0.108120 0.338788 0.039846 0.7333 0.7451 0.8078
v 0.110274 0.354679 0.038718 0.7255 0.7451 0.8078
v 0.106868 0.344401 0.041596 0.7309 0.7467 0.8102
v 0.104001 0.331711 0.043722 0.7239 0.7537 0.8211
v 0.106748 0.328668 0.040565 0.7333 0.7451 0.8078
v 0.110085 0.329975 0.037098 0.7268 0.7483 0.8098
v 0.110743 0.343296 0.037378 0.7333 0.7451 0.8078
v 0.100197 0.291889 0.042188 0.7412 0.7686 0.8274
v 0.096523 0.273282 0.042782 0.7764 0.7927 0.8392
v 0.100965 0.285411 0.040268 0.7529 0.7686 0.8274
v 0.105076 0.300325 0.038579 0.7412 0.7603 0.8219
v 0.102537 0.303740 0.041809 0.7412 0.7567 0.8195
v 0.098992 0.302061 0.045203 0.7529 0.7764 0.8335
v 0.097090 0.286517 0.044487 0.7647 0.7843 0.8392
v 0.125526 0.388005 0.026317 0.8417 0.8456 0.8730
v 0.125343 0.394647 0.026811 0.9133 0.9106 0.9285
v 0.122704 0.390828 0.029082 0.7853 0.7864 0.8358
v 0.121278 0.385795 0.030165 0.7335 0.7510 0.8078
v 0.125643 0.383775 0.026003 0.8184 0.8260 0.8573
v 0.129958 0.383574 0.021977 0.8989 0.8972 0.9182
v 0.128232 0.389413 0.023867 0.8943 0.9100 0.9256
v 0.129211 0.396029 0.013857 0.9071 0.9120 0.9243
v 0.132287 0.388647 0.014099 0.9058 0.9137 0.9255
v 0.130191 0.393678 0.010624 0.8557 0.8590 0.8877
v 0.127673 0.399720 0.008539 0.9113 0.9148 0.9240
v 0.127252 0.400731 0.013703 0.9394 0.9379 0.9536
v 0.127673 0.399720 0.018933 0.9561 0.9561 0.9686
v 0.130190 0.393678 0.017244 0.9364 0.9367 0.9370
v 0.116721 0.342650 0.030940 0.7255 0.7490 0.8078
v 0.118928 0.338413 0.028265 0.8518 0.8557 0.8832
v 0.117484 0.349167 0.030604 0.7190 0.7409 0.8078
v 0.115711 0.357120 0.033088 0.7333 0.7420 0.8078
v 0.115315 0.345348 0.032644 0.7255 0.7490 0.8078
v 0.115523 0.332416 0.031467 0.7639 0.7801 0.8274
v 0.117364 0.333434 0.029572 0.8408 0.8577 0.8830
v 0.124758 0.363027 0.024987 0.8082 0.8125 0.8401
v 0.124010 0.351296 0.024501 0.8502 0.8541 0.8816
v 0.127284 0.358584 0.022224 0.8655 0.8694 0.8998
v 0.129472 0.367782 0.021135 0.8658 0.8721 0.9005
v 0.125235 0.370498 0.025296 0.8078 0.8117 0.8392
v 0.120792 0.370003 0.029324 0.7503 0.7568 0.8156
v 0.121756 0.359999 0.027440 0.8078 0.8196 0.8509
v 0.102660 0.264328 0.033694 0.7309 0.7451 0.8078
v 0.106633 0.282900 0.033209 0.7412 0.7490 0.8196
v 0.102274 0.270761 0.035753 0.7334 0.7569 0.8196
v 0.098080 0.255857 0.037413 0.7380 0.7556 0.8215
v 0.100129 0.252500 0.034003 0.7289 0.7451 0.8078
v 0.103266 0.254226 0.030461 0.7412 0.7568 0.8196
v 0.105576 0.269723 0.031326 0.7333 0.7568 0.8078
v 0.092009 0.222046 0.040050 0.7572 0.7705 0.8298
v 0.088149 0.209517 0.044239 0.7727 0.7927 0.8392
v 0.092431 0.217537 0.039170 0.7407 0.7613 0.8225
v 0.096533 0.227495 0.034479 0.7333 0.7529 0.8078
v 0.094468 0.230026 0.037381 0.7412 0.7622 0.8230
v 0.091347 0.229126 0.041431 0.8043 0.8227 0.8682
v 0.089129 0.218576 0.043597 0.7764 0.7960 0.8392
v 0.118091 0.320339 0.018479 0.7670 0.7740 0.8031
v 0.118088 0.318398 0.011461 0.7374 0.7413 0.7722
v 0.119174 0.321631 0.015225 0.7529 0.7647 0.7960
v 0.119794 0.324308 0.020387 0.8208 0.8248 0.8522
v 0.118092 0.321575 0.022949 0.8209 0.8248 0.8523
v 0.116389 0.318311 0.023590 0.7829 0.7863 0.8154
v 0.117005 0.317812 0.017264 0.7124 0.7163 0.7441
v 0.111952 0.288916 0.018892 0.8078 0.8117 0.8392
v 0.109141 0.269771 0.021103 0.8078 0.8117 0.8392
v 0.111598 0.282848 0.015734 0.8078 0.8117 0.8392
v 0.114208 0.298532 0.011722 0.7960 0.8078 0.8392
v 0.113743 0.301109 0.017484 0.7867 0.8016 0.8392
v 0.112508 0.298445 0.023850 0.8078 0.8089 0.8392
v 0.110516 0.282792 0.023458 0.8078 0.8117 0.8392
v 0.128130 0.344971 0.012526 0.8329 0.8369 0.8673
v 0.126645 0.338666 0.007698 0.7764 0.7921 0.8274
v 0.129397 0.348213 0.009917 0.8078 0.8117 0.8392
v 0.131604 0.356367 0.013258 0.8843 0.8879 0.9157
v 0.129076 0.348987 0.015601 0.8780 0.8943 0.9117
v 0.126142 0.339881 0.016623 0.8746 0.8832 0.9053
v 0.125918 0.337713 0.012060 0.8020 0.8059 0.8334
v 0.121633 0.324673 0.007487 0.7708 0.7757 0.8036
v 0.122034 0.327048 0.013438 0.7764 0.7819 0.8125
v 0.121058 0.323934 0.009382 0.7653 0.7692 0.7967
v 0.120328 0.321138 0.004512 0.7529 0.7686 0.8078
v 0.121378 0.323161 0.003698 0.7647 0.7764 0.8078
v 0.122538 0.325833 0.004512 0.7764 0.7804 0.8078
v 0.122465 0.326924 0.009382 0.7764 0.7818 0.8122
v 0.133393 0.386361 0.004437 0.8373 0.8425 0.8706
v 0.134931 0.382940 0.002584 0.8681 0.8753 0.8995
v 0.132414 0.388798 0.002076 0.8197 0.8314 0.8706
v 0.130317 0.393608 0.002584 0.8196 0.8313 0.8509
v 0.132414 0.388539 0.005617 0.8218 0.8335 0.8706
v 0.134931 0.382534 0.008143 0.9116 0.9152 0.9309
v 0.135352 0.381745 0.005617 0.9061 0.9211 0.9368
v 0.133081 0.360281 0.004437 0.7946 0.8029 0.8326
v 0.134734 0.366046 0.008143 0.8647 0.8697 0.8960
v 0.132028 0.356351 0.005617 0.7960 0.8000 0.8274
v 0.129775 0.348345 0.002584 0.7766 0.7878 0.8387
v 0.132028 0.356609 0.002076 0.7843 0.7960 0.8392
v 0.134734 0.366452 0.002584 0.8196 0.8235 0.8510
v 0.135186 0.367883 0.005617 0.8508 0.8547 0.8822
v 0.133393 0.386361 -0.005641 0.8360 0.8420 0.8706
v 0.130317 0.393608 -0.003788 0.8274 0.8313 0.8627
v 0.132414 0.388798 -0.003280 0.8202 0.8319 0.8706
v 0.134931 0.382940 -0.003788 0.8686 0.8792 0.9000
v 0.135353 0.381745 -0.006821 0.8916 0.8955 0.9170
v 0.134931 0.382534 -0.009347 0.9068 0.9093 0.9213
v 0.132414 0.388539 -0.006821 0.8252 0.8321 0.8657
v 0.133081 0.360281 -0.005641 0.7871 0.8014 0.8220
v 0.129775 0.348345 -0.003788 0.7900 0.7950 0.8257
v 0.132028 0.356351 -0.006821 0.7882 0.8019 0.8229
v 0.134734 0.366046 -0.009347 0.8531 0.8581 0.8844
v 0.135187 0.367883 -0.006821 0.8385 0.8576 0.8701
v 0.134734 0.366452 -0.003788 0.8191 0.8148 0.8504
v 0.132028 0.356609 -0.003280 0.7843 0.7999 0.8200
v 0.129211 0.396029 -0.015061 0.8864 0.9000 0.9157
v 0.132288 0.388647 -0.015303 0.9090 0.9122 0.9278
v 0.130191 0.393678 -0.018448 0.9272 0.9274 0.9495
v 0.127673 0.399720 -0.020137 0.9372 0.9490 0.9568
v 0.127252 0.400731 -0.014907 0.9372 0.9333 0.9490
v 0.127673 0.399720 -0.009743 0.9021 0.8995 0.9116
v 0.130191 0.393678 -0.011828 0.8472 0.8615 0.8786
v 0.128131 0.344971 -0.013731 0.8216 0.8255 0.8530
v 0.131604 0.356367 -0.014462 0.8720 0.8762 0.9061
v 0.129397 0.348213 -0.011121 0.8078 0.8117 0.8392
v 0.126645 0.338666 -0.008902 0.7764 0.7921 0.8274
v 0.125918 0.337713 -0.013265 0.7960 0.8000 0.8274
v 0.126142 0.339881 -0.017828 0.8635 0.8764 0.8949
v 0.129077 0.348987 -0.016806 0.8769 0.8944 0.9080
v 0.121634 0.324673 -0.008692 0.7647 0.7764 0.8078
v 0.120328 0.321138 -0.005717 0.7529 0.7686 0.8078
v 0.121058 0.323934 -0.010587 0.7646 0.7764 0.8078
v 0.122035 0.327048 -0.014642 0.7764 0.7839 0.8185
v 0.122465 0.326924 -0.010587 0.7764 0.7807 0.8087
v 0.122538 0.325833 -0.005717 0.7740 0.7799 0.8088
v 0.121378 0.323161 -0.004902 0.7615 0.7743 0.8078
v 0.125527 0.388005 -0.027522 0.8450 0.8489 0.8773
v 0.121279 0.385795 -0.031370 0.8078 0.8117 0.8392
v 0.122705 0.390828 -0.030287 0.8287 0.8329 0.8641
v 0.125344 0.394647 -0.028015 0.9241 0.9133 0.9274
v 0.128233 0.389413 -0.025071 0.9143 0.9180 0.9257
v 0.129959 0.383574 -0.023181 0.8994 0.9005 0.9306
v 0.125644 0.383775 -0.027208 0.8228 0.8267 0.8562
v 0.124759 0.363027 -0.026191 0.8078 0.8196 0.8509
v 0.124011 0.351296 -0.025705 0.8535 0.8575 0.8854
v 0.121757 0.359999 -0.028644 0.8078 0.8137 0.8421
v 0.120793 0.370003 -0.030528 0.8078 0.8117 0.8392
v 0.125236 0.370498 -0.026500 0.8081 0.8120 0.8395
v 0.129473 0.367782 -0.022340 0.8540 0.8712 0.8854
v 0.127284 0.358584 -0.023429 0.8739 0.8878 0.9053
v 0.117817 0.398042 -0.035687 0.8629 0.8640 0.8943
v 0.120470 0.400993 -0.033177 0.9331 0.9338 0.9351
v 0.118607 0.396162 -0.034627 0.8418 0.8457 0.8742
v 0.116405 0.392140 -0.036532 0.8055 0.8117 0.8392
v 0.116128 0.396162 -0.037285 0.8199 0.8238 0.8514
v 0.116577 0.400993 -0.037352 0.8944 0.8963 0.9258
v 0.118717 0.401800 -0.035149 0.9279 0.9279 0.9382
v 0.118091 0.320339 -0.019684 0.7537 0.7614 0.7851
v 0.119795 0.324308 -0.021592 0.8054 0.8094 0.8368
v 0.119175 0.321631 -0.016429 0.7505 0.7677 0.8076
v 0.118089 0.318398 -0.012666 0.7285 0.7418 0.7764
v 0.117006 0.317812 -0.018469 0.7289 0.7296 0.7603
v 0.116390 0.318311 -0.024794 0.7724 0.7729 0.8042
v 0.118093 0.321575 -0.024154 0.8095 0.8228 0.8409
v 0.116722 0.342650 -0.032145 0.8078 0.8128 0.8424
v 0.118930 0.338413 -0.029469 0.8524 0.8684 0.8841
v 0.117365 0.333434 -0.030777 0.8724 0.8743 0.9037
v 0.115524 0.332416 -0.032672 0.8495 0.8534 0.8811
v 0.115316 0.345348 -0.033848 0.8078 0.8157 0.8509
v 0.115712 0.357120 -0.034292 0.7960 0.8078 0.8509
v 0.117485 0.349167 -0.031809 0.8078 0.8125 0.8414
v 0.110374 0.390980 -0.042274 0.8078 0.8138 0.8453
v 0.107551 0.388736 -0.044610 0.8078 0.8163 0.8520
v 0.109530 0.393084 -0.043279 0.8078 0.8129 0.8427
v 0.111871 0.396528 -0.041517 0.8019 0.8097 0.8392
v 0.112171 0.392408 -0.040787 0.8042 0.8105 0.8392
v 0.111699 0.387675 -0.040697 0.8018 0.8117 0.8452
v 0.109420 0.387446 -0.042757 0.8078 0.8157 0.8509
v 0.106835 0.399003 -0.047196 0.8605 0.8647 0.8938
v 0.109634 0.401601 -0.044628 0.8563 0.8730 0.8889
v 0.107649 0.397349 -0.045895 0.8297 0.8336 0.8635
v 0.105314 0.393809 -0.047722 0.8383 0.8423 0.8700
v 0.105053 0.397349 -0.048832 0.8648 0.8684 0.8987
v 0.105558 0.401601 -0.049239 0.8999 0.9010 0.9172
v 0.107804 0.402312 -0.046862 0.8823 0.8945 0.9104
v 0.104533 0.362140 -0.046067 0.8274 0.8313 0.8627
v 0.101734 0.346474 -0.048098 0.8476 0.8515 0.8790
v 0.102321 0.357489 -0.047960 0.8509 0.8588 0.8823
v 0.103858 0.370503 -0.047008 0.8389 0.8428 0.8704
v 0.106315 0.372117 -0.044773 0.8190 0.8229 0.8504
v 0.108006 0.369442 -0.043094 0.8078 0.8224 0.8611
v 0.104962 0.356813 -0.045467 0.8176 0.8333 0.8627
v 0.108121 0.338788 -0.041051 0.7960 0.8117 0.8392
v 0.110275 0.354679 -0.039923 0.8078 0.8117 0.8392
v 0.110745 0.343296 -0.038583 0.8078 0.8117 0.8392
v 0.110087 0.329975 -0.038303 0.8078 0.8157 0.8510
v 0.106750 0.328668 -0.041770 0.8078 0.8154 0.8502
v 0.104003 0.331711 -0.044927 0.8115 0.8173 0.8486
v 0.106870 0.344401 -0.042801 0.8048 0.8117 0.8422
v 0.110751 0.409008 -0.043947 0.9468 0.9436 0.9532
v 0.108033 0.407925 -0.047184 0.9396 0.9458 0.9520
v 0.109885 0.409697 -0.044821 0.9490 0.9451 0.9568
v 0.112109 0.411172 -0.042083 0.9437 0.9416 0.9481
v 0.112481 0.409697 -0.041885 0.9380 0.9378 0.9386
v 0.112109 0.407925 -0.042574 0.9273 0.9269 0.9391
v 0.109885 0.407629 -0.045135 0.9372 0.9372 0.9372
v 0.100199 0.291889 -0.043393 0.8526 0.8560 0.8840
v 0.105078 0.300325 -0.039784 0.8274 0.8339 0.8627
v 0.100966 0.285411 -0.041473 0.8479 0.8576 0.8793
v 0.096525 0.273282 -0.043988 0.9088 0.9176 0.9225
v 0.097092 0.286517 -0.045692 0.8706 0.8745 0.9058
v 0.098994 0.302061 -0.046408 0.8620 0.8622 0.8933
v 0.102539 0.303740 -0.043015 0.8274 0.8388 0.8627
v 0.107056 0.411950 -0.047740 0.9529 0.9607 0.9686
v 0.105697 0.413032 -0.049157 0.9529 0.9607 0.9686
v 0.107921 0.413329 -0.046567 0.9529 0.9607 0.9686
v 0.109774 0.413032 -0.044481 0.9490 0.9451 0.9568
v 0.107921 0.411261 -0.046838 0.9529 0.9607 0.9686
v 0.105697 0.409786 -0.049583 0.9508 0.9565 0.9622
v 0.105325 0.411261 -0.049816 0.9529 0.9607 0.9686
v 0.110751 0.418328 -0.041219 0.9531 0.9609 0.9686
v 0.108033 0.417065 -0.045035 0.9553 0.9539 0.9686
v 0.109885 0.419133 -0.041768 0.9534 0.9610 0.9686
v 0.112109 0.420856 -0.038265 0.9567 0.9566 0.9574
v 0.112481 0.419133 -0.038789 0.9568 0.9568 0.9568
v 0.112109 0.417065 -0.040358 0.9530 0.9568 0.9614
v 0.109885 0.416719 -0.043101 0.9491 0.9570 0.9686
v 0.107056 0.423217 -0.042766 0.9568 0.9529 0.9686
v 0.109774 0.423946 -0.039243 0.9568 0.9529 0.9686
v 0.107921 0.421731 -0.042590 0.9568 0.9529 0.9686
v 0.105697 0.420155 -0.046013 0.9567 0.9529 0.9686
v 0.105325 0.422752 -0.045010 0.9568 0.9529 0.9686
v 0.105697 0.425548 -0.043043 0.9635 0.9529 0.9686
v 0.107921 0.425166 -0.040699 0.9632 0.9531 0.9686
v 0.107056 0.430891 -0.035612 0.9568 0.9686 0.9686
v 0.105697 0.433474 -0.033596 0.9543 0.9664 0.9686
v 0.107921 0.431203 -0.033760 0.9568 0.9686 0.9686
v 0.109773 0.428798 -0.034720 0.9653 0.9617 0.9686
v 0.107921 0.429245 -0.036896 0.9653 0.9630 0.9686
v 0.105697 0.430400 -0.038520 0.9573 0.9682 0.9686
v 0.105325 0.432224 -0.036180 0.9568 0.9686 0.9686
v 0.110750 0.431783 -0.028700 0.9686 0.9607 0.9686
v 0.112109 0.429362 -0.030350 0.9686 0.9607 0.9686
v 0.109885 0.431677 -0.030086 0.9686 0.9607 0.9686
v 0.108033 0.434038 -0.029226 0.9568 0.9662 0.9686
v 0.109885 0.433324 -0.027649 0.9616 0.9686 0.9686
v 0.112109 0.431948 -0.026524 0.9626 0.9619 0.9648
v 0.112481 0.430346 -0.028365 0.9664 0.9600 0.9664
v 0.102661 0.264328 -0.034899 0.8296 0.8335 0.8642
v 0.098082 0.255857 -0.038618 0.8876 0.9033 0.9190
v 0.102275 0.270761 -0.036958 0.8382 0.8421 0.8699
v 0.106634 0.282900 -0.034414 0.8078 0.8157 0.8510
v 0.105578 0.269723 -0.032531 0.8078 0.8157 0.8392
v 0.103267 0.254226 -0.031666 0.8175 0.8214 0.8505
v 0.100130 0.252500 -0.035209 0.8608 0.8647 0.8941
v 0.111953 0.288916 -0.020097 0.8078 0.8103 0.8392
v 0.109142 0.269771 -0.022308 0.8078 0.8117 0.8392
v 0.110516 0.282792 -0.024663 0.8078 0.8101 0.8392
v 0.112509 0.298445 -0.025055 0.8065 0.8108 0.8392
v 0.113743 0.301109 -0.018689 0.8012 0.8084 0.8392
v 0.114208 0.298532 -0.012927 0.8078 0.8117 0.8392
v 0.111599 0.282848 -0.016939 0.8078 0.8096 0.8392
v 0.092011 0.222046 -0.041255 0.9099 0.9159 0.9232
v 0.088150 0.209517 -0.045445 0.9060 0.9214 0.9370
v 0.089130 0.218576 -0.044803 0.9490 0.9372 0.9490
v 0.091348 0.229126 -0.042636 0.9513 0.9513 0.9653
v 0.094470 0.230026 -0.038587 0.9026 0.9043 0.9188
v 0.096534 0.227495 -0.035685 0.8500 0.8575 0.8813
v 0.092433 0.217537 -0.040376 0.8825 0.8844 0.9098
v 0.110465 0.263270 -0.009105 0.7960 0.8039 0.8392
v 0.113268 0.282319 -0.005978 0.7960 0.8039 0.8392
v 0.111907 0.269456 -0.005122 0.7960 0.8039 0.8392
v 0.109927 0.253935 -0.005978 0.7960 0.8039 0.8392
v 0.108681 0.251139 -0.011096 0.7960 0.8039 0.8392
v 0.108201 0.253558 -0.015358 0.7960 0.8039 0.8392
v 0.110808 0.269216 -0.011096 0.7960 0.8039 0.8392
v 0.110465 0.263270 0.007900 0.7960 0.8039 0.8392
v 0.113268 0.282319 0.004773 0.7960 0.8039 0.8392
v 0.110808 0.269216 0.009891 0.7960 0.8039 0.8392
v 0.108201 0.253558 0.014153 0.7960 0.8039 0.8392
v 0.108680 0.251139 0.009891 0.7960 0.8039 0.8392
v 0.109927 0.253935 0.004773 0.7960 0.8039 0.8392
v 0.111907 0.269456 0.003917 0.7960 0.8039 0.8392
v 0.094037 0.202865 -0.034957 0.7960 0.8117 0.8397
v 0.097815 0.215369 -0.031702 0.7960 0.8078 0.8392
v 0.096970 0.206352 -0.030813 0.7962 0.8039 0.8392
v 0.094864 0.195836 -0.031704 0.7960 0.8117 0.8392
v 0.091631 0.194902 -0.037029 0.8078 0.8117 0.8392
v 0.089431 0.197391 -0.041463 0.8216 0.8266 0.8557
v 0.093510 0.207342 -0.037028 0.8152 0.8191 0.8466
v 0.104723 0.219179 -0.009105 0.7960 0.8039 0.8392
v 0.103302 0.205795 -0.005978 0.7960 0.8000 0.8392
v 0.103721 0.214797 -0.011096 0.8051 0.8069 0.8392
v 0.104571 0.225682 -0.015359 0.7960 0.8039 0.8392
v 0.105629 0.227703 -0.011096 0.7960 0.8090 0.8392
v 0.106297 0.226059 -0.005978 0.7960 0.8039 0.8392
v 0.104820 0.215037 -0.005122 0.7971 0.8046 0.8392
v 0.100485 0.201134 -0.017608 0.8078 0.7960 0.8392
v 0.101891 0.214274 -0.020735 0.7960 0.8039 0.8392
v 0.101468 0.205206 -0.015616 0.8078 0.7991 0.8392
v 0.100622 0.194387 -0.011354 0.7960 0.8000 0.8392
v 0.099589 0.192766 -0.015617 0.7960 0.8000 0.8392
v 0.098941 0.194742 -0.020737 0.8078 0.7960 0.8392
v 0.100397 0.205432 -0.021592 0.8078 0.7989 0.8392
v 0.104723 0.219179 0.007899 0.7960 0.8039 0.8392
v 0.103302 0.205795 0.004772 0.7960 0.8000 0.8392
v 0.104820 0.215037 0.003917 0.7960 0.8039 0.8392
v 0.106297 0.226059 0.004773 0.7960 0.8039 0.8392
v 0.105628 0.227703 0.009891 0.7960 0.8039 0.8392
v 0.104570 0.225682 0.014153 0.7960 0.8117 0.8392
v 0.103721 0.214797 0.009891 0.7960 0.8039 0.8392
v 0.086960 0.164492 -0.034975 0.8056 0.8000 0.8392
v 0.085533 0.148768 -0.031735 0.7960 0.7990 0.8392
v 0.084776 0.159980 -0.037051 0.8078 0.7960 0.8392
v 0.084957 0.173130 -0.041475 0.7960 0.8078 0.8392
v 0.087869 0.174505 -0.037039 0.8078 0.8032 0.8392
v 0.090391 0.171576 -0.031716 0.7960 0.8000 0.8392
v 0.088236 0.158990 -0.030836 0.7960 0.8000 0.8392
v 0.093408 0.162761 -0.017627 0.7843 0.7991 0.8392
v 0.096149 0.170127 -0.011366 0.7843 0.7967 0.8392
v 0.092734 0.157844 -0.015639 0.7843 0.8000 0.8392
v 0.089610 0.147674 -0.020767 0.7828 0.8000 0.8392
v 0.091663 0.158070 -0.021615 0.7843 0.7961 0.8392
v 0.094467 0.170482 -0.020748 0.7960 0.7960 0.8392
v 0.095828 0.172369 -0.015627 0.7960 0.7960 0.8392
v 0.076726 0.141075 -0.047474 0.7864 0.8014 0.8392
v 0.072628 0.130935 -0.053409 0.7974 0.8127 0.8516
v 0.075238 0.145604 -0.052465 0.8117 0.8156 0.8430
v 0.078487 0.158326 -0.049376 0.8094 0.8123 0.8408
v 0.079336 0.147533 -0.043694 0.7950 0.8035 0.8392
v 0.079063 0.133964 -0.039637 0.8051 0.7960 0.8392
v 0.075604 0.130089 -0.046262 0.7968 0.8034 0.8392
v 0.066840 0.100730 -0.049889 0.8016 0.7960 0.8392
v 0.072813 0.108457 -0.041163 0.7843 0.7960 0.8392
v 0.067134 0.097738 -0.046675 0.7788 0.7960 0.8392
v 0.061329 0.088304 -0.053567 0.7784 0.7970 0.8358
v 0.063036 0.095808 -0.055446 0.7843 0.8000 0.8392
v 0.066378 0.105428 -0.054935 0.7764 0.7960 0.8274
v 0.070350 0.108644 -0.047546 0.7921 0.7960 0.8392
v 0.100484 0.201134 0.016403 0.8049 0.7979 0.8392
v 0.101891 0.214274 0.019529 0.7960 0.8039 0.8392
v 0.100397 0.205432 0.020386 0.8078 0.8000 0.8392
v 0.098940 0.194742 0.019531 0.8078 0.7960 0.8392
v 0.099589 0.192766 0.014412 0.7960 0.8000 0.8392
v 0.100622 0.194387 0.010149 0.7960 0.8000 0.8392
v 0.101468 0.205206 0.014411 0.7960 0.8000 0.8392
v 0.094036 0.202865 0.033751 0.7329 0.7525 0.8078
v 0.094863 0.195836 0.030499 0.7330 0.7488 0.8194
v 0.096969 0.206352 0.029607 0.7340 0.7539 0.8078
v 0.097814 0.215369 0.030497 0.7335 0.7533 0.8078
v 0.093508 0.207342 0.035822 0.7333 0.7529 0.8078
v 0.089430 0.197391 0.040257 0.7333 0.7451 0.8196
v 0.091629 0.194902 0.035823 0.7256 0.7451 0.8078
v 0.067258 0.083293 -0.037389 0.7843 0.7921 0.8274
v 0.061593 0.077280 -0.045665 0.7824 0.7931 0.8274
v 0.067356 0.088469 -0.040030 0.7840 0.7923 0.8274
v 0.073077 0.097434 -0.033261 0.7764 0.7960 0.8374
v 0.070865 0.087123 -0.032118 0.7843 0.7921 0.8274
v 0.067103 0.075166 -0.033240 0.7843 0.7960 0.8392
v 0.063552 0.074287 -0.040018 0.7843 0.7960 0.8392
v 0.049161 0.044098 -0.047645 0.7843 0.7960 0.8274
v 0.055662 0.050386 -0.039725 0.7764 0.7882 0.8392
v 0.048530 0.038747 -0.044777 0.7764 0.7921 0.8274
v 0.041669 0.029408 -0.051062 0.7764 0.7921 0.8274
v 0.045021 0.040093 -0.052690 0.7780 0.7910 0.8249
v 0.050153 0.052500 -0.052149 0.8070 0.8113 0.8385
v 0.053933 0.053454 -0.045469 0.7764 0.7921 0.8274
v 0.086959 0.164492 0.033769 0.7216 0.7451 0.8196
v 0.085532 0.148768 0.030529 0.7960 0.8039 0.8392
v 0.088235 0.158990 0.029630 0.7843 0.7928 0.8293
v 0.090389 0.171576 0.030510 0.7867 0.7967 0.8349
v 0.087868 0.174505 0.035833 0.7273 0.7483 0.8078
v 0.084956 0.173130 0.040269 0.7265 0.7464 0.8078
v 0.084774 0.159980 0.035845 0.7216 0.7412 0.8078
v 0.093408 0.162761 0.016422 0.7843 0.7966 0.8392
v 0.089609 0.147674 0.019561 0.7764 0.8000 0.8392
v 0.092734 0.157844 0.014434 0.7843 0.8000 0.8392
v 0.096148 0.170127 0.010160 0.7843 0.7960 0.8392
v 0.095827 0.172369 0.014422 0.7960 0.7960 0.8392
v 0.094466 0.170482 0.019543 0.7960 0.7980 0.8392
v 0.091662 0.158070 0.020409 0.7843 0.7960 0.8392
v 0.076724 0.141075 0.046268 0.7216 0.7412 0.8078
v 0.078485 0.158326 0.048170 0.7478 0.7653 0.8256
v 0.075236 0.145604 0.051259 0.7537 0.7770 0.8290
v 0.072626 0.130935 0.052202 0.7225 0.7423 0.8078
v 0.075603 0.130089 0.045056 0.7221 0.7417 0.8078
v 0.079061 0.133964 0.038431 0.7241 0.7420 0.8078
v 0.079334 0.147533 0.042488 0.7249 0.7445 0.8078
v 0.066838 0.100730 0.048682 0.7805 0.7987 0.8392
v 0.061327 0.088304 0.052361 0.7843 0.7960 0.8274
v 0.067133 0.097738 0.045468 0.7764 0.7960 0.8392
v 0.072811 0.108457 0.039957 0.7849 0.7960 0.8392
v 0.070348 0.108644 0.046339 0.7843 0.7960 0.8274
v 0.066376 0.105428 0.053729 0.7680 0.7742 0.8200
v 0.063034 0.095808 0.054239 0.7874 0.7960 0.8216
v 0.090549 0.141671 -0.009123 0.7764 0.7960 0.8392
v 0.087802 0.134341 -0.015391 0.7805 0.7960 0.8278
v 0.091214 0.146633 -0.011119 0.7764 0.7960 0.8392
v 0.094340 0.156793 -0.005990 0.7769 0.8000 0.8392
v 0.092298 0.146339 -0.005132 0.7843 0.7960 0.8392
v 0.089504 0.133878 -0.005990 0.7843 0.7960 0.8274
v 0.088134 0.132039 -0.011119 0.7843 0.7960 0.8274
v 0.090548 0.141671 0.007918 0.7828 0.7960 0.8370
v 0.094340 0.156793 0.004784 0.7764 0.8000 0.8392
v 0.091214 0.146633 0.009914 0.7792 0.7960 0.8392
v 0.087801 0.134341 0.014185 0.7842 0.7960 0.8276
v 0.088133 0.132039 0.009914 0.7843 0.7960 0.8274
v 0.089504 0.133878 0.004784 0.7843 0.7960 0.8274
v 0.092298 0.146339 0.003926 0.7842 0.7960 0.8392
v 0.079208 0.101139 -0.017626 0.7764 0.7960 0.8277
v 0.082334 0.108254 -0.011365 0.7764 0.7992 0.8392
v 0.078301 0.096314 -0.015626 0.7843 0.7921 0.8274
v 0.074658 0.086448 -0.020746 0.7843 0.7935 0.8317
v 0.077217 0.096609 -0.021613 0.7764 0.7960 0.8286
v 0.080632 0.108716 -0.020766 0.7809 0.7960 0.8392
v 0.082106 0.110496 -0.015639 0.7843 0.7960 0.8392
v 0.067256 0.083293 0.036182 0.7843 0.7921 0.8274
v 0.067102 0.075166 0.032034 0.7843 0.7960 0.8392
v 0.070864 0.087123 0.030911 0.7843 0.7921 0.8274
v 0.073076 0.097434 0.032054 0.7764 0.7960 0.8392
v 0.067355 0.088469 0.038824 0.7843 0.7921 0.8274
v 0.061592 0.077280 0.044458 0.7843 0.7921 0.8274
v 0.063550 0.074287 0.038811 0.7843 0.7921 0.8274
v 0.079208 0.101139 0.016420 0.7764 0.7960 0.8296
v 0.074657 0.086448 0.019540 0.7843 0.7921 0.8274
v 0.078301 0.096314 0.014420 0.7797 0.7944 0.8274
v 0.082334 0.108254 0.010159 0.7821 0.7960 0.8308
v 0.082105 0.110496 0.014433 0.7843 0.7960 0.8274
v 0.080631 0.108716 0.019560 0.7843 0.7960 0.8392
v 0.077216 0.096609 0.020407 0.7764 0.7960 0.8392
v 0.049160 0.044098 0.046438 0.7764 0.7960 0.8246
v 0.041667 0.029408 0.049854 0.7812 0.7968 0.8227
v 0.048528 0.038747 0.043570 0.7764 0.7882 0.8235
v 0.055661 0.050386 0.038518 0.7764 0.7921 0.8392
v 0.053931 0.053454 0.044262 0.7764 0.7921 0.8196
v 0.050151 0.052500 0.050942 0.7764 0.7960 0.8392
v 0.045019 0.040093 0.051482 0.7764 0.7921 0.8274
v 0.075307 0.080404 -0.009105 0.7792 0.7960 0.8392
v 0.072192 0.073339 -0.015359 0.7764 0.7921 0.8274
v 0.076228 0.085292 -0.011097 0.7843 0.7960 0.8392
v 0.079868 0.095144 -0.005978 0.7843 0.7921 0.8274
v 0.077291 0.084903 -0.005122 0.7843 0.7960 0.8392
v 0.073861 0.072728 -0.005978 0.7764 0.7951 0.8289
v 0.072402 0.071016 -0.011097 0.7764 0.7958 0.8285
v 0.075307 0.080404 0.007899 0.7776 0.7960 0.8392
v 0.073861 0.072728 0.004772 0.7764 0.7960 0.8274
v 0.077291 0.084903 0.003916 0.7785 0.7960 0.8392
v 0.079868 0.095144 0.004772 0.7843 0.7921 0.8274
v 0.076227 0.085292 0.009891 0.7843 0.7957 0.8383
v 0.072191 0.073339 0.014153 0.7764 0.7846 0.8367
v 0.072402 0.071016 0.009891 0.7764 0.7960 0.8262
v 0.046317 0.020716 0.035178 0.7764 0.7804 0.8202
v 0.045217 0.011919 0.031399 0.7660 0.7804 0.8078
v 0.050422 0.024595 0.030364 0.7764 0.7804 0.8145
v 0.053863 0.035603 0.031399 0.7764 0.7834 0.8078
v 0.047017 0.026318 0.037584 0.7764 0.7804 0.8078
v 0.039870 0.014625 0.042735 0.7764 0.7843 0.8196
v 0.041510 0.011234 0.037584 0.7738 0.7804 0.8162
v 0.060512 0.039175 0.016401 0.7764 0.7804 0.8078
v 0.054191 0.023589 0.019528 0.7647 0.7764 0.8196
v 0.059031 0.034018 0.014409 0.7764 0.7804 0.8196
v 0.064508 0.046663 0.010147 0.7764 0.7875 0.8078
v 0.064538 0.049102 0.014410 0.7764 0.7804 0.8078
v 0.062838 0.047274 0.019528 0.7764 0.7804 0.8196
v 0.057968 0.034407 0.020384 0.7764 0.7804 0.8216
v 0.024726 -0.018975 0.044627 0.7737 0.7794 0.8168
v 0.016391 -0.033283 0.047799 0.7648 0.7802 0.8191
v 0.023775 -0.024393 0.042027 0.7647 0.7764 0.8078
v 0.031567 -0.013174 0.037373 0.7764 0.7771 0.8078
v 0.030034 -0.009863 0.042607 0.7703 0.7780 0.8150
v 0.026220 -0.010468 0.048709 0.7782 0.7912 0.8250
v 0.020370 -0.022669 0.049247 0.7817 0.7940 0.8264
v 0.060513 0.039175 -0.017608 0.7764 0.7804 0.8196
v 0.064508 0.046663 -0.011354 0.7764 0.7804 0.8078
v 0.059032 0.034018 -0.015616 0.7764 0.7804 0.8188
v 0.054192 0.023589 -0.020735 0.7651 0.7768 0.8184
v 0.057969 0.034407 -0.021591 0.7764 0.7804 0.8257
v 0.062839 0.047274 -0.020735 0.7764 0.7804 0.8078
v 0.064539 0.049102 -0.015616 0.7764 0.7825 0.8132
v 0.046318 0.020716 -0.036385 0.7764 0.7804 0.8196
v 0.039872 0.014625 -0.043943 0.7739 0.7804 0.8078
v 0.047019 0.026318 -0.038792 0.7764 0.7804 0.8116
v 0.053865 0.035603 -0.032606 0.7764 0.7804 0.8078
v 0.050424 0.024595 -0.031572 0.7764 0.7804 0.8196
v 0.045218 0.011919 -0.032606 0.7647 0.7804 0.8078
v 0.041512 0.011234 -0.038792 0.7764 0.7804 0.8078
v 0.024728 -0.018975 -0.045835 0.7647 0.7804 0.8196
v 0.031568 -0.013174 -0.038581 0.7764 0.7703 0.8078
v 0.023776 -0.024393 -0.043235 0.7568 0.7725 0.8078
v 0.016393 -0.033283 -0.049007 0.7843 0.7887 0.8273
v 0.020371 -0.022669 -0.050455 0.7768 0.7901 0.8244
v 0.026222 -0.010468 -0.049917 0.7843 0.7960 0.8274
v 0.030036 -0.009863 -0.043815 0.7647 0.7804 0.8078
v 0.054144 0.016996 0.007899 0.7723 0.7778 0.8155
v 0.060482 0.032641 0.004772 0.7764 0.7804 0.8197
v 0.055646 0.022229 0.009890 0.7753 0.7804 0.8078
v 0.050165 0.009567 0.014153 0.7629 0.7804 0.8078
v 0.050108 0.007033 0.009890 0.7600 0.7793 0.8078
v 0.051786 0.008781 0.004772 0.7706 0.7764 0.8078
v 0.056678 0.021728 0.003916 0.7733 0.7803 0.8080
v 0.054145 0.016996 -0.009106 0.7647 0.7804 0.8078
v 0.050166 0.009567 -0.015360 0.7650 0.7804 0.8078
v 0.055647 0.022229 -0.011097 0.7764 0.7804 0.8078
v 0.060482 0.032641 -0.005979 0.7764 0.7804 0.8196
v 0.056679 0.021728 -0.005123 0.7647 0.7764 0.8196
v 0.051786 0.008781 -0.005979 0.7764 0.7725 0.8078
v 0.050109 0.007033 -0.011097 0.7613 0.7804 0.8078
v 0.020550 -0.042555 0.034352 0.7543 0.7647 0.8078
v 0.018973 -0.051393 0.030876 0.7412 0.7647 0.8078
v 0.024880 -0.038966 0.029925 0.7518 0.7647 0.8078
v 0.028927 -0.028082 0.030877 0.7424 0.7647 0.8078
v 0.021555 -0.036927 0.036566 0.7529 0.7647 0.8078
v 0.013751 -0.048191 0.041303 0.7528 0.7686 0.8078
v 0.015215 -0.051773 0.036565 0.7412 0.7647 0.8078
v 0.035773 -0.025043 0.016400 0.7434 0.7647 0.8078
v 0.028597 -0.040322 0.019527 0.7412 0.7608 0.7960
v 0.034004 -0.030159 0.014409 0.7519 0.7612 0.8078
v 0.040171 -0.017798 0.010147 0.7496 0.7647 0.8078
v 0.040343 -0.015313 0.014409 0.7521 0.7647 0.8078
v 0.038551 -0.017011 0.019527 0.7529 0.7647 0.8078
v 0.032971 -0.029658 0.020383 0.7485 0.7647 0.8078
v -0.004406 -0.082107 0.043179 0.7462 0.7512 0.8078
v -0.014387 -0.096726 0.046196 0.7474 0.7709 0.8140
v -0.005922 -0.087782 0.040820 0.7412 0.7543 0.7980
v 0.003195 -0.076398 0.036457 0.7348 0.7561 0.7983
v 0.001950 -0.072796 0.041257 0.7412 0.7600 0.8078
v -0.002026 -0.073196 0.046883 0.7546 0.7698 0.8078
v -0.009247 -0.085742 0.047460 0.7564 0.7723 0.8078
v 0.020552 -0.042555 -0.035560 0.7453 0.7647 0.8078
v 0.013753 -0.048191 -0.042511 0.7418 0.7647 0.8078
v 0.021556 -0.036927 -0.037774 0.7529 0.7647 0.8078
v 0.028928 -0.028082 -0.032085 0.7481 0.7647 0.8078
v 0.024881 -0.038966 -0.031133 0.7508 0.7647 0.8078
v 0.018974 -0.051393 -0.032085 0.7412 0.7568 0.8078
v 0.015217 -0.051773 -0.037774 0.7529 0.7647 0.8078
v 0.035773 -0.025043 -0.017608 0.7453 0.7647 0.8078
v 0.040172 -0.017798 -0.011354 0.7529 0.7647 0.8078
v 0.034004 -0.030159 -0.015617 0.7529 0.7647 0.8078
v 0.028597 -0.040322 -0.020735 0.7412 0.7571 0.7960
v 0.032972 -0.029658 -0.021591 0.7529 0.7608 0.8078
v 0.038551 -0.017011 -0.020735 0.7529 0.7647 0.8078
v 0.040344 -0.015313 -0.015617 0.7529 0.7647 0.8078
v -0.004404 -0.082107 -0.044388 0.7529 0.7568 0.8078
v -0.014385 -0.096726 -0.047406 0.7272 0.7468 0.7899
v -0.009245 -0.085742 -0.048669 0.7333 0.7529 0.7960
v -0.002025 -0.073196 -0.048093 0.7545 0.7700 0.8078
v 0.001952 -0.072796 -0.042466 0.7412 0.7524 0.8078
v 0.003196 -0.076398 -0.037666 0.7412 0.7451 0.7995
v -0.005920 -0.087782 -0.042029 0.7412 0.7441 0.7911
v 0.028118 -0.047019 0.007898 0.7412 0.7568 0.8078
v 0.025265 -0.055150 0.004771 0.7412 0.7529 0.7960
v 0.030895 -0.042436 0.003915 0.7449 0.7647 0.8078
v 0.035332 -0.031691 0.004771 0.7522 0.7647 0.8078
v 0.029935 -0.041840 0.009890 0.7412 0.7647 0.8078
v 0.023757 -0.054215 0.014152 0.7412 0.7451 0.7960
v 0.023524 -0.056781 0.009889 0.7412 0.7491 0.8076
v 0.028118 -0.047019 -0.009106 0.7412 0.7568 0.7960
v 0.023758 -0.054215 -0.015360 0.7412 0.7451 0.7952
v 0.029935 -0.041840 -0.011098 0.7412 0.7647 0.8078
v 0.035332 -0.031691 -0.005979 0.7436 0.7647 0.8078
v 0.030895 -0.042436 -0.005123 0.7412 0.7647 0.8078
v 0.025265 -0.055150 -0.005979 0.7412 0.7451 0.7979
v 0.023524 -0.056781 -0.011098 0.7412 0.7451 0.7960
v -0.010958 -0.106637 0.033729 0.7412 0.7333 0.7843
v -0.013397 -0.115769 0.030482 0.7276 0.7373 0.7903
v -0.006136 -0.103072 0.029594 0.7255 0.7360 0.7921
v -0.000947 -0.091906 0.030482 0.7333 0.7412 0.7940
v -0.009404 -0.100820 0.035797 0.7412 0.7451 0.7960
v -0.018529 -0.112234 0.040222 0.7273 0.7451 0.7901
v -0.017333 -0.116018 0.035796 0.7253 0.7358 0.7880
v 0.006344 -0.089061 0.016400 0.7277 0.7374 0.7805
v -0.002458 -0.104657 0.019526 0.7216 0.7294 0.7843
v 0.004021 -0.094325 0.014408 0.7132 0.7305 0.7820
v 0.011499 -0.081730 0.010146 0.7360 0.7444 0.7984
v 0.011950 -0.079127 0.014408 0.7333 0.7451 0.7960
v 0.009991 -0.080794 0.019527 0.7333 0.7451 0.7960
v 0.003061 -0.093729 0.020383 0.7216 0.7333 0.7764
v -0.039051 -0.145588 0.042113 0.7316 0.7394 0.7943
v -0.049706 -0.159509 0.045033 0.7338 0.7500 0.7968
v -0.040810 -0.151146 0.039941 0.7121 0.7294 0.7780
v -0.031158 -0.140394 0.035782 0.7186 0.7294 0.7811
v -0.032266 -0.136722 0.040253 0.7216 0.7333 0.7843
v -0.036290 -0.136860 0.045522 0.7407 0.7642 0.8073
v -0.044078 -0.148895 0.046144 0.7425 0.7660 0.8092
v -0.010956 -0.106637 -0.034938 0.7333 0.7412 0.7960
v -0.000946 -0.091906 -0.031692 0.7340 0.7451 0.8078
v -0.006135 -0.103072 -0.030803 0.7333 0.7333 0.7843
v -0.013396 -0.115769 -0.031692 0.7235 0.7346 0.7863
v -0.017332 -0.116018 -0.037006 0.7216 0.7333 0.7843
v -0.018527 -0.112234 -0.041432 0.7328 0.7449 0.7955
v -0.009403 -0.100820 -0.037006 0.7412 0.7451 0.8078
v 0.006345 -0.089061 -0.017608 0.7216 0.7333 0.7764
v 0.011500 -0.081730 -0.011355 0.7291 0.7383 0.7918
v 0.004022 -0.094325 -0.015617 0.7105 0.7298 0.7840
v -0.002458 -0.104657 -0.020736 0.7098 0.7347 0.7764
v 0.003061 -0.093729 -0.021591 0.7274 0.7294 0.7764
v 0.009992 -0.080795 -0.020735 0.7409 0.7451 0.7960
v 0.011951 -0.079127 -0.015617 0.7402 0.7447 0.7960
v -0.039050 -0.145588 -0.043323 0.7199 0.7328 0.7832
v -0.049704 -0.159509 -0.046244 0.6980 0.7137 0.7764
v -0.044076 -0.148895 -0.047355 0.7098 0.7157 0.7764
v -0.036288 -0.136860 -0.046733 0.7127 0.7304 0.7784
v -0.032264 -0.136722 -0.041463 0.7222 0.7351 0.7863
v -0.031157 -0.140394 -0.036993 0.7098 0.7294 0.7764
v -0.040808 -0.151146 -0.041152 0.7216 0.7294 0.7843
v -0.003664 -0.111635 0.007897 0.7216 0.7294 0.7843
v 0.005172 -0.096002 0.004771 0.7216 0.7333 0.7843
v -0.001298 -0.106324 0.009889 0.7160 0.7333 0.7806
v -0.008786 -0.118929 0.014151 0.7216 0.7294 0.7764
v -0.009291 -0.121591 0.009889 0.7098 0.7294 0.7764
v -0.007378 -0.119973 0.004770 0.7216 0.7294 0.7764
v -0.000402 -0.106989 0.003915 0.7120 0.7329 0.7772
v -0.003663 -0.111635 -0.009107 0.7216 0.7294 0.7843
v -0.008785 -0.118929 -0.015360 0.7098 0.7294 0.7764
v -0.001298 -0.106324 -0.011098 0.7216 0.7333 0.7814
v 0.005173 -0.096002 -0.005980 0.7216 0.7333 0.7843
v -0.000402 -0.106989 -0.005124 0.7098 0.7333 0.7764
v -0.007378 -0.119973 -0.005980 0.7098 0.7294 0.7764
v -0.009291 -0.121591 -0.011098 0.7098 0.7294 0.7764
v -0.046763 -0.169735 0.033387 0.7098 0.7190 0.7764
v -0.049674 -0.178769 0.030378 0.6980 0.7176 0.7764
v -0.041783 -0.166525 0.029483 0.6980 0.7176 0.7764
v -0.036033 -0.155661 0.030266 0.7098 0.7195 0.7764
v -0.044909 -0.163981 0.035303 0.7098 0.7259 0.7764
v -0.054581 -0.174775 0.039516 0.7098 0.7172 0.7764
v -0.053596 -0.178699 0.035374 0.7098 0.7176 0.7764
v -0.028677 -0.153358 0.016501 0.7098 0.7176 0.7764
v -0.038240 -0.168416 0.019702 0.6987 0.7130 0.7764
v -0.031274 -0.158486 0.014533 0.7098 0.7137 0.7764
v -0.023192 -0.146352 0.010210 0.7098 0.7171 0.7764
v -0.022587 -0.143768 0.014462 0.7098 0.7137 0.7764
v -0.024599 -0.145307 0.019590 0.7098 0.7147 0.7764
v -0.032170 -0.157820 0.020507 0.6980 0.7137 0.7764
v -0.077149 -0.205248 0.041696 0.6963 0.7159 0.7764
v -0.073792 -0.197227 0.044769 0.7157 0.7216 0.7804
v -0.082413 -0.207812 0.045558 0.7206 0.7288 0.7837
v -0.088771 -0.217295 0.044686 0.6965 0.7161 0.7764
v -0.079287 -0.210356 0.039738 0.6911 0.7074 0.7764
v -0.068884 -0.201221 0.035631 0.6969 0.7137 0.7764
v -0.069747 -0.197575 0.039791 0.6980 0.7167 0.7764
v -0.046761 -0.169735 -0.034598 0.7098 0.7176 0.7764
v -0.054580 -0.174775 -0.040728 0.7098 0.7137 0.7764
v -0.044907 -0.163981 -0.036514 0.7098 0.7246 0.7764
v -0.036032 -0.155661 -0.031476 0.7098 0.7186 0.7764
v -0.041782 -0.166525 -0.030694 0.6996 0.7142 0.7764
v -0.049673 -0.178769 -0.031589 0.6980 0.7176 0.7764
v -0.053595 -0.178699 -0.036585 0.7098 0.7137 0.7764
v -0.028676 -0.153358 -0.017711 0.7098 0.7137 0.7764
v -0.023191 -0.146352 -0.011420 0.7098 0.7206 0.7764
v -0.031273 -0.158486 -0.015743 0.7098 0.7137 0.7764
v -0.038239 -0.168416 -0.020913 0.6945 0.7095 0.7752
v -0.032169 -0.157820 -0.021718 0.7014 0.7138 0.7746
v -0.024598 -0.145307 -0.020800 0.7098 0.7137 0.7764
v -0.022586 -0.143768 -0.015672 0.7098 0.7176 0.7764
v -0.077147 -0.205248 -0.042907 0.6807 0.7005 0.7624
v -0.068883 -0.201221 -0.036843 0.6980 0.7152 0.7764
v -0.079286 -0.210356 -0.040950 0.6935 0.7053 0.7764
v -0.088769 -0.217295 -0.045899 0.6667 0.6863 0.7529
v -0.082411 -0.207812 -0.046770 0.6785 0.6980 0.7529
v -0.073790 -0.197227 -0.045981 0.6870 0.7009 0.7615
v -0.069746 -0.197575 -0.041002 0.6931 0.7127 0.7764
v -0.040283 -0.176189 0.007999 0.7010 0.7092 0.7708
v -0.030529 -0.160786 0.004834 0.7004 0.7137 0.7764
v -0.037443 -0.170621 0.010014 0.6980 0.7137 0.7647
v -0.045577 -0.182850 0.014327 0.6902 0.7058 0.7651
v -0.046495 -0.185999 0.010014 0.6902 0.7020 0.7764
v -0.044742 -0.184932 0.004834 0.6785 0.7020 0.7647
v -0.036911 -0.171947 0.003968 0.6980 0.7128 0.7737
v -0.040282 -0.176189 -0.009209 0.6902 0.7059 0.7764
v -0.045577 -0.182850 -0.015538 0.6902 0.7020 0.7764
v -0.037442 -0.170621 -0.011224 0.6941 0.7137 0.7569
v -0.030529 -0.160786 -0.006045 0.6981 0.7137 0.7764
v -0.036911 -0.171947 -0.005178 0.7050 0.7091 0.7716
v -0.044742 -0.184932 -0.006045 0.6902 0.7059 0.7764
v -0.046494 -0.185999 -0.011225 0.6838 0.6973 0.7764
v -0.086213 -0.228319 0.033690 0.6922 0.7059 0.7764
v -0.074615 -0.215807 0.030570 0.6968 0.7085 0.7759
v -0.084105 -0.222619 0.035483 0.6908 0.7025 0.7764
v -0.094501 -0.231881 0.039625 0.6785 0.6980 0.7561
v -0.093599 -0.236288 0.035678 0.6902 0.7020 0.7764
v -0.089522 -0.237269 0.030876 0.6785 0.7020 0.7647
v -0.080934 -0.226050 0.029911 0.6805 0.7003 0.7733
v -0.067433 -0.215638 0.016880 0.6785 0.6846 0.7529
v -0.077649 -0.229251 0.020248 0.6733 0.6824 0.7412
v -0.070420 -0.220636 0.014929 0.6667 0.6863 0.7529
v -0.061907 -0.209872 0.010449 0.6785 0.6902 0.7412
v -0.060926 -0.206967 0.014734 0.6785 0.6904 0.7528
v -0.062741 -0.207790 0.019942 0.6785 0.6902 0.7529
v -0.070952 -0.219310 0.020975 0.6667 0.6863 0.7529
v -0.117329 -0.257397 0.041984 0.6708 0.6864 0.7568
v -0.128620 -0.266274 0.044964 0.6667 0.6923 0.7556
v -0.119339 -0.261939 0.040147 0.6638 0.6845 0.7554
v -0.109195 -0.255652 0.036119 0.6785 0.6862 0.7529
v -0.110139 -0.251743 0.040086 0.6785 0.6824 0.7551
v -0.114174 -0.250265 0.044869 0.6785 0.6958 0.7698
v -0.122510 -0.258508 0.045719 0.6824 0.6972 0.7608
v -0.086212 -0.228319 -0.034903 0.6785 0.6980 0.7764
v -0.094500 -0.231881 -0.040838 0.6785 0.6934 0.7612
v -0.084104 -0.222619 -0.036695 0.6902 0.7020 0.7764
v -0.074613 -0.215807 -0.031782 0.6948 0.7082 0.7695
v -0.080933 -0.226050 -0.031123 0.6796 0.6984 0.7593
v -0.089521 -0.237269 -0.032088 0.6760 0.6956 0.7596
v -0.093598 -0.236288 -0.036890 0.6785 0.6980 0.7764
v -0.067432 -0.215638 -0.018091 0.6785 0.6896 0.7428
v -0.077649 -0.229251 -0.021460 0.6550 0.6779 0.7412
v -0.070951 -0.219310 -0.022187 0.6785 0.6863 0.7529
v -0.062741 -0.207790 -0.021153 0.6785 0.6980 0.7529
v -0.060925 -0.206967 -0.015946 0.6785 0.6930 0.7529
v -0.061906 -0.209872 -0.011660 0.6785 0.6895 0.7412
v -0.070420 -0.220636 -0.016141 0.6785 0.6863 0.7412
v -0.117328 -0.257397 -0.043197 0.6471 0.6667 0.7412
v -0.109194 -0.255652 -0.037332 0.6649 0.6929 0.7629
v -0.119338 -0.261939 -0.041360 0.6522 0.6718 0.7488
v -0.128618 -0.266274 -0.046178 0.6359 0.6537 0.7337
v -0.122509 -0.258508 -0.046933 0.6448 0.6659 0.7396
v -0.114172 -0.250265 -0.046082 0.6476 0.6670 0.7412
v -0.110137 -0.251743 -0.041299 0.6667 0.6824 0.7529
v -0.079862 -0.236545 0.008275 0.6567 0.6824 0.7412
v -0.084314 -0.244076 0.005009 0.6550 0.6706 0.7412
v -0.076267 -0.232772 0.004115 0.6573 0.6761 0.7412
v -0.069765 -0.223090 0.005009 0.6768 0.6824 0.7412
v -0.077027 -0.231749 0.010356 0.6667 0.6824 0.7412
v -0.085508 -0.242469 0.014808 0.6577 0.6745 0.7412
v -0.086293 -0.245114 0.010356 0.6471 0.6775 0.7412
v -0.079862 -0.236545 -0.009487 0.6539 0.6678 0.7412
v -0.069765 -0.223090 -0.006221 0.6667 0.6824 0.7520
v -0.076266 -0.232772 -0.005327 0.6547 0.6738 0.7412
v -0.084314 -0.244076 -0.006221 0.6471 0.6667 0.7412
v -0.086292 -0.245114 -0.011568 0.6471 0.6667 0.7412
v -0.085507 -0.242469 -0.016020 0.6516 0.6684 0.7412
v -0.077026 -0.231749 -0.011568 0.6508 0.6727 0.7412
v -0.125675 -0.277442 0.033738 0.6550 0.6706 0.7412
v -0.114471 -0.268325 0.030906 0.6550 0.6785 0.7488
v -0.123775 -0.272594 0.035764 0.6550 0.6745 0.7412
v -0.133896 -0.278947 0.039751 0.6471 0.6667 0.7412
v -0.132810 -0.283248 0.035542 0.6471 0.6667 0.7412
v -0.128658 -0.285054 0.030558 0.6471 0.6628 0.7412
v -0.120439 -0.276483 0.029909 0.6471 0.6671 0.7412
v -0.106988 -0.269271 0.016841 0.6471 0.6589 0.7333
v -0.116843 -0.279888 0.019875 0.6284 0.6596 0.7263
v -0.109746 -0.273163 0.014686 0.6347 0.6545 0.7327
v -0.101463 -0.264765 0.010424 0.6471 0.6647 0.7373
v -0.100711 -0.262509 0.014908 0.6471 0.6637 0.7412
v -0.102657 -0.263159 0.020223 0.6471 0.6659 0.7412
v -0.110506 -0.272140 0.020927 0.6471 0.6562 0.7308
v -0.155354 -0.300331 0.041754 0.6367 0.6547 0.7412
v -0.152659 -0.293418 0.044819 0.6471 0.6628 0.7412
v -0.160406 -0.300844 0.045658 0.6512 0.6729 0.7472
v -0.165981 -0.308050 0.044819 0.6468 0.6515 0.7410
v -0.157070 -0.304734 0.039803 0.6308 0.6524 0.7301
v -0.147421 -0.299525 0.035626 0.6358 0.6526 0.7336
v -0.148586 -0.295415 0.039803 0.6354 0.6628 0.7333
v -0.125673 -0.277442 -0.034952 0.6547 0.6705 0.7412
v -0.133894 -0.278947 -0.040965 0.6471 0.6529 0.7412
v -0.123774 -0.272594 -0.036978 0.6510 0.6690 0.7412
v -0.114470 -0.268325 -0.032120 0.6533 0.6728 0.7495
v -0.120438 -0.276483 -0.031122 0.6354 0.6589 0.7333
v -0.128656 -0.285054 -0.031771 0.6463 0.6659 0.7406
v -0.132809 -0.283248 -0.036756 0.6471 0.6656 0.7412
v -0.106987 -0.269271 -0.018054 0.6354 0.6628 0.7412
v -0.101463 -0.264765 -0.011637 0.6354 0.6596 0.7357
v -0.109745 -0.273163 -0.015899 0.6354 0.6471 0.7098
v -0.116842 -0.279888 -0.021088 0.6307 0.6510 0.7098
v -0.110505 -0.272140 -0.022140 0.6471 0.6510 0.7220
v -0.102656 -0.263159 -0.021436 0.6354 0.6550 0.7333
v -0.100710 -0.262509 -0.016121 0.6370 0.6603 0.7363
v -0.155352 -0.300331 -0.042969 0.6329 0.6510 0.7240
v -0.147420 -0.299525 -0.036840 0.6354 0.6510 0.7333
v -0.157068 -0.304734 -0.041017 0.6348 0.6510 0.7327
v -0.165979 -0.308050 -0.046034 0.6039 0.6315 0.7098
v -0.160404 -0.300844 -0.046873 0.6118 0.6354 0.7108
v -0.152658 -0.293418 -0.046034 0.6198 0.6418 0.7191
v -0.148584 -0.295415 -0.041017 0.6381 0.6545 0.7351
v -0.118591 -0.285717 0.007959 0.6118 0.6354 0.7098
v -0.122796 -0.291703 0.004809 0.6118 0.6393 0.7098
v -0.115032 -0.282808 0.003946 0.6234 0.6392 0.7177
v -0.108799 -0.275163 0.004809 0.6354 0.6550 0.7333
v -0.115914 -0.281905 0.009965 0.6236 0.6432 0.7216
v -0.124179 -0.290286 0.014260 0.6197 0.6457 0.7155
v -0.124828 -0.292439 0.009965 0.6236 0.6393 0.7216
v -0.118591 -0.285717 -0.009172 0.6166 0.6489 0.7122
v -0.124179 -0.290286 -0.015473 0.6234 0.6510 0.7098
v -0.115913 -0.281905 -0.011179 0.6298 0.6510 0.7271
v -0.108799 -0.275163 -0.006022 0.6331 0.6510 0.7167
v -0.115032 -0.282808 -0.005160 0.6326 0.6470 0.7105
v -0.122795 -0.291703 -0.006022 0.6311 0.6443 0.7290
v -0.124827 -0.292439 -0.011179 0.6118 0.6471 0.7098
v -0.163334 -0.319048 0.033431 0.6118 0.6381 0.7178
v -0.166509 -0.325902 0.030374 0.6049 0.6267 0.7098
v -0.158435 -0.318515 0.029530 0.6116 0.6352 0.7105
v -0.152466 -0.311358 0.030364 0.6173 0.6372 0.7153
v -0.161311 -0.314682 0.035379 0.6118 0.6432 0.7255
v -0.171026 -0.319883 0.039557 0.6228 0.6393 0.7216
v -0.170255 -0.323945 0.035385 0.6106 0.6348 0.7116
v -0.193112 -0.340090 0.041763 0.6080 0.6277 0.7159
v -0.189852 -0.333187 0.044824 0.6118 0.6470 0.7332
v -0.198064 -0.340654 0.045662 0.6185 0.6459 0.7329
v -0.204148 -0.347879 0.044824 0.6046 0.6318 0.7205
v -0.195188 -0.344487 0.039814 0.5977 0.6196 0.7131
v -0.185335 -0.339205 0.035641 0.5987 0.6232 0.7098
v -0.186083 -0.335130 0.039814 0.6074 0.6304 0.7183
v -0.144199 -0.314600 0.007959 0.6039 0.6276 0.7098
v -0.140369 -0.308546 0.014259 0.6118 0.6315 0.7098
v -0.147520 -0.317553 0.009965 0.6039 0.6251 0.7098
v -0.153243 -0.325291 0.004808 0.5964 0.6188 0.7098
v -0.146639 -0.318456 0.003946 0.6065 0.6275 0.7098
v -0.138985 -0.309963 0.004808 0.6118 0.6354 0.7098
v -0.138439 -0.307791 0.009965 0.6118 0.6354 0.7098
v -0.144199 -0.314600 -0.009173 0.6074 0.6300 0.7098
v -0.153243 -0.325291 -0.006023 0.5969 0.6187 0.7098
v -0.147520 -0.317553 -0.011179 0.6039 0.6315 0.7098
v -0.140368 -0.308546 -0.015474 0.6118 0.6354 0.7098
v -0.138439 -0.307791 -0.011179 0.6118 0.6354 0.7098
v -0.138985 -0.309963 -0.006022 0.6118 0.6354 0.7098
v -0.146639 -0.318456 -0.005160 0.6039 0.6315 0.7098
v -0.158181 -0.326497 0.016534 0.5804 0.6119 0.7098
v -0.162083 -0.332813 0.010229 0.5804 0.6067 0.7098
v -0.154952 -0.323877 0.014523 0.5913 0.6189 0.7098
v -0.149208 -0.316067 0.019681 0.6039 0.6276 0.7098
v -0.155696 -0.322475 0.020549 0.5955 0.6197 0.7098
v -0.163251 -0.330611 0.019691 0.5804 0.6097 0.6962
v -0.163895 -0.333140 0.014529 0.5804 0.6079 0.6980
v -0.163332 -0.319048 -0.034647 0.6073 0.6323 0.7140
v -0.152465 -0.311358 -0.031578 0.6119 0.6354 0.7099
v -0.158433 -0.318515 -0.030745 0.6046 0.6246 0.7098
v -0.166508 -0.325902 -0.031589 0.5946 0.6197 0.7098
v -0.170254 -0.323945 -0.036601 0.6039 0.6315 0.7098
v -0.171024 -0.319883 -0.040772 0.6118 0.6393 0.7216
v -0.161310 -0.314682 -0.036594 0.6118 0.6393 0.7210
v -0.158180 -0.326497 -0.017748 0.5925 0.6197 0.7098
v -0.149207 -0.316067 -0.020895 0.6082 0.6310 0.7098
v -0.154951 -0.323877 -0.015738 0.5921 0.6197 0.7098
v -0.162082 -0.332813 -0.011444 0.5875 0.6197 0.7098
v -0.163894 -0.333140 -0.015744 0.5900 0.6182 0.7049
v -0.163250 -0.330612 -0.020906 0.5815 0.6144 0.7098
v -0.155695 -0.322475 -0.021763 0.6002 0.6261 0.7098
v -0.193110 -0.340090 -0.042979 0.5838 0.6051 0.6953
v -0.185334 -0.339205 -0.036857 0.5893 0.6197 0.7098
v -0.195186 -0.344487 -0.041030 0.5916 0.6197 0.7098
v -0.204146 -0.347879 -0.046041 0.5545 0.5900 0.6839
v -0.198063 -0.340654 -0.046878 0.5647 0.5961 0.6941
v -0.189850 -0.333187 -0.046040 0.5804 0.6062 0.6964
v -0.186081 -0.335130 -0.041030 0.6033 0.6226 0.7098
v -0.184241 -0.356130 0.007967 0.5373 0.5725 0.6785
v -0.179727 -0.349346 0.014275 0.5644 0.5959 0.6939
v -0.187860 -0.359049 0.009976 0.5450 0.5712 0.6785
v -0.194438 -0.367498 0.004813 0.5267 0.5614 0.6785
v -0.187116 -0.360451 0.003950 0.5373 0.5686 0.6785
v -0.178558 -0.351547 0.004814 0.5608 0.5882 0.6902
v -0.177747 -0.348891 0.009976 0.5623 0.5937 0.6847
v -0.184241 -0.356130 -0.009183 0.5686 0.6000 0.6980
v -0.194437 -0.367498 -0.006030 0.5585 0.5804 0.6880
v -0.187860 -0.359049 -0.011192 0.5646 0.5943 0.6908
v -0.179726 -0.349346 -0.015491 0.5804 0.6039 0.6980
v -0.177747 -0.348891 -0.011192 0.5804 0.6079 0.7042
v -0.178558 -0.351548 -0.006029 0.5756 0.6008 0.6942
v -0.187116 -0.360451 -0.005166 0.5608 0.5843 0.6902
v -0.202823 -0.359634 -0.034589 0.5615 0.5929 0.6910
v -0.191474 -0.351561 -0.031553 0.5683 0.5997 0.6977
v -0.198069 -0.359251 -0.030674 0.5613 0.5926 0.6907
v -0.206707 -0.367106 -0.031479 0.5490 0.5804 0.6902
v -0.210051 -0.364775 -0.036523 0.5548 0.5849 0.6902
v -0.210287 -0.360234 -0.040736 0.5671 0.5952 0.6965
v -0.200349 -0.354875 -0.036570 0.5686 0.5992 0.6980
v -0.199106 -0.368224 -0.017691 0.5608 0.5882 0.6785
v -0.189124 -0.356992 -0.020870 0.5636 0.5948 0.6927
v -0.195761 -0.365478 -0.015714 0.5612 0.5884 0.6858
v -0.203835 -0.375144 -0.011408 0.5490 0.5836 0.6785
v -0.205463 -0.375378 -0.015667 0.5490 0.5804 0.6785
v -0.204358 -0.372537 -0.020795 0.5490 0.5824 0.6785
v -0.196093 -0.363817 -0.021692 0.5608 0.5882 0.6785
v -0.237276 -0.384188 -0.043386 0.5342 0.5666 0.6785
v -0.228489 -0.382629 -0.037040 0.5490 0.5725 0.6785
v -0.240593 -0.389557 -0.041532 0.5332 0.5725 0.6785
v -0.251270 -0.394176 -0.046821 0.5254 0.5606 0.6783
v -0.242872 -0.385180 -0.047428 0.5176 0.5569 0.6785
v -0.232069 -0.375758 -0.046298 0.5345 0.5684 0.6785
v -0.228364 -0.377826 -0.041199 0.5420 0.5705 0.6794
v -0.250325 -0.406847 -0.035017 0.5176 0.5492 0.6610
v -0.259520 -0.408502 -0.041530 0.5059 0.5451 0.6667
v -0.247528 -0.401601 -0.037084 0.5176 0.5490 0.6667
v -0.236739 -0.396955 -0.031749 0.5176 0.5569 0.6702
v -0.244469 -0.405793 -0.030870 0.5124 0.5478 0.6667
v -0.254715 -0.415084 -0.031773 0.5110 0.5513 0.6729
v -0.258977 -0.413147 -0.037099 0.5376 0.5768 0.6984
v -0.245068 -0.414213 -0.017646 0.4929 0.5290 0.6471
v -0.251392 -0.419741 -0.020790 0.4980 0.5399 0.6589
v -0.241674 -0.409709 -0.021636 0.4941 0.5373 0.6550
v -0.233415 -0.401612 -0.020767 0.5176 0.5490 0.6628
v -0.241040 -0.410693 -0.015643 0.4950 0.5300 0.6471
v -0.250396 -0.421287 -0.011380 0.4902 0.5334 0.6524
v -0.252489 -0.422239 -0.015658 0.5176 0.5569 0.6785
v -0.228302 -0.400145 -0.009116 0.5059 0.5451 0.6667
v -0.239796 -0.412393 -0.005988 0.4813 0.5249 0.6471
v -0.232128 -0.403215 -0.011109 0.5059 0.5451 0.6667
v -0.222816 -0.392718 -0.015374 0.5255 0.5608 0.6785
v -0.220981 -0.392345 -0.011109 0.5249 0.5602 0.6775
v -0.222293 -0.395324 -0.005987 0.5150 0.5457 0.6592
v -0.231796 -0.404875 -0.005131 0.4931 0.5356 0.6533
v -0.199106 -0.368224 0.016475 0.5310 0.5645 0.6785
v -0.203836 -0.375144 0.010192 0.5176 0.5529 0.6667
v -0.195762 -0.365478 0.014498 0.5328 0.5657 0.6785
v -0.189125 -0.356992 0.019654 0.5499 0.5852 0.6792
v -0.196094 -0.363817 0.020476 0.5392 0.5693 0.6785
v -0.204358 -0.372537 0.019579 0.5255 0.5608 0.6785
v -0.205463 -0.375378 0.014450 0.5178 0.5532 0.6670
v -0.228302 -0.400145 0.007899 0.4813 0.5137 0.6455
v -0.222816 -0.392718 0.014157 0.4959 0.5369 0.6534
v -0.232129 -0.403215 0.009892 0.4745 0.5137 0.6354
v -0.239796 -0.412392 0.004770 0.4510 0.4977 0.6351
v -0.231796 -0.404875 0.003913 0.4726 0.5117 0.6471
v -0.222294 -0.395324 0.004770 0.4831 0.5257 0.6476
v -0.220982 -0.392345 0.009892 0.4938 0.5315 0.6554
v -0.202824 -0.359634 0.033373 0.5672 0.5882 0.6966
v -0.206709 -0.367106 0.030262 0.5490 0.5725 0.6785
v -0.198070 -0.359251 0.029458 0.5492 0.5883 0.6786
v -0.191475 -0.351561 0.030337 0.5671 0.5985 0.6966
v -0.200350 -0.354875 0.035354 0.5685 0.5999 0.6979
v -0.210288 -0.360234 0.039519 0.5633 0.5933 0.6927
v -0.210052 -0.364775 0.035306 0.5490 0.5765 0.6902
v -0.245068 -0.414213 0.016427 0.4353 0.4823 0.6276
v -0.250396 -0.421287 0.010162 0.4392 0.4902 0.6354
v -0.241040 -0.410693 0.014425 0.4509 0.4901 0.6168
v -0.233416 -0.401612 0.019549 0.4747 0.5139 0.6471
v -0.241675 -0.409709 0.020418 0.4510 0.4745 0.6354
v -0.251392 -0.419741 0.019572 0.4358 0.4915 0.6289
v -0.252489 -0.422239 0.014439 0.4656 0.5023 0.6593
v -0.237278 -0.384188 0.042168 0.5257 0.5610 0.6784
v -0.251272 -0.394176 0.045602 0.4980 0.5386 0.6602
v -0.240594 -0.389557 0.040314 0.5176 0.5569 0.6785
v -0.228491 -0.382629 0.035823 0.5181 0.5609 0.6785
v -0.228365 -0.377826 0.039981 0.5388 0.5691 0.6785
v -0.232070 -0.375758 0.045080 0.5608 0.5882 0.6980
v -0.242874 -0.385180 0.046210 0.5568 0.5828 0.6913
v -0.250326 -0.406847 0.033799 0.4510 0.4980 0.6354
v -0.236740 -0.396955 0.030531 0.4941 0.5373 0.6550
v -0.247530 -0.401601 0.035865 0.4628 0.5096 0.6471
v -0.259521 -0.408502 0.040311 0.4392 0.4863 0.6354
v -0.258978 -0.413147 0.035880 0.4774 0.5322 0.6724
v -0.254717 -0.415084 0.030554 0.4630 0.5178 0.6571
v -0.244470 -0.405793 0.029651 0.4510 0.4902 0.6345
v -0.370703 -0.326315 -0.023521 1.0000 0.7451 0.1608
v -0.357418 -0.335181 -0.023520 1.0000 0.7334 0.1390
v -0.375566 -0.325714 -0.023521 1.0000 0.7773 0.2288
v -0.391625 -0.316506 -0.023521 1.0000 0.8288 0.3653
v -0.379164 -0.320668 -0.023521 1.0000 0.7753 0.1858
v -0.363067 -0.327258 -0.023520 0.9580 0.6240 0.0951
v -0.357379 -0.332562 -0.023520 1.0000 0.7137 0.1294
v -0.399050 -0.306845 -0.023521 0.9921 0.8353 0.4392
v -0.380988 -0.314949 -0.023521 0.9686 0.6920 0.1417
v -0.394231 -0.310320 -0.023521 1.0000 0.8431 0.4510
v -0.409545 -0.304197 -0.023522 0.9939 0.8274 0.4062
v -0.410552 -0.301684 -0.023522 0.9921 0.8274 0.4196
v -0.406615 -0.301390 -0.023522 0.9921 0.8274 0.4196
v -0.392365 -0.308532 -0.023521 0.9917 0.7874 0.3948
v -0.425399 -0.291233 -0.023522 1.0000 0.8431 0.4510
v -0.426204 -0.294326 -0.023522 1.0000 0.8274 0.3529
v -0.426753 -0.291050 -0.023522 1.0000 0.8417 0.4396
v -0.426720 -0.287852 -0.023522 1.0000 0.8431 0.4510
v -0.424887 -0.289263 -0.023522 1.0000 0.8431 0.4510
v -0.423274 -0.291520 -0.023522 1.0000 0.8431 0.4510
v -0.424558 -0.293386 -0.023522 1.0000 0.8401 0.4274
v -0.431247 -0.290520 -0.023522 1.0000 0.8313 0.3451
v -0.430417 -0.287401 -0.023522 1.0000 0.8397 0.4037
v -0.429861 -0.290671 -0.023522 1.0000 0.8317 0.3475
v -0.429901 -0.293875 -0.023522 1.0000 0.8297 0.3606
v -0.431775 -0.292505 -0.023522 1.0000 0.8320 0.3776
v -0.433422 -0.290282 -0.023522 1.0000 0.8326 0.3797
v -0.432104 -0.288382 -0.023522 1.0000 0.8313 0.3451
v -0.435511 -0.285265 -0.023522 1.0000 0.8293 0.3515
v -0.436118 -0.286960 -0.023522 1.0000 0.8358 0.3921
v -0.437038 -0.286020 -0.023522 1.0000 0.8334 0.3979
v -0.437302 -0.284755 -0.023522 1.0000 0.8316 0.3954
v -0.435124 -0.284185 -0.023522 1.0000 0.8277 0.3319
v -0.433113 -0.284079 -0.023522 1.0000 0.8332 0.3573
v -0.434370 -0.285589 -0.023522 1.0000 0.8313 0.3451
v -0.433943 -0.278432 -0.023522 1.0000 0.8264 0.4043
v -0.436311 -0.280436 -0.023522 1.0000 0.8275 0.3285
v -0.435103 -0.277586 -0.023522 1.0000 0.8308 0.3589
v -0.433396 -0.275101 -0.023522 1.0000 0.8431 0.4510
v -0.432435 -0.277156 -0.023522 1.0000 0.8431 0.4510
v -0.432121 -0.279760 -0.023522 1.0000 0.8431 0.4510
v -0.434291 -0.280554 -0.023522 1.0000 0.8274 0.3665
v -0.438844 -0.274310 -0.023522 1.0000 0.8274 0.3472
v -0.436495 -0.272495 -0.023522 1.0000 0.8278 0.3452
v -0.437708 -0.275395 -0.023522 1.0000 0.8274 0.3216
v -0.439409 -0.277829 -0.023522 1.0000 0.8345 0.3665
v -0.440340 -0.275466 -0.023522 1.0000 0.8318 0.3712
v -0.440627 -0.272605 -0.023522 1.0000 0.8318 0.3774
v -0.438484 -0.272068 -0.023522 1.0000 0.8274 0.3244
v -0.435683 -0.265480 -0.023522 1.0000 0.8232 0.3445
v -0.438629 -0.267023 -0.023522 1.0000 0.8277 0.3232
v -0.436439 -0.264567 -0.023522 1.0000 0.8274 0.3112
v -0.433924 -0.262504 -0.023522 1.0000 0.8331 0.3904
v -0.433807 -0.264497 -0.023522 1.0000 0.8385 0.4173
v -0.434497 -0.266912 -0.023522 1.0000 0.8382 0.4169
v -0.436804 -0.267375 -0.023522 1.0000 0.8199 0.3403
v -0.439433 -0.259994 -0.023522 1.0000 0.8341 0.3462
v -0.441000 -0.263555 -0.023522 1.0000 0.8402 0.3720
v -0.441432 -0.260604 -0.023522 1.0000 0.8419 0.3810
v -0.441005 -0.257392 -0.023522 1.0000 0.8431 0.3882
v -0.438435 -0.257727 -0.023522 1.0000 0.8266 0.3206
v -0.436295 -0.259036 -0.023522 1.0000 0.8169 0.2918
v -0.438432 -0.261652 -0.023522 1.0000 0.8274 0.3118
v -0.435123 -0.243065 -0.024195 1.0000 0.8242 0.3098
v -0.433519 -0.234172 -0.024690 1.0000 0.8104 0.3168
v -0.433112 -0.240757 -0.024353 1.0000 0.8133 0.2675
v -0.433569 -0.248333 -0.023948 1.0000 0.8117 0.2379
v -0.436144 -0.248728 -0.023880 1.0000 0.8240 0.3048
v -0.438280 -0.246688 -0.023948 1.0000 0.8313 0.3451
v -0.436112 -0.239709 -0.024353 1.0000 0.8236 0.3222
v -0.425036 -0.238567 -0.024195 1.0000 0.7294 0.1490
v -0.427192 -0.245490 -0.023947 1.0000 0.7840 0.2176
v -0.427751 -0.238366 -0.024353 1.0000 0.7605 0.1750
v -0.427142 -0.231329 -0.024690 1.0000 0.7529 0.1725
v -0.423662 -0.234158 -0.024352 0.9963 0.7065 0.1363
v -0.420773 -0.238883 -0.023947 1.0000 0.7063 0.1335
v -0.423695 -0.243177 -0.023879 1.0000 0.7677 0.1767
v -0.112694 0.399127 -0.047964 0.8906 0.8918 0.9058
v -0.111139 0.401679 -0.049726 0.8853 0.8900 0.9058
v -0.110887 0.397454 -0.050046 0.8845 0.8885 0.9058
v -0.111412 0.393948 -0.049472 0.8823 0.8788 0.8941
v -0.113685 0.397502 -0.046843 0.8922 0.8929 0.9058
v -0.115532 0.401755 -0.044696 0.8805 0.8844 0.9058
v -0.113511 0.402426 -0.047005 0.8872 0.8895 0.9058
v -0.118109 0.393962 -0.040823 0.8706 0.8863 0.8962
v -0.118955 0.398489 -0.040181 0.8921 0.8879 0.8990
v -0.116563 0.394757 -0.043047 0.8710 0.8750 0.8869
v -0.114836 0.390683 -0.044957 0.8702 0.8742 0.8828
v -0.117570 0.391079 -0.041232 0.8706 0.8748 0.8817
v -0.120537 0.392714 -0.037332 0.8706 0.8846 0.8917
v -0.120194 0.396051 -0.038191 0.8833 0.8865 0.8950
v -0.123678 0.401007 -0.033913 0.8935 0.8937 0.9097
v -0.122476 0.402943 -0.035812 0.8934 0.8936 0.9058
v -0.123154 0.399795 -0.034518 0.8858 0.8886 0.8999
v -0.124057 0.397168 -0.032963 0.8775 0.8815 0.8845
v -0.124444 0.399774 -0.032703 0.8884 0.8898 0.9033
v -0.124501 0.402909 -0.032963 0.8828 0.8866 0.9058
v -0.123436 0.403451 -0.034518 0.8874 0.8896 0.9058
v -0.114699 0.381742 -0.045152 0.9514 0.7935 0.3471
v -0.113036 0.377280 -0.047693 0.9372 0.7548 0.2753
v -0.115985 0.380968 -0.043533 0.9229 0.7570 0.3282
v -0.118380 0.384989 -0.040068 0.1157 0.1024 0.0439
v -0.115758 0.384583 -0.043533 0.2430 0.2123 0.0935
v -0.112679 0.382957 -0.047693 0.9909 0.8828 0.4056
v -0.112354 0.379674 -0.048389 0.9372 0.7451 0.3216
v -0.120241 0.376767 -0.034764 0.9372 0.7451 0.2235
v -0.121884 0.381843 -0.033501 0.9372 0.7960 0.3529
v -0.118930 0.378323 -0.038012 0.9372 0.7452 0.2626
v -0.116540 0.374135 -0.041126 0.9372 0.7456 0.2732
v -0.119194 0.373534 -0.035569 0.9372 0.7647 0.3222
v -0.122298 0.374323 -0.029666 0.9372 0.7450 0.2700
v -0.122598 0.378443 -0.030713 0.9372 0.7451 0.2664
v -0.126881 0.383636 -0.017613 0.7213 0.6624 0.3838
v -0.126496 0.378666 -0.018822 0.9372 0.7548 0.2899
v -0.127389 0.382012 -0.014399 0.9904 0.8832 0.5218
v -0.128064 0.386056 -0.011358 0.4200 0.3856 0.2415
v -0.127126 0.386802 -0.016842 0.9371 0.8901 0.6950
v -0.126082 0.386186 -0.022658 0.4904 0.4904 0.4904
v -0.126127 0.382095 -0.021596 0.9372 0.7960 0.3529
v -0.114354 0.368483 -0.040665 0.9372 0.7398 0.2634
v -0.111667 0.367467 -0.043743 0.9208 0.6752 0.1608
v -0.115332 0.368220 -0.037996 0.9363 0.7123 0.1696
v -0.118576 0.369086 -0.033396 0.9368 0.7382 0.2890
v -0.116065 0.369131 -0.038705 0.9372 0.7672 0.3714
v -0.112818 0.368898 -0.044857 0.9372 0.7712 0.3861
v -0.111665 0.368100 -0.045295 0.9372 0.7422 0.2705
v -0.128736 0.376848 -0.007372 1.0000 0.8019 0.2530
v -0.129237 0.381765 -0.004884 1.0000 0.8297 0.3996
v -0.128375 0.378404 -0.008956 1.0000 0.8039 0.2927
v -0.127669 0.374374 -0.012347 0.9802 0.7958 0.2775
v -0.128417 0.373717 -0.008956 1.0000 0.8125 0.2798
v -0.129302 0.374405 -0.004884 1.0000 0.8073 0.2588
v -0.129415 0.378424 -0.004203 1.0000 0.8164 0.3135
v -0.118524 0.367355 -0.029609 0.9099 0.6304 0.1558
v -0.121213 0.368372 -0.026406 0.9516 0.6966 0.2385
v -0.117548 0.367620 -0.032119 0.8975 0.5966 0.1534
v -0.114303 0.366754 -0.036753 0.8859 0.5936 0.1608
v -0.116811 0.366707 -0.031649 0.8968 0.5949 0.1536
v -0.120055 0.366939 -0.025668 0.9346 0.6184 0.1294
v -0.121212 0.367738 -0.025059 0.9432 0.6457 0.1675
v -0.126266 0.368851 -0.013467 0.9938 0.8022 0.3635
v -0.124950 0.367885 -0.015463 0.9687 0.6873 0.1302
v -0.126367 0.368553 -0.011726 0.9840 0.7603 0.2709
v -0.127740 0.369349 -0.008737 1.0000 0.8268 0.4177
v -0.127104 0.369466 -0.012196 1.0000 0.8274 0.4196
v -0.126107 0.369318 -0.016201 0.9898 0.8137 0.4017
v -0.125327 0.368533 -0.016479 0.9735 0.7439 0.2726
v -0.118331 0.355665 -0.028940 1.0000 0.7855 0.2057
v -0.119933 0.359549 -0.025245 1.0000 0.7789 0.1922
v -0.116709 0.360494 -0.031293 1.0000 0.7796 0.1922
v -0.114181 0.359363 -0.036330 1.0000 0.7804 0.1922
v -0.117311 0.353192 -0.031293 1.0000 0.7989 0.2007
v -0.120878 0.348083 -0.025245 1.0000 0.8062 0.2220
v -0.120974 0.353310 -0.024233 1.0000 0.7935 0.2060
v -0.114011 0.344559 -0.038987 1.0000 0.8061 0.2235
v -0.111450 0.352341 -0.042681 1.0000 0.8022 0.2170
v -0.111377 0.346786 -0.043693 1.0000 0.8117 0.2235
v -0.112436 0.340273 -0.042681 1.0000 0.8117 0.2235
v -0.115642 0.339602 -0.036633 1.0000 0.8047 0.2235
v -0.118147 0.341062 -0.031597 1.0000 0.8116 0.2232
v -0.115015 0.347288 -0.036633 1.0000 0.8068 0.2178
v -0.126696 0.367579 -0.006702 1.0000 0.7422 0.1667
v -0.128012 0.368545 -0.004461 1.0000 0.8270 0.4183
v -0.126595 0.367877 -0.008130 1.0000 0.7570 0.2105
v -0.125222 0.367081 -0.011186 0.9656 0.6922 0.1299
v -0.125857 0.366964 -0.008130 0.9770 0.6950 0.1294
v -0.126854 0.367112 -0.004461 0.9820 0.7095 0.1384
v -0.127635 0.367897 -0.003847 1.0000 0.7743 0.2381
v -0.123533 0.311237 -0.029057 1.0000 0.8078 0.2235
v -0.127975 0.294510 -0.025449 1.0000 0.8117 0.2235
v -0.126766 0.306162 -0.024378 1.0000 0.8117 0.2235
v -0.124167 0.319996 -0.025319 1.0000 0.8078 0.2235
v -0.120703 0.321891 -0.031356 1.0000 0.8078 0.2235
v -0.118456 0.319207 -0.036404 1.0000 0.8078 0.2235
v -0.123128 0.305659 -0.031438 1.0000 0.8078 0.2235
v -0.121318 0.287336 -0.039104 1.0000 0.8117 0.2235
v -0.117055 0.304096 -0.042756 1.0000 0.8077 0.2159
v -0.117970 0.292392 -0.043755 1.0000 0.8078 0.2234
v -0.120323 0.278514 -0.042756 1.0000 0.8080 0.2161
v -0.124032 0.276663 -0.036778 1.0000 0.8117 0.2235
v -0.126575 0.279399 -0.031800 1.0000 0.8117 0.2235
v -0.121951 0.292955 -0.036778 1.0000 0.8117 0.2235
v -0.129402 0.239571 -0.039104 1.0000 0.8117 0.2235
v -0.131086 0.221197 -0.042756 1.0000 0.8117 0.2235
v -0.131929 0.234002 -0.036778 1.0000 0.8117 0.2235
v -0.131686 0.249201 -0.031800 1.0000 0.8117 0.2235
v -0.128330 0.251274 -0.036778 1.0000 0.8117 0.2235
v -0.125434 0.248316 -0.042756 1.0000 0.8078 0.2235
v -0.127948 0.233438 -0.043756 1.0000 0.8117 0.2235
v -0.125874 0.345560 -0.012798 1.0000 0.8117 0.2235
v -0.127273 0.341825 -0.008314 1.0000 0.8117 0.2235
v -0.126018 0.348022 -0.011370 1.0000 0.8117 0.2235
v -0.124702 0.353160 -0.015040 1.0000 0.8003 0.2157
v -0.124983 0.347939 -0.015653 1.0000 0.8114 0.2228
v -0.125647 0.341695 -0.015040 1.0000 0.8117 0.2235
v -0.126620 0.340720 -0.011370 1.0000 0.8117 0.2235
v -0.126496 0.355979 -0.006702 1.0000 0.8042 0.2114
v -0.125095 0.359747 -0.011186 1.0000 0.7804 0.1922
v -0.126349 0.353560 -0.008130 1.0000 0.8074 0.2157
v -0.127666 0.348412 -0.004461 1.0000 0.8117 0.2235
v -0.127388 0.353579 -0.003847 1.0000 0.8078 0.2157
v -0.126727 0.359778 -0.004461 1.0000 0.7882 0.1922
v -0.125751 0.360798 -0.008130 1.0000 0.7806 0.1922
v -0.133162 0.289123 -0.012915 1.0000 0.8117 0.2235
v -0.135168 0.280826 -0.008388 1.0000 0.8117 0.2235
v -0.132588 0.294596 -0.011433 1.0000 0.8117 0.2235
v -0.130255 0.306015 -0.015114 1.0000 0.8117 0.2235
v -0.131884 0.294407 -0.015798 1.0000 0.8117 0.2235
v -0.134063 0.280528 -0.015243 1.0000 0.8117 0.2235
v -0.135013 0.278365 -0.011515 1.0000 0.8117 0.2235
v -0.131184 0.312339 -0.006702 1.0000 0.8117 0.2235
v -0.129004 0.320692 -0.011186 1.0000 0.8117 0.2235
v -0.131537 0.306937 -0.008130 1.0000 0.8117 0.2235
v -0.133917 0.295503 -0.004461 1.0000 0.8117 0.2235
v -0.132572 0.307020 -0.003847 1.0000 0.8117 0.2235
v -0.130629 0.320822 -0.004461 1.0000 0.8117 0.2235
v -0.129443 0.323062 -0.008130 1.0000 0.8117 0.2235
v -0.140580 0.213139 -0.029796 1.0000 0.8117 0.2235
v -0.138753 0.232491 -0.025915 1.0000 0.8117 0.2235
v -0.137870 0.219953 -0.031831 1.0000 0.8117 0.2235
v -0.138153 0.204486 -0.036871 1.0000 0.8117 0.2235
v -0.141743 0.200815 -0.032267 1.0000 0.8117 0.2235
v -0.144834 0.202442 -0.026601 1.0000 0.8117 0.2235
v -0.142125 0.218651 -0.025290 1.0000 0.8117 0.2235
v -0.126496 0.355979 0.005489 1.0000 0.8000 0.2157
v -0.126728 0.359778 0.003247 1.0000 0.7913 0.2031
v -0.127389 0.353579 0.002633 1.0000 0.8075 0.2193
v -0.127666 0.348412 0.003247 1.0000 0.8117 0.2235
v -0.126349 0.353560 0.006916 1.0000 0.8000 0.2157
v -0.125096 0.359747 0.009972 1.0000 0.7828 0.1922
v -0.125752 0.360798 0.006916 1.0000 0.7809 0.1927
v -0.126696 0.367579 0.005489 0.9896 0.7525 0.2157
v -0.125222 0.367081 0.009972 0.9739 0.7131 0.1315
v -0.126595 0.367877 0.006916 0.9946 0.7741 0.2535
v -0.128012 0.368545 0.003247 1.0000 0.8146 0.3668
v -0.127635 0.367897 0.002633 0.9989 0.7915 0.2825
v -0.126854 0.367112 0.003247 0.9826 0.7230 0.1651
v -0.125858 0.366964 0.006916 0.9751 0.6989 0.1388
v -0.148081 0.211016 -0.013654 1.0000 0.8157 0.2235
v -0.151172 0.200800 -0.008856 1.0000 0.8117 0.2235
v -0.147129 0.217331 -0.011908 1.0000 0.8162 0.2235
v -0.143495 0.231148 -0.015710 1.0000 0.8117 0.2235
v -0.146113 0.217522 -0.016710 1.0000 0.8117 0.2235
v -0.149576 0.201099 -0.016396 1.0000 0.8117 0.2235
v -0.151002 0.198194 -0.012344 1.0000 0.8117 0.2235
v -0.143571 0.238519 -0.006820 1.0000 0.8117 0.2235
v -0.140644 0.248536 -0.011390 1.0000 0.8117 0.2235
v -0.144732 0.231950 -0.008275 1.0000 0.8117 0.2235
v -0.148320 0.218188 -0.004535 1.0000 0.8117 0.2235
v -0.145435 0.232139 -0.003909 1.0000 0.8117 0.2235
v -0.141749 0.248833 -0.004535 1.0000 0.8117 0.2235
v -0.140546 0.251467 -0.008275 1.0000 0.8117 0.2235
v -0.147966 0.183391 -0.031004 1.0000 0.7848 0.1993
v -0.142823 0.185679 -0.037635 1.0000 0.7794 0.2010
v -0.146987 0.183236 -0.033322 1.0000 0.7844 0.2042
v -0.151573 0.180861 -0.028012 1.0000 0.7939 0.2066
v -0.151242 0.181934 -0.026781 1.0000 0.7877 0.1962
v -0.149504 0.183634 -0.027365 1.0000 0.7839 0.1926
v -0.145670 0.185003 -0.032909 1.0000 0.7843 0.2039
v -0.142353 0.183339 -0.042148 1.0000 0.8052 0.2046
v -0.148024 0.180828 -0.035058 1.0000 0.8078 0.2157
v -0.144003 0.183209 -0.039245 1.0000 0.8078 0.2039
v -0.139274 0.185646 -0.044681 1.0000 0.7987 0.2149
v -0.138741 0.184939 -0.046664 1.0000 0.8008 0.2164
v -0.139761 0.183544 -0.046706 1.0000 0.8160 0.2299
v -0.144314 0.181870 -0.040536 1.0000 0.8087 0.2089
v -0.145378 0.173310 -0.044323 1.0000 0.8117 0.2235
v -0.149936 0.174487 -0.036433 1.0000 0.8245 0.2869
v -0.145922 0.176540 -0.041691 1.0000 0.8274 0.2802
v -0.141674 0.177204 -0.048081 1.0000 0.8237 0.2384
v -0.142475 0.172561 -0.049348 1.0000 0.8130 0.2274
v -0.144524 0.168240 -0.048454 1.0000 0.8112 0.2224
v -0.147737 0.170831 -0.041929 1.0000 0.8150 0.2235
v -0.157524 0.178470 -0.014862 1.0000 0.8057 0.2191
v -0.159411 0.177137 -0.009619 1.0000 0.8078 0.2157
v -0.157466 0.178929 -0.012986 1.0000 0.8000 0.2098
v -0.155547 0.180523 -0.017159 1.0000 0.7945 0.2074
v -0.156323 0.179318 -0.018201 1.0000 0.8011 0.2164
v -0.157615 0.177749 -0.017807 1.0000 0.8108 0.2229
v -0.158784 0.177162 -0.013399 1.0000 0.8087 0.2174
v -0.157095 0.180713 -0.007441 1.0000 0.7927 0.2039
v -0.155275 0.181941 -0.012468 1.0000 0.7921 0.2039
v -0.157238 0.180121 -0.009042 1.0000 0.7968 0.2073
v -0.159140 0.178555 -0.004928 1.0000 0.8117 0.2157
v -0.158254 0.179930 -0.004240 1.0000 0.8019 0.2083
v -0.156871 0.181642 -0.004928 1.0000 0.7921 0.2039
v -0.155793 0.182087 -0.009042 1.0000 0.7921 0.2039
v -0.155884 0.162347 -0.033533 1.0000 0.8063 0.2092
v -0.156578 0.167556 -0.029611 1.0000 0.8119 0.2235
v -0.153321 0.165003 -0.036194 1.0000 0.8091 0.2182
v -0.151166 0.161309 -0.041633 1.0000 0.7959 0.2157
v -0.155442 0.159030 -0.036031 1.0000 0.8005 0.2111
v -0.159908 0.158176 -0.029355 1.0000 0.8039 0.2157
v -0.158889 0.163008 -0.028375 1.0000 0.8094 0.2212
v -0.162417 0.167454 -0.015217 1.0000 0.8209 0.2235
v -0.162504 0.170173 -0.009844 1.0000 0.8274 0.2596
v -0.161384 0.171307 -0.013588 1.0000 0.8274 0.2796
v -0.160708 0.170785 -0.018032 1.0000 0.8235 0.2476
v -0.162361 0.165723 -0.018639 1.0000 0.8153 0.2235
v -0.164038 0.161405 -0.017776 1.0000 0.8120 0.2235
v -0.163505 0.165333 -0.013425 1.0000 0.8196 0.2235
v -0.165701 0.136398 -0.033421 0.8196 0.8313 0.8627
v -0.157373 0.144903 -0.041562 0.8233 0.8313 0.8627
v -0.165438 0.132976 -0.036055 0.8196 0.8274 0.8706
v -0.173617 0.122519 -0.029417 0.8196 0.8274 0.8627
v -0.171006 0.130981 -0.028236 0.8196 0.8307 0.8692
v -0.166114 0.141771 -0.029284 0.8681 0.8753 0.8995
v -0.160660 0.145237 -0.035971 0.8567 0.8664 0.8880
v -0.167023 0.115847 -0.044278 0.8196 0.8313 0.8706
v -0.174453 0.109527 -0.036281 0.8196 0.8274 0.8627
v -0.166141 0.122053 -0.041827 0.8196 0.8274 0.8627
v -0.158208 0.131911 -0.048426 0.8352 0.8391 0.8692
v -0.162291 0.119873 -0.049372 0.8282 0.8365 0.8596
v -0.168408 0.106104 -0.048128 0.8373 0.8425 0.8706
v -0.172637 0.105617 -0.041637 0.8196 0.8274 0.8627
v -0.166394 0.158527 -0.007796 1.0000 0.8117 0.2235
v -0.165018 0.164529 -0.005152 1.0000 0.8157 0.2235
v -0.165619 0.160588 -0.009480 1.0000 0.8157 0.2235
v -0.166552 0.155761 -0.013084 1.0000 0.8166 0.2808
v -0.167270 0.154705 -0.009480 1.0000 0.8261 0.2822
v -0.167611 0.155291 -0.005152 1.0000 0.8153 0.2635
v -0.166293 0.160289 -0.004429 1.0000 0.8156 0.2235
v -0.187590 0.082076 -0.033131 0.8196 0.8274 0.8627
v -0.181411 0.084754 -0.041081 0.8196 0.8274 0.8627
v -0.187676 0.078191 -0.035614 0.8196 0.8274 0.8627
v -0.193903 0.073299 -0.029080 0.8196 0.8274 0.8627
v -0.191525 0.080371 -0.028068 0.8196 0.8274 0.8627
v -0.187455 0.088176 -0.029233 0.8196 0.8274 0.8627
v -0.183569 0.087666 -0.035712 0.8196 0.8274 0.8627
v -0.187895 0.065456 -0.043784 0.8196 0.8292 0.8706
v -0.194096 0.062791 -0.035814 0.8196 0.8274 0.8627
v -0.187838 0.069357 -0.041276 0.8196 0.8274 0.8627
v -0.181604 0.074246 -0.047816 0.8210 0.8328 0.8706
v -0.183946 0.067153 -0.048860 0.8196 0.8297 0.8627
v -0.187985 0.059331 -0.047722 0.8208 0.8326 0.8706
v -0.191902 0.059858 -0.041216 0.8196 0.8274 0.8627
v -0.181291 0.116601 -0.015105 0.8196 0.8274 0.8627
v -0.184430 0.110544 -0.009773 0.8196 0.8274 0.8627
v -0.179901 0.120803 -0.013365 0.8196 0.8274 0.8627
v -0.175970 0.129255 -0.017705 0.8196 0.8291 0.8661
v -0.179292 0.120458 -0.018501 0.8196 0.8274 0.8627
v -0.183473 0.110003 -0.017837 0.8196 0.8274 0.8627
v -0.184680 0.108542 -0.013449 0.8196 0.8274 0.8627
v -0.175451 0.133623 -0.007796 0.8274 0.8313 0.8627
v -0.172278 0.140017 -0.013084 0.8823 0.8873 0.8961
v -0.176797 0.129851 -0.009480 0.8196 0.8274 0.8627
v -0.180737 0.121306 -0.005153 0.8196 0.8274 0.8627
v -0.177471 0.129551 -0.004429 0.8196 0.8274 0.8627
v -0.173336 0.139547 -0.005153 0.8402 0.8588 0.8715
v -0.172083 0.141467 -0.009480 0.8920 0.8943 0.8989
v -0.199780 0.072186 -0.015085 0.8196 0.8274 0.8627
v -0.202568 0.067588 -0.009761 0.8078 0.8338 0.8706
v -0.198615 0.075459 -0.013439 0.8196 0.8274 0.8627
v -0.195162 0.081923 -0.017825 0.8196 0.8274 0.8627
v -0.198005 0.075114 -0.018476 0.8196 0.8274 0.8627
v -0.201610 0.067046 -0.017671 0.8167 0.8274 0.8646
v -0.202721 0.065984 -0.013341 0.8078 0.8274 0.8706
v -0.194803 0.086160 -0.007916 0.8196 0.8274 0.8627
v -0.192015 0.090758 -0.013292 0.8196 0.8274 0.8627
v -0.195969 0.082887 -0.009628 0.8196 0.8274 0.8627
v -0.199421 0.076423 -0.005229 0.8196 0.8274 0.8627
v -0.196578 0.083232 -0.004493 0.8196 0.8274 0.8627
v -0.192972 0.091299 -0.005229 0.8196 0.8274 0.8627
v -0.191862 0.092362 -0.009628 0.8196 0.8274 0.8627
v -0.205796 0.041681 -0.033051 0.8078 0.8274 0.8627
v -0.199302 0.044300 -0.040936 0.8107 0.8284 0.8657
v -0.206040 0.037809 -0.035612 0.8091 0.8274 0.8636
v -0.212672 0.032983 -0.029187 0.8196 0.8274 0.8706
v -0.209932 0.040013 -0.028029 0.8078 0.8274 0.8630
v -0.205414 0.047760 -0.029029 0.8193 0.8274 0.8706
v -0.201417 0.047221 -0.035511 0.8078 0.8274 0.8706
v -0.207253 0.024533 -0.043843 0.8078 0.8272 0.8706
v -0.213593 0.022142 -0.036010 0.8078 0.8196 0.8627
v -0.206814 0.028695 -0.041349 0.8078 0.8274 0.8706
v -0.200224 0.033459 -0.047759 0.8098 0.8273 0.8691
v -0.203215 0.026056 -0.048831 0.8078 0.8274 0.8627
v -0.207942 0.017999 -0.047759 0.8078 0.8226 0.8613
v -0.211730 0.018849 -0.041349 0.8078 0.8274 0.8627
v -0.213086 0.045954 -0.007777 0.8230 0.8274 0.8706
v -0.210023 0.050462 -0.013051 0.8120 0.8274 0.8678
v -0.214428 0.042738 -0.009457 0.8223 0.8274 0.8706
v -0.218256 0.036396 -0.005141 0.8078 0.8274 0.8627
v -0.215038 0.043083 -0.004419 0.8079 0.8273 0.8647
v -0.210980 0.051004 -0.005141 0.8237 0.8274 0.8706
v -0.209794 0.052041 -0.009457 0.8119 0.8274 0.8701
v -0.218797 0.032069 -0.015090 0.8078 0.8274 0.8627
v -0.221867 0.027618 -0.009764 0.8078 0.8274 0.8627
v -0.217463 0.035357 -0.013344 0.8078 0.8274 0.8706
v -0.213633 0.041683 -0.017674 0.8169 0.8274 0.8687
v -0.216842 0.034904 -0.018482 0.8078 0.8274 0.8641
v -0.220892 0.026906 -0.017832 0.8078 0.8274 0.8691
v -0.222086 0.025946 -0.013445 0.8078 0.8274 0.8627
v -0.227833 0.000625 -0.033051 0.8078 0.8117 0.8706
v -0.220953 0.002884 -0.040937 0.8078 0.8117 0.8706
v -0.228615 -0.003452 -0.035512 0.8078 0.8196 0.8706
v -0.235941 -0.008036 -0.029029 0.8078 0.8117 0.8549
v -0.232214 -0.000814 -0.028029 0.8078 0.8133 0.8706
v -0.226604 0.007026 -0.029188 0.8078 0.8157 0.8627
v -0.222669 0.006141 -0.035613 0.8078 0.8157 0.8627
v -0.231106 -0.016830 -0.043700 0.8078 0.8117 0.8509
v -0.238011 -0.019071 -0.035761 0.7960 0.8117 0.8509
v -0.230355 -0.012730 -0.041172 0.8078 0.8117 0.8458
v -0.223023 -0.008151 -0.047669 0.8078 0.8190 0.8706
v -0.226709 -0.015403 -0.048755 0.8078 0.8117 0.8549
v -0.232285 -0.023268 -0.047669 0.8078 0.8117 0.8392
v -0.236255 -0.022357 -0.041172 0.8078 0.8117 0.8392
v -0.234653 0.005619 -0.007921 0.8078 0.8262 0.8620
v -0.230916 0.010184 -0.013300 0.8078 0.8196 0.8627
v -0.236412 0.002258 -0.009634 0.8078 0.8218 0.8627
v -0.241151 -0.004223 -0.005232 0.8078 0.8167 0.8706
v -0.237032 0.002712 -0.004496 0.8078 0.8157 0.8627
v -0.231891 0.010896 -0.005232 0.8078 0.8201 0.8546
v -0.230514 0.011887 -0.009634 0.8078 0.8196 0.8627
v -0.242231 -0.008678 -0.015091 0.8078 0.8117 0.8706
v -0.245943 -0.013261 -0.009764 0.8078 0.8164 0.8706
v -0.240440 -0.005341 -0.013445 0.8078 0.8117 0.8706
v -0.235707 0.001145 -0.017833 0.8078 0.8117 0.8706
v -0.239868 -0.005759 -0.018483 0.8078 0.8143 0.8706
v -0.245044 -0.013917 -0.017674 0.8078 0.8117 0.8706
v -0.246387 -0.014934 -0.013344 0.8078 0.8137 0.8706
v -0.254851 -0.041168 -0.032908 0.8022 0.8067 0.8392
v -0.247297 -0.038655 -0.040846 0.7965 0.8080 0.8392
v -0.256016 -0.045442 -0.035436 0.7960 0.8117 0.8392
v -0.264233 -0.050392 -0.028939 0.7960 0.8039 0.8509
v -0.259662 -0.042769 -0.027852 0.8035 0.8108 0.8392
v -0.253023 -0.034458 -0.028939 0.8078 0.8117 0.8511
v -0.248876 -0.035294 -0.035436 0.8078 0.8117 0.8450
v -0.260316 -0.060168 -0.043700 0.7843 0.7980 0.8392
v -0.267689 -0.062404 -0.035762 0.7843 0.8000 0.8392
v -0.258920 -0.055541 -0.041172 0.7905 0.7960 0.8392
v -0.250752 -0.050667 -0.047669 0.7960 0.8000 0.8509
v -0.255621 -0.058744 -0.048756 0.7865 0.8015 0.8392
v -0.262508 -0.067434 -0.047669 0.7871 0.8019 0.8392
v -0.266407 -0.066220 -0.041172 0.7873 0.8020 0.8392
v -0.261590 -0.036056 -0.007778 0.8078 0.8117 0.8509
v -0.257283 -0.031226 -0.013051 0.7960 0.8117 0.8509
v -0.263761 -0.039550 -0.009458 0.7960 0.8117 0.8392
v -0.269306 -0.046372 -0.005142 0.8016 0.8097 0.8392
v -0.264333 -0.039132 -0.004420 0.7981 0.8053 0.8425
v -0.258182 -0.030570 -0.005142 0.8025 0.8117 0.8392
v -0.256676 -0.029486 -0.009457 0.7968 0.8117 0.8502
v -0.270937 -0.051092 -0.014947 0.8000 0.8117 0.8392
v -0.275215 -0.055878 -0.009674 0.7960 0.8044 0.8494
v -0.268729 -0.047542 -0.013268 0.8078 0.8117 0.8468
v -0.263192 -0.040732 -0.017584 0.8078 0.8117 0.8509
v -0.268212 -0.048044 -0.018306 0.7981 0.8117 0.8392
v -0.274403 -0.056666 -0.017584 0.7960 0.8078 0.8392
v -0.275869 -0.057690 -0.013268 0.7960 0.8039 0.8509
v -0.287329 -0.084827 -0.032988 0.7843 0.7921 0.8392
v -0.279585 -0.083024 -0.040897 0.7764 0.7960 0.8392
v -0.288961 -0.089179 -0.035535 0.7764 0.7921 0.8392
v -0.297634 -0.093464 -0.029078 0.7764 0.7960 0.8392
v -0.292260 -0.085976 -0.027951 0.7764 0.7929 0.8392
v -0.284766 -0.077994 -0.028990 0.7843 0.7960 0.8392
v -0.280765 -0.079327 -0.035479 0.7843 0.7995 0.8392
v -0.294710 -0.103783 -0.043972 0.7764 0.7896 0.8392
v -0.302301 -0.105448 -0.036022 0.7764 0.7960 0.8392
v -0.292884 -0.099255 -0.041373 0.7764 0.7960 0.8392
v -0.284252 -0.095007 -0.047842 0.7764 0.7960 0.8392
v -0.289875 -0.102722 -0.049036 0.7764 0.7960 0.8392
v -0.297577 -0.110892 -0.048053 0.7764 0.7843 0.8392
v -0.301370 -0.109371 -0.041508 0.7764 0.7820 0.8392
v -0.317125 -0.129357 -0.044675 0.7652 0.7804 0.8392
v -0.323156 -0.139394 -0.049061 0.7706 0.7804 0.8333
v -0.320550 -0.130819 -0.042240 0.7764 0.7804 0.8392
v -0.316472 -0.121617 -0.036466 0.7764 0.7864 0.8383
v -0.313285 -0.122965 -0.041882 0.7764 0.7808 0.8392
v -0.311748 -0.127060 -0.048497 0.7764 0.7861 0.8392
v -0.317541 -0.134286 -0.049903 0.7690 0.7804 0.8392
v -0.304390 -0.093476 -0.015028 0.7780 0.7960 0.8392
v -0.309196 -0.098034 -0.009725 0.7764 0.7921 0.8392
v -0.301822 -0.090001 -0.013311 0.7843 0.7960 0.8392
v -0.295552 -0.083462 -0.017635 0.7843 0.7960 0.8392
v -0.301328 -0.090573 -0.018405 0.7764 0.7960 0.8392
v -0.308420 -0.098932 -0.017723 0.7764 0.7921 0.8392
v -0.310018 -0.099854 -0.013367 0.7764 0.7921 0.8392
v -0.293463 -0.078740 -0.007779 0.7899 0.8038 0.8392
v -0.288644 -0.074146 -0.013052 0.7843 0.8000 0.8392
v -0.296014 -0.082169 -0.009458 0.7843 0.7960 0.8392
v -0.302288 -0.088718 -0.005142 0.7818 0.7960 0.8392
v -0.296532 -0.081667 -0.004421 0.7843 0.7960 0.8392
v -0.289456 -0.073357 -0.005142 0.7908 0.8032 0.8392
v -0.287842 -0.072386 -0.009458 0.7884 0.8020 0.8392
v -0.331763 -0.135586 -0.033730 0.7764 0.7804 0.8392
v -0.332410 -0.143331 -0.042141 0.7764 0.7682 0.8392
v -0.335607 -0.141974 -0.036395 0.7757 0.7801 0.8385
v -0.337152 -0.137871 -0.029503 0.7647 0.7804 0.8274
v -0.331351 -0.130652 -0.028374 0.7764 0.7843 0.8392
v -0.325726 -0.125555 -0.029547 0.7656 0.7807 0.8284
v -0.328330 -0.134130 -0.036423 0.7764 0.7804 0.8274
v -0.326408 -0.118660 -0.015067 0.7764 0.7943 0.8392
v -0.333767 -0.127170 -0.017704 0.7764 0.7804 0.8392
v -0.328998 -0.121084 -0.013360 0.7764 0.7916 0.8392
v -0.323116 -0.113955 -0.009750 0.7764 0.7960 0.8392
v -0.321721 -0.113240 -0.013388 0.7764 0.7948 0.8392
v -0.322341 -0.114854 -0.017748 0.7764 0.7960 0.8392
v -0.328505 -0.121656 -0.018454 0.7764 0.7843 0.8392
v -0.350301 -0.164488 -0.046160 0.7544 0.7696 0.8206
v -0.357900 -0.175717 -0.051121 0.7647 0.7764 0.8274
v -0.354231 -0.166325 -0.043715 0.7523 0.7610 0.8196
v -0.348872 -0.156143 -0.037361 0.7529 0.7680 0.8307
v -0.345461 -0.157337 -0.043002 0.7529 0.7718 0.8321
v -0.344130 -0.161604 -0.050000 0.7764 0.7804 0.8392
v -0.351211 -0.169803 -0.051765 0.7647 0.7843 0.8274
v -0.367014 -0.172297 -0.034763 0.7412 0.7561 0.8210
v -0.368467 -0.180654 -0.043915 0.7412 0.7568 0.8196
v -0.371839 -0.179441 -0.037697 0.7412 0.7600 0.8078
v -0.373137 -0.175157 -0.030218 0.7412 0.7568 0.8196
v -0.366089 -0.166975 -0.028934 0.7476 0.7630 0.8121
v -0.359439 -0.161080 -0.030155 0.7420 0.7650 0.8268
v -0.363115 -0.170476 -0.037657 0.7412 0.7646 0.8196
v -0.389698 -0.197578 -0.045821 0.7183 0.7379 0.8078
v -0.398807 -0.204957 -0.049348 0.7333 0.7333 0.8078
v -0.394086 -0.198177 -0.042583 0.7246 0.7442 0.8078
v -0.387478 -0.191140 -0.037209 0.7335 0.7451 0.8078
v -0.383896 -0.192878 -0.043575 0.7412 0.7490 0.8196
v -0.382807 -0.196637 -0.050906 0.7359 0.7463 0.8090
v -0.391111 -0.201678 -0.051306 0.7367 0.7512 0.8078
v -0.406033 -0.202979 -0.034453 0.6906 0.7102 0.7849
v -0.409135 -0.208372 -0.042161 0.7211 0.7291 0.7958
v -0.411273 -0.208345 -0.037275 0.6550 0.6785 0.7529
v -0.411159 -0.206011 -0.031176 0.6550 0.6783 0.7528
v -0.404058 -0.199545 -0.029544 0.6960 0.7156 0.7930
v -0.397805 -0.194555 -0.030022 0.7098 0.7205 0.7989
v -0.402769 -0.201048 -0.036540 0.6984 0.7237 0.7965
v -0.359507 -0.153776 -0.015084 0.7529 0.7804 0.8392
v -0.368391 -0.163448 -0.017777 0.7529 0.7686 0.8392
v -0.362573 -0.156581 -0.013409 0.7529 0.7804 0.8392
v -0.355437 -0.148509 -0.009761 0.7651 0.7804 0.8278
v -0.353849 -0.147616 -0.013369 0.7669 0.7804 0.8297
v -0.354692 -0.149371 -0.017714 0.7647 0.7804 0.8342
v -0.362099 -0.157131 -0.018474 0.7535 0.7690 0.8200
v -0.337439 -0.129041 -0.007819 0.7764 0.7804 0.8331
v -0.340741 -0.133733 -0.013121 0.7764 0.7840 0.8392
v -0.342119 -0.134469 -0.009507 0.7764 0.7846 0.8392
v -0.341485 -0.132871 -0.005168 0.7687 0.7804 0.8383
v -0.335336 -0.126053 -0.004442 0.7764 0.7852 0.8392
v -0.330090 -0.120519 -0.005168 0.7764 0.7851 0.8392
v -0.334861 -0.126602 -0.009507 0.7764 0.7804 0.8392
v -0.396428 -0.189666 -0.016187 0.7198 0.7327 0.8078
v -0.405087 -0.197594 -0.019628 0.6902 0.7098 0.7843
v -0.399418 -0.191913 -0.014730 0.7098 0.7294 0.8078
v -0.392465 -0.185265 -0.010459 0.7217 0.7338 0.8078
v -0.390914 -0.184616 -0.013995 0.7258 0.7409 0.8078
v -0.391733 -0.186138 -0.018474 0.7300 0.7294 0.8078
v -0.398952 -0.192469 -0.019835 0.6984 0.7256 0.7964
v -0.372585 -0.165743 -0.007876 0.7515 0.7681 0.8392
v -0.377391 -0.170141 -0.005204 0.7412 0.7642 0.8197
v -0.369990 -0.162386 -0.004473 0.7529 0.7686 0.8392
v -0.363705 -0.156075 -0.005204 0.7564 0.7730 0.8251
v -0.369524 -0.162942 -0.009578 0.7529 0.7759 0.8282
v -0.376659 -0.171014 -0.013220 0.7412 0.7605 0.8217
v -0.378241 -0.171901 -0.009578 0.7412 0.7647 0.8196
v -0.408527 -0.200069 -0.008922 0.6771 0.6991 0.7780
v -0.400114 -0.191842 -0.005866 0.7098 0.7246 0.7983
v -0.405849 -0.197442 -0.010869 0.6935 0.7131 0.7892
v -0.412736 -0.204171 -0.015035 0.6606 0.6781 0.7585
v -0.413885 -0.205309 -0.010869 0.6530 0.6755 0.7500
v -0.412731 -0.204194 -0.005866 0.6638 0.6843 0.7617
v -0.405846 -0.197456 -0.005029 0.6902 0.7098 0.7843
v -0.408527 -0.200069 0.007698 0.6785 0.6980 0.7764
v -0.412736 -0.204172 0.013811 0.6596 0.6816 0.7576
v -0.405850 -0.197442 0.009645 0.6902 0.7059 0.7843
v -0.400114 -0.191842 0.004642 0.6980 0.7255 0.7960
v -0.405846 -0.197456 0.003805 0.6893 0.7089 0.7837
v -0.412731 -0.204194 0.004642 0.6631 0.6839 0.7610
v -0.413885 -0.205309 0.009645 0.6544 0.6776 0.7520
v -0.396429 -0.189666 0.014963 0.7098 0.7277 0.8062
v -0.392465 -0.185265 0.009235 0.7216 0.7333 0.8078
v -0.399419 -0.191913 0.013506 0.6980 0.7176 0.7960
v -0.405087 -0.197594 0.018404 0.6857 0.7081 0.7813
v -0.398953 -0.192469 0.018611 0.7098 0.7176 0.7960
v -0.391733 -0.186138 0.017250 0.7216 0.7333 0.8078
v -0.390914 -0.184616 0.012772 0.7301 0.7427 0.8078
v -0.372585 -0.165743 0.006653 0.7529 0.7686 0.8291
v -0.363705 -0.156075 0.003982 0.7529 0.7686 0.8196
v -0.369991 -0.162386 0.003250 0.7520 0.7683 0.8392
v -0.377391 -0.170141 0.003981 0.7412 0.7647 0.8196
v -0.378241 -0.171901 0.008355 0.7412 0.7647 0.8201
v -0.376659 -0.171014 0.011997 0.7412 0.7647 0.8185
v -0.369525 -0.162942 0.008355 0.7529 0.7686 0.8205
v -0.406034 -0.202979 0.033229 0.6785 0.6980 0.7764
v -0.409136 -0.208372 0.040937 0.6507 0.6713 0.7460
v -0.402770 -0.201048 0.035316 0.6902 0.7059 0.7843
v -0.397806 -0.194555 0.028798 0.6980 0.7176 0.7960
v -0.404059 -0.199545 0.028320 0.6797 0.6989 0.7773
v -0.411160 -0.206011 0.029952 0.6550 0.6785 0.7529
v -0.411275 -0.208345 0.036051 0.6482 0.6684 0.7428
v -0.389699 -0.197578 0.044598 0.7319 0.7426 0.8078
v -0.398809 -0.204957 0.048124 0.7280 0.7476 0.8078
v -0.391113 -0.201678 0.050082 0.7357 0.7565 0.8078
v -0.382809 -0.196637 0.049683 0.7412 0.7515 0.8177
v -0.383897 -0.192878 0.042351 0.7300 0.7451 0.8078
v -0.387479 -0.191140 0.035986 0.7216 0.7400 0.8078
v -0.394087 -0.198177 0.041359 0.7098 0.7320 0.8078
v -0.359507 -0.153776 0.013862 0.7553 0.7804 0.8392
v -0.368391 -0.163448 0.016554 0.7529 0.7686 0.8392
v -0.362099 -0.157131 0.017252 0.7637 0.7760 0.8271
v -0.354693 -0.149371 0.016492 0.7647 0.7843 0.8392
v -0.353849 -0.147616 0.012147 0.7647 0.7804 0.8392
v -0.355437 -0.148509 0.008539 0.7647 0.7804 0.8274
v -0.362573 -0.156581 0.012186 0.7533 0.7804 0.8392
v -0.367015 -0.172297 0.033540 0.7412 0.7628 0.8134
v -0.368468 -0.180654 0.042692 0.7412 0.7526 0.8154
v -0.363116 -0.170476 0.036434 0.7412 0.7608 0.8196
v -0.359440 -0.161081 0.028933 0.7512 0.7647 0.8189
v -0.366090 -0.166975 0.027711 0.7412 0.7647 0.8078
v -0.373138 -0.175157 0.028995 0.7412 0.7525 0.8078
v -0.371840 -0.179441 0.036474 0.7412 0.7568 0.8196
v -0.337439 -0.129041 0.006597 0.7764 0.7804 0.8392
v -0.340741 -0.133733 0.011899 0.7764 0.7921 0.8392
v -0.334862 -0.126602 0.008286 0.7764 0.7828 0.8392
v -0.330090 -0.120519 0.003946 0.7764 0.7843 0.8392
v -0.335336 -0.126053 0.003221 0.7764 0.7861 0.8392
v -0.341485 -0.132871 0.003946 0.7708 0.7804 0.8392
v -0.342119 -0.134469 0.008286 0.7764 0.7822 0.8392
v -0.350302 -0.164488 0.044938 0.7455 0.7661 0.8392
v -0.357902 -0.175717 0.049898 0.7534 0.7689 0.8274
v -0.351213 -0.169803 0.050543 0.7624 0.7701 0.8259
v -0.344132 -0.161604 0.048778 0.7639 0.7759 0.8269
v -0.345463 -0.157337 0.041780 0.7488 0.7661 0.8392
v -0.348874 -0.156143 0.036139 0.7412 0.7725 0.8392
v -0.354233 -0.166325 0.042493 0.7412 0.7659 0.8196
v -0.331764 -0.135586 0.032509 0.7664 0.7804 0.8291
v -0.332411 -0.143331 0.040920 0.7754 0.7768 0.8392
v -0.328332 -0.134130 0.035202 0.7764 0.7804 0.8392
v -0.325727 -0.125555 0.028326 0.7764 0.7804 0.8392
v -0.331352 -0.130652 0.027152 0.7764 0.7804 0.8392
v -0.337153 -0.137871 0.028281 0.7677 0.7804 0.8304
v -0.335609 -0.141974 0.035173 0.7764 0.7732 0.8392
v -0.326409 -0.118660 0.013846 0.7764 0.7947 0.8392
v -0.323117 -0.113955 0.008529 0.7764 0.7960 0.8392
v -0.328999 -0.121084 0.012139 0.7764 0.7927 0.8392
v -0.333768 -0.127170 0.016482 0.7764 0.7833 0.8392
v -0.328505 -0.121656 0.017232 0.7764 0.7843 0.8392
v -0.322342 -0.114854 0.016527 0.7764 0.7913 0.8392
v -0.321722 -0.113240 0.012167 0.7764 0.7960 0.8392
v -0.317127 -0.129357 0.043454 0.7647 0.7804 0.8392
v -0.323158 -0.139394 0.047839 0.7764 0.7804 0.8392
v -0.317543 -0.134286 0.048682 0.7732 0.7804 0.8373
v -0.311750 -0.127060 0.047277 0.7764 0.7806 0.8392
v -0.313286 -0.122965 0.040661 0.7684 0.7804 0.8311
v -0.316474 -0.121617 0.035246 0.7759 0.7804 0.8386
v -0.320552 -0.130819 0.041019 0.7764 0.7804 0.8392
v -0.294711 -0.103783 0.042752 0.7764 0.7960 0.8392
v -0.284254 -0.095007 0.046622 0.7764 0.7960 0.8392
v -0.292885 -0.099255 0.040153 0.7764 0.7960 0.8392
v -0.302302 -0.105448 0.034802 0.7764 0.7960 0.8392
v -0.301372 -0.109371 0.040288 0.7764 0.7843 0.8392
v -0.297579 -0.110892 0.046833 0.7764 0.7951 0.8392
v -0.289877 -0.102722 0.047816 0.7764 0.7960 0.8392
v -0.304390 -0.093476 0.013807 0.7843 0.7960 0.8392
v -0.295553 -0.083462 0.016415 0.7843 0.7960 0.8392
v -0.301823 -0.090001 0.012091 0.7843 0.7960 0.8392
v -0.309196 -0.098034 0.008505 0.7803 0.7941 0.8392
v -0.310018 -0.099854 0.012147 0.7764 0.7921 0.8392
v -0.308421 -0.098932 0.016503 0.7764 0.7921 0.8392
v -0.301329 -0.090573 0.017185 0.7824 0.7960 0.8392
v -0.287330 -0.084827 0.031769 0.7764 0.7921 0.8392
v -0.297635 -0.093464 0.027858 0.7764 0.7949 0.8392
v -0.288962 -0.089179 0.034315 0.7764 0.7921 0.8392
v -0.279587 -0.083024 0.039678 0.7764 0.7924 0.8392
v -0.280766 -0.079327 0.034259 0.7843 0.8000 0.8392
v -0.284767 -0.077994 0.027770 0.7843 0.7960 0.8392
v -0.292261 -0.085976 0.026732 0.7800 0.7960 0.8392
v -0.293463 -0.078740 0.006559 0.7891 0.7968 0.8392
v -0.302288 -0.088718 0.003922 0.7764 0.7960 0.8392
v -0.296015 -0.082169 0.008238 0.7843 0.8000 0.8392
v -0.288645 -0.074146 0.011832 0.7843 0.8000 0.8392
v -0.287843 -0.072386 0.008238 0.7764 0.7960 0.8392
v -0.289456 -0.073357 0.003922 0.7843 0.8000 0.8392
v -0.296532 -0.081667 0.003200 0.7843 0.7960 0.8392
v -0.260318 -0.060168 0.042482 0.7843 0.8000 0.8392
v -0.250754 -0.050667 0.046451 0.7960 0.8039 0.8392
v -0.258922 -0.055541 0.039954 0.7764 0.7960 0.8392
v -0.267690 -0.062404 0.034543 0.7843 0.8000 0.8392
v -0.266409 -0.066220 0.039954 0.7843 0.7960 0.8392
v -0.262510 -0.067434 0.046451 0.7844 0.8001 0.8394
v -0.255623 -0.058744 0.047537 0.7948 0.8102 0.8489
v -0.270937 -0.051092 0.013728 0.8005 0.8082 0.8392
v -0.263193 -0.040732 0.016365 0.8078 0.8117 0.8509
v -0.268730 -0.047542 0.012049 0.8042 0.8093 0.8468
v -0.275215 -0.055878 0.008455 0.7960 0.8039 0.8509
v -0.275869 -0.057690 0.012049 0.7960 0.8039 0.8496
v -0.274403 -0.056666 0.016365 0.7960 0.8039 0.8433
v -0.268213 -0.048044 0.017087 0.7960 0.8039 0.8392
v -0.254852 -0.041168 0.031690 0.7981 0.8117 0.8392
v -0.264234 -0.050392 0.027720 0.8078 0.8039 0.8392
v -0.256017 -0.045442 0.034217 0.7960 0.8039 0.8509
v -0.247299 -0.038655 0.039628 0.8052 0.8056 0.8392
v -0.248877 -0.035294 0.034218 0.8078 0.8117 0.8392
v -0.253024 -0.034458 0.027720 0.7984 0.8086 0.8486
v -0.259663 -0.042769 0.026634 0.7953 0.8117 0.8392
v -0.261591 -0.036056 0.006560 0.7960 0.8117 0.8392
v -0.269306 -0.046372 0.003923 0.7960 0.8039 0.8476
v -0.263762 -0.039550 0.008239 0.7960 0.8087 0.8482
v -0.257284 -0.031226 0.011833 0.8078 0.8117 0.8392
v -0.256677 -0.029486 0.008239 0.8078 0.8117 0.8392
v -0.258182 -0.030570 0.003923 0.7971 0.8117 0.8392
v -0.264334 -0.039132 0.003201 0.7867 0.8015 0.8392
v -0.231108 -0.016830 0.042482 0.7960 0.8117 0.8509
v -0.223024 -0.008151 0.046451 0.8071 0.8191 0.8511
v -0.230357 -0.012730 0.039954 0.8078 0.8117 0.8392
v -0.238012 -0.019071 0.034544 0.7984 0.8117 0.8486
v -0.236256 -0.022357 0.039954 0.8078 0.8117 0.8392
v -0.232287 -0.023268 0.046451 0.8078 0.8117 0.8488
v -0.226711 -0.015403 0.047538 0.8078 0.8162 0.8518
v -0.242232 -0.008678 0.013872 0.8078 0.8157 0.8706
v -0.235708 0.001145 0.016615 0.8078 0.8156 0.8706
v -0.240440 -0.005341 0.012227 0.8078 0.8117 0.8706
v -0.245943 -0.013261 0.008546 0.8078 0.8157 0.8627
v -0.246387 -0.014934 0.012126 0.8078 0.8159 0.8706
v -0.245045 -0.013917 0.016456 0.8078 0.8117 0.8532
v -0.239868 -0.005759 0.017265 0.8078 0.8117 0.8706
v -0.227834 0.000625 0.031834 0.8078 0.8124 0.8693
v -0.235942 -0.008036 0.027812 0.8078 0.8117 0.8628
v -0.228617 -0.003452 0.034294 0.8078 0.8178 0.8663
v -0.220955 0.002884 0.039719 0.8078 0.8117 0.8706
v -0.222670 0.006141 0.034395 0.8078 0.8157 0.8627
v -0.226605 0.007026 0.027970 0.8078 0.8157 0.8627
v -0.232216 -0.000814 0.026812 0.8078 0.8155 0.8629
v -0.234653 0.005619 0.006704 0.8078 0.8235 0.8627
v -0.241151 -0.004223 0.004014 0.8078 0.8117 0.8706
v -0.236412 0.002258 0.008417 0.8078 0.8214 0.8596
v -0.230916 0.010184 0.012083 0.8078 0.8274 0.8706
v -0.230514 0.011887 0.008417 0.8078 0.8274 0.8706
v -0.231891 0.010896 0.004014 0.8078 0.8218 0.8602
v -0.237033 0.002712 0.003278 0.8078 0.8119 0.8695
v -0.207255 0.024533 0.042626 0.8078 0.8235 0.8706
v -0.200225 0.033459 0.046543 0.8078 0.8274 0.8631
v -0.206816 0.028695 0.040132 0.8078 0.8196 0.8706
v -0.213595 0.022142 0.034793 0.8078 0.8196 0.8627
v -0.211731 0.018849 0.040132 0.8078 0.8274 0.8570
v -0.207944 0.017999 0.046542 0.8078 0.8274 0.8706
v -0.203217 0.026056 0.047615 0.8196 0.8311 0.8522
v -0.218798 0.032069 0.013873 0.8078 0.8274 0.8645
v -0.213633 0.041683 0.016457 0.8078 0.8274 0.8706
v -0.217464 0.035357 0.012126 0.8078 0.8274 0.8706
v -0.221867 0.027618 0.008547 0.8078 0.8274 0.8686
v -0.222086 0.025946 0.012227 0.8196 0.8274 0.8706
v -0.220892 0.026906 0.016615 0.8078 0.8274 0.8706
v -0.216843 0.034904 0.017265 0.8078 0.8274 0.8698
v -0.205797 0.041681 0.031834 0.8078 0.8274 0.8706
v -0.212673 0.032983 0.027971 0.8078 0.8274 0.8706
v -0.206041 0.037809 0.034396 0.8196 0.8274 0.8706
v -0.199304 0.044300 0.039720 0.8078 0.8274 0.8623
v -0.201418 0.047221 0.034295 0.8078 0.8286 0.8706
v -0.205415 0.047760 0.027812 0.8078 0.8290 0.8706
v -0.209933 0.040013 0.026812 0.8173 0.8243 0.8637
v -0.213087 0.045954 0.006560 0.8164 0.8274 0.8648
v -0.210980 0.051004 0.003924 0.8158 0.8274 0.8656
v -0.215038 0.043083 0.003202 0.8078 0.8274 0.8706
v -0.218256 0.036396 0.003924 0.8078 0.8274 0.8706
v -0.214428 0.042738 0.008240 0.8173 0.8274 0.8643
v -0.210023 0.050462 0.011834 0.8196 0.8274 0.8627
v -0.209794 0.052041 0.008240 0.8196 0.8274 0.8627
v -0.187897 0.065456 0.042568 0.8196 0.8274 0.8627
v -0.181606 0.074246 0.046600 0.8196 0.8274 0.8627
v -0.187839 0.069357 0.040060 0.8196 0.8274 0.8627
v -0.194098 0.062791 0.034598 0.8196 0.8274 0.8627
v -0.191904 0.059858 0.040000 0.8196 0.8274 0.8627
v -0.187987 0.059331 0.046506 0.8078 0.8274 0.8705
v -0.183948 0.067153 0.047644 0.8196 0.8313 0.8706
v -0.199781 0.072186 0.013869 0.8192 0.8274 0.8629
v -0.195163 0.081923 0.016608 0.8196 0.8274 0.8627
v -0.198615 0.075459 0.012222 0.8196 0.8274 0.8627
v -0.202568 0.067588 0.008544 0.8147 0.8297 0.8660
v -0.202722 0.065984 0.012124 0.8078 0.8274 0.8706
v -0.201611 0.067046 0.016454 0.8196 0.8274 0.8627
v -0.198005 0.075114 0.017260 0.8196 0.8274 0.8627
v -0.187591 0.082076 0.031915 0.8196 0.8274 0.8627
v -0.193904 0.073299 0.027863 0.8196 0.8274 0.8627
v -0.187677 0.078191 0.034398 0.8196 0.8274 0.8627
v -0.181412 0.084754 0.039865 0.8196 0.8274 0.8627
v -0.183570 0.087666 0.034496 0.8196 0.8274 0.8627
v -0.187456 0.088176 0.028017 0.8196 0.8274 0.8627
v -0.191526 0.080371 0.026852 0.8196 0.8274 0.8627
v -0.194803 0.086160 0.006700 0.8196 0.8274 0.8627
v -0.199422 0.076423 0.004012 0.8078 0.8274 0.8706
v -0.195969 0.082887 0.008412 0.8196 0.8274 0.8627
v -0.192016 0.090758 0.012076 0.8196 0.8274 0.8627
v -0.191862 0.092362 0.008412 0.8196 0.8274 0.8627
v -0.192972 0.091299 0.004012 0.8196 0.8274 0.8627
v -0.196579 0.083232 0.003276 0.8196 0.8274 0.8627
v -0.167025 0.115847 0.043063 0.8196 0.8274 0.8627
v -0.158210 0.131911 0.047211 0.8196 0.8313 0.8706
v -0.166142 0.122053 0.040611 0.8196 0.8274 0.8627
v -0.174454 0.109527 0.035065 0.8196 0.8274 0.8627
v -0.172639 0.105617 0.040421 0.8196 0.8274 0.8627
v -0.168410 0.106104 0.046913 0.8196 0.8274 0.8627
v -0.162293 0.119873 0.048157 0.8247 0.8340 0.8680
v -0.181292 0.116601 0.013889 0.8196 0.8274 0.8627
v -0.175971 0.129255 0.016489 0.8196 0.8274 0.8627
v -0.179902 0.120803 0.012149 0.8196 0.8274 0.8627
v -0.184430 0.110544 0.008557 0.8196 0.8274 0.8627
v -0.184680 0.108542 0.012233 0.8196 0.8274 0.8627
v -0.183474 0.110003 0.016621 0.8196 0.8274 0.8627
v -0.179293 0.120458 0.017285 0.8196 0.8274 0.8627
v -0.165703 0.136398 0.032206 0.8159 0.8274 0.8706
v -0.173618 0.122519 0.028201 0.8196 0.8274 0.8627
v -0.165440 0.132976 0.034840 0.8196 0.8274 0.8627
v -0.157374 0.144903 0.040347 0.8082 0.8123 0.8399
v -0.160661 0.145237 0.034756 0.8274 0.8349 0.8627
v -0.166116 0.141771 0.028069 0.8333 0.8431 0.8706
v -0.171007 0.130981 0.027021 0.8196 0.8274 0.8627
v -0.175451 0.133623 0.006581 0.8235 0.8274 0.8706
v -0.180737 0.121306 0.003937 0.8196 0.8274 0.8627
v -0.176797 0.129851 0.008265 0.8196 0.8274 0.8627
v -0.172278 0.140017 0.011869 0.8737 0.8802 0.8973
v -0.172084 0.141467 0.008265 0.8975 0.8986 0.9035
v -0.173337 0.139547 0.003937 0.8529 0.8569 0.8847
v -0.177471 0.129551 0.003213 0.8196 0.8274 0.8627
v -0.166394 0.158527 0.006581 1.0000 0.8123 0.2235
v -0.166553 0.155761 0.011869 1.0000 0.8207 0.2790
v -0.165619 0.160588 0.008265 1.0000 0.8163 0.2235
v -0.165019 0.164529 0.003937 1.0000 0.8118 0.2235
v -0.166293 0.160289 0.003213 1.0000 0.8117 0.2235
v -0.167611 0.155291 0.003937 1.0000 0.8155 0.2566
v -0.167270 0.154705 0.008265 1.0000 0.8229 0.2879
v -0.155885 0.162347 0.032318 1.0000 0.8078 0.2157
v -0.159909 0.158176 0.028140 1.0000 0.8028 0.2228
v -0.155443 0.159030 0.034816 1.0000 0.8000 0.2157
v -0.151168 0.161309 0.040418 1.0000 0.7992 0.2203
v -0.153323 0.165003 0.034979 1.0000 0.8117 0.2235
v -0.156579 0.167556 0.028397 1.0000 0.8117 0.2235
v -0.158890 0.163008 0.027160 1.0000 0.8099 0.2198
v -0.162417 0.167454 0.014002 1.0000 0.8196 0.2235
v -0.162505 0.170173 0.008629 1.0000 0.8274 0.2513
v -0.163505 0.165333 0.012209 1.0000 0.8196 0.2235
v -0.164038 0.161405 0.016560 1.0000 0.8118 0.2235
v -0.162362 0.165723 0.017424 1.0000 0.8174 0.2235
v -0.160709 0.170785 0.016817 1.0000 0.8272 0.2241
v -0.161385 0.171307 0.012373 1.0000 0.8274 0.2645
v -0.145380 0.173310 0.043108 1.0000 0.8117 0.2235
v -0.141675 0.177204 0.046867 1.0000 0.8271 0.2919
v -0.145923 0.176540 0.040477 1.0000 0.8286 0.3554
v -0.149937 0.174487 0.035218 1.0000 0.8281 0.3110
v -0.147739 0.170831 0.040714 1.0000 0.8119 0.2235
v -0.144526 0.168240 0.047240 1.0000 0.8157 0.2235
v -0.142477 0.172561 0.048133 1.0000 0.8125 0.2235
v -0.142354 0.183339 0.040934 1.0000 0.7959 0.2122
v -0.139275 0.185646 0.043466 1.0000 0.7933 0.2115
v -0.144005 0.183209 0.038031 1.0000 0.7960 0.2098
v -0.148025 0.180828 0.033843 1.0000 0.8118 0.1924
v -0.144315 0.181870 0.039321 1.0000 0.8078 0.2001
v -0.139763 0.183544 0.045492 1.0000 0.8090 0.2336
v -0.138743 0.184939 0.045450 1.0000 0.8047 0.2028
v -0.157525 0.178470 0.013647 1.0000 0.8078 0.2157
v -0.155547 0.180523 0.015945 1.0000 0.7861 0.2039
v -0.157467 0.178929 0.011771 1.0000 0.7982 0.2085
v -0.159411 0.177137 0.008404 1.0000 0.8117 0.2235
v -0.158784 0.177162 0.012184 1.0000 0.8097 0.2282
v -0.157616 0.177749 0.016592 1.0000 0.8104 0.2324
v -0.156323 0.179318 0.016986 1.0000 0.8041 0.2138
v -0.147967 0.183391 0.029789 1.0000 0.7843 0.1922
v -0.151574 0.180861 0.026798 1.0000 0.7963 0.2050
v -0.146988 0.183236 0.032107 1.0000 0.7878 0.1922
v -0.142824 0.185679 0.036421 1.0000 0.7811 0.1932
v -0.145671 0.185003 0.031695 1.0000 0.7804 0.1922
v -0.149505 0.183634 0.026150 1.0000 0.7821 0.1922
v -0.151243 0.181934 0.025566 1.0000 0.7847 0.2024
v -0.157096 0.180713 0.006226 1.0000 0.7957 0.2093
v -0.159140 0.178555 0.003713 1.0000 0.8000 0.2157
v -0.157239 0.180121 0.007827 1.0000 0.7921 0.2039
v -0.155276 0.181941 0.011253 1.0000 0.7921 0.2039
v -0.155794 0.182087 0.007827 1.0000 0.7921 0.2039
v -0.156871 0.181642 0.003713 1.0000 0.7922 0.2040
v -0.158255 0.179930 0.003025 1.0000 0.7965 0.2105
v -0.140581 0.213139 0.028582 1.0000 0.8117 0.2235
v -0.138754 0.232491 0.024701 1.0000 0.8117 0.2235
v -0.142126 0.218651 0.024075 1.0000 0.8117 0.2235
v -0.144835 0.202442 0.025386 1.0000 0.8117 0.2235
v -0.141745 0.200815 0.031053 1.0000 0.8117 0.2235
v -0.138154 0.204486 0.035657 1.0000 0.8117 0.2235
v -0.137872 0.219953 0.030617 1.0000 0.8117 0.2235
v -0.148082 0.211016 0.012439 1.0000 0.8157 0.2235
v -0.143496 0.231148 0.014496 1.0000 0.8117 0.2235
v -0.147129 0.217331 0.010693 1.0000 0.8159 0.2235
v -0.151172 0.200800 0.007641 1.0000 0.8183 0.2235
v -0.151002 0.198194 0.011129 1.0000 0.8117 0.2235
v -0.149577 0.201099 0.015181 1.0000 0.8119 0.2235
v -0.146113 0.217522 0.015495 1.0000 0.8117 0.2235
v -0.129403 0.239571 0.037890 1.0000 0.8117 0.2235
v -0.131088 0.221197 0.041542 1.0000 0.8126 0.2235
v -0.127949 0.233438 0.042542 1.0000 0.8117 0.2235
v -0.125436 0.248316 0.041542 1.0000 0.8117 0.2235
v -0.128331 0.251274 0.035564 1.0000 0.8117 0.2235
v -0.131687 0.249201 0.030586 1.0000 0.8117 0.2235
v -0.131930 0.234002 0.035564 1.0000 0.8117 0.2235
v -0.143571 0.238519 0.005606 1.0000 0.8117 0.2235
v -0.148321 0.218188 0.003321 1.0000 0.8117 0.2235
v -0.144732 0.231950 0.007061 1.0000 0.8117 0.2235
v -0.140644 0.248536 0.010176 1.0000 0.8117 0.2235
v -0.140546 0.251467 0.007061 1.0000 0.8117 0.2235
v -0.141749 0.248833 0.003321 1.0000 0.8117 0.2235
v -0.145435 0.232139 0.002695 1.0000 0.8117 0.2235
v -0.121319 0.287336 0.037890 1.0000 0.8078 0.2235
v -0.117057 0.304096 0.041542 1.0000 0.8117 0.2235
v -0.121953 0.292955 0.035565 1.0000 0.8111 0.2235
v -0.126576 0.279399 0.030586 1.0000 0.8117 0.2235
v -0.124034 0.276663 0.035564 1.0000 0.8117 0.2235
v -0.120325 0.278514 0.041542 1.0000 0.8117 0.2235
v -0.117971 0.292392 0.042542 1.0000 0.8144 0.2235
v -0.133162 0.289123 0.011701 1.0000 0.8117 0.2235
v -0.130255 0.306015 0.013900 1.0000 0.8117 0.2235
v -0.132589 0.294596 0.010219 1.0000 0.8117 0.2235
v -0.135168 0.280826 0.007174 1.0000 0.8117 0.2235
v -0.135014 0.278365 0.010301 1.0000 0.8117 0.2235
v -0.134064 0.280528 0.014029 1.0000 0.8117 0.2235
v -0.131885 0.294407 0.014584 1.0000 0.8117 0.2235
v -0.123534 0.311237 0.027844 1.0000 0.8117 0.2235
v -0.124168 0.319996 0.024105 1.0000 0.8105 0.2235
v -0.126767 0.306162 0.023164 1.0000 0.8117 0.2235
v -0.127976 0.294510 0.024235 1.0000 0.8117 0.2235
v -0.123130 0.305659 0.030224 1.0000 0.8117 0.2235
v -0.118457 0.319207 0.035191 1.0000 0.8078 0.2235
v -0.120704 0.321891 0.030142 1.0000 0.8078 0.2235
v -0.131184 0.312339 0.005489 1.0000 0.8117 0.2235
v -0.133917 0.295503 0.003247 1.0000 0.8117 0.2235
v -0.131537 0.306937 0.006916 1.0000 0.8117 0.2235
v -0.129004 0.320692 0.009972 1.0000 0.8117 0.2235
v -0.129443 0.323062 0.006916 1.0000 0.8117 0.2235
v -0.130629 0.320822 0.003247 1.0000 0.8117 0.2235
v -0.132572 0.307020 0.002633 1.0000 0.8117 0.2235
v -0.114013 0.344559 0.037773 1.0000 0.8117 0.2235
v -0.111452 0.352341 0.041468 1.0000 0.8117 0.2157
v -0.115016 0.347288 0.035420 1.0000 0.8099 0.2200
v -0.118149 0.341062 0.030383 1.0000 0.8078 0.2235
v -0.115644 0.339602 0.035420 1.0000 0.8088 0.2235
v -0.112438 0.340273 0.041468 1.0000 0.8156 0.2235
v -0.111379 0.346786 0.042480 1.0000 0.8117 0.2235
v -0.125874 0.345560 0.011584 1.0000 0.8117 0.2235
v -0.124703 0.353160 0.013826 1.0000 0.8002 0.2158
v -0.126019 0.348022 0.010156 1.0000 0.8079 0.2235
v -0.127273 0.341825 0.007100 1.0000 0.8117 0.2235
v -0.126621 0.340720 0.010156 1.0000 0.8117 0.2235
v -0.125648 0.341695 0.013826 1.0000 0.8117 0.2235
v -0.124984 0.347939 0.014440 1.0000 0.8117 0.2235
v -0.118332 0.355665 0.027726 1.0000 0.7843 0.1922
v -0.119934 0.359549 0.024031 1.0000 0.7736 0.1886
v -0.120975 0.353310 0.023020 1.0000 0.7933 0.2139
v -0.120879 0.348083 0.024031 1.0000 0.8078 0.2157
v -0.117312 0.353192 0.030080 1.0000 0.7925 0.1965
v -0.114183 0.359363 0.035117 1.0000 0.7726 0.1922
v -0.116710 0.360494 0.030080 1.0000 0.7651 0.1922
v -0.118525 0.367355 0.028396 0.9775 0.6837 0.1171
v -0.114304 0.366753 0.035540 0.9568 0.6432 0.1059
v -0.117549 0.367620 0.030906 0.9882 0.7162 0.1230
v -0.121214 0.368372 0.025193 1.0000 0.7921 0.2963
v -0.121212 0.367738 0.023846 0.9981 0.7405 0.1294
v -0.120056 0.366939 0.024454 0.9621 0.6451 0.1153
v -0.116812 0.366707 0.030435 0.9568 0.6393 0.1059
v -0.126266 0.368851 0.012253 1.0000 0.8148 0.3792
v -0.127741 0.369349 0.007523 1.0000 0.8274 0.4196
v -0.126367 0.368553 0.010512 1.0000 0.8047 0.3486
v -0.124950 0.367885 0.014249 0.9993 0.7735 0.2227
v -0.125327 0.368533 0.015266 1.0000 0.8190 0.3690
v -0.126108 0.369318 0.014987 1.0000 0.8261 0.4121
v -0.127104 0.369466 0.010982 1.0000 0.8274 0.4196
v -0.128736 0.376848 0.006158 1.0000 0.8078 0.2471
v -0.127669 0.374374 0.011134 1.0000 0.8014 0.2522
v -0.128376 0.378404 0.007742 1.0000 0.8111 0.3007
v -0.129237 0.381765 0.003670 1.0000 0.8313 0.3961
v -0.129416 0.378424 0.002989 1.0000 0.8126 0.2940
v -0.129302 0.374405 0.003670 1.0000 0.8078 0.2471
v -0.128417 0.373717 0.007742 1.0000 0.8089 0.2686
v -0.114355 0.368483 0.039452 1.0000 0.8123 0.3586
v -0.118578 0.369086 0.032183 1.0000 0.8274 0.4196
v -0.115333 0.368220 0.036782 0.9937 0.7819 0.2861
v -0.111668 0.367467 0.042530 0.9884 0.7644 0.2727
v -0.111666 0.368100 0.044082 1.0000 0.8424 0.3895
v -0.112820 0.368898 0.043644 0.9999 0.8286 0.4146
v -0.116067 0.369131 0.037492 1.0000 0.8274 0.4420
v -0.126881 0.383636 0.016399 0.8342 0.8211 0.3760
v -0.128064 0.386056 0.010144 0.2444 0.2158 0.1237
v -0.127390 0.382012 0.013186 1.0000 0.8278 0.4144
v -0.126497 0.378666 0.017608 1.0000 0.8021 0.3166
v -0.126128 0.382095 0.020382 1.0000 0.8482 0.3886
v -0.126083 0.386186 0.021444 0.7318 0.7423 0.7318
v -0.127126 0.386802 0.015629 0.9372 0.9372 0.9372
v -0.120242 0.376767 0.033551 1.0000 0.8000 0.2235
v -0.116541 0.374135 0.039913 1.0000 0.8136 0.2692
v -0.118932 0.378323 0.036798 1.0000 0.8099 0.2801
v -0.121886 0.381843 0.032288 1.0000 0.8246 0.3987
v -0.122599 0.378443 0.029499 1.0000 0.8137 0.2970
v -0.122299 0.374323 0.028452 1.0000 0.8052 0.2440
v -0.119196 0.373534 0.034355 1.0000 0.8095 0.2857
v -0.114700 0.381742 0.043938 1.0000 0.8902 0.4196
v -0.118382 0.384989 0.038855 0.5009 0.5009 0.5009
v -0.115986 0.380968 0.042320 1.0000 0.8902 0.4196
v -0.113038 0.377280 0.046480 1.0000 0.8174 0.2663
v -0.112356 0.379674 0.047176 1.0000 0.8718 0.3909
v -0.112681 0.382957 0.046480 0.9377 0.8347 0.3934
v -0.115759 0.384583 0.042320 0.2150 0.2150 0.2150
v -0.118110 0.393962 0.039610 0.9372 0.9490 0.9568
v -0.118956 0.398489 0.038968 0.9519 0.9543 0.9645
v -0.120195 0.396051 0.036977 0.9431 0.9513 0.9568
v -0.120538 0.392714 0.036118 0.9372 0.9467 0.9545
v -0.117572 0.391079 0.040019 0.9372 0.9388 0.9467
v -0.114837 0.390683 0.043744 0.9432 0.9471 0.9568
v -0.116565 0.394757 0.041834 0.9372 0.9490 0.9568
v -0.123679 0.401007 0.032699 0.9568 0.9490 0.9568
v -0.122477 0.402943 0.034599 0.9520 0.9580 0.9686
v -0.123438 0.403451 0.033304 0.9555 0.9555 0.9686
v -0.124502 0.402909 0.031749 0.9545 0.9545 0.9686
v -0.124445 0.399774 0.031489 0.9568 0.9490 0.9568
v -0.124058 0.397168 0.031749 0.9510 0.9432 0.9510
v -0.123155 0.399795 0.033304 0.9568 0.9490 0.9568
v -0.112696 0.399127 0.046751 0.9547 0.9529 0.9686
v -0.111414 0.393948 0.048258 0.9458 0.9492 0.9558
v -0.110889 0.397454 0.048833 0.9388 0.9467 0.9547
v -0.111141 0.401679 0.048513 0.9656 0.9662 0.9676
v -0.113512 0.402426 0.045791 0.9661 0.9595 0.9686
v -0.115533 0.401754 0.043483 0.9607 0.9555 0.9686
v -0.113687 0.397502 0.045629 0.9490 0.9529 0.9686
vn 1.0000 -0.0003 -0.0000
vn -0.0071 0.9999 -0.0102
vn -0.0132 0.9998 -0.0133
vn -0.0071 0.9999 0.0102
vn -0.0106 0.9999 0.0120
vn -0.0102 0.9999 0.0118
vn -0.0093 0.9999 0.0113
vn -0.0132 0.9998 0.0133
vn -0.0083 0.9999 -0.0059
vn -0.0031 1.0000 0.0014
vn -0.0021 1.0000 0.0028
vn 0.0030 1.0000 0.0086
vn 0.0040 0.9999 0.0115
vn 0.0051 0.9999 0.0115
vn 0.0044 0.9999 0.0095
vn 0.0062 0.9999 0.0114
vn 0.0031 1.0000 0.0057
vn 0.0010 1.0000 0.0019
vn -0.0000 1.0000 -0.0000
vn -0.1276 0.9868 -0.0996
vn -0.3238 0.9248 -0.1999
vn -0.2415 0.9519 -0.1884
vn -0.4580 0.8139 -0.3574
vn -0.5992 0.7497 -0.2808
vn -0.5295 0.7956 -0.2943
vn -0.5945 0.7705 -0.2300
vn -0.6612 0.6925 -0.2886
vn -0.6543 0.7126 -0.2532
vn -0.6542 0.7127 -0.2532
vn -0.5945 0.7705 -0.2301
vn -0.7084 0.6504 -0.2741
vn -0.6320 0.6448 -0.4298
vn -0.6703 0.6443 -0.3682
vn -0.6240 0.6310 -0.4609
vn -0.6113 0.6421 -0.4626
vn -0.6075 0.6408 -0.4694
vn -0.5984 0.6530 -0.4642
vn -0.3224 0.7199 -0.6146
vn -0.5926 0.6356 -0.4948
vn -0.5860 0.6173 -0.5250
vn -0.5859 0.6173 -0.5250
vn -0.3156 0.7158 -0.6230
vn -0.3130 0.7173 -0.6226
vn -0.0000 0.7479 -0.6638
vn -0.0043 0.7868 -0.6172
vn -0.0022 0.7682 -0.6402
vn -0.0044 0.7877 -0.6161
vn -0.0044 0.7877 -0.6160
vn 0.5682 -0.8003 0.1916
vn 0.5262 -0.7413 0.4166
vn 0.5227 -0.7361 0.4301
vn 0.5243 -0.7385 0.4239
vn 0.4442 -0.6259 0.6410
vn 0.4443 -0.6259 0.6410
vn 0.2689 -0.3784 0.8857
vn 0.4447 -0.6257 0.6409
vn 0.4446 -0.6257 0.6409
vn 0.4451 -0.6256 0.6408
vn 0.4450 -0.6256 0.6408
vn 0.2543 -0.3576 0.8986
vn 0.2404 -0.3381 0.9099
vn -0.0002 -0.0001 1.0000
vn 0.0069 -0.0055 1.0000
vn 0.0079 -0.0063 0.9999
vn 0.0087 -0.0071 0.9999
vn 0.0160 -0.0125 0.9998
vn 0.0136 -0.0145 0.9998
vn 0.0116 -0.0163 0.9998
vn 0.0112 -0.0166 0.9998
vn -0.8166 -0.5772 0.0083
vn -0.8159 -0.5782 0.0054
vn -0.8157 -0.5785 0.0037
vn -0.8150 -0.5794 -0.0000
vn -0.8166 -0.5772 -0.0000
vn -0.8148 -0.5797 -0.0009
vn -0.8148 -0.5797 -0.0010
vn -0.8149 -0.5797 0.0006
vn -0.8146 -0.5800 0.0001
vn -0.8149 -0.5796 0.0021
vn -0.8148 -0.5797 0.0019
vn -0.8147 -0.5799 0.0012
vn -0.8145 -0.5802 0.0002
vn -0.8142 -0.5806 0.0005
vn -0.8151 -0.5793 0.0006
vn -0.8148 -0.5797 0.0009
vn -0.8150 -0.5794 0.0019
vn -0.8154 -0.5789 -0.0000
vn -0.8154 -0.5789 0.0006
vn -0.8058 -0.5920 0.0172
vn -0.8154 -0.5789 0.0012
vn -0.8161 -0.5779 0.0062
vn -0.8168 -0.5769 0.0111
vn -0.7906 -0.6113 0.0361
vn -0.7896 -0.6125 0.0370
vn -0.7600 -0.6469 0.0631
vn -0.5499 0.7900 0.2711
vn -0.5726 0.8084 0.1365
vn -0.5539 0.7878 0.2696
vn -0.5522 0.7887 0.2702
vn -0.5578 0.7855 0.2681
vn -0.5738 0.8080 0.1334
vn -0.6659 0.7295 0.1558
vn -0.5789 0.8154 -0.0023
vn -0.5790 0.8154 -0.0023
vn -0.5966 0.8025 -0.0139
vn -0.6015 0.7987 -0.0171
vn -0.6137 0.7891 -0.0254
vn -0.8227 0.4749 0.3124
vn -0.7906 0.5801 0.1960
vn -0.8687 0.3074 0.3883
vn -0.8427 0.3415 0.4163
vn -0.8798 0.1814 0.4393
vn -0.8139 0.3752 0.4436
vn -0.8682 0.2236 0.4431
vn -0.8677 0.2254 0.4431
vn -0.8996 0.0690 0.4313
vn -0.8933 0.0422 0.4474
vn -0.8913 0.0343 0.4521
vn -0.8815 -0.0007 0.4723
vn -0.8814 -0.0007 0.4723
vn -0.8638 -0.2014 0.4618
vn -0.8641 -0.2056 0.4594
vn -0.8641 -0.2046 0.4599
vn -0.8307 -0.3252 0.4519
vn -0.8643 -0.2078 0.4581
vn -0.8337 -0.3180 0.4515
vn -0.8360 -0.3127 0.4508
vn -0.7915 -0.4253 0.4389
vn -0.7916 -0.4253 0.4389
vn -0.7894 -0.4318 0.4363
vn -0.7217 -0.5304 0.4447
vn -0.7916 -0.4252 0.4389
vn -0.7872 -0.4384 0.4337
vn -0.7185 -0.5360 0.4432
vn -0.7180 -0.5366 0.4432
vn -0.6375 -0.6281 0.4463
vn -0.5501 -0.7071 0.4444
vn -0.6386 -0.6274 0.4457
vn -0.6385 -0.6274 0.4457
vn -0.6396 -0.6267 0.4451
vn -0.5422 -0.7153 0.4409
vn -0.5339 -0.7219 0.4403
vn -0.4329 -0.7930 0.4287
vn -0.4329 -0.7929 0.4287
vn -0.4328 -0.7828 0.4472
vn -0.4325 -0.7739 0.4625
vn -0.4325 -0.7722 0.4655
vn -0.4324 -0.7722 0.4655
vn 0.4677 0.8839 -0.0000
vn 0.6086 0.7935 -0.0001
vn 0.6096 0.7927 -0.0000
vn 0.6087 0.7934 -0.0001
vn 0.7287 0.6848 -0.0002
vn 0.7298 0.6836 0.0008
vn 0.7298 0.6836 0.0007
vn 0.8754 0.4834 0.0006
vn 0.7309 0.6825 0.0017
vn 0.8763 0.4817 -0.0000
vn 0.8760 0.4823 0.0012
vn 0.7309 0.6825 -0.0000
vn 0.9645 0.2639 0.0006
vn 0.9646 0.2635 0.0008
vn 0.9646 0.2636 0.0008
vn 0.9976 0.0686 0.0001
vn 0.9647 0.2632 0.0010
vn 0.9648 0.2632 0.0010
vn 0.9977 0.0678 0.0003
vn 0.9648 0.2632 -0.0000
vn 0.9647 0.2632 -0.0000
vn 0.9978 0.0670 -0.0000
vn 0.9917 -0.1288 -0.0005
vn 0.9917 -0.1289 -0.0005
vn 0.9916 -0.1293 -0.0002
vn 0.9044 -0.4267 -0.0002
vn 0.9915 -0.1298 -0.0000
vn 0.9042 -0.4270 -0.0000
vn 0.7172 -0.6968 -0.0000
vn 0.7173 -0.6968 -0.0000
vn -0.0040 -0.8285 -0.5600
vn -0.0049 -0.6785 -0.7346
vn -0.0038 -0.8271 -0.5620
vn -0.0036 -0.8259 -0.5639
vn -0.0036 -0.8258 -0.5640
vn -0.0047 -0.6764 -0.7365
vn -0.0042 -0.5441 -0.8390
vn -0.0056 -0.4833 -0.8754
vn -0.0053 -0.3601 -0.9329
vn -0.0049 -0.4752 -0.8799
vn -0.0042 -0.4669 -0.8843
vn -0.0045 -0.3118 -0.9501
vn -0.0037 -0.1946 -0.9809
vn -0.0047 -0.1450 -0.9894
vn -0.0041 -0.1351 -0.9908
vn -0.0042 -0.0881 -0.9961
vn 0.0033 -0.1497 -0.9887
vn -0.0035 -0.1252 -0.9921
vn -0.0035 -0.0625 -0.9980
vn 0.3363 -0.0205 -0.9415
vn -0.0036 0.0006 -1.0000
vn -0.0037 0.0003 -1.0000
vn -0.0036 0.0005 -1.0000
vn -0.0038 -0.0000 -1.0000
vn 0.3875 -0.0019 -0.9219
vn 0.3970 -0.0000 -0.9178
vn 0.7049 -0.0000 -0.7093
vn 0.7050 -0.0000 -0.7093
vn 0.6976 -0.0019 -0.7165
vn 0.3976 -0.0034 -0.9176
vn 0.6902 -0.0038 -0.7236
vn 0.5272 -0.0043 -0.8497
vn 0.3887 -0.0046 -0.9213
vn 0.0018 -0.0047 -1.0000
vn 0.0019 -0.0092 -1.0000
vn 0.0030 -0.0079 -1.0000
vn 0.0043 -0.0030 -1.0000
vn 0.0042 -0.0111 -0.9999
vn -0.0003 -0.0087 -1.0000
vn 0.0022 -0.0111 -0.9999
vn 0.0002 -0.0111 -0.9999
vn -0.0057 -0.0053 -1.0000
vn -0.0051 -0.0060 -1.0000
vn -0.0103 -0.0008 -0.9999
vn -0.0000 0.8483 0.5296
vn -0.0000 0.6917 0.7222
vn -0.0000 0.5691 0.8223
vn -0.0000 0.4823 0.8760
vn -0.0000 0.3131 0.9497
vn -0.0000 0.2079 0.9781
vn -0.0000 0.1299 0.9915
vn -0.0000 -0.0294 0.9996
vn -0.0000 -0.0312 0.9995
vn 0.0081 -0.0176 0.9998
vn -0.0000 -0.1911 0.9816
vn 0.0100 -0.1125 0.9936
vn 0.0104 -0.0738 0.9972
vn 0.0200 -0.0329 0.9993
vn 0.0200 0.0053 0.9998
vn 0.0100 -0.0329 0.9994
vn 0.0070 -0.0169 0.9998
vn -0.0000 -0.0329 0.9995
vn 0.0201 0.0436 0.9988
vn 0.0098 0.0177 0.9998
vn 0.0101 -0.0208 0.9997
vn -0.0000 -0.0159 0.9999
vn -0.0000 -0.0164 0.9999
vn -0.0004 -0.0081 1.0000
vn 0.0156 0.0181 0.9997
vn 0.0016 -0.0462 0.9989
vn 0.0041 -0.0085 1.0000
vn 0.0036 -0.0841 0.9965
vn 0.0425 0.0086 0.9991
vn 0.0466 0.0336 0.9983
vn -0.0000 -0.0000 1.0000
vn -0.0248 -0.0197 0.9995
vn 0.0043 -0.0045 1.0000
vn 0.0086 -0.0089 0.9999
vn 0.0233 -0.0064 0.9997
vn -0.0038 -0.2530 0.9675
vn -0.0050 -0.3330 0.9429
vn -0.0092 -0.6190 0.7854
vn -0.0724 -0.3476 0.9349
vn -0.0764 -0.3279 0.9416
vn -0.1366 0.0112 0.9906
vn -0.1396 0.0152 0.9901
vn -0.1388 0.0127 0.9902
vn -0.1411 0.0143 0.9899
vn -0.1403 0.0161 0.9900
vn -0.0505 0.0060 0.9987
vn -0.0519 0.0052 0.9986
vn 0.0381 -0.0039 0.9993
vn 0.0371 -0.0051 0.9993
vn -0.1394 0.0178 0.9901
vn -0.1508 0.0255 0.9882
vn -0.1471 0.0216 0.9889
vn -0.1547 0.0255 0.9876
vn -0.1933 0.0569 0.9795
vn -0.0598 0.0097 0.9982
vn -0.1492 0.0277 0.9884
vn 0.0362 -0.0062 0.9993
vn -0.1059 0.0463 0.9933
vn -0.1436 0.0299 0.9892
vn -0.2896 0.5025 0.8146
vn -0.1527 0.0368 0.9876
vn -0.1618 0.0436 0.9859
vn -0.2136 0.0575 0.9752
vn -0.2686 0.4082 0.8725
vn -0.1934 0.1320 0.9722
vn -0.3307 0.6936 0.6400
vn -0.1409 0.3100 0.9402
vn -0.1822 0.4824 0.8568
vn -0.2441 0.0973 0.9649
vn -0.5735 0.1608 0.8033
vn -0.2543 0.0843 0.9635
vn -0.5817 0.1557 0.7984
vn -0.2643 0.0712 0.9618
vn -0.2853 0.0898 0.9542
vn -0.0019 0.1982 0.9802
vn -0.0903 0.0062 0.9959
vn -0.1570 0.1549 0.9754
vn -0.0398 0.1326 0.9904
vn -0.3060 0.1082 0.9458
vn -0.3060 0.1082 0.9459
vn -0.3060 0.1083 0.9458
vn -0.5967 0.1651 0.7853
vn -0.5968 0.1651 0.7853
vn -0.0775 0.0661 0.9948
vn -0.0433 0.0051 0.9990
vn -0.0643 0.0029 0.9979
vn -0.8004 0.1987 0.5656
vn -0.8003 0.1987 0.5657
vn -0.4423 0.1360 0.8865
vn -0.4441 0.1755 0.8786
vn -0.8002 0.1994 0.5656
vn -0.4442 0.1755 0.8786
vn -0.8000 0.2002 0.5656
vn -0.8000 0.2001 0.5656
vn -0.5035 0.0864 0.8596
vn -0.5036 0.0864 0.8596
vn 0.0810 0.1010 0.9916
vn 0.0792 0.1150 0.9902
vn 0.0773 0.1290 0.9886
vn 0.0125 0.0337 0.9994
vn 0.0008 0.0161 0.9999
vn -0.0526 -0.0623 0.9967
vn -0.0529 -0.0631 0.9966
vn -0.0532 -0.0639 0.9965
vn -0.0520 -0.0621 0.9967
vn -0.0453 -0.0479 0.9978
vn -0.0509 -0.0603 0.9969
vn -0.0444 -0.0467 0.9979
vn -0.0380 -0.0331 0.9987
vn -0.0258 -0.0196 0.9995
vn -0.0286 -0.0287 0.9992
vn -0.0136 -0.0062 0.9999
vn -0.0187 -0.0179 0.9997
vn -0.0098 -0.0078 0.9999
vn -0.0237 -0.0297 0.9993
vn -0.0132 -0.0174 0.9998
vn -0.0169 -0.0247 0.9996
vn -0.0028 -0.0051 1.0000
vn -0.0077 -0.0139 0.9999
vn 0.0006 -0.0063 1.0000
vn -0.0125 -0.0226 0.9997
vn -0.0024 -0.0133 0.9999
vn -0.0044 -0.0198 0.9998
vn 0.0078 -0.0039 1.0000
vn 0.0076 -0.0042 1.0000
vn 0.0074 -0.0045 1.0000
vn 0.0037 -0.0131 0.9999
vn 0.0089 -0.0080 0.9999
vn -0.0000 -0.0216 0.9998
vn 0.0059 -0.0150 0.9999
vn 0.0053 -0.0163 0.9999
vn 0.0119 -0.0083 0.9999
vn 0.0110 -0.0100 0.9999
vn 0.0155 -0.0067 0.9999
vn 0.0101 -0.0117 0.9999
vn 0.0124 -0.0095 0.9999
vn 0.0146 -0.0072 0.9999
vn 0.0175 -0.0055 0.9998
vn 0.0141 -0.0090 0.9999
vn 0.0204 -0.0038 0.9998
vn 0.0165 -0.0076 0.9998
vn 0.0294 -0.0000 0.9996
vn 0.0126 -0.0115 0.9999
vn 0.0275 -0.0026 0.9996
vn 0.0167 -0.0128 0.9998
vn 0.0424 0.0063 0.9991
vn 0.0298 -0.0051 0.9995
vn 0.0521 0.0068 0.9986
vn 0.0171 -0.0166 0.9997
vn 0.0432 -0.0025 0.9991
vn 0.0173 -0.0118 0.9998
vn 0.0693 0.0116 0.9975
vn 0.0326 -0.0211 0.9992
vn 0.0048 -0.0311 0.9995
vn -0.0041 -0.0538 0.9985
vn 0.0060 -0.0211 0.9998
vn -0.0327 -0.0613 0.9976
vn -0.0072 -0.0427 0.9991
vn 0.0161 0.0115 0.9998
vn -0.0612 -0.0688 0.9958
vn -0.0039 0.9999 -0.0132
vn -0.0003 1.0000 -0.0085
vn 0.0012 1.0000 -0.0066
vn 0.0013 1.0000 -0.0000
vn 0.0062 1.0000 -0.0000
vn 0.0031 1.0000 -0.0000
vn 0.0026 1.0000 -0.0000
vn -0.6349 0.7726 -0.0023
vn -0.6792 0.7339 -0.0062
vn -0.6824 0.7309 -0.0062
vn -0.9868 0.1616 -0.0090
vn -0.9859 0.1662 -0.0177
vn -0.9862 0.1648 -0.0151
vn -0.9856 0.1680 -0.0212
vn 0.0113 -0.0166 -0.9998
vn 0.0088 -0.0071 -0.9999
vn 0.0137 -0.0145 -0.9998
vn 0.0116 -0.0163 -0.9998
vn 0.0160 -0.0125 -0.9998
vn 0.0080 -0.0063 -0.9999
vn 0.0079 -0.0063 -0.9999
vn 0.0070 -0.0055 -1.0000
vn -0.0001 -0.0001 -1.0000
vn 0.2690 -0.3784 -0.8857
vn 0.2543 -0.3576 -0.8986
vn 0.2404 -0.3381 -0.9099
vn 0.4451 -0.6256 -0.6408
vn 0.5227 -0.7361 -0.4301
vn 0.4447 -0.6257 -0.6409
vn 0.4443 -0.6259 -0.6410
vn 0.5263 -0.7413 -0.4166
vn 0.5243 -0.7385 -0.4239
vn 0.5682 -0.8003 -0.1916
vn -0.8166 -0.5772 -0.0083
vn -0.8166 -0.5772 -0.0084
vn -0.8157 -0.5785 -0.0037
vn -0.8159 -0.5782 -0.0055
vn -0.8149 -0.5797 -0.0006
vn -0.8145 -0.5802 -0.0003
vn -0.8149 -0.5796 -0.0022
vn -0.8147 -0.5799 -0.0012
vn -0.8148 -0.5797 -0.0019
vn -0.8144 -0.5804 -0.0004
vn -0.8143 -0.5804 -0.0004
vn -0.8142 -0.5806 -0.0005
vn -0.8154 -0.5789 -0.0007
vn -0.8058 -0.5920 -0.0172
vn -0.8154 -0.5789 -0.0006
vn -0.8154 -0.5789 -0.0012
vn -0.8161 -0.5779 -0.0062
vn -0.8157 -0.5785 -0.0031
vn -0.8168 -0.5769 -0.0112
vn -0.8168 -0.5769 -0.0111
vn -0.7906 -0.6113 -0.0361
vn -0.7896 -0.6125 -0.0371
vn -0.7600 -0.6469 -0.0632
vn -0.5499 0.7900 -0.2711
vn -0.5522 0.7887 -0.2702
vn -0.5539 0.7878 -0.2696
vn -0.5726 0.8084 -0.1365
vn -0.5578 0.7855 -0.2681
vn -0.6659 0.7295 -0.1559
vn -0.5738 0.8080 -0.1335
vn -0.5738 0.8081 -0.1335
vn -0.5789 0.8154 0.0023
vn -0.5790 0.8154 0.0023
vn -0.5966 0.8024 0.0139
vn -0.5966 0.8025 0.0138
vn -0.6015 0.7987 0.0171
vn -0.5965 0.8025 0.0138
vn -0.6137 0.7891 0.0253
vn -0.8227 0.4749 -0.3124
vn -0.6137 0.7891 0.0254
vn -0.7906 0.5801 -0.1960
vn -0.8687 0.3074 -0.3884
vn -0.8426 0.3415 -0.4163
vn -0.8426 0.3415 -0.4164
vn -0.8798 0.1814 -0.4393
vn -0.8139 0.3752 -0.4437
vn -0.8681 0.2236 -0.4431
vn -0.8682 0.2236 -0.4431
vn -0.8676 0.2254 -0.4432
vn -0.8995 0.0690 -0.4314
vn -0.8913 0.0343 -0.4521
vn -0.8862 -0.0774 -0.4568
vn -0.8995 0.0690 -0.4313
vn -0.8814 -0.0007 -0.4723
vn -0.8771 -0.1015 -0.4695
vn -0.8767 -0.1061 -0.4692
vn -0.8638 -0.2014 -0.4618
vn -0.8638 -0.2015 -0.4618
vn -0.8640 -0.2046 -0.4600
vn -0.8307 -0.3252 -0.4519
vn -0.8643 -0.2078 -0.4581
vn -0.8336 -0.3180 -0.4516
vn -0.8360 -0.3127 -0.4509
vn -0.7915 -0.4253 -0.4389
vn -0.7915 -0.4252 -0.4389
vn -0.7894 -0.4318 -0.4363
vn -0.7217 -0.5304 -0.4447
vn -0.7872 -0.4384 -0.4337
vn -0.7185 -0.5360 -0.4432
vn -0.7180 -0.5366 -0.4432
vn -0.6374 -0.6281 -0.4463
vn -0.6385 -0.6274 -0.4457
vn -0.5579 -0.7020 -0.4426
vn -0.6375 -0.6281 -0.4463
vn -0.6396 -0.6267 -0.4451
vn -0.5422 -0.7153 -0.4409
vn -0.5339 -0.7219 -0.4403
vn -0.4329 -0.7930 -0.4287
vn -0.4329 -0.7930 -0.4288
vn -0.4324 -0.7722 -0.4655
vn 0.9044 -0.4267 0.0002
vn 0.9916 -0.1293 0.0003
vn 0.9917 -0.1288 0.0005
vn 0.9917 -0.1289 0.0005
vn 0.9977 0.0678 -0.0002
vn 0.9977 0.0678 -0.0003
vn 0.9997 -0.0256 0.0001
vn 0.9647 0.2632 -0.0010
vn 0.9648 0.2632 -0.0010
vn 0.9648 0.2631 -0.0010
vn 0.9645 0.2639 -0.0006
vn 0.9645 0.2639 -0.0005
vn 0.8760 0.4823 -0.0011
vn 0.8754 0.4835 -0.0005
vn 0.7309 0.6825 -0.0017
vn 0.7298 0.6836 -0.0007
vn 0.7287 0.6848 0.0002
vn 0.6087 0.7934 0.0001
vn 0.6086 0.7935 0.0001
vn -0.0083 0.9999 0.0059
vn 0.0030 1.0000 -0.0086
vn -0.0021 1.0000 -0.0028
vn -0.0031 1.0000 -0.0014
vn 0.0040 0.9999 -0.0115
vn 0.0051 0.9999 -0.0115
vn 0.0044 0.9999 -0.0095
vn 0.0062 0.9999 -0.0114
vn 0.0010 1.0000 -0.0019
vn 0.0031 1.0000 -0.0057
vn -0.1276 0.9868 0.0996
vn -0.3238 0.9248 0.1999
vn -0.2415 0.9519 0.1884
vn -0.4580 0.8139 0.3574
vn -0.5295 0.7956 0.2943
vn -0.5992 0.7497 0.2808
vn -0.5945 0.7705 0.2300
vn -0.6612 0.6925 0.2886
vn -0.6543 0.7126 0.2531
vn -0.6543 0.7127 0.2531
vn -0.7084 0.6504 0.2741
vn -0.6320 0.6448 0.4298
vn -0.6703 0.6443 0.3682
vn -0.6240 0.6310 0.4609
vn -0.6075 0.6408 0.4694
vn -0.6113 0.6421 0.4626
vn -0.5984 0.6530 0.4642
vn -0.3224 0.7199 0.6146
vn -0.5926 0.6356 0.4948
vn -0.5860 0.6173 0.5250
vn -0.3130 0.7173 0.6226
vn -0.3156 0.7158 0.6229
vn -0.3156 0.7158 0.6230
vn -0.0000 0.7479 0.6638
vn -0.0022 0.7682 0.6402
vn -0.0044 0.7868 0.6172
vn -0.0045 0.7877 0.6161
vn -0.0045 0.7877 0.6160
vn -0.0041 -0.8285 0.5600
vn -0.0036 -0.8259 0.5639
vn -0.0038 -0.8271 0.5620
vn -0.0050 -0.6785 0.7346
vn -0.0036 -0.8258 0.5640
vn -0.0042 -0.5441 0.8390
vn -0.0047 -0.6764 0.7365
vn -0.0056 -0.4833 0.8754
vn -0.0049 -0.4752 0.8799
vn -0.0037 -0.3214 0.9469
vn -0.0042 -0.4669 0.8843
vn -0.0037 -0.1946 0.9809
vn -0.0045 -0.3118 0.9501
vn -0.0047 -0.1450 0.9894
vn -0.0041 -0.1351 0.9908
vn -0.0026 -0.1014 0.9948
vn -0.0007 -0.1473 0.9891
vn 0.0032 -0.1497 0.9887
vn -0.0036 -0.1252 0.9921
vn 0.3362 -0.0205 0.9416
vn -0.0036 -0.0625 0.9980
vn -0.0036 0.0006 1.0000
vn -0.0037 0.0003 1.0000
vn -0.0037 0.0005 1.0000
vn -0.0039 -0.0000 1.0000
vn 0.3875 -0.0019 0.9219
vn 0.3970 -0.0000 0.9178
vn 0.7049 -0.0000 0.7093
vn 0.3975 -0.0034 0.9176
vn 0.6976 -0.0019 0.7165
vn 0.6902 -0.0038 0.7237
vn 0.6901 -0.0038 0.7237
vn 0.3887 -0.0046 0.9214
vn 0.3901 -0.0041 0.9208
vn 0.0018 -0.0047 1.0000
vn 0.0022 -0.0083 1.0000
vn 0.0030 -0.0039 1.0000
vn 0.0030 -0.0079 1.0000
vn 0.0042 -0.0030 1.0000
vn 0.0042 -0.0111 0.9999
vn -0.0003 -0.0087 1.0000
vn 0.0021 -0.0111 0.9999
vn 0.0001 -0.0111 0.9999
vn -0.0051 -0.0060 1.0000
vn -0.0057 -0.0053 1.0000
vn -0.0104 -0.0008 0.9999
vn -0.0000 0.8483 -0.5296
vn -0.0000 0.6917 -0.7222
vn -0.0000 0.5691 -0.8223
vn -0.0000 0.4823 -0.8760
vn -0.0000 0.3131 -0.9497
vn -0.0000 0.2079 -0.9781
vn -0.0000 0.1299 -0.9915
vn -0.0000 -0.0294 -0.9996
vn -0.0000 -0.0312 -0.9995
vn 0.0082 -0.0176 -0.9998
vn -0.0000 -0.1911 -0.9816
vn 0.0104 -0.0738 -0.9972
vn 0.0100 -0.1125 -0.9936
vn 0.0200 -0.0329 -0.9993
vn 0.0100 -0.0329 -0.9994
vn 0.0201 0.0053 -0.9998
vn 0.0071 -0.0169 -0.9998
vn -0.0000 -0.0329 -0.9995
vn 0.0201 0.0436 -0.9988
vn 0.0101 -0.0208 -0.9997
vn 0.0099 0.0177 -0.9998
vn -0.0000 -0.0164 -0.9999
vn -0.0000 -0.0159 -0.9999
vn -0.0004 -0.0081 -1.0000
vn 0.0041 -0.0085 -1.0000
vn 0.0016 -0.0462 -0.9989
vn 0.0156 0.0181 -0.9997
vn 0.0036 -0.0841 -0.9964
vn 0.0036 -0.0841 -0.9965
vn 0.0466 0.0336 -0.9983
vn 0.0426 0.0086 -0.9991
vn -0.0000 -0.0000 -1.0000
vn 0.0043 -0.0045 -1.0000
vn -0.0247 -0.0197 -0.9995
vn 0.0087 -0.0089 -0.9999
vn 0.0234 -0.0064 -0.9997
vn -0.0049 -0.3330 -0.9429
vn -0.0038 -0.2530 -0.9675
vn -0.0092 -0.6190 -0.7854
vn -0.0724 -0.3476 -0.9349
vn -0.0764 -0.3279 -0.9416
vn -0.1365 0.0112 -0.9906
vn -0.1388 0.0127 -0.9902
vn -0.1396 0.0152 -0.9901
vn -0.1411 0.0143 -0.9899
vn -0.1402 0.0161 -0.9900
vn -0.0518 0.0052 -0.9986
vn -0.0505 0.0060 -0.9987
vn 0.0381 -0.0039 -0.9993
vn 0.0371 -0.0051 -0.9993
vn -0.1394 0.0178 -0.9901
vn -0.1508 0.0255 -0.9882
vn -0.1470 0.0216 -0.9889
vn -0.1547 0.0255 -0.9876
vn -0.0597 0.0097 -0.9982
vn -0.1933 0.0569 -0.9795
vn -0.1491 0.0277 -0.9884
vn 0.0362 -0.0062 -0.9993
vn -0.1059 0.0463 -0.9933
vn -0.1436 0.0299 -0.9892
vn -0.1527 0.0368 -0.9876
vn -0.2896 0.5025 -0.8147
vn -0.1617 0.0436 -0.9859
vn -0.2685 0.4082 -0.8725
vn -0.2135 0.0575 -0.9752
vn -0.1934 0.1320 -0.9722
vn -0.3307 0.6936 -0.6400
vn -0.1821 0.4824 -0.8568
vn -0.1409 0.3100 -0.9402
vn -0.2441 0.0973 -0.9649
vn -0.5735 0.1608 -0.8033
vn -0.5816 0.1557 -0.7984
vn -0.2542 0.0843 -0.9635
vn -0.2643 0.0712 -0.9618
vn -0.2853 0.0898 -0.9542
vn -0.0018 0.1982 -0.9802
vn -0.0902 0.0062 -0.9959
vn -0.0397 0.1326 -0.9904
vn -0.1570 0.1549 -0.9754
vn -0.3060 0.1083 -0.9459
vn -0.3060 0.1082 -0.9459
vn -0.5967 0.1651 -0.7853
vn -0.0775 0.0661 -0.9948
vn -0.0643 0.0029 -0.9979
vn -0.0433 0.0051 -0.9990
vn -0.8003 0.1987 -0.5657
vn -0.8004 0.1987 -0.5656
vn -0.4423 0.1360 -0.8865
vn -0.8002 0.1994 -0.5656
vn -0.4441 0.1755 -0.8786
vn -0.4442 0.1755 -0.8786
vn -0.8000 0.2002 -0.5656
vn -0.5035 0.0864 -0.8597
vn 0.0810 0.1010 -0.9916
vn 0.0792 0.1150 -0.9902
vn 0.0773 0.1290 -0.9886
vn 0.0009 0.0161 -0.9999
vn 0.0125 0.0337 -0.9994
vn -0.0526 -0.0623 -0.9967
vn -0.0529 -0.0631 -0.9966
vn -0.0531 -0.0639 -0.9965
vn -0.0452 -0.0479 -0.9978
vn -0.0520 -0.0621 -0.9967
vn -0.0508 -0.0603 -0.9969
vn -0.0444 -0.0467 -0.9979
vn -0.0379 -0.0331 -0.9987
vn -0.0286 -0.0287 -0.9992
vn -0.0258 -0.0196 -0.9995
vn -0.0136 -0.0062 -0.9999
vn -0.0186 -0.0179 -0.9997
vn -0.0098 -0.0078 -0.9999
vn -0.0236 -0.0297 -0.9993
vn -0.0169 -0.0247 -0.9996
vn -0.0132 -0.0174 -0.9998
vn -0.0027 -0.0051 -1.0000
vn -0.0076 -0.0139 -0.9999
vn 0.0007 -0.0063 -1.0000
vn -0.0125 -0.0226 -0.9997
vn -0.0044 -0.0198 -0.9998
vn -0.0023 -0.0133 -0.9999
vn 0.0079 -0.0039 -1.0000
vn 0.0076 -0.0042 -1.0000
vn 0.0074 -0.0045 -1.0000
vn 0.0037 -0.0131 -0.9999
vn 0.0089 -0.0080 -0.9999
vn -0.0000 -0.0216 -0.9998
vn 0.0054 -0.0163 -0.9999
vn 0.0060 -0.0150 -0.9999
vn 0.0119 -0.0083 -0.9999
vn 0.0110 -0.0100 -0.9999
vn 0.0155 -0.0067 -0.9999
vn 0.0102 -0.0117 -0.9999
vn 0.0124 -0.0095 -0.9999
vn 0.0147 -0.0072 -0.9999
vn 0.0176 -0.0055 -0.9998
vn 0.0141 -0.0090 -0.9999
vn 0.0205 -0.0038 -0.9998
vn 0.0165 -0.0076 -0.9998
vn 0.0295 -0.0000 -0.9996
vn 0.0126 -0.0115 -0.9999
vn 0.0275 -0.0026 -0.9996
vn 0.0168 -0.0128 -0.9998
vn 0.0425 0.0063 -0.9991
vn 0.0298 -0.0051 -0.9995
vn 0.0521 0.0068 -0.9986
vn 0.0171 -0.0166 -0.9997
vn 0.0173 -0.0118 -0.9998
vn 0.0432 -0.0025 -0.9991
vn 0.0693 0.0116 -0.9975
vn 0.0327 -0.0211 -0.9992
vn 0.0049 -0.0311 -0.9995
vn -0.0041 -0.0538 -0.9985
vn 0.0060 -0.0211 -0.9998
vn -0.0072 -0.0427 -0.9991
vn -0.0327 -0.0613 -0.9976
vn 0.0162 0.0115 -0.9998
vn -0.0612 -0.0688 -0.9958
vn -0.0039 0.9999 0.0132
vn 0.0012 1.0000 0.0066
vn -0.0003 1.0000 0.0085
vn -0.6792 0.7339 0.0062
vn -0.6824 0.7309 0.0062
vn -0.9868 0.1616 0.0090
vn -0.9856 0.1680 0.0212
vn 0.0540 -0.0525 0.9972
vn 0.0292 -0.0524 0.9982
vn 0.0179 -0.0524 0.9985
vn 0.0056 -0.0287 0.9996
vn -0.0183 -0.0523 0.9985
vn -0.0092 -0.0262 0.9996
vn -0.0098 -0.0281 0.9996
vn 0.6228 0.6482 0.4381
vn 0.6315 0.6515 0.4205
vn 0.6302 0.6510 0.4231
vn 0.6771 0.5207 0.5200
vn 0.6228 0.6482 0.4382
vn 0.6373 0.6536 0.4081
vn 0.6373 0.6537 0.4081
vn 0.6858 0.5072 0.5219
vn 0.6903 0.4870 0.5352
vn 0.7093 0.3400 0.6175
vn 0.7391 0.1975 0.6440
vn 0.7089 0.3405 0.6176
vn 0.7086 0.3410 0.6177
vn 0.7086 0.3411 0.6177
vn 0.7361 0.2151 0.6417
vn 0.7362 0.2151 0.6417
vn 0.7313 0.2349 0.6403
vn 0.7510 0.0857 0.6547
vn 0.7504 -0.0299 0.6603
vn 0.7482 0.0928 0.6569
vn 0.7454 0.0998 0.6591
vn 0.7489 -0.0256 0.6622
vn 0.7352 -0.0096 0.6777
vn 0.7406 -0.1507 0.6549
vn 0.7406 -0.1506 0.6549
vn 0.6929 -0.0720 0.7174
vn 0.7085 -0.1165 0.6960
vn 0.6729 -0.0812 0.7353
vn 0.6779 -0.0542 0.7332
vn 0.6884 -0.0556 0.7232
vn 0.6823 -0.0272 0.7306
vn 0.7197 -0.0802 0.6897
vn 0.7062 -0.0389 0.7069
vn 0.7062 -0.0388 0.7069
vn 0.7292 -0.0772 0.6800
vn 0.7058 -0.0565 0.7061
vn 0.8699 0.1269 0.4766
vn 0.7290 -0.0503 0.6827
vn 0.7289 -0.0503 0.6827
vn 0.7294 -0.0503 0.6823
vn 0.7227 -0.0848 0.6860
vn 0.8676 -0.1676 0.4682
vn 0.7155 -0.1193 0.6884
vn 0.7810 -0.0960 0.6171
vn 0.7466 -0.1349 0.6514
vn 0.6810 -0.0355 0.7314
vn 0.8991 0.2061 0.3862
vn 0.6778 -0.0545 0.7332
vn 0.9541 0.0209 0.2989
vn 0.9231 0.3846 -0.0000
vn 0.9204 0.3908 0.0145
vn 0.9218 0.3877 -0.0000
vn 0.7298 -0.0503 0.6818
vn 0.8873 -0.2505 0.3872
vn 0.7028 -0.0618 0.7086
vn 0.8678 -0.2701 0.4171
vn 0.7029 -0.0618 0.7086
vn 0.6744 -0.0734 0.7347
vn 0.8810 -0.2048 0.4265
vn 0.7753 -0.1498 0.6135
vn 0.7753 -0.1498 0.6136
vn 0.9145 -0.1436 0.3782
vn 0.7868 -0.0966 0.6096
vn 0.9178 -0.1235 0.3773
vn 0.7959 -0.0433 0.6039
vn 0.8576 -0.1382 0.4954
vn 0.8294 -0.0871 0.5519
vn 0.8896 -0.4403 0.1215
vn 0.9575 -0.2886 -0.0000
vn 0.8946 -0.4318 0.1149
vn 0.9491 -0.2866 0.1309
vn 0.9822 -0.1284 0.1367
vn 0.9802 -0.1218 0.1560
vn 0.9506 -0.2958 0.0939
vn 0.9316 -0.3636 -0.0000
vn 0.9592 -0.2804 0.0373
vn 0.9274 -0.3600 0.1013
vn 0.8995 -0.4233 0.1084
vn 0.9048 -0.4258 -0.0000
vn 0.9174 0.3968 0.0290
vn 0.9964 0.0850 -0.0000
vn 0.9178 0.3970 -0.0000
vn 0.9976 0.0684 0.0050
vn 0.9643 -0.2641 -0.0193
vn 0.9645 -0.2641 -0.0000
vn 0.9174 0.3968 -0.0289
vn 0.9174 0.3968 -0.0290
vn 0.9204 0.3908 -0.0145
vn 0.9976 0.0684 -0.0050
vn 0.9541 0.0209 -0.2988
vn 0.9643 -0.2641 0.0193
vn 0.9592 -0.2804 -0.0372
vn 0.8991 0.2061 -0.3861
vn 0.8699 0.1269 -0.4766
vn 0.9506 -0.2958 -0.0939
vn 0.8810 -0.2048 -0.4264
vn 0.9274 -0.3600 -0.1013
vn 0.8873 -0.2505 -0.3871
vn 0.8995 -0.4233 -0.1083
vn 0.8995 -0.4233 -0.1084
vn 0.8946 -0.4318 -0.1149
vn 0.6810 -0.0355 -0.7314
vn 0.6884 -0.0556 -0.7232
vn 0.7059 -0.0566 -0.7061
vn 0.6778 -0.0545 -0.7332
vn 0.7059 -0.0565 -0.7061
vn 0.6744 -0.0734 -0.7347
vn 0.7029 -0.0618 -0.7086
vn 0.7292 -0.0772 -0.6799
vn 0.7018 -0.0792 -0.7079
vn 0.7337 -0.0312 -0.6788
vn 0.8896 -0.4403 -0.1215
vn 0.8678 -0.2701 -0.4171
vn 0.9491 -0.2866 -0.1309
vn 0.8676 -0.1676 -0.4682
vn 0.7298 -0.0503 -0.6818
vn 0.7294 -0.0503 -0.6823
vn 0.7294 -0.0503 -0.6822
vn 0.6729 -0.0812 -0.7352
vn 0.6930 -0.0720 -0.7174
vn 0.7085 -0.1165 -0.6960
vn 0.6779 -0.0542 -0.7332
vn 0.7406 -0.1506 -0.6548
vn 0.7406 -0.1507 -0.6548
vn 0.7489 -0.0256 -0.6622
vn 0.7504 -0.0299 -0.6603
vn 0.6823 -0.0272 -0.7305
vn 0.6823 -0.0272 -0.7306
vn 0.7197 -0.0802 -0.6896
vn 0.7063 -0.0389 -0.7069
vn 0.7062 -0.0388 -0.7069
vn 0.7290 -0.0503 -0.6827
vn 0.7227 -0.0848 -0.6859
vn 0.7454 0.0998 -0.6591
vn 0.7483 0.0928 -0.6569
vn 0.7313 0.2348 -0.6403
vn 0.7155 -0.1193 -0.6884
vn 0.7466 -0.1349 -0.6514
vn 0.7810 -0.0960 -0.6171
vn 0.7511 0.0857 -0.6547
vn 0.7510 0.0857 -0.6547
vn 0.7391 0.1975 -0.6440
vn 0.7362 0.2151 -0.6417
vn 0.7086 0.3410 -0.6177
vn 0.7086 0.3411 -0.6177
vn 0.7090 0.3405 -0.6176
vn 0.6772 0.5207 -0.5200
vn 0.7093 0.3400 -0.6175
vn 0.6859 0.5072 -0.5218
vn 0.6903 0.4870 -0.5351
vn 0.6374 0.6537 -0.4081
vn 0.6374 0.6536 -0.4081
vn 0.6315 0.6515 -0.4204
vn 0.6302 0.6510 -0.4231
vn 0.6228 0.6482 -0.4381
vn 0.7753 -0.1498 -0.6135
vn 0.7868 -0.0966 -0.6096
vn 0.9145 -0.1436 -0.3782
vn 0.9178 -0.1235 -0.3773
vn 0.9823 -0.1284 -0.1367
vn 0.9822 -0.1284 -0.1367
vn 0.9802 -0.1218 -0.1560
vn 0.7959 -0.0433 -0.6039
vn 0.8576 -0.1382 -0.4954
vn 0.8294 -0.0871 -0.5519
vn 0.9778 -0.1151 -0.1753
vn 0.9931 -0.1169 -0.0000
vn 0.9914 -0.1309 -0.0000
vn 0.9761 -0.1295 -0.1744
vn 0.9778 -0.1151 0.1753
vn 0.9761 -0.1295 0.1744
vn 0.8574 -0.1295 -0.4980
vn 0.9299 -0.1404 -0.3398
vn 0.9255 -0.1684 -0.3393
vn 0.8525 -0.1547 -0.4993
vn 0.9743 -0.1440 -0.1735
vn 0.9840 -0.1781 -0.0000
vn 0.9735 -0.1455 -0.1767
vn 0.9893 -0.1462 -0.0000
vn 0.9735 -0.1454 -0.1767
vn 0.9727 -0.1469 -0.1799
vn 0.9678 -0.1759 -0.1801
vn 0.9742 -0.1440 0.1735
vn 0.9735 -0.1454 0.1767
vn 0.9735 -0.1455 0.1767
vn 0.8470 -0.1800 -0.5002
vn 0.9314 -0.2137 -0.2945
vn 0.8801 -0.1582 -0.4477
vn 0.9194 -0.1955 -0.3412
vn 0.9621 -0.2048 -0.1802
vn 0.9621 -0.2048 -0.1801
vn 0.9619 -0.2039 -0.1821
vn 0.9087 -0.1363 -0.3946
vn 0.8997 -0.2327 -0.3692
vn 0.9022 -0.2141 -0.3745
vn 0.9022 -0.2141 -0.3744
vn 0.8898 -0.2905 -0.3519
vn 0.8826 -0.2630 -0.3898
vn 0.8619 -0.2910 -0.4153
vn 0.9727 -0.1469 0.1799
vn 0.9299 -0.1404 0.3399
vn 0.9255 -0.1684 0.3393
vn 0.9678 -0.1759 0.1801
vn 0.8574 -0.1295 0.4980
vn 0.8574 -0.1295 0.4981
vn 0.8525 -0.1547 0.4993
vn 0.8732 -0.2346 -0.4272
vn 0.8583 -0.2821 -0.4286
vn 0.9194 -0.2469 -0.3062
vn 0.9059 -0.2899 -0.3089
vn 0.8412 -0.3292 -0.4290
vn 0.8367 -0.3165 -0.4469
vn 0.8207 -0.3380 -0.4606
vn 0.8470 -0.1800 0.5003
vn 0.9314 -0.2137 0.2946
vn 0.9194 -0.1955 0.3412
vn 0.8800 -0.1582 0.4478
vn 0.9621 -0.2048 0.1802
vn 0.9619 -0.2039 0.1822
vn 0.9087 -0.1363 0.3946
vn 0.8997 -0.2327 0.3692
vn 0.9022 -0.2141 0.3745
vn 0.8898 -0.2905 0.3519
vn 0.8619 -0.2910 0.4153
vn 0.8826 -0.2630 0.3898
vn 0.9617 -0.2030 -0.1841
vn 0.9558 -0.2289 -0.1843
vn 0.9784 -0.2065 -0.0000
vn 0.9725 -0.2328 -0.0000
vn 0.9617 -0.2030 0.1842
vn 0.9558 -0.2289 0.1844
vn 0.9492 -0.2548 -0.1844
vn 0.9492 -0.2546 -0.1849
vn 0.8732 -0.2346 0.4272
vn 0.9058 -0.2899 0.3089
vn 0.9194 -0.2469 0.3062
vn 0.8583 -0.2821 0.4287
vn 0.9194 -0.2469 0.3063
vn 0.9492 -0.2548 0.1845
vn 0.9492 -0.2548 0.1844
vn 0.9492 -0.2546 0.1850
vn 0.8411 -0.3292 0.4291
vn 0.8207 -0.3380 0.4607
vn 0.8367 -0.3165 0.4470
vn 0.9492 -0.2543 -0.1855
vn 0.9370 -0.2958 -0.1860
vn 0.9659 -0.2588 -0.0000
vn 0.9537 -0.3008 -0.0000
vn 0.9492 -0.2543 0.1855
vn 0.9370 -0.2958 0.1860
vn 0.8317 -0.3037 0.4647
vn 0.8767 -0.3506 0.3293
vn 0.8880 -0.3242 0.3263
vn 0.8190 -0.3347 0.4661
vn 0.9229 -0.3369 0.1862
vn 0.9229 -0.3366 0.1869
vn 0.8052 -0.3655 0.4670
vn 0.7788 -0.3793 0.4996
vn 0.8004 -0.3526 0.4848
vn 0.8004 -0.3527 0.4848
vn 0.9229 -0.3369 -0.1862
vn 0.9229 -0.3366 -0.1869
vn 0.8767 -0.3506 -0.3293
vn 0.8880 -0.3242 -0.3262
vn 0.8318 -0.3037 -0.4647
vn 0.8190 -0.3347 -0.4661
vn 0.8052 -0.3655 -0.4670
vn 0.8004 -0.3526 -0.4848
vn 0.7788 -0.3793 -0.4995
vn 0.8004 -0.3527 -0.4848
vn 0.9229 -0.3363 0.1876
vn 0.9395 -0.3424 -0.0000
vn 0.9134 -0.3611 0.1881
vn 0.9299 -0.3678 -0.0000
vn 0.9229 -0.3363 -0.1876
vn 0.9134 -0.3611 -0.1880
vn 0.7951 -0.3395 0.5025
vn 0.8465 -0.4042 0.3465
vn 0.8626 -0.3683 0.3467
vn 0.7770 -0.3763 0.5047
vn 0.9032 -0.3857 0.1884
vn 0.9033 -0.3866 0.1861
vn 0.7574 -0.4126 0.5060
vn 0.7358 -0.4170 0.5336
vn 0.7531 -0.4017 0.5211
vn 0.7952 -0.3395 -0.5024
vn 0.7770 -0.3763 -0.5046
vn 0.8626 -0.3683 -0.3467
vn 0.8465 -0.4042 -0.3465
vn 0.9032 -0.3857 -0.1883
vn 0.9033 -0.3866 -0.1861
vn 0.7574 -0.4126 -0.5060
vn 0.7358 -0.4170 -0.5335
vn 0.7531 -0.4017 -0.5211
vn 0.9033 -0.3876 0.1839
vn 0.9034 -0.4288 -0.0000
vn 0.9190 -0.3943 -0.0000
vn 0.8879 -0.4212 0.1848
vn 0.9033 -0.3876 -0.1838
vn 0.9033 -0.3876 -0.1839
vn 0.8879 -0.4212 -0.1847
vn 0.7484 -0.3905 0.5361
vn 0.8139 -0.4543 0.3622
vn 0.8262 -0.4311 0.3628
vn 0.7345 -0.4144 0.5374
vn 0.8712 -0.4545 0.1854
vn 0.8712 -0.4553 0.1835
vn 0.7199 -0.4381 0.5383
vn 0.6867 -0.4583 0.5642
vn 0.7160 -0.4279 0.5516
vn 0.7485 -0.3905 -0.5360
vn 0.8262 -0.4311 -0.3627
vn 0.8139 -0.4543 -0.3622
vn 0.7345 -0.4144 -0.5374
vn 0.8712 -0.4545 -0.1854
vn 0.8712 -0.4553 -0.1834
vn 0.7200 -0.4381 -0.5383
vn 0.6868 -0.4583 -0.5642
vn 0.7160 -0.4279 -0.5516
vn 0.8712 -0.4561 0.1815
vn 0.8859 -0.4638 -0.0000
vn 0.8594 -0.4777 0.1822
vn 0.8740 -0.4859 -0.0000
vn 0.8712 -0.4561 -0.1815
vn 0.8594 -0.4777 -0.1821
vn 0.7119 -0.4175 0.5647
vn 0.7768 -0.5001 0.3826
vn 0.7986 -0.4695 0.3766
vn 0.6858 -0.4558 0.5675
vn 0.8471 -0.4991 0.1827
vn 0.8471 -0.4989 0.1833
vn 0.6579 -0.4934 0.5690
vn 0.6097 -0.4811 0.6299
vn 0.6498 -0.4652 0.6012
vn 0.6497 -0.4652 0.6012
vn 0.7119 -0.4175 -0.5647
vn 0.6858 -0.4558 -0.5674
vn 0.7986 -0.4695 -0.3765
vn 0.7769 -0.5001 -0.3826
vn 0.8471 -0.4991 -0.1827
vn 0.8471 -0.4989 -0.1832
vn 0.6579 -0.4934 -0.5689
vn 0.6498 -0.4652 -0.6012
vn 0.6097 -0.4811 -0.6299
vn 0.8471 -0.4986 0.1839
vn 0.8618 -0.5073 -0.0000
vn 0.8277 -0.5285 0.1887
vn 0.8412 -0.5408 -0.0000
vn 0.8471 -0.4986 -0.1838
vn 0.8277 -0.5285 -0.1887
vn 0.6403 -0.4357 0.6326
vn 0.7488 -0.5142 0.4183
vn 0.6070 -0.4744 0.6375
vn 0.7178 -0.5550 0.4204
vn 0.8071 -0.5579 0.1933
vn 0.8070 -0.5586 0.1917
vn 0.5719 -0.5122 0.6408
vn 0.5644 -0.5047 0.6532
vn 0.5708 -0.5045 0.6478
vn 0.6403 -0.4357 -0.6326
vn 0.6070 -0.4744 -0.6375
vn 0.7488 -0.5142 -0.4183
vn 0.7178 -0.5550 -0.4204
vn 0.8071 -0.5579 -0.1933
vn 0.8070 -0.5586 -0.1916
vn 0.5719 -0.5122 -0.6408
vn 0.5709 -0.5045 -0.6477
vn 0.5644 -0.5047 -0.6532
vn 0.8069 -0.5594 0.1900
vn 0.7920 -0.6105 -0.0000
vn 0.8218 -0.5697 -0.0000
vn 0.7775 -0.5985 0.1928
vn 0.8069 -0.5594 -0.1900
vn 0.8069 -0.5594 -0.1899
vn 0.7775 -0.5985 -0.1928
vn 0.5697 -0.4968 0.6547
vn 0.6835 -0.5886 0.4318
vn 0.6835 -0.5886 0.4317
vn 0.5640 -0.5025 0.6552
vn 0.6715 -0.6013 0.4331
vn 0.7460 -0.6367 0.1952
vn 0.7460 -0.6367 0.1953
vn 0.7466 -0.6345 0.1997
vn 0.5583 -0.5083 0.6557
vn 0.5582 -0.5358 0.6336
vn 0.5590 -0.5242 0.6425
vn 0.5698 -0.4968 -0.6546
vn 0.5641 -0.5025 -0.6552
vn 0.6835 -0.5886 -0.4317
vn 0.6715 -0.6013 -0.4330
vn 0.7460 -0.6367 -0.1952
vn 0.7466 -0.6345 -0.1997
vn 0.5583 -0.5083 -0.6557
vn 0.5590 -0.5242 -0.6424
vn 0.5582 -0.5358 -0.6335
vn 0.7473 -0.6324 0.2042
vn 0.7481 -0.6636 -0.0000
vn 0.7634 -0.6460 -0.0000
vn 0.7322 -0.6496 0.2046
vn 0.7473 -0.6324 -0.2042
vn 0.7322 -0.6496 -0.2046
vn 0.5595 -0.5398 0.6290
vn 0.6429 -0.6269 0.4401
vn 0.6458 -0.6232 0.4412
vn 0.5583 -0.5409 0.6291
vn 0.5570 -0.5420 0.6292
vn 0.5536 -0.5507 0.6247
vn 0.5571 -0.5455 0.6261
vn 0.7167 -0.6666 0.2049
vn 0.7075 -0.6703 0.2239
vn 0.7155 -0.6986 -0.0000
vn 0.7322 -0.6811 -0.0000
vn 0.7167 -0.6666 -0.2049
vn 0.7075 -0.6703 -0.2239
vn 0.6979 -0.6737 0.2429
vn 0.6979 -0.6737 0.2430
vn 0.6926 -0.6790 0.2435
vn 0.5595 -0.5398 -0.6289
vn 0.6458 -0.6232 -0.4411
vn 0.6429 -0.6269 -0.4401
vn 0.5583 -0.5409 -0.6291
vn 0.6979 -0.6737 -0.2429
vn 0.6926 -0.6790 -0.2435
vn 0.5570 -0.5420 -0.6292
vn 0.5571 -0.5455 -0.6261
vn 0.5536 -0.5507 -0.6246
vn 0.6873 -0.6842 0.2441
vn 0.6911 -0.6831 0.2361
vn 0.7047 -0.7095 -0.0000
vn 0.7087 -0.7055 -0.0000
vn 0.6873 -0.6842 -0.2440
vn 0.6911 -0.6831 -0.2360
vn 0.5572 -0.5490 -0.6230
vn 0.6436 -0.6327 -0.4307
vn 0.6392 -0.6373 -0.4303
vn 0.5533 -0.5521 -0.6237
vn 0.6949 -0.6820 -0.2280
vn 0.6949 -0.6820 -0.2281
vn 0.6871 -0.6893 -0.2296
vn 0.5495 -0.5551 -0.6245
vn 0.5489 -0.5490 -0.6303
vn 0.5489 -0.5490 -0.6304
vn 0.5486 -0.5460 -0.6332
vn 0.5483 -0.5428 -0.6362
vn 0.6453 -0.6393 -0.4183
vn 0.6466 -0.6406 -0.4143
vn 0.6976 -0.6915 -0.1874
vn 0.6887 -0.6942 -0.2093
vn 0.7078 -0.7064 -0.0000
vn 0.6793 -0.6965 -0.2312
vn 0.6982 -0.7159 -0.0000
vn 0.6949 -0.6820 0.2281
vn 0.6871 -0.6893 0.2297
vn 0.6435 -0.6327 0.4307
vn 0.6392 -0.6373 0.4303
vn 0.6792 -0.6965 0.2312
vn 0.6886 -0.6942 0.2093
vn 0.6887 -0.6942 0.2093
vn 0.5572 -0.5490 0.6230
vn 0.5533 -0.5521 0.6237
vn 0.6976 -0.6915 0.1874
vn 0.6976 -0.6915 0.1875
vn 0.6452 -0.6393 0.4183
vn 0.6465 -0.6406 0.4143
vn 0.5494 -0.5551 0.6245
vn 0.5486 -0.5460 0.6332
vn 0.5489 -0.5490 0.6304
vn 0.5483 -0.5428 0.6362
vn 0.5482 -0.5428 0.6362
vn -0.0098 -0.0281 -0.9996
vn -0.0091 -0.0262 -0.9996
vn 0.0069 -0.0354 -0.9994
vn -0.0182 -0.0523 -0.9985
vn 0.0292 -0.0524 -0.9982
vn 0.0179 -0.0524 -0.9985
vn 0.0541 -0.0525 -0.9972
vn -0.7531 0.0050 -0.6578
vn -0.7885 0.0140 -0.6148
vn -0.7820 -0.0318 -0.6225
vn -0.7531 0.0050 -0.6579
vn -0.7955 -0.0460 -0.6042
vn -0.8076 -0.0678 -0.5858
vn -0.8104 -0.0653 -0.5822
vn -0.8020 -0.0092 -0.5972
vn -0.8879 -0.0775 -0.4535
vn -0.8131 -0.0629 -0.5787
vn -0.8131 -0.0628 -0.5787
vn -0.7935 0.0498 -0.6065
vn -0.7935 0.0499 -0.6065
vn -0.7917 -0.4054 -0.4569
vn -0.8471 -0.0657 -0.5273
vn -0.7935 0.0499 -0.6066
vn -0.8808 -0.1758 -0.4397
vn -0.9458 -0.1047 -0.3074
vn -0.7911 -0.4715 -0.3897
vn -0.8805 -0.3828 -0.2797
vn -0.9843 -0.0341 -0.1730
vn -0.9810 -0.0128 -0.1934
vn -0.9999 -0.0138 -0.0000
vn -0.6169 -0.7284 -0.2980
vn -0.8299 -0.3675 -0.4197
vn -0.6323 -0.7094 -0.3113
vn -0.6324 -0.7094 -0.3113
vn -0.9768 0.0087 -0.2138
vn -0.9769 0.0086 -0.2137
vn -0.9768 0.0086 -0.2138
vn -1.0000 0.0089 -0.0000
vn -1.0000 0.0088 -0.0000
vn -0.9172 -0.3449 -0.1992
vn -0.9514 -0.3081 -0.0000
vn -0.6473 -0.6898 -0.3243
vn -0.6473 -0.6899 -0.3243
vn -0.6472 -0.6899 -0.3243
vn -0.6908 -0.6819 -0.2405
vn -0.8397 -0.3313 -0.4302
vn -0.8397 -0.3314 -0.4302
vn -0.8863 -0.3330 -0.3219
vn -0.7274 -0.6681 -0.1564
vn -0.7275 -0.6681 -0.1564
vn -0.7465 -0.6434 -0.1697
vn -0.8848 0.0729 -0.4603
vn -0.8847 0.0729 -0.4603
vn -0.9342 0.0770 -0.3484
vn -0.8846 0.0726 -0.4606
vn -0.9320 0.1043 -0.3470
vn -0.8845 0.0722 -0.4609
vn -0.8788 0.0996 -0.4667
vn -0.8812 0.1028 -0.4614
vn -0.8845 0.0723 -0.4609
vn -0.7646 -0.6180 -0.1827
vn -0.7647 -0.6180 -0.1827
vn -0.7777 -0.6286 -0.0000
vn -0.9328 -0.2815 -0.2251
vn -0.9511 -0.3088 -0.0000
vn -0.8771 0.1334 -0.4614
vn -0.9286 0.1651 -0.3323
vn -0.9391 0.1419 -0.3131
vn -0.8686 0.1217 -0.4804
vn -0.8594 0.1098 -0.4993
vn -0.8547 0.1426 -0.4992
vn -0.8545 0.1434 -0.4992
vn -0.8486 0.1769 -0.4986
vn -0.8486 0.1769 -0.4985
vn -0.8060 0.3746 -0.4583
vn -0.8446 0.1793 -0.5046
vn -0.9686 0.0799 -0.2356
vn -0.9686 0.0798 -0.2356
vn -0.9944 0.1057 -0.0000
vn -0.9686 0.0799 -0.2355
vn -0.9664 0.1025 -0.2355
vn -0.9686 0.0800 -0.2354
vn -0.9966 0.0823 -0.0000
vn -0.9756 0.1466 -0.1636
vn -0.9841 0.1776 -0.0000
vn -0.9704 0.1360 -0.1995
vn -0.9705 0.1768 -0.1641
vn -0.9638 0.1252 -0.2353
vn -0.9917 0.1288 -0.0000
vn -0.8404 0.1817 -0.5105
vn -0.8404 0.1817 -0.5106
vn -0.9151 0.1933 -0.3540
vn -0.8003 0.4080 -0.4394
vn -0.8518 0.4317 -0.2966
vn -0.9686 0.0800 0.2354
vn -0.9686 0.0800 0.2353
vn -0.9328 -0.2815 0.2250
vn -0.9686 0.0799 0.2355
vn -0.8863 -0.3330 0.3218
vn -0.7647 -0.6180 0.1827
vn -0.7465 -0.6434 0.1696
vn -0.7465 -0.6434 0.1697
vn -0.9604 0.1988 -0.1953
vn -0.9062 0.4228 -0.0000
vn -0.9625 0.2028 -0.1799
vn -0.9005 0.3983 -0.1747
vn -0.9625 0.2029 -0.1799
vn -0.9005 0.3983 -0.1748
vn -0.9645 0.2068 -0.1644
vn -0.9778 0.2097 -0.0000
vn -0.7132 0.6118 -0.3422
vn -0.7253 0.5816 -0.3683
vn -0.8380 0.4482 -0.3112
vn -0.7523 0.6158 -0.2341
vn -0.7362 0.5504 -0.3938
vn -0.7836 0.4198 -0.4579
vn -0.7812 0.4284 -0.4542
vn -0.8127 0.2797 -0.5112
vn -0.8138 0.2775 -0.5106
vn -0.8116 0.2919 -0.5061
vn -0.7810 0.6118 -0.1256
vn -0.8986 0.4387 -0.0000
vn -0.7892 0.5990 -0.1355
vn -0.8675 0.4726 -0.1550
vn -0.7972 0.5860 -0.1454
vn -0.8057 0.5923 -0.0000
vn -0.8149 0.2753 -0.5100
vn -0.8149 0.2754 -0.5100
vn -0.8871 0.3054 -0.3460
vn -0.8120 0.2970 -0.5024
vn -0.8931 0.3228 -0.3135
vn -0.9286 0.3247 -0.1794
vn -0.9438 0.2968 -0.1456
vn -0.8087 0.3185 -0.4945
vn -0.8087 0.3186 -0.4945
vn -0.8076 0.3157 -0.4982
vn -0.8762 0.3593 -0.3212
vn -0.8834 0.3465 -0.3154
vn -0.8064 0.3129 -0.5018
vn -0.8006 0.3261 -0.5027
vn -0.8005 0.3257 -0.5031
vn -0.9568 0.2685 -0.1118
vn -0.9628 0.2702 -0.0000
vn -0.9409 0.3216 -0.1065
vn -0.9449 0.3273 -0.0000
vn -0.7947 0.3392 -0.5034
vn -0.7945 0.3380 -0.5045
vn -0.8586 0.3972 -0.3242
vn -0.8699 0.3737 -0.3218
vn -0.7944 0.3367 -0.5055
vn -0.7831 0.3606 -0.5067
vn -0.7832 0.3606 -0.5065
vn -0.9231 0.3606 -0.1337
vn -0.9231 0.3607 -0.1337
vn -0.9241 0.3821 -0.0000
vn -0.9226 0.3674 -0.1173
vn -0.9163 0.3774 -0.1340
vn -0.9219 0.3741 -0.1009
vn -0.9266 0.3760 -0.0000
vn -0.9094 0.3927 -0.1370
vn -0.9069 0.4214 -0.0000
vn -0.9093 0.3934 -0.1357
vn -0.8983 0.4172 -0.1374
vn -0.8984 0.4172 -0.1374
vn -0.9092 0.3941 -0.1343
vn -0.9092 0.3942 -0.1343
vn -0.9175 0.3978 -0.0000
vn -0.7712 0.3843 -0.5075
vn -0.7713 0.3847 -0.5071
vn -0.8254 0.4561 -0.3326
vn -0.8464 0.4193 -0.3283
vn -0.7713 0.3851 -0.5068
vn -0.7528 0.4172 -0.5092
vn -0.7528 0.4173 -0.5092
vn -0.7526 0.4176 -0.5092
vn -0.8866 0.4416 -0.1376
vn -0.8870 0.4395 -0.1417
vn -0.8757 0.4829 -0.0000
vn -0.8951 0.4458 -0.0000
vn -0.8874 0.4374 -0.1458
vn -0.8664 0.4773 -0.1468
vn -0.7330 0.4490 -0.5109
vn -0.7330 0.4491 -0.5108
vn -0.7887 0.5197 -0.3285
vn -0.8048 0.4954 -0.3270
vn -0.7330 0.4492 -0.5108
vn -0.7181 0.4719 -0.5116
vn -0.7184 0.4711 -0.5119
vn -0.8434 0.5166 -0.1475
vn -0.8429 0.5187 -0.1432
vn -0.8347 0.5506 -0.0000
vn -0.8527 0.5223 -0.0000
vn -0.8424 0.5207 -0.1388
vn -0.8424 0.5207 -0.1389
vn -0.8265 0.5455 -0.1391
vn -0.7025 0.4943 -0.5120
vn -0.7025 0.4934 -0.5128
vn -0.7484 0.5738 -0.3325
vn -0.7725 0.5435 -0.3282
vn -0.7025 0.4925 -0.5137
vn -0.6800 0.5210 -0.5159
vn -0.6798 0.5226 -0.5145
vn -0.8097 0.5700 -0.1392
vn -0.8098 0.5699 -0.1396
vn -0.7934 0.6086 -0.0000
vn -0.8177 0.5756 -0.0000
vn -0.8098 0.5698 -0.1399
vn -0.7856 0.6026 -0.1407
vn -0.6564 0.5489 -0.5175
vn -0.6564 0.5490 -0.5175
vn -0.6561 0.5530 -0.5135
vn -0.7064 0.6257 -0.3311
vn -0.7238 0.6039 -0.3337
vn -0.7238 0.6039 -0.3338
vn -0.6559 0.5570 -0.5095
vn -0.6375 0.5764 -0.5111
vn -0.6372 0.5768 -0.5112
vn -0.6375 0.5764 -0.5112
vn -0.6186 0.5956 -0.5124
vn -0.6157 0.6097 -0.4991
vn -0.6284 0.5929 -0.5035
vn -0.6285 0.5929 -0.5034
vn -0.7603 0.6332 -0.1449
vn -0.7603 0.6332 -0.1448
vn -0.7513 0.6599 -0.0000
vn -0.7600 0.6340 -0.1430
vn -0.7432 0.6531 -0.1454
vn -0.7598 0.6347 -0.1412
vn -0.7598 0.6347 -0.1413
vn -0.7674 0.6411 -0.0000
vn -0.7675 0.6411 -0.0000
vn -0.6381 0.5902 -0.4944
vn -0.6200 0.6084 -0.4955
vn -0.6846 0.6559 -0.3179
vn -0.6945 0.6432 -0.3225
vn -0.7255 0.6726 -0.1459
vn -0.7266 0.6719 -0.1434
vn -0.6014 0.6262 -0.4962
vn -0.5437 0.6940 -0.4719
vn -0.6178 0.6226 -0.4804
vn -0.6337 0.6187 -0.4644
vn -0.5441 0.6980 -0.4656
vn -0.6317 0.7197 -0.2882
vn -0.6819 0.6650 -0.3046
vn -0.4445 0.7686 -0.4600
vn -0.5503 0.7583 -0.3495
vn -0.5344 0.7611 -0.3676
vn -0.6129 0.7418 -0.2723
vn -0.6543 0.7402 -0.1552
vn -0.6267 0.7513 -0.2067
vn -0.7092 0.6907 -0.1413
vn -0.7094 0.6906 -0.1406
vn -0.7258 0.6879 -0.0000
vn -0.7185 0.6811 -0.1411
vn -0.7277 0.6713 -0.1409
vn -0.7350 0.6780 -0.0000
vn -0.6376 0.7574 -0.1407
vn -0.6709 0.7383 -0.0691
vn -0.6885 0.7252 -0.0000
vn -0.6747 0.7246 -0.1405
vn -0.7097 0.6905 -0.1400
vn -0.7167 0.6973 -0.0000
vn -0.7167 0.6974 -0.0000
vn -0.6995 0.7146 0.0021
vn -0.6995 0.7146 -0.0000
vn -0.6996 0.7146 0.0021
vn -0.6996 0.7146 -0.0000
vn -0.6995 0.7146 -0.0021
vn -0.6543 0.7402 0.1552
vn -0.6710 0.7383 0.0691
vn -0.6376 0.7574 0.1407
vn -0.6747 0.7246 0.1405
vn -0.6267 0.7513 0.2066
vn -0.6267 0.7513 0.2067
vn -0.6317 0.7197 0.2881
vn -0.7097 0.6905 0.1400
vn -0.7094 0.6906 0.1406
vn -0.6129 0.7418 0.2723
vn -0.5503 0.7583 0.3495
vn -0.5344 0.7611 0.3676
vn -0.4445 0.7686 0.4600
vn -0.5437 0.6940 0.4719
vn -0.5441 0.6980 0.4656
vn -0.7092 0.6907 0.1412
vn -0.6819 0.6650 0.3046
vn -0.6847 0.6559 0.3179
vn -0.7185 0.6811 0.1411
vn -0.6820 0.6650 0.3046
vn -0.7185 0.6811 0.1410
vn -0.6337 0.6187 0.4643
vn -0.6178 0.6226 0.4803
vn -0.7277 0.6713 0.1409
vn -0.7266 0.6719 0.1434
vn -0.6014 0.6262 0.4962
vn -0.6158 0.6097 0.4991
vn -0.6200 0.6084 0.4955
vn -0.6381 0.5902 0.4944
vn -0.6285 0.5929 0.5034
vn -0.7064 0.6257 0.3310
vn -0.6945 0.6432 0.3224
vn -0.7255 0.6726 0.1459
vn -0.7432 0.6531 0.1454
vn -0.6187 0.5956 0.5124
vn -0.6372 0.5768 0.5112
vn -0.6375 0.5764 0.5111
vn -0.6559 0.5570 0.5095
vn -0.6799 0.5226 0.5145
vn -0.6562 0.5530 0.5135
vn -0.7603 0.6332 0.1448
vn -0.7485 0.5738 0.3325
vn -0.7600 0.6340 0.1430
vn -0.7238 0.6039 0.3337
vn -0.6564 0.5489 0.5174
vn -0.6564 0.5490 0.5174
vn -0.6800 0.5210 0.5159
vn -0.7598 0.6347 0.1412
vn -0.7856 0.6026 0.1407
vn -0.7025 0.4925 0.5137
vn -0.7184 0.4711 0.5118
vn -0.7025 0.4934 0.5128
vn -0.8098 0.5698 0.1399
vn -0.7887 0.5197 0.3285
vn -0.8098 0.5699 0.1395
vn -0.7726 0.5435 0.3282
vn -0.7025 0.4943 0.5120
vn -0.7181 0.4719 0.5115
vn -0.7181 0.4719 0.5116
vn -0.8097 0.5700 0.1392
vn -0.8265 0.5455 0.1391
vn -0.7331 0.4492 0.5108
vn -0.7331 0.4492 0.5107
vn -0.7526 0.4176 0.5091
vn -0.7331 0.4491 0.5108
vn -0.8424 0.5207 0.1388
vn -0.8254 0.4561 0.3325
vn -0.8429 0.5187 0.1432
vn -0.8048 0.4954 0.3269
vn -0.8429 0.5187 0.1431
vn -0.7331 0.4490 0.5109
vn -0.7528 0.4173 0.5092
vn -0.7528 0.4173 0.5091
vn -0.7528 0.4172 0.5092
vn -0.8434 0.5166 0.1475
vn -0.8664 0.4773 0.1468
vn -0.7713 0.3851 0.5067
vn -0.7832 0.3606 0.5065
vn -0.7713 0.3847 0.5071
vn -0.8874 0.4374 0.1458
vn -0.8586 0.3972 0.3242
vn -0.8870 0.4395 0.1417
vn -0.8464 0.4193 0.3283
vn -0.7713 0.3843 0.5075
vn -0.7713 0.3843 0.5074
vn -0.7712 0.3843 0.5075
vn -0.7831 0.3606 0.5067
vn -0.8866 0.4416 0.1376
vn -0.8984 0.4172 0.1374
vn -0.7944 0.3367 0.5055
vn -0.8005 0.3257 0.5031
vn -0.7946 0.3380 0.5045
vn -0.7946 0.3380 0.5044
vn -0.9094 0.3927 0.1370
vn -0.8763 0.3593 0.3211
vn -0.9093 0.3934 0.1356
vn -0.8699 0.3737 0.3218
vn -0.8699 0.3737 0.3217
vn -0.8700 0.3737 0.3217
vn -0.7947 0.3392 0.5034
vn -0.8006 0.3261 0.5026
vn -0.9092 0.3941 0.1343
vn -0.9092 0.3942 0.1343
vn -0.9163 0.3774 0.1340
vn -0.8064 0.3129 0.5018
vn -0.8116 0.2919 0.5061
vn -0.8076 0.3157 0.4981
vn -0.9231 0.3606 0.1337
vn -0.8931 0.3228 0.3134
vn -0.9226 0.3674 0.1173
vn -0.8835 0.3465 0.3154
vn -0.8087 0.3185 0.4945
vn -0.8087 0.3186 0.4945
vn -0.8120 0.2970 0.5024
vn -0.8120 0.2970 0.5023
vn -0.9219 0.3741 0.1008
vn -0.9409 0.3216 0.1065
vn -0.9568 0.2685 0.1117
vn -0.9438 0.2968 0.1456
vn -0.8149 0.2753 0.5099
vn -0.8149 0.2754 0.5099
vn -0.8871 0.3054 0.3460
vn -0.8138 0.2775 0.5106
vn -0.8380 0.4482 0.3112
vn -0.9286 0.3247 0.1794
vn -0.8675 0.4726 0.1549
vn -0.8127 0.2797 0.5112
vn -0.7812 0.4284 0.4542
vn -0.7836 0.4198 0.4579
vn -0.7362 0.5504 0.3938
vn -0.8060 0.3746 0.4583
vn -0.7253 0.5816 0.3683
vn -0.7810 0.6118 0.1255
vn -0.7810 0.6118 0.1256
vn -0.8518 0.4317 0.2966
vn -0.7892 0.5990 0.1355
vn -0.7523 0.6158 0.2341
vn -0.7524 0.6158 0.2341
vn -0.7132 0.6118 0.3421
vn -0.7132 0.6118 0.3422
vn -0.8003 0.4080 0.4394
vn -0.7972 0.5860 0.1454
vn -0.9005 0.3983 0.1747
vn -0.8404 0.1817 0.5105
vn -0.9286 0.1651 0.3323
vn -0.9151 0.1933 0.3539
vn -0.8446 0.1793 0.5045
vn -0.9604 0.1988 0.1953
vn -0.9626 0.2028 0.1799
vn -0.9626 0.2028 0.1798
vn -0.8486 0.1769 0.4985
vn -0.8547 0.1426 0.4992
vn -0.8546 0.1434 0.4992
vn -0.9645 0.2068 0.1644
vn -0.9705 0.1768 0.1641
vn -0.8595 0.1098 0.4993
vn -0.8788 0.0996 0.4667
vn -0.8686 0.1217 0.4804
vn -0.9756 0.1466 0.1636
vn -0.9321 0.1043 0.3470
vn -0.9704 0.1360 0.1995
vn -0.9391 0.1419 0.3131
vn -0.8771 0.1334 0.4614
vn -0.8812 0.1029 0.4613
vn -0.8812 0.1028 0.4613
vn -0.9638 0.1252 0.2353
vn -0.9665 0.1025 0.2355
vn -0.8845 0.0722 0.4609
vn -0.8845 0.0723 0.4608
vn -0.8300 -0.3675 0.4197
vn -0.8846 0.0726 0.4606
vn -0.8845 0.0723 0.4609
vn -0.9686 0.0799 0.2356
vn -0.9686 0.0798 0.2356
vn -0.9342 0.0770 0.3484
vn -0.8848 0.0729 0.4603
vn -0.8397 -0.3314 0.4302
vn -0.8397 -0.3313 0.4302
vn -0.6473 -0.6899 0.3243
vn -0.6473 -0.6898 0.3243
vn -0.6324 -0.7094 0.3113
vn -0.8805 -0.3828 0.2797
vn -0.6908 -0.6819 0.2405
vn -0.7274 -0.6681 0.1563
vn -0.7275 -0.6681 0.1564
vn -0.7275 -0.6681 0.1563
vn -0.7274 -0.6681 0.1564
vn -0.9172 -0.3449 0.1992
vn -0.9769 0.0087 0.2137
vn -0.9769 0.0086 0.2137
vn -0.9810 -0.0128 0.1934
vn -0.6169 -0.7284 0.2980
vn -0.7911 -0.4715 0.3897
vn -0.7918 -0.4054 0.4569
vn -0.9843 -0.0341 0.1730
vn -0.9458 -0.1047 0.3074
vn -0.8879 -0.0774 0.4535
vn -0.8808 -0.1758 0.4396
vn -0.8471 -0.0657 0.5273
vn -0.7935 0.0498 0.6065
vn -0.7935 0.0499 0.6065
vn -0.8021 -0.0092 0.5972
vn -0.7886 0.0140 0.6148
vn -0.8077 -0.0678 0.5857
vn -0.7955 -0.0460 0.6042
vn -0.8104 -0.0653 0.5822
vn -0.7820 -0.0318 0.6225
vn -0.8131 -0.0629 0.5787
vn -0.8131 -0.0628 0.5787
vn -0.8132 -0.0628 0.5786
vn -0.7532 0.0050 0.6578
vt 0.273603 0.106706
vt 0.273849 0.109743
vt 0.272705 0.108561
vt 0.272133 0.106198
vt 0.273603 0.112273
vt 0.272133 0.109743
vt 0.270909 0.106706
vt 0.275146 0.103516
vt 0.275146 0.107300
vt 0.273315 0.103516
vt 0.275146 0.111084
vt 0.271484 0.103516
vt 0.275146 0.118652
vt 0.273315 0.114868
vt 0.275146 0.114868
vt 0.271484 0.111084
vt 0.267822 0.103516
vt 0.269653 0.103516
vt 0.269653 0.107300
vt 0.269366 0.109895
vt 0.270836 0.112425
vt 0.270264 0.113607
vt 0.269120 0.112425
vt 0.272060 0.115462
vt 0.270836 0.115970
vt 0.269366 0.115462
vt 0.267822 0.107300
vt 0.267822 0.111084
vt 0.273315 0.118652
vt 0.271484 0.118652
vt 0.267822 0.118652
vt 0.267822 0.114868
vt 0.269653 0.118652
vt 0.935906 0.006473
vt 0.934975 0.005167
vt 0.935547 0.004557
vt 0.936348 0.005167
vt 0.934290 0.003600
vt 0.935318 0.003337
vt 0.936445 0.003600
vt 0.936523 0.009766
vt 0.935425 0.007812
vt 0.936890 0.007812
vt 0.934326 0.005859
vt 0.937256 0.005859
vt 0.932129 0.001953
vt 0.933594 0.001953
vt 0.933228 0.003906
vt 0.935059 0.001953
vt 0.937988 0.001953
vt 0.937622 0.003906
vt 0.936523 0.001953
vt 0.933055 0.005246
vt 0.933937 0.006551
vt 0.933594 0.007161
vt 0.932908 0.006551
vt 0.934671 0.008119
vt 0.933937 0.008381
vt 0.933055 0.008119
vt 0.932129 0.003906
vt 0.932129 0.005859
vt 0.935425 0.009766
vt 0.934326 0.009766
vt 0.932129 0.009766
vt 0.932129 0.007812
vt 0.933228 0.009766
vt 1.270459 0.106706
vt 1.271602 0.109743
vt 1.272135 0.108561
vt 1.271602 0.106198
vt 1.272974 0.112273
vt 1.273203 0.109743
vt 1.272974 0.106706
vt 1.267578 0.103516
vt 1.269287 0.107300
vt 1.269287 0.103516
vt 1.270996 0.111084
vt 1.270996 0.103516
vt 1.274414 0.118652
vt 1.274414 0.114868
vt 1.272705 0.114868
vt 1.274414 0.111084
vt 1.274414 0.103516
vt 1.272705 0.103516
vt 1.274414 0.107300
vt 1.271533 0.115462
vt 1.270391 0.112425
vt 1.269857 0.113607
vt 1.270391 0.115970
vt 1.269019 0.109895
vt 1.268789 0.112425
vt 1.269019 0.115462
vt 1.272705 0.118652
vt 1.270996 0.118652
vt 1.267578 0.107300
vt 1.267578 0.111084
vt 1.267578 0.118652
vt 1.269287 0.118652
vt 1.267578 0.114868
vt 1.935700 0.006473
vt 1.936060 0.005167
vt 1.935221 0.004557
vt 1.934688 0.005167
vt 1.936059 0.003600
vt 1.934916 0.003337
vt 1.933904 0.003600
vt 1.936523 0.009766
vt 1.936768 0.007812
vt 1.935303 0.007812
vt 1.937012 0.005859
vt 1.934082 0.005859
vt 1.937500 0.001953
vt 1.936035 0.001953
vt 1.937256 0.003906
vt 1.934570 0.001953
vt 1.931641 0.001953
vt 1.932861 0.003906
vt 1.933105 0.001953
vt 1.934465 0.008119
vt 1.933650 0.006551
vt 1.933268 0.007161
vt 1.933650 0.008381
vt 1.932670 0.005246
vt 1.932506 0.006551
vt 1.932670 0.008119
vt 1.935303 0.009766
vt 1.934082 0.009766
vt 1.931641 0.003906
vt 1.931641 0.005859
vt 1.931641 0.009766
vt 1.932861 0.009766
vt 1.931641 0.007812
vt 0.783923 0.507442
vt 0.784609 0.507703
vt 0.784343 0.508789
vt 0.783809 0.509018
vt 0.785180 0.508430
vt 0.784609 0.509647
vt 0.783923 0.510495
vt 0.783203 0.505127
vt 0.784058 0.505798
vt 0.783203 0.507202
vt 0.784912 0.506470
vt 0.783203 0.509277
vt 0.786621 0.507812
vt 0.785767 0.509216
vt 0.785767 0.507141
vt 0.784912 0.510620
vt 0.783203 0.513428
vt 0.783203 0.511353
vt 0.784058 0.512024
vt 0.785776 0.512296
vt 0.786167 0.511161
vt 0.787272 0.511637
vt 0.787425 0.512533
vt 0.787033 0.510231
vt 0.788225 0.511218
vt 0.789008 0.512386
vt 0.785400 0.513489
vt 0.787598 0.513550
vt 0.787964 0.509277
vt 0.789307 0.510742
vt 0.791992 0.513672
vt 0.789795 0.513611
vt 0.790649 0.512207
vt 0.788288 0.517736
vt 0.786819 0.521664
vt 0.786133 0.520101
vt 0.786819 0.517032
vt 0.785055 0.524920
vt 0.784760 0.521607
vt 0.785055 0.517647
vt 0.789795 0.518555
vt 0.787598 0.523438
vt 0.783203 0.533203
vt 0.783203 0.528259
vt 0.785400 0.528320
vt 0.783203 0.523315
vt 0.783203 0.518372
vt 0.786908 0.529087
vt 0.788376 0.525168
vt 0.789062 0.526693
vt 0.788376 0.529743
vt 0.790140 0.521904
vt 0.790435 0.525168
vt 0.790140 0.529087
vt 0.785400 0.533203
vt 0.787598 0.533203
vt 0.791992 0.518555
vt 0.791992 0.523438
vt 0.791992 0.533203
vt 0.789795 0.533203
vt 0.791992 0.528320
vt 0.787598 0.536028
vt 0.786568 0.535212
vt 0.787598 0.534831
vt 0.788627 0.535212
vt 0.785981 0.534232
vt 0.787598 0.534068
vt 0.789214 0.534232
vt 0.787598 0.538086
vt 0.786499 0.536865
vt 0.788696 0.536865
vt 0.785400 0.535645
vt 0.789795 0.535645
vt 0.784302 0.534424
vt 0.790894 0.534424
vt 0.791272 0.536084
vt 0.791615 0.537684
vt 0.790853 0.537760
vt 0.790357 0.536769
vt 0.791631 0.539317
vt 0.790586 0.538828
vt 0.789656 0.537880
vt 0.792236 0.535400
vt 0.792480 0.537598
vt 0.792969 0.541992
vt 0.791626 0.541016
vt 0.792725 0.539795
vt 0.790283 0.540039
vt 0.788940 0.539062
vt 0.789294 0.542864
vt 0.788951 0.541590
vt 0.789714 0.541667
vt 0.790209 0.542505
vt 0.788935 0.540350
vt 0.789980 0.540904
vt 0.790911 0.541786
vt 0.788574 0.544922
vt 0.788330 0.543213
vt 0.789673 0.544189
vt 0.788086 0.541504
vt 0.790771 0.543457
vt 0.787842 0.539795
vt 0.791870 0.542725
vt 0.792043 0.544873
vt 0.792190 0.546931
vt 0.791504 0.546549
vt 0.791161 0.545101
vt 0.792043 0.548824
vt 0.791161 0.547617
vt 0.790426 0.545951
vt 0.792969 0.544678
vt 0.792969 0.547363
vt 0.792969 0.552734
vt 0.791870 0.550781
vt 0.792969 0.550049
vt 0.790771 0.548828
vt 0.789673 0.546875
vt 0.789603 0.548472
vt 0.790469 0.549736
vt 0.790202 0.550537
vt 0.789554 0.550022
vt 0.791219 0.551345
vt 0.790583 0.551852
vt 0.789783 0.551794
vt 0.788696 0.547180
vt 0.788818 0.549438
vt 0.791992 0.553040
vt 0.791016 0.553345
vt 0.789062 0.553955
vt 0.788940 0.551697
vt 0.790039 0.553650
vt 0.791734 0.555307
vt 0.791473 0.557471
vt 0.791016 0.556803
vt 0.791016 0.555183
vt 0.791016 0.559347
vt 0.790558 0.557756
vt 0.790297 0.555756
vt 0.792480 0.555481
vt 0.791992 0.558228
vt 0.791016 0.563721
vt 0.790527 0.561279
vt 0.791504 0.560974
vt 0.790039 0.558838
vt 0.789551 0.556396
vt 0.789063 0.558020
vt 0.789520 0.559660
vt 0.789063 0.560384
vt 0.788605 0.559603
vt 0.789781 0.561611
vt 0.789062 0.561890
vt 0.788344 0.561522
vt 0.788574 0.556335
vt 0.788086 0.558716
vt 0.790039 0.563660
vt 0.789062 0.563599
vt 0.787109 0.563477
vt 0.787598 0.561096
vt 0.788086 0.563538
vt 0.790192 0.575966
vt 0.790323 0.587683
vt 0.789714 0.583089
vt 0.789409 0.573959
vt 0.790192 0.597426
vt 0.789409 0.587626
vt 0.788756 0.575876
vt 0.791016 0.578308
vt 0.791016 0.592896
vt 0.791016 0.622070
vt 0.790039 0.607422
vt 0.791016 0.607483
vt 0.789062 0.592773
vt 0.788086 0.578125
vt 0.787933 0.612830
vt 0.787802 0.600174
vt 0.788411 0.604329
vt 0.788716 0.613899
vt 0.787933 0.589304
vt 0.788716 0.598916
vt 0.789369 0.610854
vt 0.787109 0.627441
vt 0.787109 0.611450
vt 0.788086 0.626099
vt 0.787109 0.595459
vt 0.789062 0.624756
vt 0.787109 0.579468
vt 0.790039 0.623413
vt 0.003483 0.325887
vt 0.003320 0.324222
vt 0.004080 0.324870
vt 0.004461 0.326166
vt 0.003483 0.322835
vt 0.004461 0.324222
vt 0.005275 0.325887
vt 0.002457 0.327637
vt 0.002457 0.325562
vt 0.003675 0.327637
vt 0.002457 0.323486
vt 0.004892 0.327637
vt 0.002457 0.319336
vt 0.003675 0.321411
vt 0.002457 0.321411
vt 0.004892 0.323486
vt 0.007328 0.327637
vt 0.006110 0.327637
vt 0.006110 0.325562
vt 0.006301 0.321085
vt 0.006465 0.322751
vt 0.005704 0.322103
vt 0.005324 0.320807
vt 0.006301 0.324138
vt 0.005324 0.322751
vt 0.004510 0.321085
vt 0.007328 0.319336
vt 0.007328 0.321411
vt 0.006110 0.319336
vt 0.007328 0.323486
vt 0.004892 0.319336
vt 0.007328 0.325562
vt 0.003675 0.319336
vt 0.003483 0.312556
vt 0.004461 0.314515
vt 0.004080 0.315430
vt 0.003320 0.314515
vt 0.005275 0.316866
vt 0.004461 0.317260
vt 0.003483 0.316866
vt 0.002457 0.307617
vt 0.003675 0.310547
vt 0.002457 0.310547
vt 0.004892 0.313477
vt 0.002457 0.313477
vt 0.006110 0.316406
vt 0.002457 0.316406
vt 0.006301 0.314294
vt 0.005324 0.312352
vt 0.005704 0.311361
vt 0.006465 0.312238
vt 0.004510 0.309984
vt 0.005324 0.309493
vt 0.006301 0.309804
vt 0.007328 0.316284
vt 0.007328 0.313232
vt 0.003675 0.307495
vt 0.004892 0.307373
vt 0.007328 0.307129
vt 0.007328 0.310181
vt 0.006110 0.307251
vt 0.004510 0.299694
vt 0.005324 0.292263
vt 0.005704 0.295085
vt 0.005324 0.300841
vt 0.006301 0.286046
vt 0.006465 0.292149
vt 0.006301 0.299514
vt 0.003675 0.298340
vt 0.004892 0.289062
vt 0.007328 0.270508
vt 0.007328 0.279663
vt 0.006110 0.279785
vt 0.007328 0.288818
vt 0.007328 0.297974
vt 0.005275 0.278122
vt 0.004461 0.285602
vt 0.004080 0.282552
vt 0.004461 0.276681
vt 0.003483 0.291771
vt 0.003320 0.285373
vt 0.003483 0.277763
vt 0.006110 0.270264
vt 0.004892 0.270020
vt 0.002457 0.298096
vt 0.002457 0.288574
vt 0.002457 0.269531
vt 0.003675 0.269775
vt 0.002457 0.279053
vt 0.004384 0.259447
vt 0.005079 0.249616
vt 0.005506 0.253581
vt 0.005218 0.261282
vt 0.005957 0.241489
vt 0.006220 0.249845
vt 0.006176 0.259806
vt 0.003526 0.257324
vt 0.004595 0.245117
vt 0.006733 0.220703
vt 0.006882 0.233154
vt 0.005664 0.232910
vt 0.007030 0.245605
vt 0.007179 0.258057
vt 0.004931 0.230993
vt 0.004216 0.240792
vt 0.003882 0.236979
vt 0.004216 0.229354
vt 0.003358 0.248951
vt 0.003214 0.240792
vt 0.003358 0.230993
vt 0.005664 0.220703
vt 0.004595 0.220703
vt 0.002457 0.257324
vt 0.002457 0.245117
vt 0.002457 0.220703
vt 0.003526 0.220703
vt 0.002457 0.232910
vt 0.010101 0.014344
vt 0.015852 0.015829
vt 0.013343 0.016439
vt 0.008770 0.015714
vt 0.020524 0.017576
vt 0.015408 0.017773
vt 0.009405 0.017397
vt 0.004528 0.010742
vt 0.011613 0.012939
vt 0.004055 0.012817
vt 0.018698 0.015137
vt 0.003581 0.014893
vt 0.032867 0.019531
vt 0.025309 0.019409
vt 0.025783 0.017334
vt 0.017751 0.019287
vt 0.002634 0.019043
vt 0.003108 0.016968
vt 0.010192 0.019165
vt 0.029075 0.016136
vt 0.023041 0.014618
vt 0.026869 0.014160
vt 0.032103 0.014961
vt 0.018653 0.012903
vt 0.025465 0.012902
vt 0.032880 0.013442
vt 0.035454 0.017700
vt 0.038040 0.015869
vt 0.014199 0.011108
vt 0.023870 0.011475
vt 0.043213 0.012207
vt 0.040627 0.014038
vt 0.033542 0.011841
vt 0.014398 0.009302
vt 0.014736 0.007587
vt 0.020140 0.008464
vt 0.021888 0.009874
vt 0.017397 0.006249
vt 0.023797 0.007930
vt 0.028626 0.009840
vt 0.006566 0.008667
vt 0.008604 0.006592
vt 0.012680 0.002441
vt 0.020313 0.004883
vt 0.010642 0.004517
vt 0.027946 0.007324
vt 0.035580 0.009766
vt 0.026848 0.004602
vt 0.033187 0.004373
vt 0.035090 0.005859
vt 0.031744 0.006546
vt 0.040345 0.004782
vt 0.040339 0.006660
vt 0.038078 0.008194
vt 0.021854 0.002563
vt 0.031029 0.002686
vt 0.049377 0.002930
vt 0.047836 0.005249
vt 0.040203 0.002808
vt 0.046295 0.007568
vt 0.044754 0.009888
vt 0.050091 0.010252
vt 0.048273 0.010563
vt 0.048482 0.009115
vt 0.049717 0.008390
vt 0.046544 0.010252
vt 0.047458 0.008390
vt 0.048811 0.006840
vt 0.052856 0.012207
vt 0.050446 0.012207
vt 0.051987 0.009888
vt 0.048035 0.012207
vt 0.051117 0.007568
vt 0.045624 0.012207
vt 0.050247 0.005249
vt 0.061256 0.015397
vt 0.069268 0.016719
vt 0.066142 0.017253
vt 0.059904 0.016604
vt 0.075937 0.018270
vt 0.069254 0.018434
vt 0.061233 0.018091
vt 0.062836 0.014160
vt 0.052841 0.014038
vt 0.072815 0.016113
vt 0.052826 0.015869
vt 0.092773 0.020020
vt 0.082779 0.019897
vt 0.082794 0.018066
vt 0.072784 0.019775
vt 0.052795 0.019531
vt 0.052811 0.017700
vt 0.062790 0.019653
vt 0.084374 0.016830
vt 0.076362 0.015508
vt 0.079488 0.014974
vt 0.085726 0.015622
vt 0.069693 0.013956
vt 0.076376 0.013792
vt 0.084397 0.014136
vt 0.092789 0.018188
vt 0.092804 0.016357
vt 0.062851 0.012329
vt 0.072845 0.012451
vt 0.092834 0.012695
vt 0.092819 0.014526
vt 0.082840 0.012573
vt 0.075252 0.010534
vt 0.068687 0.010764
vt 0.065023 0.009277
vt 0.067873 0.008591
vt 0.060548 0.010355
vt 0.058508 0.008477
vt 0.059269 0.006943
vt 0.081970 0.010254
vt 0.071106 0.007812
vt 0.060242 0.005371
vt 0.069134 0.004885
vt 0.077768 0.004459
vt 0.080627 0.006022
vt 0.076167 0.006861
vt 0.087631 0.004705
vt 0.087947 0.006746
vt 0.085117 0.008476
vt 0.061951 0.002808
vt 0.074524 0.002686
vt 0.099670 0.002441
vt 0.097961 0.005005
vt 0.087097 0.002563
vt 0.096252 0.007568
vt 0.094543 0.010132
vt 0.100031 0.010252
vt 0.098139 0.010678
vt 0.098429 0.009115
vt 0.099740 0.008276
vt 0.096372 0.010432
vt 0.097410 0.008390
vt 0.098886 0.006660
vt 0.102783 0.012207
vt 0.100296 0.012329
vt 0.102005 0.009766
vt 0.097809 0.012451
vt 0.101227 0.007324
vt 0.095322 0.012573
vt 0.100449 0.004883
vt 0.015208 0.216359
vt 0.016859 0.215477
vt 0.017665 0.215820
vt 0.016906 0.216507
vt 0.018856 0.214743
vt 0.019229 0.215477
vt 0.018929 0.216359
vt 0.010986 0.217285
vt 0.013466 0.216187
vt 0.013515 0.217285
vt 0.015945 0.215088
vt 0.016045 0.217285
vt 0.020905 0.212891
vt 0.020954 0.213989
vt 0.018425 0.213989
vt 0.021004 0.215088
vt 0.021103 0.217285
vt 0.018574 0.217285
vt 0.021053 0.216187
vt 0.016705 0.213611
vt 0.015051 0.214526
vt 0.014262 0.214030
vt 0.015029 0.213267
vt 0.013057 0.215227
vt 0.012706 0.214297
vt 0.013024 0.213252
vt 0.018402 0.212646
vt 0.015900 0.212402
vt 0.010963 0.215942
vt 0.010941 0.214600
vt 0.010895 0.211914
vt 0.013397 0.212158
vt 0.010918 0.213257
vt 0.009137 0.214178
vt 0.009438 0.215075
vt 0.008114 0.215495
vt 0.007441 0.215075
vt 0.009170 0.216153
vt 0.007462 0.216334
vt 0.006035 0.216153
vt 0.008786 0.213257
vt 0.006678 0.214600
vt 0.008855 0.217285
vt 0.006723 0.217285
vt 0.002460 0.217285
vt 0.004569 0.215942
vt 0.004592 0.217285
vt 0.004238 0.209091
vt 0.005930 0.210053
vt 0.005272 0.211426
vt 0.003955 0.211311
vt 0.007340 0.211605
vt 0.005930 0.212913
vt 0.004238 0.213581
vt 0.002460 0.205078
vt 0.004569 0.206787
vt 0.002460 0.208130
vt 0.006678 0.208496
vt 0.002460 0.211182
vt 0.008786 0.210205
vt 0.002460 0.214233
vt 0.006015 0.205078
vt 0.007425 0.203477
vt 0.008083 0.205078
vt 0.007425 0.206679
vt 0.009117 0.202564
vt 0.009400 0.205078
vt 0.009117 0.207592
vt 0.004569 0.203369
vt 0.006678 0.201660
vt 0.010895 0.198242
vt 0.010895 0.201660
vt 0.008786 0.199951
vt 0.010895 0.205078
vt 0.010895 0.208496
vt 0.007340 0.199786
vt 0.005930 0.201141
vt 0.005272 0.200684
vt 0.005930 0.199654
vt 0.004238 0.202300
vt 0.003955 0.201255
vt 0.004238 0.199965
vt 0.008786 0.198364
vt 0.006678 0.198486
vt 0.002460 0.203491
vt 0.002460 0.201904
vt 0.002460 0.198730
vt 0.004569 0.198608
vt 0.002460 0.200317
vt 0.004238 0.194955
vt 0.005930 0.195918
vt 0.005272 0.196452
vt 0.003955 0.196032
vt 0.007340 0.197110
vt 0.005930 0.197405
vt 0.004238 0.197290
vt 0.002460 0.192383
vt 0.004569 0.193848
vt 0.002460 0.193970
vt 0.006678 0.195312
vt 0.002460 0.195557
vt 0.008786 0.196777
vt 0.002460 0.197144
vt 0.009117 0.195670
vt 0.007425 0.194707
vt 0.008083 0.194173
vt 0.009400 0.194593
vt 0.006015 0.193515
vt 0.007425 0.193220
vt 0.009117 0.193335
vt 0.010895 0.196655
vt 0.010895 0.195068
vt 0.004569 0.192261
vt 0.006678 0.192139
vt 0.010895 0.191895
vt 0.010895 0.193481
vt 0.008786 0.192017
vt 0.006015 0.190942
vt 0.007425 0.189685
vt 0.008083 0.190104
vt 0.007425 0.191057
vt 0.009117 0.188608
vt 0.009400 0.189570
vt 0.009117 0.190763
vt 0.004569 0.190796
vt 0.006678 0.189209
vt 0.010895 0.186035
vt 0.010895 0.187500
vt 0.008786 0.187622
vt 0.010895 0.188965
vt 0.010895 0.190430
vt 0.007340 0.187579
vt 0.005930 0.188820
vt 0.005272 0.188477
vt 0.005930 0.187562
vt 0.004238 0.189913
vt 0.003955 0.189048
vt 0.004238 0.187938
vt 0.008786 0.186279
vt 0.006678 0.186523
vt 0.002460 0.191040
vt 0.002460 0.189697
vt 0.002460 0.187012
vt 0.004569 0.186768
vt 0.002460 0.188354
vt 0.006015 0.185983
vt 0.007425 0.185232
vt 0.008083 0.185384
vt 0.007425 0.185918
vt 0.009117 0.184546
vt 0.009400 0.185003
vt 0.009117 0.185624
vt 0.004569 0.186035
vt 0.006678 0.185059
vt 0.010895 0.183105
vt 0.010895 0.183838
vt 0.008786 0.184082
vt 0.010895 0.184570
vt 0.010895 0.185303
vt 0.007340 0.183826
vt 0.005930 0.184626
vt 0.005272 0.184245
vt 0.005930 0.183597
vt 0.004238 0.185262
vt 0.003955 0.184512
vt 0.004238 0.183646
vt 0.008786 0.182983
vt 0.006678 0.182861
vt 0.002460 0.185913
vt 0.002460 0.184814
vt 0.002460 0.182617
vt 0.004569 0.182739
vt 0.002460 0.183716
vt 0.004238 0.180460
vt 0.005930 0.181211
vt 0.005272 0.181478
vt 0.003955 0.181097
vt 0.007340 0.182076
vt 0.005930 0.182126
vt 0.004238 0.181897
vt 0.002460 0.178711
vt 0.004569 0.179810
vt 0.002460 0.179688
vt 0.006678 0.180908
vt 0.002460 0.180664
vt 0.008786 0.182007
vt 0.002460 0.181641
vt 0.009117 0.180945
vt 0.007425 0.180259
vt 0.008083 0.179688
vt 0.009400 0.179916
vt 0.006015 0.179328
vt 0.007425 0.178887
vt 0.009117 0.178790
vt 0.010895 0.181641
vt 0.010895 0.180176
vt 0.004569 0.178345
vt 0.006678 0.177979
vt 0.010895 0.177246
vt 0.010895 0.178711
vt 0.008786 0.177612
vt 0.006015 0.169450
vt 0.007425 0.160974
vt 0.008083 0.164062
vt 0.007425 0.170582
vt 0.009117 0.153826
vt 0.009400 0.160631
vt 0.009117 0.168911
vt 0.004569 0.168091
vt 0.006678 0.157471
vt 0.010895 0.136230
vt 0.010895 0.146484
vt 0.008786 0.146851
vt 0.010895 0.156738
vt 0.010895 0.166992
vt 0.004238 0.158851
vt 0.003955 0.149891
vt 0.005272 0.147298
vt 0.005930 0.152064
vt 0.004238 0.139816
vt 0.005930 0.139940
vt 0.007340 0.143228
vt 0.002460 0.165771
vt 0.002460 0.152832
vt 0.002460 0.126953
vt 0.004569 0.129272
vt 0.002460 0.139893
vt 0.006678 0.131592
vt 0.008786 0.133911
vt 0.008495 0.060611
vt 0.008739 0.065670
vt 0.007596 0.068034
vt 0.007026 0.065670
vt 0.008492 0.071745
vt 0.007024 0.072761
vt 0.005801 0.071745
vt 0.010040 0.047852
vt 0.010038 0.055420
vt 0.008209 0.055420
vt 0.010036 0.062988
vt 0.006378 0.062988
vt 0.010033 0.078125
vt 0.008204 0.078125
vt 0.010035 0.070557
vt 0.006374 0.078125
vt 0.002716 0.078125
vt 0.004547 0.070557
vt 0.004545 0.078125
vt 0.004261 0.065365
vt 0.004017 0.060306
vt 0.005160 0.057943
vt 0.005731 0.060306
vt 0.004264 0.054231
vt 0.005732 0.053215
vt 0.006955 0.054231
vt 0.002718 0.070557
vt 0.002720 0.062988
vt 0.002724 0.047852
vt 0.004553 0.047852
vt 0.002722 0.055420
vt 0.006382 0.047852
vt 0.008211 0.047852
vt 0.008498 0.046823
vt 0.007030 0.046986
vt 0.007601 0.046224
vt 0.008744 0.045843
vt 0.005807 0.046823
vt 0.007030 0.045843
vt 0.008498 0.045027
vt 0.010040 0.046631
vt 0.010040 0.045410
vt 0.004553 0.046631
vt 0.006382 0.045410
vt 0.010040 0.042969
vt 0.010040 0.044189
vt 0.008211 0.044189
vt 0.004267 0.043715
vt 0.005735 0.043633
vt 0.005163 0.044434
vt 0.004021 0.044777
vt 0.006957 0.043895
vt 0.005734 0.044891
vt 0.004266 0.045691
vt 0.002726 0.042480
vt 0.004554 0.042603
vt 0.002725 0.043823
vt 0.006383 0.042725
vt 0.002725 0.045166
vt 0.008212 0.042847
vt 0.002724 0.046509
vt 0.005809 0.041657
vt 0.007031 0.040759
vt 0.007602 0.041178
vt 0.007031 0.041903
vt 0.008499 0.040041
vt 0.008744 0.040873
vt 0.008499 0.041837
vt 0.004554 0.041382
vt 0.006383 0.040283
vt 0.010040 0.038086
vt 0.010040 0.039307
vt 0.008212 0.039185
vt 0.010040 0.040527
vt 0.010040 0.041748
vt 0.006957 0.039012
vt 0.005735 0.039894
vt 0.005163 0.039551
vt 0.005734 0.038865
vt 0.004267 0.040628
vt 0.004021 0.039894
vt 0.004266 0.039012
vt 0.008211 0.038086
vt 0.006382 0.038086
vt 0.002725 0.041382
vt 0.002725 0.040283
vt 0.002724 0.038086
vt 0.004553 0.038086
vt 0.002724 0.039185
vt 0.005806 0.037160
vt 0.007027 0.036278
vt 0.007599 0.036621
vt 0.007029 0.037307
vt 0.008494 0.035544
vt 0.008741 0.036278
vt 0.008497 0.037160
vt 0.004551 0.036987
vt 0.006378 0.035889
vt 0.010033 0.033691
vt 0.010035 0.034790
vt 0.008205 0.034790
vt 0.010036 0.035889
vt 0.010038 0.036987
vt 0.006951 0.034618
vt 0.005730 0.035499
vt 0.005159 0.035156
vt 0.005729 0.034470
vt 0.004263 0.036234
vt 0.004017 0.035499
vt 0.004262 0.034617
vt 0.008204 0.033691
vt 0.006376 0.033691
vt 0.002723 0.036987
vt 0.002722 0.035889
vt 0.002720 0.033691
vt 0.004548 0.033691
vt 0.002721 0.034790
vt 0.005802 0.031736
vt 0.007024 0.029875
vt 0.007595 0.030599
vt 0.007024 0.032048
vt 0.008492 0.028324
vt 0.008737 0.029875
vt 0.008492 0.031736
vt 0.004548 0.031372
vt 0.006376 0.029053
vt 0.010033 0.024414
vt 0.010033 0.026733
vt 0.008204 0.026733
vt 0.010033 0.029053
vt 0.010033 0.031372
vt 0.006950 0.026369
vt 0.005728 0.028231
vt 0.005156 0.027507
vt 0.005727 0.026058
vt 0.004260 0.029781
vt 0.004014 0.028231
vt 0.004259 0.026369
vt 0.008204 0.024414
vt 0.006374 0.024414
vt 0.002719 0.031372
vt 0.002718 0.029053
vt 0.002716 0.024414
vt 0.004545 0.024414
vt 0.002717 0.026733
vt 0.776450 0.045745
vt 0.781643 0.046071
vt 0.779622 0.046224
vt 0.775581 0.046071
vt 0.785968 0.046463
vt 0.781643 0.046529
vt 0.776450 0.046463
vt 0.770996 0.044922
vt 0.777466 0.045410
vt 0.770996 0.045410
vt 0.783936 0.045898
vt 0.770996 0.045898
vt 0.796875 0.046875
vt 0.790405 0.046875
vt 0.790405 0.046387
vt 0.783936 0.046875
vt 0.770996 0.046875
vt 0.770996 0.046387
vt 0.777466 0.046875
vt 0.782521 0.045333
vt 0.787433 0.045268
vt 0.789225 0.045573
vt 0.786747 0.045725
vt 0.793116 0.045333
vt 0.793495 0.045725
vt 0.792039 0.046052
vt 0.778198 0.044922
vt 0.785400 0.044922
vt 0.799805 0.044922
vt 0.799072 0.045410
vt 0.792603 0.044922
vt 0.798340 0.045898
vt 0.797607 0.046387
vt 0.777067 0.043792
vt 0.782848 0.044118
vt 0.780599 0.044271
vt 0.776100 0.044118
vt 0.787663 0.044510
vt 0.782848 0.044576
vt 0.777067 0.044510
vt 0.770996 0.042969
vt 0.778198 0.043457
vt 0.770996 0.043457
vt 0.785400 0.043945
vt 0.770996 0.043945
vt 0.792603 0.044434
vt 0.770996 0.044434
vt 0.783756 0.043380
vt 0.789158 0.043315
vt 0.791178 0.043620
vt 0.788472 0.043772
vt 0.795428 0.043380
vt 0.795906 0.043772
vt 0.794351 0.044099
vt 0.778931 0.042969
vt 0.786865 0.042969
vt 0.802734 0.042969
vt 0.802002 0.043457
vt 0.794800 0.042969
vt 0.801270 0.043945
vt 0.800537 0.044434
vt 0.789666 0.042660
vt 0.784313 0.042709
vt 0.782064 0.042480
vt 0.784656 0.042366
vt 0.777993 0.042660
vt 0.777222 0.042366
vt 0.778532 0.042121
vt 0.795166 0.042603
vt 0.787598 0.042236
vt 0.771362 0.042603
vt 0.771729 0.042236
vt 0.772461 0.041504
vt 0.780029 0.041870
vt 0.772095 0.041870
vt 0.771305 0.041813
vt 0.771599 0.041763
vt 0.771484 0.041992
vt 0.771256 0.042107
vt 0.771843 0.041813
vt 0.771599 0.042107
vt 0.771305 0.042351
vt 0.770996 0.041504
vt 0.771362 0.041504
vt 0.770996 0.041870
vt 0.771729 0.041504
vt 0.770996 0.042236
vt 0.772095 0.041504
vt 0.770996 0.042603
vt 0.785735 0.041813
vt 0.791284 0.041763
vt 0.793457 0.041992
vt 0.790712 0.042107
vt 0.797767 0.041813
vt 0.798375 0.042107
vt 0.796869 0.042351
vt 0.780640 0.041504
vt 0.788818 0.041504
vt 0.805176 0.041504
vt 0.804565 0.041870
vt 0.796997 0.041504
vt 0.803955 0.042236
vt 0.803345 0.042603
vt 0.791799 0.038829
vt 0.786266 0.039255
vt 0.784017 0.037272
vt 0.786724 0.036281
vt 0.779767 0.038829
vt 0.779061 0.036281
vt 0.780485 0.034159
vt 0.797485 0.038330
vt 0.789795 0.035156
vt 0.772949 0.038330
vt 0.773438 0.035156
vt 0.774414 0.028809
vt 0.782104 0.031982
vt 0.773926 0.031982
vt 0.787379 0.031484
vt 0.792520 0.031058
vt 0.794922 0.033040
vt 0.792520 0.034032
vt 0.798693 0.031484
vt 0.799726 0.034032
vt 0.798693 0.036153
vt 0.782104 0.028809
vt 0.789795 0.028809
vt 0.805176 0.028809
vt 0.805176 0.031982
vt 0.797485 0.028809
vt 0.805176 0.035156
vt 0.805176 0.038330
vt 0.805690 0.038829
vt 0.805608 0.036281
vt 0.805990 0.037272
vt 0.806180 0.039255
vt 0.805690 0.034159
vt 0.806180 0.036281
vt 0.806588 0.038829
vt 0.805786 0.041504
vt 0.806396 0.041504
vt 0.805786 0.031982
vt 0.806396 0.035156
vt 0.807617 0.041504
vt 0.807007 0.041504
vt 0.807007 0.038330
vt 0.807103 0.031484
vt 0.807185 0.034032
vt 0.806803 0.033040
vt 0.806613 0.031058
vt 0.807103 0.036153
vt 0.806613 0.034032
vt 0.806205 0.031484
vt 0.807617 0.028809
vt 0.807617 0.031982
vt 0.807007 0.028809
vt 0.807617 0.035156
vt 0.806396 0.028809
vt 0.807617 0.038330
vt 0.805786 0.028809
vt 0.809264 0.033542
vt 0.810831 0.035076
vt 0.810221 0.036296
vt 0.809001 0.035762
vt 0.812137 0.037134
vt 0.810831 0.038049
vt 0.809264 0.038211
vt 0.809570 0.031250
vt 0.811523 0.033691
vt 0.815430 0.038574
vt 0.813477 0.039307
vt 0.813477 0.036133
vt 0.811523 0.040039
vt 0.809570 0.040771
vt 0.813783 0.034458
vt 0.812216 0.032826
vt 0.812826 0.032064
vt 0.814046 0.032826
vt 0.810910 0.030867
vt 0.812216 0.030539
vt 0.813783 0.030867
vt 0.815430 0.036133
vt 0.815430 0.033691
vt 0.809570 0.028809
vt 0.811523 0.028809
vt 0.815430 0.028809
vt 0.815430 0.031250
vt 0.813477 0.028809
vt 0.813783 0.040887
vt 0.812216 0.040985
vt 0.812826 0.040527
vt 0.814046 0.040299
vt 0.810910 0.040887
vt 0.812216 0.040299
vt 0.813783 0.039809
vt 0.815430 0.041504
vt 0.813477 0.041504
vt 0.815430 0.040771
vt 0.811523 0.041504
vt 0.815430 0.040039
vt 0.809570 0.041504
vt 0.815430 0.039307
vt 0.817407 0.039192
vt 0.816836 0.039780
vt 0.816569 0.039551
vt 0.816836 0.039093
vt 0.816150 0.040269
vt 0.816035 0.039780
vt 0.816150 0.039192
vt 0.818848 0.038574
vt 0.817993 0.039307
vt 0.817993 0.038574
vt 0.817139 0.040039
vt 0.817139 0.038574
vt 0.816284 0.040771
vt 0.816284 0.038574
vt 0.816870 0.040887
vt 0.817442 0.040299
vt 0.817708 0.040527
vt 0.817442 0.040985
vt 0.818127 0.039809
vt 0.818242 0.040299
vt 0.818127 0.040887
vt 0.816284 0.041504
vt 0.817139 0.041504
vt 0.818848 0.039307
vt 0.818848 0.040039
vt 0.818848 0.041504
vt 0.817993 0.041504
vt 0.818848 0.040771
vt 0.181860 0.341256
vt 0.189628 0.340276
vt 0.193278 0.340658
vt 0.189656 0.341420
vt 0.198965 0.339460
vt 0.200550 0.340276
vt 0.199010 0.341256
vt 0.162231 0.342285
vt 0.173859 0.341064
vt 0.173889 0.342285
vt 0.185486 0.339844
vt 0.185547 0.342285
vt 0.208740 0.337402
vt 0.208771 0.338623
vt 0.197113 0.338623
vt 0.208801 0.339844
vt 0.208862 0.342285
vt 0.197205 0.342285
vt 0.208832 0.341064
vt 0.187543 0.338225
vt 0.180025 0.339238
vt 0.175212 0.338704
vt 0.178252 0.337866
vt 0.170438 0.340021
vt 0.167358 0.339009
vt 0.167654 0.337866
vt 0.195221 0.337158
vt 0.181702 0.336914
vt 0.160339 0.340820
vt 0.158447 0.339355
vt 0.154663 0.336426
vt 0.168182 0.336670
vt 0.156555 0.337891
vt 0.177455 0.335705
vt 0.186492 0.334791
vt 0.190715 0.335286
vt 0.186492 0.336049
vt 0.197344 0.334089
vt 0.199159 0.335020
vt 0.197344 0.336065
vt 0.168182 0.335327
vt 0.181702 0.334229
vt 0.208740 0.332031
vt 0.208740 0.333374
vt 0.195221 0.333130
vt 0.208740 0.334717
vt 0.208740 0.336060
vt 0.184610 0.332649
vt 0.175786 0.333580
vt 0.170573 0.333008
vt 0.174300 0.332207
vt 0.164722 0.334265
vt 0.161633 0.333237
vt 0.162387 0.332110
vt 0.193634 0.331665
vt 0.178528 0.331299
vt 0.153076 0.334961
vt 0.151489 0.333496
vt 0.148315 0.330566
vt 0.163422 0.330933
vt 0.149902 0.332031
vt 0.173783 0.330566
vt 0.183881 0.330223
vt 0.188599 0.330566
vt 0.183881 0.330910
vt 0.196006 0.330028
vt 0.198034 0.330566
vt 0.196006 0.331105
vt 0.163422 0.330200
vt 0.178528 0.329834
vt 0.208740 0.329102
vt 0.208740 0.329834
vt 0.193634 0.329468
vt 0.208740 0.330566
vt 0.208740 0.331299
vt 0.181935 0.328999
vt 0.172050 0.329358
vt 0.166341 0.328939
vt 0.170563 0.328558
vt 0.159712 0.329537
vt 0.156410 0.328901
vt 0.157377 0.328280
vt 0.192047 0.328613
vt 0.175354 0.328125
vt 0.146729 0.329712
vt 0.145142 0.328857
vt 0.141968 0.327148
vt 0.158661 0.327637
vt 0.143555 0.328003
vt 0.170136 0.326428
vt 0.181320 0.325285
vt 0.186523 0.326009
vt 0.181291 0.327000
vt 0.194739 0.324453
vt 0.196960 0.325742
vt 0.194694 0.327146
vt 0.158691 0.325806
vt 0.175415 0.324463
vt 0.208862 0.321777
vt 0.208832 0.323608
vt 0.192139 0.323120
vt 0.208801 0.325439
vt 0.208771 0.327271
vt 0.180694 0.322498
vt 0.169511 0.323641
vt 0.164307 0.322917
vt 0.169539 0.321925
vt 0.156091 0.324473
vt 0.153870 0.323184
vt 0.156136 0.321779
vt 0.192169 0.321289
vt 0.175476 0.320801
vt 0.141998 0.325317
vt 0.142029 0.323486
vt 0.142090 0.319824
vt 0.158783 0.320312
vt 0.142059 0.321655
vt 0.133448 0.325605
vt 0.135941 0.324135
vt 0.137085 0.324707
vt 0.135913 0.325851
vt 0.138926 0.322911
vt 0.139401 0.324135
vt 0.138881 0.325605
vt 0.127197 0.327148
vt 0.130920 0.325317
vt 0.130890 0.327148
vt 0.134644 0.323486
vt 0.134583 0.327148
vt 0.138367 0.321655
vt 0.138275 0.327148
vt 0.170027 0.315914
vt 0.180990 0.311733
vt 0.186279 0.313639
vt 0.181218 0.316994
vt 0.194226 0.308372
vt 0.196630 0.312191
vt 0.194585 0.316632
vt 0.158539 0.314697
vt 0.174988 0.309570
vt 0.207886 0.299316
vt 0.208130 0.304932
vt 0.191437 0.304443
vt 0.208374 0.310547
vt 0.208618 0.316162
vt 0.130124 0.321368
vt 0.133174 0.321122
vt 0.132039 0.322266
vt 0.129685 0.322837
vt 0.135736 0.321368
vt 0.133259 0.322838
vt 0.130259 0.324061
vt 0.126831 0.319824
vt 0.130646 0.319824
vt 0.126923 0.321655
vt 0.134460 0.319824
vt 0.127014 0.323486
vt 0.138275 0.319824
vt 0.127106 0.325317
vt 0.154896 0.299966
vt 0.168406 0.300338
vt 0.163411 0.304036
vt 0.152994 0.305142
vt 0.179768 0.302301
vt 0.168835 0.306629
vt 0.155570 0.309843
vt 0.140259 0.292969
vt 0.157166 0.294556
vt 0.140717 0.299683
vt 0.174072 0.296143
vt 0.141174 0.306396
vt 0.190979 0.297729
vt 0.141632 0.313110
vt 0.168633 0.289882
vt 0.179812 0.285455
vt 0.185140 0.288086
vt 0.179955 0.291860
vt 0.193281 0.282160
vt 0.195653 0.286942
vt 0.193506 0.292216
vt 0.157013 0.287720
vt 0.173767 0.282471
vt 0.207275 0.271973
vt 0.207428 0.278809
vt 0.190521 0.277222
vt 0.207581 0.285645
vt 0.207733 0.292480
vt 0.131950 0.318589
vt 0.133251 0.317414
vt 0.134928 0.317871
vt 0.134709 0.318786
vt 0.135273 0.316434
vt 0.136825 0.317414
vt 0.137562 0.318589
vt 0.129089 0.318359
vt 0.131348 0.316895
vt 0.135864 0.313965
vt 0.137421 0.315430
vt 0.133606 0.315430
vt 0.138977 0.316895
vt 0.140533 0.318359
vt 0.138102 0.310775
vt 0.138775 0.306365
vt 0.139404 0.308919
vt 0.139204 0.312655
vt 0.139719 0.303053
vt 0.140233 0.307737
vt 0.140392 0.312930
vt 0.136963 0.308716
vt 0.138062 0.303467
vt 0.139160 0.298218
vt 0.128658 0.317458
vt 0.128281 0.316576
vt 0.129720 0.316081
vt 0.130483 0.316462
vt 0.128523 0.315482
vt 0.130397 0.315204
vt 0.131980 0.315303
vt 0.126740 0.318481
vt 0.126648 0.317139
vt 0.126465 0.314453
vt 0.128815 0.314331
vt 0.126556 0.315796
vt 0.131165 0.314209
vt 0.133514 0.314087
vt 0.128728 0.313220
vt 0.130533 0.313449
vt 0.129761 0.313639
vt 0.128331 0.313563
vt 0.132006 0.313759
vt 0.130418 0.313906
vt 0.128549 0.313939
vt 0.126953 0.312500
vt 0.129181 0.312866
vt 0.126831 0.312988
vt 0.131409 0.313232
vt 0.126709 0.313477
vt 0.133636 0.313599
vt 0.126587 0.313965
vt 0.128651 0.310339
vt 0.128180 0.307938
vt 0.129639 0.309082
vt 0.130468 0.311026
vt 0.128337 0.306029
vt 0.130268 0.308281
vt 0.131928 0.310878
vt 0.126740 0.309570
vt 0.126526 0.306641
vt 0.126099 0.300781
vt 0.128540 0.304077
vt 0.126312 0.303711
vt 0.130981 0.307373
vt 0.133423 0.310669
vt 0.129880 0.302736
vt 0.131194 0.301510
vt 0.132080 0.303874
vt 0.131565 0.305513
vt 0.132888 0.301300
vt 0.133481 0.304598
vt 0.133472 0.307585
vt 0.128143 0.299805
vt 0.130188 0.298828
vt 0.134277 0.296875
vt 0.134674 0.301147
vt 0.132233 0.297852
vt 0.135071 0.305420
vt 0.135468 0.309692
vt 0.138072 0.298217
vt 0.137391 0.302299
vt 0.136800 0.301270
vt 0.137019 0.298296
vt 0.136456 0.305939
vt 0.135990 0.303214
vt 0.135872 0.299653
vt 0.138763 0.293945
vt 0.137268 0.294922
vt 0.135773 0.295898
vt 0.127179 0.294607
vt 0.126292 0.289643
vt 0.127808 0.291016
vt 0.128923 0.294676
vt 0.126057 0.285269
vt 0.128208 0.288728
vt 0.130187 0.293171
vt 0.125336 0.294434
vt 0.124573 0.288086
vt 0.123047 0.275391
vt 0.125854 0.280762
vt 0.123810 0.281738
vt 0.128662 0.286133
vt 0.131470 0.291504
vt 0.128733 0.272856
vt 0.130028 0.279207
vt 0.128703 0.278483
vt 0.127397 0.274175
vt 0.130753 0.285247
vt 0.128684 0.282067
vt 0.126623 0.277346
vt 0.128784 0.263184
vt 0.130157 0.271606
vt 0.127350 0.266235
vt 0.131531 0.280029
vt 0.125916 0.269287
vt 0.132904 0.288452
vt 0.124481 0.272339
vt 0.134380 0.288952
vt 0.133077 0.282322
vt 0.134440 0.284342
vt 0.135765 0.289299
vt 0.132360 0.276561
vt 0.134478 0.281407
vt 0.136580 0.287515
vt 0.131653 0.270630
vt 0.134521 0.278076
vt 0.137390 0.285522
vt 0.121255 0.257282
vt 0.123273 0.259320
vt 0.123230 0.262370
vt 0.121929 0.262179
vt 0.125273 0.262669
vt 0.124488 0.265610
vt 0.123163 0.267159
vt 0.117859 0.248535
vt 0.120590 0.252197
vt 0.119156 0.255249
vt 0.123322 0.255859
vt 0.120453 0.261963
vt 0.126053 0.259521
vt 0.121750 0.268677
vt 0.125890 0.257627
vt 0.123792 0.255081
vt 0.124207 0.254395
vt 0.125693 0.255767
vt 0.121872 0.252240
vt 0.123134 0.252336
vt 0.124858 0.253317
vt 0.128082 0.260254
vt 0.127380 0.257324
vt 0.119888 0.249268
vt 0.121918 0.250000
vt 0.125977 0.251465
vt 0.126678 0.254395
vt 0.123947 0.250732
vt 0.119672 0.248535
vt 0.119498 0.247849
vt 0.120728 0.248535
vt 0.121285 0.249221
vt 0.119852 0.247458
vt 0.121399 0.248535
vt 0.122658 0.249613
vt 0.117981 0.247803
vt 0.118103 0.247070
vt 0.118347 0.245605
vt 0.120255 0.247070
vt 0.118225 0.246338
vt 0.122162 0.248535
vt 0.124069 0.250000
vt 0.136349 0.279798
vt 0.134284 0.274918
vt 0.134074 0.272135
vt 0.135313 0.274232
vt 0.132128 0.268843
vt 0.132625 0.267256
vt 0.133745 0.267766
vt 0.138489 0.284790
vt 0.136719 0.276611
vt 0.129883 0.262451
vt 0.130981 0.261719
vt 0.133179 0.260254
vt 0.134949 0.268433
vt 0.132080 0.260986
vt 0.128086 0.255787
vt 0.129437 0.257157
vt 0.129313 0.258301
vt 0.128408 0.257843
vt 0.130735 0.259019
vt 0.130095 0.259902
vt 0.129119 0.260097
vt 0.127777 0.253662
vt 0.129578 0.255859
vt 0.131378 0.258057
vt 0.127052 0.244298
vt 0.126533 0.246208
vt 0.124980 0.246094
vt 0.124746 0.244836
vt 0.125346 0.248069
vt 0.123660 0.247237
vt 0.122540 0.245914
vt 0.130615 0.241211
vt 0.129456 0.243774
vt 0.127548 0.242310
vt 0.128296 0.246338
vt 0.124481 0.243408
vt 0.127136 0.248901
vt 0.121414 0.244507
vt 0.131121 0.254389
vt 0.129761 0.253264
vt 0.129924 0.250977
vt 0.130848 0.250862
vt 0.128472 0.251156
vt 0.129161 0.248803
vt 0.130178 0.247385
vt 0.132538 0.255493
vt 0.131897 0.250732
vt 0.131256 0.245972
vt 0.119803 0.239595
vt 0.122591 0.240182
vt 0.121785 0.241211
vt 0.119717 0.241211
vt 0.125033 0.241211
vt 0.123048 0.242240
vt 0.120521 0.242827
vt 0.116394 0.236816
vt 0.119949 0.237915
vt 0.116882 0.239014
vt 0.123505 0.239014
vt 0.117371 0.241211
vt 0.127060 0.240112
vt 0.117859 0.243408
vt 0.136154 0.267148
vt 0.137146 0.273713
vt 0.136393 0.271159
vt 0.135488 0.266050
vt 0.137815 0.279180
vt 0.136546 0.273713
vt 0.135211 0.267148
vt 0.135742 0.260254
vt 0.136871 0.268433
vt 0.135101 0.260254
vt 0.138000 0.276611
vt 0.134460 0.260254
vt 0.139130 0.284790
vt 0.133820 0.260254
vt 0.132236 0.249237
vt 0.133179 0.252419
vt 0.133179 0.253906
vt 0.132578 0.252419
vt 0.134122 0.256241
vt 0.133779 0.256880
vt 0.133179 0.256241
vt 0.131897 0.245972
vt 0.133179 0.250732
vt 0.134460 0.255493
vt 0.178078 0.273928
vt 0.167030 0.278534
vt 0.161092 0.275065
vt 0.165972 0.270871
vt 0.153430 0.281650
vt 0.150274 0.275789
vt 0.151769 0.269618
vt 0.189392 0.269043
vt 0.171509 0.266113
vt 0.153625 0.263184
vt 0.191583 0.265593
vt 0.177327 0.263864
vt 0.182454 0.261882
vt 0.193396 0.262263
vt 0.165274 0.261283
vt 0.176641 0.259518
vt 0.190506 0.258769
vt 0.206543 0.267334
vt 0.205811 0.262695
vt 0.152893 0.258545
vt 0.170044 0.256836
vt 0.204346 0.253418
vt 0.205078 0.258057
vt 0.187195 0.255127
vt 0.163525 0.252022
vt 0.173912 0.245784
vt 0.179688 0.247233
vt 0.175170 0.251732
vt 0.186781 0.240169
vt 0.189981 0.244183
vt 0.188756 0.249508
vt 0.151550 0.252197
vt 0.167358 0.244141
vt 0.198975 0.228027
vt 0.200317 0.234375
vt 0.183167 0.236084
vt 0.201660 0.240723
vt 0.203003 0.247070
vt 0.171243 0.237597
vt 0.160848 0.243622
vt 0.155111 0.243164
vt 0.159647 0.239161
vt 0.147987 0.249449
vt 0.144836 0.246710
vt 0.146102 0.242446
vt 0.181885 0.231323
vt 0.164795 0.234619
vt 0.147705 0.237915
vt 0.158681 0.232259
vt 0.169394 0.226822
vt 0.175008 0.227051
vt 0.170224 0.230596
vt 0.182521 0.221484
vt 0.185406 0.223734
vt 0.183823 0.227410
vt 0.146820 0.233887
vt 0.163025 0.226562
vt 0.195435 0.211914
vt 0.196320 0.215942
vt 0.179230 0.219238
vt 0.197205 0.219971
vt 0.198090 0.223999
vt 0.165118 0.223336
vt 0.154763 0.228379
vt 0.147481 0.229980
vt 0.151432 0.227350
vt 0.141278 0.234111
vt 0.136249 0.234212
vt 0.136048 0.232495
vt 0.175674 0.218140
vt 0.155914 0.224365
vt 0.136154 0.230591
vt 0.148396 0.221690
vt 0.160355 0.213119
vt 0.167013 0.212891
vt 0.161813 0.218266
vt 0.175176 0.204450
vt 0.178869 0.207286
vt 0.177466 0.212531
vt 0.134598 0.225098
vt 0.152802 0.213379
vt 0.189209 0.189941
vt 0.190765 0.195435
vt 0.171005 0.201660
vt 0.192322 0.200928
vt 0.193878 0.206421
vt 0.156770 0.204142
vt 0.144880 0.212860
vt 0.137899 0.212402
vt 0.142936 0.206684
vt 0.129990 0.221381
vt 0.125880 0.217663
vt 0.126937 0.211684
vt 0.168930 0.195068
vt 0.148651 0.200195
vt 0.114319 0.230225
vt 0.112244 0.223633
vt 0.108093 0.210449
vt 0.128372 0.205322
vt 0.110168 0.217041
vt 0.140712 0.197072
vt 0.152774 0.189138
vt 0.159688 0.189290
vt 0.154518 0.194399
vt 0.167807 0.181269
vt 0.171774 0.184334
vt 0.170546 0.189530
vt 0.126511 0.199707
vt 0.144928 0.188965
vt 0.181763 0.167480
vt 0.183624 0.173096
vt 0.163345 0.178223
vt 0.185486 0.178711
vt 0.187347 0.184326
vt 0.149607 0.182401
vt 0.137472 0.190090
vt 0.130900 0.191081
vt 0.136242 0.186544
vt 0.122512 0.198204
vt 0.118986 0.196609
vt 0.120582 0.192637
vt 0.162033 0.174438
vt 0.142303 0.181396
vt 0.106781 0.206665
vt 0.105469 0.202881
vt 0.102844 0.195312
vt 0.122574 0.188354
vt 0.104156 0.199097
vt 0.134048 0.178643
vt 0.145277 0.169288
vt 0.152201 0.168945
vt 0.147565 0.174778
vt 0.159482 0.159787
vt 0.163762 0.162769
vt 0.163074 0.168407
vt 0.120132 0.182495
vt 0.137421 0.169678
vt 0.171997 0.144043
vt 0.174438 0.149902
vt 0.154709 0.156860
vt 0.176880 0.155762
vt 0.179321 0.161621
vt 0.141487 0.162256
vt 0.130148 0.171365
vt 0.123739 0.172852
vt 0.128633 0.167590
vt 0.116054 0.181112
vt 0.112435 0.179600
vt 0.113674 0.175186
vt 0.153091 0.152832
vt 0.134186 0.161621
vt 0.101227 0.191284
vt 0.099609 0.187256
vt 0.096375 0.179199
vt 0.115280 0.170410
vt 0.097992 0.183228
vt 0.138478 0.155465
vt 0.126102 0.161881
vt 0.118978 0.162109
vt 0.124272 0.158106
vt 0.110665 0.168395
vt 0.106559 0.166341
vt 0.107791 0.162469
vt 0.151138 0.148804
vt 0.130280 0.153564
vt 0.094421 0.175171
vt 0.092468 0.171143
vt 0.088562 0.163086
vt 0.109421 0.158325
vt 0.090515 0.167114
vt 0.152125 0.143220
vt 0.135746 0.147811
vt 0.140564 0.142741
vt 0.152745 0.137975
vt 0.121438 0.150224
vt 0.133201 0.142436
vt 0.148129 0.134779
vt 0.169281 0.138306
vt 0.166565 0.132568
vt 0.106705 0.152588
vt 0.124847 0.142090
vt 0.161133 0.121094
vt 0.163849 0.126831
vt 0.142990 0.131592
vt 0.128449 0.134882
vt 0.116656 0.142522
vt 0.109436 0.142904
vt 0.114325 0.138176
vt 0.101759 0.150326
vt 0.097327 0.148012
vt 0.098100 0.143502
vt 0.140503 0.126953
vt 0.119873 0.132812
vt 0.086075 0.158447
vt 0.083588 0.153809
vt 0.078613 0.144531
vt 0.099243 0.138672
vt 0.081100 0.149170
vt 0.141093 0.121608
vt 0.124956 0.127016
vt 0.129435 0.121908
vt 0.141339 0.116608
vt 0.110744 0.130228
vt 0.122011 0.122098
vt 0.136469 0.113886
vt 0.157990 0.115845
vt 0.154846 0.110596
vt 0.096100 0.133423
vt 0.113586 0.122314
vt 0.148560 0.100098
vt 0.151703 0.105347
vt 0.131073 0.111206
vt 0.105573 0.122099
vt 0.114861 0.111146
vt 0.121257 0.109049
vt 0.117663 0.115264
vt 0.126898 0.099292
vt 0.131245 0.100738
vt 0.131298 0.105757
vt 0.093109 0.129028
vt 0.107605 0.113525
vt 0.136597 0.082520
vt 0.139587 0.086914
vt 0.122101 0.098022
vt 0.142578 0.091309
vt 0.145569 0.095703
vt 0.109714 0.104849
vt 0.100414 0.115818
vt 0.094076 0.117839
vt 0.097697 0.111586
vt 0.088389 0.127656
vt 0.084116 0.126111
vt 0.084124 0.121011
vt 0.119202 0.093506
vt 0.101807 0.104492
vt 0.075714 0.140015
vt 0.072815 0.135498
vt 0.067017 0.126465
vt 0.084412 0.115479
vt 0.069916 0.130981
vt 0.094002 0.104547
vt 0.103401 0.093970
vt 0.109701 0.091797
vt 0.106002 0.097744
vt 0.115507 0.082459
vt 0.119699 0.083676
vt 0.119593 0.088385
vt 0.081635 0.111450
vt 0.096252 0.096436
vt 0.125488 0.066406
vt 0.128265 0.070435
vt 0.110870 0.081421
vt 0.131042 0.074463
vt 0.133820 0.078491
vt 0.098779 0.088735
vt 0.089337 0.099247
vt 0.083242 0.101725
vt 0.087042 0.095930
vt 0.077274 0.110824
vt 0.073346 0.109998
vt 0.073672 0.105616
vt 0.108421 0.077881
vt 0.091354 0.089355
vt 0.064568 0.122925
vt 0.062119 0.119385
vt 0.057220 0.112305
vt 0.074287 0.100830
vt 0.059669 0.115845
vt 0.083473 0.089461
vt 0.092480 0.078459
vt 0.098745 0.076172
vt 0.095283 0.082348
vt 0.104181 0.066474
vt 0.108471 0.067708
vt 0.108581 0.072580
vt 0.071297 0.096680
vt 0.085373 0.081055
vt 0.113525 0.049805
vt 0.116516 0.053955
vt 0.099449 0.065430
vt 0.119507 0.058105
vt 0.122498 0.062256
vt 0.087318 0.072751
vt 0.078303 0.083737
vt 0.072072 0.086100
vt 0.075551 0.079962
vt 0.066610 0.095738
vt 0.062363 0.094602
vt 0.062289 0.089812
vt 0.096512 0.061401
vt 0.079498 0.072998
vt 0.054283 0.108276
vt 0.051346 0.104248
vt 0.045471 0.096191
vt 0.062485 0.084595
vt 0.048409 0.100220
vt 0.089550 0.060300
vt 0.077427 0.069494
vt 0.075602 0.066406
vt 0.082660 0.059430
vt 0.064520 0.077361
vt 0.066719 0.070295
vt 0.072736 0.061558
vt 0.102097 0.050659
vt 0.090668 0.051514
vt 0.051056 0.085449
vt 0.056641 0.074707
vt 0.067810 0.053223
vt 0.079239 0.052368
vt 0.062225 0.063965
vt 0.100406 0.045997
vt 0.091787 0.047404
vt 0.092773 0.043783
vt 0.098621 0.041571
vt 0.083592 0.047254
vt 0.087913 0.042372
vt 0.094322 0.038096
vt 0.109390 0.044434
vt 0.105255 0.039062
vt 0.075104 0.046997
vt 0.082397 0.040771
vt 0.096985 0.028320
vt 0.101120 0.033691
vt 0.089691 0.034546
vt 0.055295 0.068760
vt 0.052055 0.076351
vt 0.048014 0.077799
vt 0.048610 0.073491
vt 0.047079 0.084564
vt 0.043377 0.083556
vt 0.041669 0.080074
vt 0.058548 0.060913
vt 0.049286 0.068604
vt 0.041794 0.093140
vt 0.038116 0.090088
vt 0.030762 0.083984
vt 0.040024 0.076294
vt 0.034439 0.087036
vt 0.281041 0.069261
vt 0.279768 0.071515
vt 0.279216 0.070638
vt 0.279826 0.068884
vt 0.278258 0.073392
vt 0.278053 0.071515
vt 0.278348 0.069261
vt 0.284180 0.066895
vt 0.282288 0.069702
vt 0.282349 0.066895
vt 0.280396 0.072510
vt 0.280518 0.066895
vt 0.276611 0.078125
vt 0.276672 0.075317
vt 0.278503 0.075317
vt 0.276733 0.072510
vt 0.276855 0.066895
vt 0.278687 0.066895
vt 0.276794 0.069702
vt 0.279801 0.076787
vt 0.281066 0.074370
vt 0.281657 0.076009
vt 0.281066 0.078144
vt 0.282585 0.072657
vt 0.282839 0.075514
vt 0.282585 0.078583
vt 0.278503 0.079346
vt 0.280396 0.080566
vt 0.284180 0.070923
vt 0.284180 0.074951
vt 0.284180 0.083008
vt 0.282288 0.081787
vt 0.284180 0.078979
vt 0.279287 0.080080
vt 0.280633 0.080912
vt 0.280843 0.081217
vt 0.280062 0.080798
vt 0.282070 0.081876
vt 0.281834 0.081942
vt 0.281172 0.081696
vt 0.277893 0.079224
vt 0.279175 0.080322
vt 0.283569 0.082886
vt 0.282959 0.082764
vt 0.281738 0.082520
vt 0.280457 0.081421
vt 0.282349 0.082642
vt 0.014754 0.272768
vt 0.015575 0.271200
vt 0.015961 0.271810
vt 0.015578 0.273030
vt 0.016561 0.269894
vt 0.016729 0.271200
vt 0.016567 0.272768
vt 0.012680 0.274414
vt 0.013908 0.272461
vt 0.013912 0.274414
vt 0.015137 0.270508
vt 0.015144 0.274414
vt 0.017593 0.266602
vt 0.017597 0.268555
vt 0.016365 0.268555
vt 0.017601 0.270508
vt 0.017609 0.274414
vt 0.016376 0.274414
vt 0.017605 0.272461
vt 0.015523 0.268248
vt 0.014701 0.269816
vt 0.014318 0.269206
vt 0.014701 0.267986
vt 0.013715 0.271121
vt 0.013551 0.269816
vt 0.013715 0.268248
vt 0.016365 0.266602
vt 0.015137 0.266602
vt 0.012680 0.272461
vt 0.012680 0.270508
vt 0.012680 0.266602
vt 0.013908 0.266602
vt 0.012680 0.268555
vt 0.014751 0.259707
vt 0.015572 0.253142
vt 0.015956 0.255697
vt 0.015572 0.260805
vt 0.016558 0.247675
vt 0.016723 0.253142
vt 0.016558 0.259707
vt 0.013908 0.258423
vt 0.015137 0.250244
vt 0.017593 0.233887
vt 0.017593 0.242065
vt 0.016365 0.242065
vt 0.017593 0.250244
vt 0.017593 0.258423
vt 0.011536 0.247264
vt 0.011827 0.252796
vt 0.011714 0.255046
vt 0.011487 0.252339
vt 0.012069 0.259296
vt 0.011827 0.260002
vt 0.011536 0.258577
vt 0.011230 0.233887
vt 0.011593 0.242065
vt 0.011230 0.241577
vt 0.011955 0.250244
vt 0.011230 0.249268
vt 0.012318 0.266113
vt 0.012318 0.258423
vt 0.011955 0.265625
vt 0.011230 0.264648
vt 0.011230 0.256958
vt 0.011593 0.265137
vt 0.015217 0.240781
vt 0.014445 0.247346
vt 0.013835 0.244792
vt 0.014105 0.239683
vt 0.013410 0.252813
vt 0.012954 0.247346
vt 0.012877 0.240781
vt 0.016003 0.233887
vt 0.014412 0.233887
vt 0.012821 0.233887
vt 0.012571 0.226542
vt 0.013848 0.228664
vt 0.013351 0.229655
vt 0.012358 0.228664
vt 0.014912 0.231211
vt 0.013848 0.231637
vt 0.012571 0.231211
vt 0.011230 0.221191
vt 0.012821 0.224365
vt 0.011230 0.224365
vt 0.014412 0.227539
vt 0.011230 0.227539
vt 0.016003 0.230713
vt 0.011230 0.230713
vt 0.016252 0.223867
vt 0.016466 0.226414
vt 0.015472 0.225423
vt 0.014976 0.223441
vt 0.016252 0.228536
vt 0.014976 0.226414
vt 0.013912 0.223867
vt 0.017593 0.221191
vt 0.017593 0.224365
vt 0.016003 0.221191
vt 0.017593 0.227539
vt 0.014412 0.221191
vt 0.017593 0.230713
vt 0.012821 0.221191
vt 1.002776 0.248951
vt 1.003560 0.240792
vt 1.003255 0.236979
vt 1.002645 0.240792
vt 1.004213 0.230993
vt 1.003560 0.229354
vt 1.002776 0.230993
vt 1.001953 0.269531
vt 1.002930 0.257324
vt 1.001953 0.257324
vt 1.003906 0.245117
vt 1.001953 0.245117
vt 1.005859 0.220703
vt 1.004883 0.220703
vt 1.004883 0.232910
vt 1.003906 0.220703
vt 1.001953 0.220703
vt 1.001953 0.232910
vt 1.002930 0.220703
vt 1.005242 0.241489
vt 1.004425 0.249616
vt 1.004883 0.253581
vt 1.005569 0.249845
vt 1.003805 0.259447
vt 1.004654 0.261282
vt 1.005601 0.259806
vt 1.006104 0.233154
vt 1.006348 0.245605
vt 1.003174 0.269775
vt 1.004395 0.270020
vt 1.006836 0.270508
vt 1.006592 0.258057
vt 1.005615 0.270264
vt 1.002982 0.291771
vt 1.003962 0.285602
vt 1.003581 0.282552
vt 1.002818 0.285373
vt 1.004778 0.278122
vt 1.003962 0.276681
vt 1.002982 0.277763
vt 1.001953 0.307617
vt 1.003174 0.298340
vt 1.001953 0.298096
vt 1.004395 0.289062
vt 1.001953 0.288574
vt 1.005615 0.279785
vt 1.001953 0.279053
vt 1.005807 0.286046
vt 1.004827 0.292263
vt 1.005208 0.295085
vt 1.005971 0.292149
vt 1.004011 0.299694
vt 1.004827 0.300841
vt 1.005807 0.299514
vt 1.006836 0.279663
vt 1.006836 0.288818
vt 1.003174 0.307495
vt 1.004395 0.307373
vt 1.006836 0.307129
vt 1.006836 0.297974
vt 1.005615 0.307251
vt 1.005807 0.314294
vt 1.005971 0.312238
vt 1.005208 0.311361
vt 1.004827 0.312352
vt 1.005807 0.309804
vt 1.004827 0.309493
vt 1.004011 0.309984
vt 1.006836 0.319336
vt 1.006836 0.316284
vt 1.005615 0.316406
vt 1.006836 0.313232
vt 1.004395 0.313477
vt 1.006836 0.310181
vt 1.003174 0.310547
vt 1.002982 0.312556
vt 1.002818 0.314515
vt 1.003581 0.315430
vt 1.003962 0.314515
vt 1.002982 0.316866
vt 1.003962 0.317260
vt 1.004778 0.316866
vt 1.001953 0.310547
vt 1.001953 0.313477
vt 1.001953 0.319336
vt 1.003174 0.319336
vt 1.001953 0.316406
vt 1.004395 0.319336
vt 1.005615 0.319336
vt 1.005807 0.324138
vt 1.005971 0.322751
vt 1.005208 0.322103
vt 1.004827 0.322751
vt 1.005807 0.321085
vt 1.004827 0.320807
vt 1.004011 0.321085
vt 1.006836 0.327637
vt 1.006836 0.325562
vt 1.005615 0.325562
vt 1.006836 0.323486
vt 1.004395 0.323486
vt 1.006836 0.321411
vt 1.003174 0.321411
vt 1.004778 0.325887
vt 1.003962 0.324222
vt 1.003581 0.324870
vt 1.003962 0.326166
vt 1.002982 0.322835
vt 1.002818 0.324222
vt 1.002982 0.325887
vt 1.005615 0.327637
vt 1.004395 0.327637
vt 1.001953 0.321411
vt 1.001953 0.323486
vt 1.001953 0.327637
vt 1.003174 0.327637
vt 1.001953 0.325562
vt 1.019879 0.017576
vt 1.015211 0.015829
vt 1.012695 0.016439
vt 1.014754 0.017773
vt 1.009463 0.014344
vt 1.008121 0.015714
vt 1.008744 0.017397
vt 1.032227 0.019531
vt 1.025146 0.017334
vt 1.024658 0.019409
vt 1.018066 0.015137
vt 1.017090 0.019287
vt 1.003906 0.010742
vt 1.003418 0.012817
vt 1.010986 0.012939
vt 1.002930 0.014893
vt 1.001953 0.019043
vt 1.009521 0.019165
vt 1.002441 0.016968
vt 1.018106 0.012903
vt 1.022479 0.014618
vt 1.026367 0.014160
vt 1.024995 0.012902
vt 1.028522 0.016136
vt 1.031628 0.014961
vt 1.032473 0.013442
vt 1.013672 0.011108
vt 1.023438 0.011475
vt 1.034912 0.017700
vt 1.037598 0.015869
vt 1.042969 0.012207
vt 1.033203 0.011841
vt 1.040283 0.014038
vt 1.013785 0.009302
vt 1.021361 0.009874
vt 1.019531 0.008464
vt 1.014041 0.007587
vt 1.028151 0.009840
vt 1.023191 0.007930
vt 1.016658 0.006249
vt 1.005859 0.008667
vt 1.007812 0.006592
vt 1.035156 0.009766
vt 1.027344 0.007324
vt 1.011719 0.002441
vt 1.009766 0.004517
vt 1.019531 0.004883
vt 1.026125 0.004602
vt 1.031150 0.006546
vt 1.034505 0.005859
vt 1.032523 0.004373
vt 1.037618 0.008194
vt 1.039843 0.006660
vt 1.039773 0.004782
vt 1.020996 0.002563
vt 1.030273 0.002686
vt 1.044434 0.009888
vt 1.045898 0.007568
vt 1.048828 0.002930
vt 1.039551 0.002808
vt 1.047363 0.005249
vt 1.049853 0.010252
vt 1.049397 0.008390
vt 1.048177 0.009115
vt 1.048025 0.010563
vt 1.048416 0.006840
vt 1.047110 0.008390
vt 1.046262 0.010252
vt 1.052734 0.012207
vt 1.051758 0.009888
vt 1.050293 0.012207
vt 1.050781 0.007568
vt 1.047852 0.012207
vt 1.049805 0.005249
vt 1.045410 0.012207
vt 1.075898 0.018270
vt 1.069207 0.016719
vt 1.066081 0.017253
vt 1.069207 0.018434
vt 1.061172 0.015397
vt 1.059829 0.016604
vt 1.061172 0.018091
vt 1.092773 0.020020
vt 1.082764 0.018066
vt 1.082764 0.019897
vt 1.072754 0.016113
vt 1.072754 0.019775
vt 1.052734 0.014038
vt 1.062744 0.014160
vt 1.052734 0.015869
vt 1.052734 0.019531
vt 1.062744 0.019653
vt 1.052734 0.017700
vt 1.084335 0.014136
vt 1.076301 0.013792
vt 1.079427 0.014974
vt 1.085680 0.015622
vt 1.069610 0.013956
vt 1.076301 0.015508
vt 1.084336 0.016830
vt 1.092773 0.012695
vt 1.082764 0.012573
vt 1.092773 0.014526
vt 1.072754 0.012451
vt 1.092773 0.016357
vt 1.062744 0.012329
vt 1.092773 0.018188
vt 1.075075 0.010534
vt 1.067600 0.008591
vt 1.064779 0.009277
vt 1.068515 0.010764
vt 1.058912 0.006943
vt 1.058221 0.008477
vt 1.060349 0.010355
vt 1.081787 0.010254
vt 1.070801 0.007812
vt 1.059814 0.005371
vt 1.087467 0.004705
vt 1.077506 0.004459
vt 1.080404 0.006022
vt 1.087800 0.006746
vt 1.068791 0.004885
vt 1.075905 0.006861
vt 1.084953 0.008476
vt 1.099609 0.002441
vt 1.086914 0.002563
vt 1.097900 0.005005
vt 1.074219 0.002686
vt 1.096191 0.007568
vt 1.061523 0.002808
vt 1.094482 0.010132
vt 1.099864 0.010252
vt 1.099604 0.008276
vt 1.098307 0.009115
vt 1.098002 0.010678
vt 1.098786 0.006660
vt 1.097316 0.008390
vt 1.096272 0.010432
vt 1.102539 0.012207
vt 1.101807 0.009766
vt 1.100098 0.012329
vt 1.101074 0.007324
vt 1.097656 0.012451
vt 1.100342 0.004883
vt 1.095215 0.012573
vt 1.018450 0.214743
vt 1.016490 0.215477
vt 1.017253 0.215820
vt 1.018778 0.215477
vt 1.014858 0.216359
vt 1.016490 0.216507
vt 1.018450 0.216359
vt 1.020508 0.212891
vt 1.018066 0.213989
vt 1.020508 0.213989
vt 1.015625 0.215088
vt 1.020508 0.215088
vt 1.010742 0.217285
vt 1.013184 0.217285
vt 1.013184 0.216187
vt 1.015625 0.217285
vt 1.020508 0.217285
vt 1.020508 0.216187
vt 1.018066 0.217285
vt 1.016392 0.213611
vt 1.014760 0.213267
vt 1.013997 0.214030
vt 1.014760 0.214526
vt 1.012800 0.213252
vt 1.012473 0.214297
vt 1.012800 0.215227
vt 1.018066 0.212646
vt 1.015625 0.212402
vt 1.010742 0.211914
vt 1.010742 0.213257
vt 1.013184 0.212158
vt 1.010742 0.214600
vt 1.010742 0.215942
vt 1.008890 0.214178
vt 1.007126 0.215075
vt 1.007812 0.215495
vt 1.009185 0.215075
vt 1.005658 0.216153
vt 1.007126 0.216334
vt 1.008890 0.216153
vt 1.008545 0.213257
vt 1.006348 0.214600
vt 1.001953 0.217285
vt 1.004150 0.217285
vt 1.004150 0.215942
vt 1.006348 0.217285
vt 1.008545 0.217285
vt 1.003805 0.209091
vt 1.003510 0.211311
vt 1.004883 0.211426
vt 1.005569 0.210053
vt 1.003805 0.213581
vt 1.005569 0.212913
vt 1.007038 0.211605
vt 1.001953 0.205078
vt 1.001953 0.208130
vt 1.004150 0.206787
vt 1.001953 0.211182
vt 1.006348 0.208496
vt 1.001953 0.214233
vt 1.008545 0.210205
vt 1.005658 0.205078
vt 1.007126 0.206679
vt 1.007812 0.205078
vt 1.007126 0.203477
vt 1.008890 0.207592
vt 1.009185 0.205078
vt 1.008890 0.202564
vt 1.004150 0.203369
vt 1.006348 0.201660
vt 1.010742 0.208496
vt 1.010742 0.205078
vt 1.010742 0.198242
vt 1.008545 0.199951
vt 1.010742 0.201660
vt 1.003805 0.202300
vt 1.005569 0.201141
vt 1.004883 0.200684
vt 1.003510 0.201255
vt 1.007038 0.199786
vt 1.005569 0.199654
vt 1.003805 0.199965
vt 1.001953 0.203491
vt 1.001953 0.201904
vt 1.008545 0.198364
vt 1.006348 0.198486
vt 1.001953 0.198730
vt 1.001953 0.200317
vt 1.004150 0.198608
vt 1.007038 0.197110
vt 1.005569 0.195918
vt 1.004883 0.196452
vt 1.005569 0.197405
vt 1.003805 0.194955
vt 1.003510 0.196032
vt 1.003805 0.197290
vt 1.008545 0.196777
vt 1.006348 0.195312
vt 1.001953 0.192383
vt 1.001953 0.193970
vt 1.004150 0.193848
vt 1.001953 0.195557
vt 1.001953 0.197144
vt 1.005658 0.193515
vt 1.007126 0.194707
vt 1.007812 0.194173
vt 1.007126 0.193220
vt 1.008890 0.195670
vt 1.009185 0.194593
vt 1.008890 0.193335
vt 1.004150 0.192261
vt 1.006348 0.192139
vt 1.010742 0.196655
vt 1.010742 0.195068
vt 1.010742 0.191895
vt 1.008545 0.192017
vt 1.010742 0.193481
vt 1.005658 0.190942
vt 1.007126 0.191057
vt 1.007812 0.190104
vt 1.007126 0.189685
vt 1.008890 0.190763
vt 1.009185 0.189570
vt 1.008890 0.188608
vt 1.004150 0.190796
vt 1.006348 0.189209
vt 1.010742 0.190430
vt 1.010742 0.188965
vt 1.010742 0.186035
vt 1.008545 0.187622
vt 1.010742 0.187500
vt 1.003805 0.189913
vt 1.005569 0.188820
vt 1.004883 0.188477
vt 1.003510 0.189048
vt 1.007038 0.187579
vt 1.005569 0.187562
vt 1.003805 0.187938
vt 1.001953 0.191040
vt 1.001953 0.189697
vt 1.008545 0.186279
vt 1.006348 0.186523
vt 1.001953 0.187012
vt 1.001953 0.188354
vt 1.004150 0.186768
vt 1.005658 0.185983
vt 1.007126 0.185918
vt 1.007812 0.185384
vt 1.007126 0.185232
vt 1.008890 0.185624
vt 1.009185 0.185003
vt 1.008890 0.184546
vt 1.004150 0.186035
vt 1.006348 0.185059
vt 1.010742 0.185303
vt 1.010742 0.184570
vt 1.010742 0.183105
vt 1.008545 0.184082
vt 1.010742 0.183838
vt 1.003805 0.185262
vt 1.005569 0.184626
vt 1.004883 0.184245
vt 1.003510 0.184512
vt 1.007038 0.183826
vt 1.005569 0.183597
vt 1.003805 0.183646
vt 1.001953 0.185913
vt 1.001953 0.184814
vt 1.008545 0.182983
vt 1.006348 0.182861
vt 1.001953 0.182617
vt 1.001953 0.183716
vt 1.004150 0.182739
vt 1.007038 0.182076
vt 1.005569 0.181211
vt 1.004883 0.181478
vt 1.005569 0.182126
vt 1.003805 0.180460
vt 1.003510 0.181097
vt 1.003805 0.181897
vt 1.008545 0.182007
vt 1.006348 0.180908
vt 1.001953 0.178711
vt 1.001953 0.179688
vt 1.004150 0.179810
vt 1.001953 0.180664
vt 1.001953 0.181641
vt 1.005658 0.179328
vt 1.007126 0.180259
vt 1.007812 0.179688
vt 1.007126 0.178887
vt 1.008890 0.180945
vt 1.009185 0.179916
vt 1.008890 0.178790
vt 1.004150 0.178345
vt 1.006348 0.177979
vt 1.010742 0.181641
vt 1.010742 0.180176
vt 1.010742 0.177246
vt 1.008545 0.177612
vt 1.010742 0.178711
vt 1.008890 0.168911
vt 1.009185 0.160631
vt 1.007812 0.164062
vt 1.007126 0.170582
vt 1.008890 0.153826
vt 1.007126 0.160974
vt 1.005658 0.169450
vt 1.010742 0.166992
vt 1.010742 0.156738
vt 1.010742 0.136230
vt 1.008545 0.146851
vt 1.010742 0.146484
vt 1.006348 0.157471
vt 1.004150 0.168091
vt 1.003805 0.158851
vt 1.005569 0.152064
vt 1.004883 0.147298
vt 1.003510 0.149891
vt 1.007038 0.143228
vt 1.005569 0.139940
vt 1.003805 0.139816
vt 1.001953 0.165771
vt 1.001953 0.152832
vt 1.008545 0.133911
vt 1.006348 0.131592
vt 1.001953 0.126953
vt 1.001953 0.139893
vt 1.004150 0.129272
vt 1.003600 0.029781
vt 1.005167 0.028231
vt 1.004557 0.027507
vt 1.003337 0.028231
vt 1.006473 0.026369
vt 1.005167 0.026058
vt 1.003600 0.026369
vt 1.001953 0.033691
vt 1.003906 0.031372
vt 1.001953 0.031372
vt 1.005859 0.029053
vt 1.001953 0.029053
vt 1.009766 0.024414
vt 1.007812 0.024414
vt 1.007812 0.026733
vt 1.005859 0.024414
vt 1.001953 0.024414
vt 1.001953 0.026733
vt 1.003906 0.024414
vt 1.005246 0.031736
vt 1.006552 0.032048
vt 1.007161 0.030599
vt 1.006552 0.029875
vt 1.008119 0.031736
vt 1.008381 0.029875
vt 1.008119 0.028324
vt 1.003906 0.033691
vt 1.005859 0.033691
vt 1.009766 0.033691
vt 1.009766 0.031372
vt 1.007812 0.033691
vt 1.009766 0.029053
vt 1.009766 0.026733
vt 1.003600 0.036234
vt 1.005167 0.035499
vt 1.004557 0.035156
vt 1.003337 0.035499
vt 1.006473 0.034617
vt 1.005167 0.034470
vt 1.003600 0.034618
vt 1.001953 0.038086
vt 1.003906 0.036987
vt 1.001953 0.036987
vt 1.005859 0.035889
vt 1.001953 0.035889
vt 1.007812 0.034790
vt 1.001953 0.034790
vt 1.005246 0.037160
vt 1.006552 0.037307
vt 1.007161 0.036621
vt 1.006552 0.036278
vt 1.008119 0.037160
vt 1.008381 0.036278
vt 1.008119 0.035544
vt 1.003906 0.038086
vt 1.005859 0.038086
vt 1.009766 0.038086
vt 1.009766 0.036987
vt 1.007812 0.038086
vt 1.009766 0.035889
vt 1.009766 0.034790
vt 1.003600 0.040628
vt 1.005167 0.039894
vt 1.004557 0.039551
vt 1.003337 0.039894
vt 1.006473 0.039012
vt 1.005167 0.038865
vt 1.003600 0.039012
vt 1.001953 0.042480
vt 1.003906 0.041382
vt 1.001953 0.041382
vt 1.005859 0.040283
vt 1.001953 0.040283
vt 1.007812 0.039185
vt 1.001953 0.039185
vt 1.005246 0.041657
vt 1.006552 0.041903
vt 1.007161 0.041178
vt 1.006552 0.040759
vt 1.008119 0.041837
vt 1.008381 0.040873
vt 1.008119 0.040041
vt 1.003906 0.042603
vt 1.005859 0.042725
vt 1.009766 0.042969
vt 1.009766 0.041748
vt 1.007812 0.042847
vt 1.009766 0.040527
vt 1.009766 0.039307
vt 1.006473 0.043895
vt 1.005167 0.043633
vt 1.004557 0.044434
vt 1.005167 0.044891
vt 1.003600 0.043715
vt 1.003337 0.044777
vt 1.003600 0.045691
vt 1.007812 0.044189
vt 1.005859 0.045410
vt 1.001953 0.043823
vt 1.001953 0.045166
vt 1.001953 0.047852
vt 1.003906 0.046631
vt 1.001953 0.046509
vt 1.008119 0.045027
vt 1.006552 0.045843
vt 1.007161 0.046224
vt 1.008381 0.045843
vt 1.005246 0.046823
vt 1.006552 0.046986
vt 1.008119 0.046823
vt 1.009766 0.044189
vt 1.009766 0.045410
vt 1.003906 0.047852
vt 1.005859 0.047852
vt 1.009766 0.047852
vt 1.009766 0.046631
vt 1.007812 0.047852
vt 1.003600 0.054231
vt 1.003337 0.060306
vt 1.004557 0.057943
vt 1.005167 0.053215
vt 1.003600 0.065365
vt 1.005167 0.060306
vt 1.006473 0.054231
vt 1.001953 0.055420
vt 1.001953 0.062988
vt 1.001953 0.078125
vt 1.003906 0.070557
vt 1.001953 0.070557
vt 1.005859 0.062988
vt 1.007812 0.055420
vt 1.008119 0.060611
vt 1.006552 0.065670
vt 1.007161 0.068034
vt 1.008381 0.065670
vt 1.005246 0.071745
vt 1.006552 0.072761
vt 1.008119 0.071745
vt 1.009766 0.055420
vt 1.009766 0.062988
vt 1.003906 0.078125
vt 1.005859 0.078125
vt 1.009766 0.078125
vt 1.009766 0.070557
vt 1.007812 0.078125
vt 1.783821 0.507442
vt 1.783722 0.509018
vt 1.784180 0.508789
vt 1.784409 0.507703
vt 1.783820 0.510495
vt 1.784409 0.509647
vt 1.784898 0.508430
vt 1.783203 0.505127
vt 1.783203 0.507202
vt 1.783936 0.505798
vt 1.783203 0.509277
vt 1.784668 0.506470
vt 1.783203 0.513428
vt 1.783936 0.512024
vt 1.783203 0.511353
vt 1.784668 0.510620
vt 1.786133 0.507812
vt 1.785400 0.507141
vt 1.785400 0.509216
vt 1.785673 0.512296
vt 1.787338 0.512533
vt 1.787109 0.511637
vt 1.785966 0.511161
vt 1.788905 0.512386
vt 1.788024 0.511218
vt 1.786750 0.510231
vt 1.785400 0.513489
vt 1.787598 0.513550
vt 1.791992 0.513672
vt 1.790527 0.512207
vt 1.789795 0.513611
vt 1.789062 0.510742
vt 1.787598 0.509277
vt 1.785055 0.517647
vt 1.784760 0.521607
vt 1.786133 0.520101
vt 1.786819 0.517032
vt 1.785055 0.524920
vt 1.786819 0.521664
vt 1.788288 0.517736
vt 1.783203 0.518372
vt 1.783203 0.523315
vt 1.783203 0.533203
vt 1.785400 0.528320
vt 1.783203 0.528259
vt 1.787598 0.523438
vt 1.789795 0.518555
vt 1.790140 0.521904
vt 1.788376 0.525168
vt 1.789062 0.526693
vt 1.790435 0.525168
vt 1.786907 0.529087
vt 1.788376 0.529743
vt 1.790140 0.529087
vt 1.791992 0.518555
vt 1.791992 0.523438
vt 1.785400 0.533203
vt 1.787598 0.533203
vt 1.791992 0.533203
vt 1.791992 0.528320
vt 1.789795 0.533203
vt 1.787315 0.536028
vt 1.788426 0.535212
vt 1.787435 0.534831
vt 1.786368 0.535212
vt 1.789111 0.534232
vt 1.787511 0.534068
vt 1.785879 0.534232
vt 1.787109 0.538086
vt 1.788330 0.536865
vt 1.786133 0.536865
vt 1.789551 0.535645
vt 1.785156 0.535645
vt 1.790771 0.534424
vt 1.784180 0.534424
vt 1.791169 0.536084
vt 1.790156 0.536769
vt 1.790690 0.537760
vt 1.791529 0.537684
vt 1.789373 0.537880
vt 1.790385 0.538828
vt 1.791528 0.539317
vt 1.792236 0.535400
vt 1.792480 0.537598
vt 1.788574 0.539062
vt 1.790039 0.540039
vt 1.792969 0.541992
vt 1.792725 0.539795
vt 1.791504 0.541016
vt 1.788550 0.540350
vt 1.788549 0.541590
vt 1.789388 0.541667
vt 1.789693 0.540904
vt 1.788909 0.542864
vt 1.789922 0.542505
vt 1.790705 0.541786
vt 1.787354 0.539795
vt 1.787598 0.541504
vt 1.788086 0.544922
vt 1.789307 0.544189
vt 1.787842 0.543213
vt 1.790527 0.543457
vt 1.791748 0.542725
vt 1.791940 0.548824
vt 1.792104 0.546931
vt 1.791341 0.546549
vt 1.790960 0.547617
vt 1.791940 0.544873
vt 1.790960 0.545101
vt 1.790144 0.545951
vt 1.792969 0.552734
vt 1.792969 0.550049
vt 1.791748 0.550781
vt 1.792969 0.547363
vt 1.790527 0.548828
vt 1.792969 0.544678
vt 1.789307 0.546875
vt 1.789321 0.548472
vt 1.789353 0.550022
vt 1.790039 0.550537
vt 1.790268 0.549736
vt 1.789680 0.551794
vt 1.790497 0.551852
vt 1.791117 0.551345
vt 1.788330 0.547180
vt 1.788574 0.549438
vt 1.789062 0.553955
vt 1.790039 0.553650
vt 1.788818 0.551697
vt 1.791016 0.553345
vt 1.791992 0.553040
vt 1.791015 0.559347
vt 1.791473 0.557471
vt 1.791016 0.556803
vt 1.790558 0.557757
vt 1.791734 0.555307
vt 1.791016 0.555183
vt 1.790297 0.555756
vt 1.791016 0.563721
vt 1.791504 0.560974
vt 1.790527 0.561279
vt 1.791992 0.558228
vt 1.790039 0.558838
vt 1.792480 0.555481
vt 1.789551 0.556396
vt 1.789063 0.558020
vt 1.788605 0.559603
vt 1.789063 0.560384
vt 1.789520 0.559660
vt 1.788344 0.561521
vt 1.789062 0.561890
vt 1.789781 0.561611
vt 1.788574 0.556335
vt 1.788086 0.558716
vt 1.787109 0.563477
vt 1.788086 0.563538
vt 1.787598 0.561096
vt 1.789062 0.563599
vt 1.790039 0.563660
vt 1.788756 0.575876
vt 1.789409 0.587626
vt 1.789714 0.583089
vt 1.789409 0.573959
vt 1.790192 0.597426
vt 1.790324 0.587683
vt 1.790192 0.575966
vt 1.788086 0.578125
vt 1.789062 0.592773
vt 1.791016 0.622070
vt 1.791016 0.607483
vt 1.790039 0.607422
vt 1.791016 0.592896
vt 1.791016 0.578308
vt 1.787933 0.589304
vt 1.787802 0.600174
vt 1.788411 0.604329
vt 1.788717 0.598916
vt 1.787933 0.612830
vt 1.788717 0.613899
vt 1.789369 0.610854
vt 1.787109 0.579468
vt 1.787109 0.595459
vt 1.787109 0.627441
vt 1.788086 0.626099
vt 1.787109 0.611450
vt 1.789062 0.624756
vt 1.790039 0.623413
vt 1.785762 0.046463
vt 1.781356 0.046071
vt 1.779297 0.046224
vt 1.781356 0.046529
vt 1.776064 0.045745
vt 1.775180 0.046071
vt 1.776064 0.046463
vt 1.796875 0.046875
vt 1.790283 0.046387
vt 1.790283 0.046875
vt 1.783691 0.045898
vt 1.783691 0.046875
vt 1.770508 0.044922
vt 1.770508 0.045410
vt 1.777100 0.045410
vt 1.770508 0.045898
vt 1.770508 0.046875
vt 1.777100 0.046875
vt 1.770508 0.046387
vt 1.793013 0.045333
vt 1.787233 0.045268
vt 1.789063 0.045573
vt 1.793409 0.045725
vt 1.782238 0.045333
vt 1.786546 0.045725
vt 1.791936 0.046052
vt 1.799805 0.044922
vt 1.792480 0.044922
vt 1.799072 0.045410
vt 1.785156 0.044922
vt 1.798340 0.045898
vt 1.777832 0.044922
vt 1.797607 0.046387
vt 1.787457 0.044510
vt 1.782561 0.044118
vt 1.780274 0.044271
vt 1.782561 0.044576
vt 1.776682 0.043792
vt 1.775699 0.044118
vt 1.776682 0.044510
vt 1.792480 0.044434
vt 1.785156 0.043945
vt 1.770508 0.042969
vt 1.770508 0.043457
vt 1.777832 0.043457
vt 1.770508 0.043945
vt 1.770508 0.044434
vt 1.795326 0.043380
vt 1.788957 0.043315
vt 1.791016 0.043620
vt 1.795819 0.043772
vt 1.783473 0.043380
vt 1.788271 0.043772
vt 1.794248 0.044099
vt 1.802734 0.042969
vt 1.794678 0.042969
vt 1.802002 0.043457
vt 1.786621 0.042969
vt 1.801270 0.043945
vt 1.778564 0.042969
vt 1.800537 0.044434
vt 1.789563 0.042660
vt 1.784570 0.042366
vt 1.781901 0.042480
vt 1.784112 0.042709
vt 1.778429 0.042121
vt 1.777021 0.042366
vt 1.777711 0.042660
vt 1.795166 0.042603
vt 1.787598 0.042236
vt 1.772461 0.041504
vt 1.771973 0.041870
vt 1.780029 0.041870
vt 1.771484 0.042236
vt 1.770996 0.042603
vt 1.770919 0.041813
vt 1.770854 0.042107
vt 1.771159 0.041992
vt 1.771311 0.041763
vt 1.770920 0.042351
vt 1.771312 0.042107
vt 1.771638 0.041813
vt 1.770508 0.041504
vt 1.770508 0.041870
vt 1.770996 0.041504
vt 1.770508 0.042236
vt 1.771484 0.041504
vt 1.770508 0.042603
vt 1.771973 0.041504
vt 1.797485 0.041813
vt 1.791083 0.041763
vt 1.793294 0.041992
vt 1.798174 0.042107
vt 1.785632 0.041813
vt 1.790626 0.042107
vt 1.796766 0.042351
vt 1.804688 0.041504
vt 1.796631 0.041504
vt 1.804199 0.041870
vt 1.788574 0.041504
vt 1.803711 0.042236
vt 1.780518 0.041504
vt 1.803223 0.042603
vt 1.791516 0.038829
vt 1.786523 0.036281
vt 1.783854 0.037272
vt 1.786065 0.039255
vt 1.780382 0.034159
vt 1.778974 0.036281
vt 1.779664 0.038829
vt 1.797119 0.038330
vt 1.789551 0.035156
vt 1.774414 0.028809
vt 1.773926 0.031982
vt 1.781982 0.031982
vt 1.773438 0.035156
vt 1.772949 0.038330
vt 1.798308 0.031484
vt 1.792233 0.031058
vt 1.794596 0.033040
vt 1.799324 0.034032
vt 1.787174 0.031484
vt 1.792233 0.034032
vt 1.798308 0.036153
vt 1.804688 0.028809
vt 1.797119 0.028809
vt 1.804688 0.031982
vt 1.789551 0.028809
vt 1.804688 0.035156
vt 1.781982 0.028809
vt 1.804688 0.038330
vt 1.806382 0.038829
vt 1.805893 0.036281
vt 1.805664 0.037272
vt 1.805893 0.039255
vt 1.805305 0.034159
vt 1.805207 0.036281
vt 1.805305 0.038829
vt 1.807617 0.041504
vt 1.806885 0.038330
vt 1.806885 0.041504
vt 1.806152 0.035156
vt 1.806152 0.041504
vt 1.805420 0.031982
vt 1.805420 0.041504
vt 1.807000 0.036153
vt 1.807098 0.034032
vt 1.806641 0.033040
vt 1.806412 0.034032
vt 1.807000 0.031484
vt 1.806412 0.031058
vt 1.805923 0.031484
vt 1.807617 0.038330
vt 1.807617 0.035156
vt 1.807617 0.028809
vt 1.806885 0.028809
vt 1.807617 0.031982
vt 1.806152 0.028809
vt 1.805420 0.028809
vt 1.812137 0.037134
vt 1.810831 0.035076
vt 1.810221 0.036296
vt 1.810832 0.038049
vt 1.809264 0.033542
vt 1.809001 0.035762
vt 1.809264 0.038211
vt 1.815430 0.038574
vt 1.813477 0.036133
vt 1.813477 0.039307
vt 1.811523 0.033691
vt 1.811523 0.040039
vt 1.809570 0.031250
vt 1.809570 0.040771
vt 1.810910 0.030867
vt 1.812216 0.032826
vt 1.812826 0.032064
vt 1.812216 0.030539
vt 1.813783 0.034458
vt 1.814046 0.032826
vt 1.813783 0.030867
vt 1.809570 0.028809
vt 1.811523 0.028809
vt 1.815430 0.036133
vt 1.815430 0.033691
vt 1.815430 0.028809
vt 1.813477 0.028809
vt 1.815430 0.031250
vt 1.813783 0.040887
vt 1.814046 0.040299
vt 1.812826 0.040527
vt 1.812216 0.040985
vt 1.813783 0.039809
vt 1.812216 0.040299
vt 1.810910 0.040887
vt 1.815430 0.041504
vt 1.815430 0.040771
vt 1.813477 0.041504
vt 1.815430 0.040039
vt 1.811523 0.041504
vt 1.815430 0.039307
vt 1.809570 0.041504
vt 1.816047 0.040269
vt 1.816635 0.039780
vt 1.816406 0.039551
vt 1.815949 0.039780
vt 1.817124 0.039192
vt 1.816635 0.039093
vt 1.816047 0.039192
vt 1.816162 0.040771
vt 1.816895 0.040039
vt 1.818359 0.038574
vt 1.817627 0.038574
vt 1.817627 0.039307
vt 1.816895 0.038574
vt 1.816162 0.038574
vt 1.817742 0.039809
vt 1.817154 0.040299
vt 1.817383 0.040527
vt 1.817840 0.040299
vt 1.816665 0.040887
vt 1.817154 0.040985
vt 1.817742 0.040887
vt 1.818359 0.039307
vt 1.818359 0.040039
vt 1.816162 0.041504
vt 1.816895 0.041504
vt 1.818359 0.041504
vt 1.818359 0.040771
vt 1.817627 0.041504
vt 1.198335 0.339460
vt 1.189125 0.340276
vt 1.192708 0.340658
vt 1.199876 0.340276
vt 1.181454 0.341256
vt 1.189125 0.341420
vt 1.198335 0.341256
vt 1.208008 0.337402
vt 1.196533 0.338623
vt 1.208008 0.338623
vt 1.185059 0.339844
vt 1.208008 0.339844
vt 1.162109 0.342285
vt 1.173584 0.342285
vt 1.173584 0.341064
vt 1.185059 0.342285
vt 1.208008 0.342285
vt 1.208008 0.341064
vt 1.196533 0.342285
vt 1.170136 0.340021
vt 1.179608 0.339238
vt 1.174805 0.338704
vt 1.167027 0.339009
vt 1.187016 0.338225
vt 1.177778 0.337866
vt 1.167262 0.337866
vt 1.160156 0.340820
vt 1.158203 0.339355
vt 1.194580 0.337158
vt 1.181152 0.336914
vt 1.154297 0.336426
vt 1.156250 0.337891
vt 1.167725 0.336670
vt 1.196689 0.334089
vt 1.185911 0.334791
vt 1.190104 0.335286
vt 1.198492 0.335020
vt 1.176935 0.335705
vt 1.185911 0.336049
vt 1.196689 0.336065
vt 1.208008 0.332031
vt 1.194580 0.333130
vt 1.208008 0.333374
vt 1.181152 0.334229
vt 1.208008 0.334717
vt 1.167725 0.335327
vt 1.208008 0.336060
vt 1.164175 0.334265
vt 1.175183 0.333580
vt 1.169922 0.333008
vt 1.161001 0.333237
vt 1.183929 0.332649
vt 1.173582 0.332207
vt 1.161661 0.332110
vt 1.152588 0.334961
vt 1.150879 0.333496
vt 1.192871 0.331665
vt 1.177734 0.331299
vt 1.147461 0.330566
vt 1.149170 0.332031
vt 1.162598 0.330933
vt 1.195248 0.330028
vt 1.183098 0.330223
vt 1.187826 0.330566
vt 1.197280 0.330566
vt 1.172980 0.330566
vt 1.183098 0.330910
vt 1.195248 0.331105
vt 1.208008 0.329102
vt 1.192871 0.329468
vt 1.208008 0.329834
vt 1.177734 0.329834
vt 1.208008 0.330566
vt 1.162598 0.330200
vt 1.208008 0.331299
vt 1.158986 0.329537
vt 1.171333 0.329358
vt 1.165690 0.328939
vt 1.155778 0.328901
vt 1.181254 0.328999
vt 1.169960 0.328558
vt 1.156831 0.328280
vt 1.145996 0.329712
vt 1.144531 0.328857
vt 1.191406 0.328613
vt 1.174805 0.328125
vt 1.141602 0.327148
vt 1.143066 0.328003
vt 1.158203 0.327637
vt 1.194013 0.324453
vt 1.180688 0.325285
vt 1.185872 0.326009
vt 1.196242 0.325742
vt 1.169590 0.326428
vt 1.180688 0.327000
vt 1.194014 0.327146
vt 1.208008 0.321777
vt 1.191406 0.323120
vt 1.208008 0.323608
vt 1.174805 0.324463
vt 1.208008 0.325439
vt 1.158203 0.325806
vt 1.208008 0.327271
vt 1.155596 0.324473
vt 1.168922 0.323641
vt 1.163737 0.322917
vt 1.153367 0.323184
vt 1.180019 0.322498
vt 1.168922 0.321925
vt 1.155596 0.321779
vt 1.141602 0.325317
vt 1.141602 0.323486
vt 1.191406 0.321289
vt 1.174805 0.320801
vt 1.141602 0.319824
vt 1.141602 0.321655
vt 1.158203 0.320312
vt 1.138515 0.322911
vt 1.135575 0.324135
vt 1.136719 0.324707
vt 1.139006 0.324135
vt 1.133127 0.325605
vt 1.135575 0.325851
vt 1.138515 0.325605
vt 1.137939 0.321655
vt 1.134277 0.323486
vt 1.126953 0.327148
vt 1.130615 0.327148
vt 1.130615 0.325317
vt 1.134277 0.327148
vt 1.137939 0.327148
vt 1.193449 0.308372
vt 1.180286 0.311733
vt 1.185547 0.313639
vt 1.195840 0.312191
vt 1.169384 0.315914
vt 1.180515 0.316994
vt 1.193808 0.316632
vt 1.207031 0.299316
vt 1.190674 0.304443
vt 1.207275 0.304932
vt 1.174316 0.309570
vt 1.207520 0.310547
vt 1.157959 0.314697
vt 1.207764 0.316162
vt 1.129834 0.324061
vt 1.132807 0.322838
vt 1.131510 0.322266
vt 1.129147 0.322837
vt 1.135222 0.321368
vt 1.132578 0.321122
vt 1.129475 0.321368
vt 1.126709 0.325317
vt 1.126465 0.323486
vt 1.137695 0.319824
vt 1.133789 0.319824
vt 1.125977 0.319824
vt 1.126221 0.321655
vt 1.129883 0.319824
vt 1.154979 0.309843
vt 1.168174 0.306629
vt 1.162760 0.304036
vt 1.152391 0.305142
vt 1.179043 0.302300
vt 1.167717 0.300338
vt 1.154260 0.299966
vt 1.141113 0.313110
vt 1.140625 0.306396
vt 1.190186 0.297729
vt 1.173340 0.296143
vt 1.139648 0.292969
vt 1.140137 0.299683
vt 1.156494 0.294556
vt 1.192831 0.282160
vt 1.179309 0.285455
vt 1.184570 0.288086
vt 1.195093 0.286942
vt 1.168049 0.289882
vt 1.179309 0.291860
vt 1.192831 0.292216
vt 1.207031 0.271973
vt 1.190186 0.277222
vt 1.207031 0.278809
vt 1.173340 0.282471
vt 1.207031 0.285645
vt 1.156494 0.287720
vt 1.207031 0.292480
vt 1.131327 0.318589
vt 1.134135 0.318786
vt 1.134440 0.317871
vt 1.132763 0.317414
vt 1.137074 0.318589
vt 1.136423 0.317414
vt 1.134919 0.316434
vt 1.128418 0.318359
vt 1.130859 0.316895
vt 1.140137 0.318359
vt 1.138672 0.316895
vt 1.135742 0.313965
vt 1.133301 0.315430
vt 1.137207 0.315430
vt 1.139237 0.303053
vt 1.138387 0.306365
vt 1.138997 0.308919
vt 1.139760 0.307737
vt 1.137800 0.310775
vt 1.138845 0.312655
vt 1.139955 0.312930
vt 1.138672 0.298218
vt 1.137695 0.303467
vt 1.136719 0.308716
vt 1.128034 0.317458
vt 1.129994 0.316462
vt 1.129232 0.316081
vt 1.127707 0.316576
vt 1.131626 0.315303
vt 1.129994 0.315204
vt 1.128034 0.315482
vt 1.125977 0.318481
vt 1.125977 0.317139
vt 1.133301 0.314087
vt 1.130859 0.314209
vt 1.125977 0.314453
vt 1.125977 0.315796
vt 1.128418 0.314331
vt 1.128600 0.313220
vt 1.128109 0.313563
vt 1.129557 0.313639
vt 1.130396 0.313449
vt 1.128240 0.313939
vt 1.130167 0.313906
vt 1.131832 0.313759
vt 1.126953 0.312500
vt 1.126709 0.312988
vt 1.129150 0.312866
vt 1.126465 0.313477
vt 1.131348 0.313232
vt 1.126221 0.313965
vt 1.133545 0.313599
vt 1.131832 0.310878
vt 1.130167 0.308281
vt 1.129557 0.309082
vt 1.130396 0.311026
vt 1.128240 0.306029
vt 1.128109 0.307938
vt 1.128600 0.310339
vt 1.133301 0.310669
vt 1.130859 0.307373
vt 1.125977 0.300781
vt 1.126221 0.303711
vt 1.128418 0.304077
vt 1.126465 0.306641
vt 1.126709 0.309570
vt 1.129681 0.302736
vt 1.131379 0.305513
vt 1.131836 0.303874
vt 1.130921 0.301510
vt 1.133273 0.307585
vt 1.133209 0.304598
vt 1.132554 0.301300
vt 1.127930 0.299805
vt 1.129883 0.298828
vt 1.135254 0.309692
vt 1.134766 0.305420
vt 1.133789 0.296875
vt 1.131836 0.297852
vt 1.134277 0.301147
vt 1.136154 0.305939
vt 1.137003 0.302299
vt 1.136393 0.301270
vt 1.135631 0.303214
vt 1.137590 0.298217
vt 1.136546 0.298296
vt 1.135435 0.299653
vt 1.138184 0.293945
vt 1.136719 0.294922
vt 1.135254 0.295898
vt 1.125928 0.285269
vt 1.126155 0.289643
vt 1.127604 0.291016
vt 1.127985 0.288728
vt 1.127006 0.294607
vt 1.128672 0.294676
vt 1.129879 0.293171
vt 1.123047 0.275391
vt 1.123779 0.281738
vt 1.125732 0.280762
vt 1.124512 0.288086
vt 1.128418 0.286133
vt 1.125244 0.294434
vt 1.131104 0.291504
vt 1.130290 0.285247
vt 1.129475 0.279207
vt 1.128255 0.278483
vt 1.128332 0.282067
vt 1.128136 0.272856
vt 1.126959 0.274175
vt 1.126340 0.277346
vt 1.132324 0.288452
vt 1.130859 0.280029
vt 1.127930 0.263184
vt 1.126709 0.266235
vt 1.129395 0.271606
vt 1.125488 0.269287
vt 1.124268 0.272339
vt 1.131634 0.276561
vt 1.132417 0.282322
vt 1.133789 0.284342
vt 1.133789 0.281407
vt 1.133789 0.288952
vt 1.135162 0.289299
vt 1.135944 0.287515
vt 1.130859 0.270630
vt 1.133789 0.278076
vt 1.136719 0.285522
vt 1.124637 0.262669
vt 1.122645 0.259320
vt 1.122721 0.262370
vt 1.124018 0.265610
vt 1.120686 0.257282
vt 1.121501 0.262179
vt 1.122841 0.267159
vt 1.125244 0.259521
vt 1.122559 0.255859
vt 1.117188 0.248535
vt 1.118652 0.255249
vt 1.119873 0.252197
vt 1.120117 0.261963
vt 1.121582 0.268677
vt 1.121304 0.252240
vt 1.123164 0.255081
vt 1.123698 0.254395
vt 1.122707 0.252336
vt 1.125254 0.257627
vt 1.125223 0.255767
vt 1.124536 0.253317
vt 1.119385 0.249268
vt 1.121582 0.250000
vt 1.127441 0.260254
vt 1.126953 0.257324
vt 1.125977 0.251465
vt 1.123779 0.250732
vt 1.126465 0.254395
vt 1.119245 0.248535
vt 1.120976 0.249221
vt 1.120443 0.248535
vt 1.119147 0.247849
vt 1.122478 0.249613
vt 1.121205 0.248535
vt 1.119604 0.247458
vt 1.117432 0.247803
vt 1.117676 0.247070
vt 1.124023 0.250000
vt 1.122070 0.248535
vt 1.118164 0.245605
vt 1.117920 0.246338
vt 1.120117 0.247070
vt 1.135738 0.279798
vt 1.134760 0.274232
vt 1.133464 0.272135
vt 1.133616 0.274918
vt 1.133224 0.267766
vt 1.132015 0.267256
vt 1.131428 0.268843
vt 1.137939 0.284790
vt 1.136230 0.276611
vt 1.132812 0.260254
vt 1.131592 0.260986
vt 1.134521 0.268433
vt 1.130371 0.261719
vt 1.129150 0.262451
vt 1.130343 0.259019
vt 1.129135 0.257157
vt 1.128906 0.258301
vt 1.129593 0.259902
vt 1.127829 0.255787
vt 1.127991 0.257843
vt 1.128547 0.260097
vt 1.131104 0.258057
vt 1.129395 0.255859
vt 1.127686 0.253662
vt 1.126590 0.244298
vt 1.124370 0.244836
vt 1.124675 0.246094
vt 1.126199 0.246208
vt 1.122280 0.245914
vt 1.123455 0.247237
vt 1.125153 0.248069
vt 1.129883 0.241211
vt 1.126953 0.242310
vt 1.128906 0.243774
vt 1.124023 0.243408
vt 1.127930 0.246338
vt 1.121094 0.244507
vt 1.126953 0.248901
vt 1.128240 0.251156
vt 1.129481 0.253264
vt 1.129557 0.250977
vt 1.128795 0.248803
vt 1.130754 0.254389
vt 1.130396 0.250862
vt 1.129677 0.247385
vt 1.132080 0.255493
vt 1.131348 0.250732
vt 1.130615 0.245972
vt 1.120222 0.242827
vt 1.122639 0.242240
vt 1.121419 0.241211
vt 1.119437 0.241211
vt 1.124532 0.241211
vt 1.122182 0.240182
vt 1.119504 0.239595
vt 1.117676 0.243408
vt 1.117188 0.241211
vt 1.126465 0.240112
vt 1.123047 0.239014
vt 1.116211 0.236816
vt 1.116699 0.239014
vt 1.119629 0.237915
vt 1.135948 0.267148
vt 1.135229 0.266050
vt 1.136068 0.271159
vt 1.136830 0.273713
vt 1.134870 0.267148
vt 1.136144 0.273713
vt 1.137385 0.279180
vt 1.135742 0.260254
vt 1.135010 0.260254
vt 1.136719 0.268433
vt 1.134277 0.260254
vt 1.137695 0.276611
vt 1.133545 0.260254
vt 1.138672 0.284790
vt 1.131735 0.249237
vt 1.132126 0.252419
vt 1.132812 0.253906
vt 1.132812 0.252419
vt 1.132812 0.256241
vt 1.133499 0.256880
vt 1.133890 0.256241
vt 1.131348 0.245972
vt 1.132812 0.250732
vt 1.134277 0.255493
vt 1.153025 0.281650
vt 1.166678 0.278534
vt 1.160807 0.275065
vt 1.149980 0.275789
vt 1.177808 0.273928
vt 1.165763 0.270871
vt 1.151589 0.269618
vt 1.189209 0.269043
vt 1.171387 0.266113
vt 1.153564 0.263184
vt 1.191391 0.265593
vt 1.193195 0.262263
vt 1.182292 0.261882
vt 1.177183 0.263864
vt 1.190313 0.258769
vt 1.176497 0.259518
vt 1.165171 0.261283
vt 1.206299 0.267334
vt 1.205566 0.262695
vt 1.204102 0.253418
vt 1.187012 0.255127
vt 1.204834 0.258057
vt 1.169922 0.256836
vt 1.152832 0.258545
vt 1.186306 0.240169
vt 1.173567 0.245784
vt 1.179362 0.247233
vt 1.189579 0.244183
vt 1.163319 0.252022
vt 1.174940 0.251732
vt 1.188461 0.249508
vt 1.198242 0.228027
vt 1.182617 0.236084
vt 1.199707 0.234375
vt 1.166992 0.244141
vt 1.201172 0.240723
vt 1.151367 0.252197
vt 1.202637 0.247070
vt 1.147678 0.249449
vt 1.160417 0.243622
vt 1.154622 0.243164
vt 1.144405 0.246710
vt 1.170665 0.237597
vt 1.159045 0.239161
vt 1.145524 0.242446
vt 1.181152 0.231323
vt 1.164062 0.234619
vt 1.146973 0.237915
vt 1.182141 0.221484
vt 1.168913 0.226822
vt 1.174479 0.227051
vt 1.184925 0.223734
vt 1.158077 0.232259
vt 1.169599 0.230596
vt 1.183219 0.227410
vt 1.195312 0.211914
vt 1.178955 0.219238
vt 1.196045 0.215942
vt 1.162598 0.226562
vt 1.196777 0.219971
vt 1.146240 0.233887
vt 1.197510 0.223999
vt 1.140790 0.234111
vt 1.154379 0.228379
vt 1.147135 0.229980
vt 1.135851 0.234212
vt 1.164854 0.223336
vt 1.151177 0.227350
vt 1.135762 0.232495
vt 1.175537 0.218140
vt 1.155762 0.224365
vt 1.135986 0.230591
vt 1.174688 0.204450
vt 1.159957 0.213119
vt 1.166667 0.212891
vt 1.178485 0.207286
vt 1.148110 0.221690
vt 1.161558 0.218266
vt 1.177202 0.212531
vt 1.188477 0.189941
vt 1.170410 0.201660
vt 1.190186 0.195435
vt 1.152344 0.213379
vt 1.191895 0.200928
vt 1.134277 0.225098
vt 1.193604 0.206421
vt 1.129588 0.221381
vt 1.144385 0.212860
vt 1.137370 0.212402
vt 1.125399 0.217663
vt 1.156166 0.204142
vt 1.142326 0.206684
vt 1.126355 0.211684
vt 1.114014 0.230225
vt 1.111816 0.223633
vt 1.168213 0.195068
vt 1.147949 0.200195
vt 1.107422 0.210449
vt 1.109619 0.217041
vt 1.127686 0.205322
vt 1.167441 0.181269
vt 1.152317 0.189138
vt 1.159180 0.189290
vt 1.171303 0.184334
vt 1.140144 0.197072
vt 1.153919 0.194399
vt 1.169955 0.189530
vt 1.181641 0.167480
vt 1.163086 0.178223
vt 1.183350 0.173096
vt 1.144531 0.188965
vt 1.185059 0.178711
vt 1.125977 0.199707
vt 1.186768 0.184326
vt 1.122034 0.198204
vt 1.137091 0.190090
vt 1.130534 0.191081
vt 1.118563 0.196609
vt 1.149330 0.182401
vt 1.135948 0.186544
vt 1.120238 0.192637
vt 1.106201 0.206665
vt 1.104980 0.202881
vt 1.161865 0.174438
vt 1.142090 0.181396
vt 1.102539 0.195312
vt 1.103760 0.199097
vt 1.122314 0.188354
vt 1.159321 0.159787
vt 1.145080 0.169288
vt 1.152018 0.168945
vt 1.163608 0.162769
vt 1.133821 0.178643
vt 1.147367 0.174778
vt 1.162913 0.168407
vt 1.171875 0.144043
vt 1.154541 0.156860
vt 1.174316 0.149902
vt 1.137207 0.169678
vt 1.176758 0.155762
vt 1.119873 0.182495
vt 1.179199 0.161621
vt 1.115710 0.181112
vt 1.129853 0.171365
vt 1.123372 0.172852
vt 1.112012 0.179600
vt 1.141211 0.162256
vt 1.128252 0.167590
vt 1.113196 0.175186
vt 1.100830 0.191284
vt 1.099121 0.187256
vt 1.152832 0.152832
vt 1.133789 0.161621
vt 1.095703 0.179199
vt 1.097412 0.183228
vt 1.114746 0.170410
vt 1.110109 0.168395
vt 1.125657 0.161881
vt 1.118490 0.162109
vt 1.105985 0.166341
vt 1.138124 0.155465
vt 1.123827 0.158106
vt 1.107236 0.162469
vt 1.093750 0.175171
vt 1.091797 0.171143
vt 1.150879 0.148804
vt 1.129883 0.153564
vt 1.087891 0.163086
vt 1.089844 0.167114
vt 1.108887 0.158325
vt 1.147962 0.134779
vt 1.132903 0.142436
vt 1.140300 0.142741
vt 1.152575 0.137975
vt 1.121024 0.150224
vt 1.135420 0.147811
vt 1.151912 0.143220
vt 1.161133 0.121094
vt 1.142822 0.131592
vt 1.163818 0.126831
vt 1.124512 0.142090
vt 1.166504 0.132568
vt 1.106201 0.152588
vt 1.169189 0.138306
vt 1.128205 0.134882
vt 1.114006 0.138176
vt 1.109050 0.142904
vt 1.116293 0.142522
vt 1.097676 0.143502
vt 1.096850 0.148012
vt 1.101268 0.150326
vt 1.140381 0.126953
vt 1.119629 0.132812
vt 1.078125 0.144531
vt 1.080566 0.149170
vt 1.098877 0.138672
vt 1.083008 0.153809
vt 1.085449 0.158447
vt 1.110435 0.130228
vt 1.124733 0.127016
vt 1.129232 0.121908
vt 1.121760 0.122098
vt 1.140965 0.121608
vt 1.141203 0.116608
vt 1.136295 0.113886
vt 1.095703 0.133423
vt 1.113281 0.122314
vt 1.157959 0.115845
vt 1.154785 0.110596
vt 1.148438 0.100098
vt 1.130859 0.111206
vt 1.151611 0.105347
vt 1.105085 0.122099
vt 1.117261 0.115264
vt 1.120768 0.109049
vt 1.114287 0.111146
vt 1.130945 0.105757
vt 1.130757 0.100738
vt 1.126276 0.099292
vt 1.092529 0.129028
vt 1.106934 0.113525
vt 1.145264 0.095703
vt 1.142090 0.091309
vt 1.135742 0.082520
vt 1.121338 0.098022
vt 1.138916 0.086914
vt 1.108988 0.104849
vt 1.097008 0.111586
vt 1.093425 0.117839
vt 1.099753 0.115818
vt 1.083488 0.121011
vt 1.083512 0.126111
vt 1.087798 0.127656
vt 1.118408 0.093506
vt 1.101074 0.104492
vt 1.066406 0.126465
vt 1.069336 0.130981
vt 1.083740 0.115479
vt 1.072266 0.135498
vt 1.075195 0.140015
vt 1.093366 0.104547
vt 1.105313 0.097744
vt 1.109050 0.091797
vt 1.102797 0.093970
vt 1.118867 0.088385
vt 1.119038 0.083676
vt 1.114916 0.082459
vt 1.081055 0.111450
vt 1.095703 0.096436
vt 1.133057 0.078491
vt 1.130371 0.074463
vt 1.125000 0.066406
vt 1.110352 0.081421
vt 1.127686 0.070435
vt 1.098246 0.088735
vt 1.086495 0.095930
vt 1.082682 0.101725
vt 1.088782 0.099247
vt 1.073105 0.105616
vt 1.072770 0.109998
vt 1.076696 0.110824
vt 1.107910 0.077881
vt 1.090820 0.089355
vt 1.056641 0.112305
vt 1.059082 0.115845
vt 1.073730 0.100830
vt 1.061523 0.119385
vt 1.063965 0.122925
vt 1.103815 0.066474
vt 1.092055 0.078459
vt 1.098307 0.076172
vt 1.108067 0.067708
vt 1.082983 0.089461
vt 1.094800 0.082348
vt 1.108124 0.072580
vt 1.113281 0.049805
vt 1.099121 0.065430
vt 1.116211 0.053955
vt 1.084961 0.081055
vt 1.119141 0.058105
vt 1.070801 0.096680
vt 1.122070 0.062256
vt 1.066107 0.095738
vt 1.077867 0.083737
vt 1.071615 0.086100
vt 1.061855 0.094602
vt 1.086939 0.072751
vt 1.075122 0.079962
vt 1.061797 0.089812
vt 1.053711 0.108276
vt 1.050781 0.104248
vt 1.096191 0.061401
vt 1.079102 0.072998
vt 1.044922 0.096191
vt 1.047852 0.100220
vt 1.062012 0.084595
vt 1.089203 0.060300
vt 1.082286 0.059430
vt 1.075195 0.066406
vt 1.077025 0.069494
vt 1.072322 0.061558
vt 1.066274 0.070295
vt 1.064061 0.077361
vt 1.101807 0.050659
vt 1.090332 0.051514
vt 1.067383 0.053223
vt 1.061768 0.063965
vt 1.078857 0.052368
vt 1.056152 0.074707
vt 1.050537 0.085449
vt 1.100110 0.045997
vt 1.098319 0.041571
vt 1.092448 0.043783
vt 1.091457 0.047404
vt 1.094004 0.038096
vt 1.087568 0.042372
vt 1.083229 0.047254
vt 1.109131 0.044434
vt 1.104980 0.039062
vt 1.096680 0.028320
vt 1.089355 0.034546
vt 1.100830 0.033691
vt 1.082031 0.040771
vt 1.074707 0.046997
vt 1.054829 0.068760
vt 1.048136 0.073491
vt 1.047526 0.077799
vt 1.051567 0.076351
vt 1.041181 0.080074
vt 1.042875 0.083556
vt 1.046568 0.084564
vt 1.058105 0.060913
vt 1.048828 0.068604
vt 1.030273 0.083984
vt 1.033936 0.087036
vt 1.039551 0.076294
vt 1.037598 0.090088
vt 1.041260 0.093140
vt 1.279043 0.080080
vt 1.279760 0.080798
vt 1.280599 0.081217
vt 1.280447 0.080912
vt 1.280838 0.081696
vt 1.281590 0.081942
vt 1.281916 0.081876
vt 1.276367 0.078125
vt 1.277588 0.079224
vt 1.278320 0.079346
vt 1.278809 0.080322
vt 1.280273 0.080566
vt 1.281250 0.082520
vt 1.281982 0.082642
vt 1.280029 0.081421
vt 1.282715 0.082764
vt 1.284180 0.083008
vt 1.282227 0.081787
vt 1.283447 0.082886
vt 1.282533 0.072657
vt 1.280966 0.074370
vt 1.281576 0.076009
vt 1.282796 0.075514
vt 1.279660 0.076787
vt 1.280966 0.078144
vt 1.282533 0.078583
vt 1.284180 0.066895
vt 1.282227 0.069702
vt 1.284180 0.070923
vt 1.280273 0.072510
vt 1.284180 0.074951
vt 1.278320 0.075317
vt 1.284180 0.078979
vt 1.278014 0.073392
vt 1.279581 0.071515
vt 1.278971 0.070638
vt 1.277751 0.071515
vt 1.280887 0.069261
vt 1.279581 0.068884
vt 1.278014 0.069261
vt 1.276367 0.075317
vt 1.276367 0.072510
vt 1.282227 0.066895
vt 1.280273 0.066895
vt 1.276367 0.066895
vt 1.276367 0.069702
vt 1.278320 0.066895
vt 1.016343 0.269894
vt 1.015168 0.271200
vt 1.015625 0.271810
vt 1.016540 0.271200
vt 1.014188 0.272768
vt 1.015168 0.273030
vt 1.016343 0.272768
vt 1.017578 0.266602
vt 1.016113 0.268555
vt 1.017578 0.268555
vt 1.014648 0.270508
vt 1.017578 0.270508
vt 1.011719 0.274414
vt 1.013184 0.274414
vt 1.013184 0.272461
vt 1.014648 0.274414
vt 1.017578 0.274414
vt 1.017578 0.272461
vt 1.016113 0.274414
vt 1.012954 0.271121
vt 1.014129 0.269816
vt 1.013672 0.269206
vt 1.012757 0.269816
vt 1.015109 0.268248
vt 1.014129 0.267986
vt 1.012954 0.268248
vt 1.011719 0.272461
vt 1.011719 0.270508
vt 1.016113 0.266602
vt 1.014648 0.266602
vt 1.011719 0.266602
vt 1.011719 0.268555
vt 1.013184 0.266602
vt 1.016343 0.247675
vt 1.015168 0.253142
vt 1.015625 0.255697
vt 1.016540 0.253142
vt 1.014188 0.259707
vt 1.015168 0.260805
vt 1.016343 0.259707
vt 1.017578 0.233887
vt 1.016113 0.242065
vt 1.017578 0.242065
vt 1.014648 0.250244
vt 1.017578 0.250244
vt 1.013184 0.258423
vt 1.017578 0.258423
vt 1.010948 0.247264
vt 1.010915 0.252339
vt 1.011068 0.255046
vt 1.011144 0.252796
vt 1.010948 0.258577
vt 1.011144 0.260002
vt 1.011307 0.259296
vt 1.010742 0.233887
vt 1.010742 0.241577
vt 1.010986 0.242065
vt 1.010742 0.249268
vt 1.011230 0.250244
vt 1.010742 0.264648
vt 1.010986 0.265137
vt 1.010742 0.256958
vt 1.011230 0.265625
vt 1.011475 0.258423
vt 1.011475 0.266113
vt 1.012748 0.252813
vt 1.013956 0.247346
vt 1.013346 0.244792
vt 1.012355 0.247346
vt 1.014903 0.240781
vt 1.013728 0.239683
vt 1.012389 0.240781
vt 1.015869 0.233887
vt 1.014160 0.233887
vt 1.012451 0.233887
vt 1.012183 0.226542
vt 1.011953 0.228664
vt 1.013021 0.229655
vt 1.013555 0.228664
vt 1.012183 0.231211
vt 1.013555 0.231637
vt 1.014697 0.231211
vt 1.010742 0.221191
vt 1.010742 0.224365
vt 1.012451 0.224365
vt 1.010742 0.227539
vt 1.014160 0.227539
vt 1.010742 0.230713
vt 1.015869 0.230713
vt 1.016138 0.228536
vt 1.016367 0.226414
vt 1.015300 0.225423
vt 1.014766 0.226414
vt 1.016138 0.223867
vt 1.014766 0.223441
vt 1.013623 0.223867
vt 1.017578 0.230713
vt 1.017578 0.227539
vt 1.017578 0.221191
vt 1.015869 0.221191
vt 1.017578 0.224365
vt 1.014160 0.221191
vt 1.012451 0.221191
vt 0.017688 0.038572
vt 0.019325 0.036711
vt 0.020109 0.037435
vt 0.019350 0.038884
vt 0.021299 0.035160
vt 0.021650 0.036711
vt 0.021338 0.038572
vt 0.013527 0.040527
vt 0.015982 0.038208
vt 0.016008 0.040527
vt 0.018436 0.035889
vt 0.018490 0.040527
vt 0.023346 0.031250
vt 0.023373 0.033569
vt 0.020891 0.033569
vt 0.023399 0.035889
vt 0.023453 0.040527
vt 0.020971 0.040527
vt 0.023426 0.038208
vt 0.020322 0.032691
vt 0.018503 0.034634
vt 0.018562 0.033529
vt 0.019742 0.031889
vt 0.016710 0.036103
vt 0.017442 0.034062
vt 0.018655 0.031793
vt 0.022213 0.030640
vt 0.021080 0.030029
vt 0.014849 0.037598
vt 0.016171 0.034668
vt 0.018814 0.028809
vt 0.019947 0.029419
vt 0.017492 0.031738
vt 0.022320 0.027063
vt 0.022493 0.028206
vt 0.021795 0.028320
vt 0.021431 0.027634
vt 0.022365 0.029398
vt 0.021460 0.029121
vt 0.020698 0.028500
vt 0.023224 0.024902
vt 0.023254 0.026489
vt 0.022121 0.025879
vt 0.023285 0.028076
vt 0.021019 0.026855
vt 0.023315 0.029663
vt 0.019917 0.027832
vt 0.023889 0.029295
vt 0.023774 0.028119
vt 0.024206 0.028158
vt 0.024435 0.028920
vt 0.023844 0.026960
vt 0.024407 0.027433
vt 0.024883 0.028217
vt 0.024021 0.030518
vt 0.024696 0.029785
vt 0.023930 0.025757
vt 0.024635 0.026611
vt 0.026047 0.028320
vt 0.025372 0.029053
vt 0.025341 0.027466
vt 0.026520 0.024210
vt 0.026306 0.025304
vt 0.025721 0.025228
vt 0.025645 0.024504
vt 0.025841 0.026365
vt 0.025213 0.025876
vt 0.024803 0.025108
vt 0.027893 0.022461
vt 0.027431 0.023926
vt 0.026726 0.023071
vt 0.026970 0.025391
vt 0.025558 0.023682
vt 0.026508 0.026855
vt 0.024391 0.024292
vt 0.027327 0.026674
vt 0.027555 0.025564
vt 0.028071 0.025716
vt 0.028113 0.026479
vt 0.028006 0.024519
vt 0.028545 0.025106
vt 0.028881 0.025956
vt 0.027103 0.027832
vt 0.028160 0.027344
vt 0.028488 0.023438
vt 0.029083 0.024414
vt 0.030273 0.026367
vt 0.029217 0.026855
vt 0.029678 0.025391
vt 0.029816 0.023002
vt 0.029883 0.023867
vt 0.029505 0.023600
vt 0.029326 0.022952
vt 0.029788 0.024618
vt 0.029308 0.023982
vt 0.028912 0.023181
vt 0.030350 0.021973
vt 0.030331 0.023071
vt 0.029736 0.022095
vt 0.030312 0.024170
vt 0.029121 0.022217
vt 0.030293 0.025269
vt 0.028507 0.022339
vt 0.033256 0.023464
vt 0.032396 0.024182
vt 0.032008 0.023763
vt 0.032414 0.023153
vt 0.031370 0.024721
vt 0.031213 0.023954
vt 0.031398 0.023105
vt 0.035400 0.022949
vt 0.034119 0.023804
vt 0.034138 0.022705
vt 0.032837 0.024658
vt 0.032875 0.022461
vt 0.031555 0.025513
vt 0.031612 0.022217
vt 0.032402 0.025750
vt 0.033264 0.025048
vt 0.033641 0.025391
vt 0.033228 0.025962
vt 0.034288 0.024493
vt 0.034429 0.025162
vt 0.034232 0.025929
vt 0.031517 0.026489
vt 0.032761 0.026611
vt 0.035362 0.023926
vt 0.035324 0.024902
vt 0.035248 0.026855
vt 0.034004 0.026733
vt 0.035286 0.025879
vt 0.041060 0.027477
vt 0.046485 0.030873
vt 0.044352 0.030111
vt 0.040123 0.027671
vt 0.050993 0.033942
vt 0.046449 0.031788
vt 0.041004 0.028913
vt 0.042152 0.027344
vt 0.048904 0.031738
vt 0.062408 0.040527
vt 0.055618 0.037109
vt 0.055656 0.036133
vt 0.048828 0.033691
vt 0.042038 0.030273
vt 0.048809 0.030358
vt 0.055252 0.033296
vt 0.056610 0.034668
vt 0.053000 0.033296
vt 0.062278 0.036823
vt 0.061578 0.037413
vt 0.058743 0.036823
vt 0.044556 0.027344
vt 0.053711 0.031738
vt 0.072021 0.040527
vt 0.069618 0.040527
vt 0.062866 0.036133
vt 0.067215 0.040527
vt 0.064812 0.040527
vt 0.213959 0.339406
vt 0.214824 0.338524
vt 0.215291 0.338867
vt 0.214910 0.339553
vt 0.215890 0.337790
vt 0.216140 0.338524
vt 0.216025 0.339406
vt 0.211670 0.340332
vt 0.212982 0.339233
vt 0.213074 0.340332
vt 0.214294 0.338135
vt 0.214478 0.340332
vt 0.216919 0.335938
vt 0.217010 0.337036
vt 0.215607 0.337036
vt 0.217102 0.338135
vt 0.217285 0.340332
vt 0.215881 0.340332
vt 0.217194 0.339233
vt 0.214681 0.336761
vt 0.213808 0.337659
vt 0.213379 0.337240
vt 0.213779 0.336515
vt 0.212750 0.338377
vt 0.212550 0.337545
vt 0.212705 0.336581
vt 0.215576 0.335815
vt 0.214233 0.335693
vt 0.211639 0.339111
vt 0.211609 0.337891
vt 0.211548 0.335449
vt 0.212891 0.335571
vt 0.211578 0.336670
vt 0.212680 0.334420
vt 0.212499 0.333326
vt 0.213338 0.333822
vt 0.213758 0.334698
vt 0.212680 0.332445
vt 0.213758 0.333440
vt 0.214655 0.334600
vt 0.211548 0.334106
vt 0.211548 0.332764
vt 0.211548 0.330078
vt 0.212891 0.331543
vt 0.211548 0.331421
vt 0.214233 0.333008
vt 0.215576 0.334473
vt 0.213863 0.331519
vt 0.214810 0.331518
vt 0.215210 0.332357
vt 0.214752 0.332662
vt 0.215928 0.331878
vt 0.216068 0.332891
vt 0.215838 0.333674
vt 0.212952 0.330322
vt 0.214355 0.330566
vt 0.217163 0.331055
vt 0.217102 0.332275
vt 0.215759 0.330811
vt 0.217041 0.333496
vt 0.216980 0.334717
vt 0.212757 0.329564
vt 0.212593 0.328845
vt 0.213460 0.329264
vt 0.213880 0.329874
vt 0.212802 0.328307
vt 0.213908 0.329074
vt 0.214822 0.329923
vt 0.211578 0.329224
vt 0.211609 0.328369
vt 0.211670 0.326660
vt 0.213043 0.327759
vt 0.211639 0.327515
vt 0.214417 0.328857
vt 0.215790 0.329956
vt 0.214037 0.327792
vt 0.215004 0.327841
vt 0.215413 0.328451
vt 0.214946 0.328641
vt 0.216147 0.328151
vt 0.216290 0.328870
vt 0.216057 0.329408
vt 0.213104 0.326904
vt 0.214539 0.327148
vt 0.217407 0.327637
vt 0.217346 0.328491
vt 0.215973 0.327393
vt 0.217285 0.329346
vt 0.217224 0.330200
vt 0.212879 0.325322
vt 0.212686 0.323820
vt 0.213582 0.324544
vt 0.214030 0.325764
vt 0.212879 0.322629
vt 0.214030 0.324049
vt 0.214989 0.325682
vt 0.211670 0.324829
vt 0.211670 0.322998
vt 0.211670 0.319336
vt 0.213104 0.321411
vt 0.211670 0.321167
vt 0.214539 0.323486
vt 0.215973 0.325562
vt 0.214037 0.320982
vt 0.214946 0.320606
vt 0.215413 0.321940
vt 0.215004 0.322664
vt 0.216057 0.320803
vt 0.216290 0.322550
vt 0.216147 0.324035
vt 0.213043 0.319214
vt 0.214417 0.319092
vt 0.217163 0.318848
vt 0.217224 0.321045
vt 0.215790 0.318970
vt 0.217285 0.323242
vt 0.217346 0.325439
vt 0.212333 0.306239
vt 0.213578 0.309894
vt 0.213216 0.311686
vt 0.212292 0.310009
vt 0.214668 0.314320
vt 0.213778 0.315156
vt 0.212647 0.314500
vt 0.210815 0.296875
vt 0.212402 0.302368
vt 0.211029 0.302490
vt 0.213989 0.307861
vt 0.211243 0.308105
vt 0.215576 0.313354
vt 0.211456 0.313721
vt 0.218449 0.322552
vt 0.219617 0.324021
vt 0.219198 0.324707
vt 0.218302 0.324021
vt 0.220604 0.325785
vt 0.219674 0.326079
vt 0.218539 0.325785
vt 0.218628 0.321045
vt 0.220093 0.323242
vt 0.223022 0.327637
vt 0.221619 0.327637
vt 0.221558 0.325439
vt 0.220215 0.327637
vt 0.218811 0.327637
vt 0.216340 0.309381
vt 0.214984 0.305742
vt 0.215861 0.303874
vt 0.217043 0.305513
vt 0.214005 0.301300
vt 0.215556 0.300366
vt 0.217238 0.300940
vt 0.217773 0.313110
vt 0.218384 0.307373
vt 0.213013 0.296631
vt 0.215210 0.296387
vt 0.219604 0.295898
vt 0.218994 0.301636
vt 0.217407 0.296143
vt 0.212315 0.281133
vt 0.214180 0.285425
vt 0.213542 0.287598
vt 0.212122 0.285653
vt 0.215771 0.290651
vt 0.214323 0.291715
vt 0.212539 0.291010
vt 0.210205 0.270020
vt 0.212555 0.276489
vt 0.210358 0.276733
vt 0.214905 0.282959
vt 0.210510 0.283447
vt 0.217255 0.289429
vt 0.210663 0.290161
vt 0.222842 0.323521
vt 0.221499 0.322118
vt 0.222738 0.321126
vt 0.224043 0.321660
vt 0.220687 0.320288
vt 0.222671 0.319601
vt 0.224683 0.319570
vt 0.224274 0.324951
vt 0.225525 0.322266
vt 0.219879 0.318359
vt 0.222595 0.317871
vt 0.228027 0.316895
vt 0.226776 0.319580
vt 0.225311 0.317383
vt 0.227976 0.321422
vt 0.229099 0.323217
vt 0.227946 0.324056
vt 0.226812 0.323217
vt 0.229727 0.325373
vt 0.227927 0.325733
vt 0.226135 0.325373
vt 0.229218 0.319580
vt 0.230408 0.322266
vt 0.232788 0.327637
vt 0.230347 0.327637
vt 0.231598 0.324951
vt 0.227905 0.327637
vt 0.225464 0.327637
vt 0.221350 0.304125
vt 0.220207 0.307751
vt 0.220093 0.305501
vt 0.220779 0.302375
vt 0.219015 0.310410
vt 0.219292 0.306378
vt 0.219913 0.301969
vt 0.223511 0.301758
vt 0.221924 0.306030
vt 0.222534 0.300293
vt 0.220337 0.310303
vt 0.221558 0.298828
vt 0.218750 0.314575
vt 0.220581 0.297363
vt 0.223125 0.308549
vt 0.224244 0.311013
vt 0.222900 0.312500
vt 0.221699 0.311471
vt 0.224786 0.314116
vt 0.222757 0.315016
vt 0.220790 0.314835
vt 0.224640 0.305542
vt 0.225769 0.309326
vt 0.226898 0.313110
vt 0.217444 0.284682
vt 0.215586 0.280407
vt 0.216187 0.278158
vt 0.217588 0.280064
vt 0.213987 0.275164
vt 0.215386 0.274002
vt 0.217129 0.274626
vt 0.219391 0.289062
vt 0.219177 0.282227
vt 0.212341 0.269653
vt 0.214478 0.269287
vt 0.218750 0.268555
vt 0.218964 0.275391
vt 0.216614 0.268921
vt 0.210240 0.258977
vt 0.212465 0.261783
vt 0.212036 0.263346
vt 0.210464 0.262126
vt 0.214505 0.265262
vt 0.213180 0.266129
vt 0.211363 0.265801
vt 0.207153 0.251465
vt 0.210052 0.255737
vt 0.207916 0.256104
vt 0.212952 0.260010
vt 0.208679 0.260742
vt 0.215851 0.264282
vt 0.209442 0.265381
vt 0.226784 0.296568
vt 0.225731 0.297907
vt 0.224569 0.297526
vt 0.224817 0.296535
vt 0.224180 0.299082
vt 0.223158 0.298136
vt 0.222743 0.296927
vt 0.230591 0.294922
vt 0.228821 0.296631
vt 0.227844 0.295166
vt 0.227051 0.298340
vt 0.225098 0.295410
vt 0.225281 0.300049
vt 0.222351 0.295654
vt 0.221425 0.279874
vt 0.223773 0.284247
vt 0.222982 0.286458
vt 0.221199 0.284476
vt 0.225780 0.289571
vt 0.223973 0.290652
vt 0.221740 0.289930
vt 0.221710 0.275146
vt 0.224670 0.281738
vt 0.227631 0.288330
vt 0.228841 0.303818
vt 0.228483 0.307182
vt 0.227539 0.306152
vt 0.227425 0.303636
vt 0.227719 0.310103
vt 0.226710 0.307639
vt 0.226057 0.304536
vt 0.231079 0.299805
vt 0.230316 0.304077
vt 0.229187 0.300293
vt 0.229553 0.308350
vt 0.227295 0.300781
vt 0.228790 0.312622
vt 0.225403 0.301270
vt 0.226598 0.299906
vt 0.227765 0.298599
vt 0.228394 0.298828
vt 0.227879 0.299743
vt 0.229202 0.297391
vt 0.229537 0.298142
vt 0.229381 0.299187
vt 0.230713 0.296143
vt 0.230835 0.297363
vt 0.230957 0.298584
vt 0.231573 0.319441
vt 0.231794 0.321515
vt 0.231079 0.320638
vt 0.230679 0.318999
vt 0.231708 0.323212
vt 0.230765 0.321401
vt 0.229957 0.319261
vt 0.232422 0.317383
vt 0.232513 0.319946
vt 0.231323 0.317261
vt 0.232605 0.322510
vt 0.230225 0.317139
vt 0.232697 0.325073
vt 0.229126 0.317017
vt 0.229597 0.313396
vt 0.230062 0.309950
vt 0.230509 0.311361
vt 0.230376 0.314067
vt 0.230719 0.307111
vt 0.231091 0.310064
vt 0.231213 0.313576
vt 0.231415 0.304199
vt 0.231750 0.308594
vt 0.232086 0.312988
vt 0.233586 0.323212
vt 0.233373 0.321515
vt 0.234049 0.320638
vt 0.234431 0.321401
vt 0.233451 0.319441
vt 0.234345 0.318999
vt 0.235112 0.319261
vt 0.233826 0.324951
vt 0.234863 0.322266
vt 0.233551 0.317261
vt 0.234680 0.317139
vt 0.236938 0.316895
vt 0.235901 0.319580
vt 0.235809 0.317017
vt 0.232597 0.307111
vt 0.233728 0.309950
vt 0.233480 0.311361
vt 0.232670 0.310064
vt 0.234752 0.313396
vt 0.234042 0.314067
vt 0.233091 0.313576
vt 0.232544 0.304077
vt 0.234009 0.308350
vt 0.235474 0.312622
vt 0.237273 0.321422
vt 0.238564 0.323217
vt 0.237467 0.324056
vt 0.236247 0.323217
vt 0.239383 0.325373
vt 0.237591 0.325733
vt 0.235746 0.325373
vt 0.238373 0.319580
vt 0.239807 0.322266
vt 0.242676 0.327637
vt 0.240204 0.327637
vt 0.241241 0.324951
vt 0.237732 0.327637
vt 0.235260 0.327637
vt 0.236115 0.309897
vt 0.234874 0.307009
vt 0.235636 0.305827
vt 0.236704 0.307237
vt 0.233960 0.303612
vt 0.235331 0.303234
vt 0.236834 0.303971
vt 0.237427 0.312866
vt 0.237915 0.308838
vt 0.233032 0.300049
vt 0.234985 0.300293
vt 0.238892 0.300781
vt 0.238403 0.304810
vt 0.236938 0.300537
vt 0.232443 0.297186
vt 0.234092 0.298198
vt 0.233521 0.298503
vt 0.232262 0.297969
vt 0.235496 0.299341
vt 0.234207 0.299341
vt 0.232623 0.298982
vt 0.232666 0.296387
vt 0.234741 0.297852
vt 0.236816 0.299316
vt 0.244574 0.320006
vt 0.243869 0.321917
vt 0.242554 0.320964
vt 0.242525 0.319400
vt 0.242599 0.323418
vt 0.241267 0.321574
vt 0.240489 0.319467
vt 0.248047 0.318359
vt 0.246704 0.320679
vt 0.245270 0.317993
vt 0.245361 0.322998
vt 0.242493 0.317627
vt 0.244019 0.325317
vt 0.239716 0.317261
vt 0.240409 0.307881
vt 0.242312 0.310868
vt 0.241292 0.312012
vt 0.239710 0.310525
vt 0.243777 0.314346
vt 0.241855 0.314642
vt 0.239691 0.313808
vt 0.241180 0.305176
vt 0.243469 0.309570
vt 0.245758 0.313965
vt 0.245042 0.325682
vt 0.245924 0.323820
vt 0.246419 0.324544
vt 0.246038 0.325993
vt 0.247018 0.322270
vt 0.247296 0.323820
vt 0.247197 0.325682
vt 0.244141 0.327637
vt 0.245605 0.327637
vt 0.248169 0.320679
vt 0.248291 0.322998
vt 0.248535 0.327637
vt 0.247070 0.327637
vt 0.248413 0.325317
vt 0.237734 0.298106
vt 0.235974 0.297159
vt 0.237061 0.296549
vt 0.238576 0.296931
vt 0.234681 0.295951
vt 0.236632 0.295558
vt 0.238767 0.295592
vt 0.239594 0.299072
vt 0.240295 0.297363
vt 0.233368 0.294678
vt 0.236145 0.294434
vt 0.241699 0.293945
vt 0.240997 0.295654
vt 0.238922 0.294189
vt 0.241413 0.303045
vt 0.241669 0.301083
vt 0.242879 0.304362
vt 0.243156 0.306802
vt 0.242445 0.300531
vt 0.243813 0.305201
vt 0.244780 0.309510
vt 0.243286 0.300049
vt 0.244873 0.306152
vt 0.246460 0.312256
vt 0.251257 0.320314
vt 0.250457 0.322176
vt 0.250000 0.321452
vt 0.250343 0.320003
vt 0.249461 0.323727
vt 0.249199 0.322176
vt 0.249282 0.320314
vt 0.253418 0.318359
vt 0.252197 0.320679
vt 0.252075 0.318359
vt 0.250977 0.322998
vt 0.250732 0.318359
vt 0.249756 0.325317
vt 0.249390 0.318359
vt 0.250850 0.325476
vt 0.251625 0.323647
vt 0.252197 0.324219
vt 0.251911 0.325591
vt 0.252646 0.322064
vt 0.253055 0.323418
vt 0.253095 0.325117
vt 0.250061 0.327393
vt 0.251587 0.327148
vt 0.253723 0.320435
vt 0.254028 0.322510
vt 0.254639 0.326660
vt 0.253113 0.326904
vt 0.254333 0.324585
vt 0.250591 0.303953
vt 0.251261 0.308114
vt 0.250651 0.310059
vt 0.250003 0.308114
vt 0.251669 0.313112
vt 0.250689 0.313947
vt 0.249693 0.313112
vt 0.250488 0.293457
vt 0.251221 0.299683
vt 0.249878 0.299683
vt 0.251953 0.305908
vt 0.249268 0.305908
vt 0.252686 0.312134
vt 0.248657 0.312134
vt 0.247224 0.307967
vt 0.245868 0.303903
vt 0.246745 0.301921
vt 0.247927 0.303789
vt 0.244889 0.298987
vt 0.246440 0.298070
vt 0.248122 0.298808
vt 0.243896 0.293823
vt 0.246094 0.293701
vt 0.248291 0.293579
vt 0.252143 0.327689
vt 0.251197 0.328440
vt 0.250692 0.328288
vt 0.251111 0.327754
vt 0.250033 0.329126
vt 0.249767 0.328669
vt 0.249899 0.328048
vt 0.253204 0.327637
vt 0.251770 0.328613
vt 0.248901 0.330566
vt 0.248810 0.329834
vt 0.250336 0.329590
vt 0.248718 0.329102
vt 0.248627 0.328369
vt 0.244066 0.287977
vt 0.244261 0.282408
vt 0.245443 0.284505
vt 0.245748 0.288813
vt 0.244964 0.277741
vt 0.246320 0.282294
vt 0.247298 0.287798
vt 0.242310 0.286987
vt 0.242920 0.280029
vt 0.244141 0.266113
vt 0.245728 0.272949
vt 0.243530 0.273071
vt 0.247314 0.279785
vt 0.248901 0.286621
vt 0.253430 0.329178
vt 0.252278 0.329473
vt 0.252726 0.328939
vt 0.253622 0.328558
vt 0.251319 0.329537
vt 0.252278 0.328786
vt 0.253430 0.328101
vt 0.254639 0.329590
vt 0.253204 0.329834
vt 0.254639 0.328857
vt 0.251770 0.330078
vt 0.254639 0.328125
vt 0.250336 0.330322
vt 0.254639 0.327393
vt 0.252092 0.330825
vt 0.251011 0.331772
vt 0.250610 0.331543
vt 0.251154 0.330857
vt 0.249757 0.332620
vt 0.249667 0.332000
vt 0.249982 0.331184
vt 0.253052 0.330811
vt 0.251465 0.332031
vt 0.248291 0.334473
vt 0.248444 0.333496
vt 0.249878 0.333252
vt 0.248596 0.332520
vt 0.248749 0.331543
vt 0.250812 0.333650
vt 0.251897 0.332637
vt 0.252279 0.333171
vt 0.251726 0.334009
vt 0.253147 0.331854
vt 0.253213 0.332866
vt 0.252877 0.334009
vt 0.249695 0.334717
vt 0.251099 0.334961
vt 0.254456 0.331055
vt 0.254272 0.332520
vt 0.253906 0.335449
vt 0.252502 0.335205
vt 0.254089 0.333984
vt 0.251452 0.337786
vt 0.250692 0.336855
vt 0.251302 0.336589
vt 0.252007 0.337084
vt 0.250195 0.335810
vt 0.251207 0.335826
vt 0.252260 0.336170
vt 0.251709 0.339844
vt 0.250854 0.338501
vt 0.252258 0.338745
vt 0.250000 0.337158
vt 0.252808 0.337646
vt 0.249146 0.335815
vt 0.253357 0.336548
vt 0.248651 0.336428
vt 0.249394 0.337375
vt 0.248861 0.337565
vt 0.248194 0.337031
vt 0.249908 0.338403
vt 0.248994 0.338289
vt 0.248023 0.337864
vt 0.247864 0.335449
vt 0.247437 0.336426
vt 0.250427 0.339478
vt 0.249146 0.339111
vt 0.246582 0.338379
vt 0.247009 0.337402
vt 0.247864 0.338745
vt 0.241851 0.272081
vt 0.241644 0.277650
vt 0.240519 0.275553
vt 0.240243 0.271245
vt 0.240953 0.282318
vt 0.239671 0.277765
vt 0.238753 0.272261
vt 0.242035 0.266235
vt 0.239929 0.266357
vt 0.240204 0.287109
vt 0.238708 0.280273
vt 0.235718 0.266602
vt 0.237823 0.266479
vt 0.237213 0.273438
vt 0.235898 0.278332
vt 0.237270 0.282869
vt 0.236003 0.285156
vt 0.234668 0.283098
vt 0.238098 0.288389
vt 0.236069 0.289502
vt 0.234012 0.288748
vt 0.234436 0.273682
vt 0.233154 0.280762
vt 0.231873 0.287842
vt 0.242436 0.254917
vt 0.242699 0.258164
vt 0.241374 0.259766
vt 0.240726 0.258279
vt 0.242391 0.262100
vt 0.240697 0.262854
vt 0.239294 0.262280
vt 0.244263 0.246582
vt 0.244232 0.251465
vt 0.242126 0.251587
vt 0.244202 0.256348
vt 0.239990 0.256592
vt 0.244171 0.261230
vt 0.237854 0.261597
vt 0.231002 0.283294
vt 0.230193 0.278856
vt 0.231242 0.276530
vt 0.232138 0.278512
vt 0.229835 0.273417
vt 0.231394 0.272222
vt 0.232888 0.272878
vt 0.229797 0.288208
vt 0.229004 0.281494
vt 0.227417 0.268066
vt 0.229492 0.267700
vt 0.228210 0.274780
vt 0.231567 0.267334
vt 0.233643 0.266968
vt 0.227427 0.283706
vt 0.225157 0.279316
vt 0.225586 0.277181
vt 0.227187 0.279202
vt 0.223072 0.274008
vt 0.224414 0.273025
vt 0.226259 0.273829
vt 0.220917 0.268433
vt 0.223083 0.268311
vt 0.225250 0.268188
vt 0.237184 0.258370
vt 0.236579 0.255220
vt 0.238037 0.253581
vt 0.238952 0.254991
vt 0.236600 0.251366
vt 0.238580 0.250531
vt 0.240327 0.251007
vt 0.235321 0.261841
vt 0.234924 0.257080
vt 0.234131 0.247559
vt 0.236664 0.247314
vt 0.234528 0.252319
vt 0.239197 0.247070
vt 0.241730 0.246826
vt 0.228248 0.256741
vt 0.230179 0.259629
vt 0.229655 0.261230
vt 0.228235 0.259972
vt 0.231885 0.263206
vt 0.230551 0.264090
vt 0.228832 0.263745
vt 0.225830 0.249023
vt 0.228302 0.253418
vt 0.226227 0.253784
vt 0.230774 0.257812
vt 0.226624 0.258545
vt 0.233246 0.262207
vt 0.227020 0.263306
vt 0.233300 0.258884
vt 0.231369 0.255996
vt 0.231893 0.254395
vt 0.233313 0.255653
vt 0.229663 0.252419
vt 0.230997 0.251535
vt 0.232716 0.251880
vt 0.227905 0.248657
vt 0.229980 0.248291
vt 0.232056 0.247925
vt 0.224672 0.257152
vt 0.225229 0.260318
vt 0.223999 0.261882
vt 0.223198 0.260433
vt 0.225256 0.264156
vt 0.223570 0.264893
vt 0.222068 0.264336
vt 0.224060 0.253906
vt 0.222290 0.258789
vt 0.220520 0.263672
vt 0.234500 0.234359
vt 0.237044 0.237916
vt 0.236491 0.239746
vt 0.234670 0.238145
vt 0.239349 0.242260
vt 0.237759 0.243177
vt 0.235623 0.242619
vt 0.231079 0.225098
vt 0.234375 0.230469
vt 0.231842 0.230713
vt 0.237671 0.235840
vt 0.232605 0.236328
vt 0.240967 0.241211
vt 0.233368 0.241943
vt 0.228686 0.243673
vt 0.229460 0.238921
vt 0.230347 0.240560
vt 0.230175 0.244182
vt 0.230616 0.234873
vt 0.231405 0.238577
vt 0.231738 0.243134
vt 0.227142 0.243042
vt 0.228455 0.237061
vt 0.229767 0.231079
vt 0.240990 0.225388
vt 0.241575 0.230923
vt 0.239583 0.229818
vt 0.238487 0.225891
vt 0.241304 0.235983
vt 0.238687 0.232639
vt 0.236456 0.228082
vt 0.243408 0.217773
vt 0.243622 0.224976
vt 0.240326 0.219604
vt 0.243835 0.232178
vt 0.237244 0.221436
vt 0.244049 0.239380
vt 0.234161 0.223267
vt 0.235195 0.218203
vt 0.236227 0.213354
vt 0.237590 0.214193
vt 0.237428 0.217586
vt 0.237844 0.208865
vt 0.239114 0.211638
vt 0.239730 0.215510
vt 0.232880 0.218750
vt 0.234680 0.212402
vt 0.238281 0.199707
vt 0.239563 0.204224
vt 0.236481 0.206055
vt 0.240845 0.208740
vt 0.242126 0.213257
vt 0.219985 0.260529
vt 0.219502 0.257461
vt 0.220703 0.255859
vt 0.221447 0.257232
vt 0.219536 0.253704
vt 0.221161 0.252886
vt 0.222589 0.253345
vt 0.218445 0.263916
vt 0.218140 0.259277
vt 0.217529 0.250000
vt 0.219604 0.249756
vt 0.217834 0.254639
vt 0.221680 0.249512
vt 0.223755 0.249268
vt 0.215600 0.254219
vt 0.216193 0.257893
vt 0.214478 0.256673
vt 0.213477 0.253890
vt 0.216049 0.261043
vt 0.213763 0.258236
vt 0.211784 0.254758
vt 0.214935 0.250366
vt 0.212341 0.250732
vt 0.209747 0.251099
vt 0.234242 0.205675
vt 0.233199 0.210672
vt 0.231893 0.209147
vt 0.232084 0.205411
vt 0.231594 0.215014
vt 0.230397 0.211358
vt 0.229843 0.206753
vt 0.235291 0.200439
vt 0.232300 0.201172
vt 0.229889 0.219482
vt 0.228699 0.213867
vt 0.226318 0.202637
vt 0.229309 0.201904
vt 0.227509 0.208252
vt 0.229663 0.196257
vt 0.230045 0.190868
vt 0.231608 0.192546
vt 0.231932 0.196587
vt 0.231099 0.186200
vt 0.232847 0.190182
vt 0.234062 0.195179
vt 0.227295 0.195801
vt 0.228271 0.188965
vt 0.230225 0.175293
vt 0.232239 0.181396
vt 0.229248 0.182129
vt 0.234253 0.187500
vt 0.236267 0.193604
vt 0.213930 0.237597
vt 0.214687 0.241220
vt 0.213257 0.243164
vt 0.212256 0.241563
vt 0.214828 0.245678
vt 0.212828 0.246710
vt 0.211012 0.246217
vt 0.215088 0.228027
vt 0.215698 0.233521
vt 0.213104 0.233887
vt 0.216309 0.239014
vt 0.211121 0.239746
vt 0.216919 0.244507
vt 0.209137 0.245605
vt 0.217866 0.237083
vt 0.219940 0.240558
vt 0.219482 0.242350
vt 0.217996 0.240787
vt 0.221817 0.244805
vt 0.220512 0.245705
vt 0.218764 0.245164
vt 0.217773 0.233276
vt 0.220459 0.238525
vt 0.223145 0.243774
vt 0.207694 0.241175
vt 0.206349 0.236866
vt 0.208008 0.235189
vt 0.209466 0.237324
vt 0.205718 0.231837
vt 0.208208 0.231376
vt 0.210612 0.232555
vt 0.205811 0.245117
vt 0.204468 0.238770
vt 0.201782 0.226074
vt 0.205109 0.226562
vt 0.203125 0.232422
vt 0.208435 0.227051
vt 0.211761 0.227539
vt 0.202609 0.217164
vt 0.205850 0.220249
vt 0.205078 0.221354
vt 0.202734 0.219791
vt 0.208760 0.223808
vt 0.206651 0.224023
vt 0.203866 0.223090
vt 0.198364 0.209961
vt 0.202545 0.214478
vt 0.199219 0.213989
vt 0.206726 0.218994
vt 0.200073 0.218018
vt 0.210907 0.223511
vt 0.200928 0.222046
vt 0.228275 0.230448
vt 0.227492 0.235201
vt 0.226644 0.233561
vt 0.226835 0.229939
vt 0.226345 0.239248
vt 0.225605 0.235544
vt 0.225312 0.230987
vt 0.229065 0.225464
vt 0.227051 0.225830
vt 0.225128 0.243408
vt 0.224426 0.237793
vt 0.223022 0.226562
vt 0.225037 0.226196
vt 0.223724 0.232178
vt 0.222975 0.239865
vt 0.220913 0.236406
vt 0.221313 0.234538
vt 0.222772 0.236063
vt 0.219024 0.232143
vt 0.220256 0.231145
vt 0.221942 0.231605
vt 0.217072 0.227661
vt 0.219055 0.227295
vt 0.221039 0.226929
vt 0.225415 0.221212
vt 0.225806 0.216460
vt 0.226807 0.218099
vt 0.226921 0.221721
vt 0.226627 0.212412
vt 0.227693 0.216117
vt 0.228378 0.220673
vt 0.223846 0.220581
vt 0.224670 0.214600
vt 0.225494 0.208618
vt 0.208809 0.212073
vt 0.210166 0.216188
vt 0.207926 0.215007
vt 0.206249 0.211957
vt 0.210560 0.219795
vt 0.207364 0.216875
vt 0.204410 0.213151
vt 0.210327 0.207031
vt 0.211517 0.212280
vt 0.207336 0.207764
vt 0.212708 0.217529
vt 0.204346 0.208496
vt 0.213898 0.222778
vt 0.201355 0.209229
vt 0.214006 0.215572
vt 0.216394 0.218787
vt 0.216146 0.220540
vt 0.214535 0.219130
vt 0.218675 0.222755
vt 0.217509 0.223705
vt 0.215757 0.223294
vt 0.213501 0.211914
vt 0.216675 0.216797
vt 0.219849 0.221680
vt 0.197213 0.196349
vt 0.200674 0.199515
vt 0.200236 0.201497
vt 0.197872 0.200201
vt 0.203947 0.203533
vt 0.202161 0.204776
vt 0.199548 0.204610
vt 0.192017 0.187500
vt 0.196594 0.192383
vt 0.193604 0.193115
vt 0.201172 0.197266
vt 0.195190 0.198730
vt 0.205750 0.202148
vt 0.196777 0.204346
vt 0.223952 0.208090
vt 0.223557 0.212826
vt 0.222575 0.211263
vt 0.222470 0.207679
vt 0.222739 0.216890
vt 0.221698 0.213284
vt 0.221033 0.208809
vt 0.224335 0.203125
vt 0.222351 0.203613
vt 0.221863 0.221069
vt 0.220703 0.215576
vt 0.218384 0.204590
vt 0.220367 0.204102
vt 0.219543 0.210083
vt 0.217663 0.209735
vt 0.218865 0.214062
vt 0.217244 0.212728
vt 0.215891 0.209487
vt 0.219370 0.217816
vt 0.216978 0.214634
vt 0.214700 0.210633
vt 0.216370 0.205200
vt 0.214355 0.205811
vt 0.212341 0.206421
vt 0.202302 0.189639
vt 0.204120 0.194129
vt 0.201823 0.192871
vt 0.199831 0.189554
vt 0.204951 0.198079
vt 0.201518 0.194930
vt 0.198216 0.190896
vt 0.203125 0.184082
vt 0.204926 0.189819
vt 0.200348 0.184937
vt 0.206726 0.195557
vt 0.197571 0.185791
vt 0.208527 0.201294
vt 0.194794 0.186646
vt 0.207858 0.193240
vt 0.210679 0.196585
vt 0.210612 0.198568
vt 0.208792 0.197157
vt 0.213470 0.200783
vt 0.212366 0.201961
vt 0.210507 0.201680
vt 0.206940 0.189209
vt 0.210754 0.194336
vt 0.214569 0.199463
vt 0.190050 0.174068
vt 0.193523 0.177054
vt 0.193237 0.179036
vt 0.190921 0.177855
vt 0.196874 0.180892
vt 0.195267 0.182201
vt 0.192788 0.182149
vt 0.184570 0.165527
vt 0.189209 0.170166
vt 0.186432 0.171021
vt 0.193848 0.174805
vt 0.188293 0.176514
vt 0.198486 0.179443
vt 0.190155 0.182007
vt 0.220210 0.198725
vt 0.220091 0.193597
vt 0.221273 0.195313
vt 0.221778 0.199201
vt 0.220480 0.189207
vt 0.221950 0.193139
vt 0.223128 0.198006
vt 0.218567 0.198120
vt 0.218750 0.191650
vt 0.219116 0.178711
vt 0.220917 0.184692
vt 0.218933 0.185181
vt 0.222717 0.190674
vt 0.224518 0.196655
vt 0.227060 0.181776
vt 0.226649 0.187148
vt 0.225220 0.185547
vt 0.224962 0.181544
vt 0.225624 0.191832
vt 0.224047 0.187949
vt 0.222975 0.183033
vt 0.227448 0.176147
vt 0.224670 0.177002
vt 0.221893 0.177856
vt 0.221792 0.172228
vt 0.221737 0.166856
vt 0.223348 0.168457
vt 0.223968 0.172460
vt 0.222375 0.162172
vt 0.224339 0.166055
vt 0.225877 0.170971
vt 0.219513 0.171875
vt 0.219910 0.165039
vt 0.220703 0.151367
vt 0.223083 0.157349
vt 0.220306 0.158203
vt 0.225464 0.163330
vt 0.227844 0.169312
vt 0.213625 0.195432
vt 0.210808 0.192087
vt 0.210856 0.190104
vt 0.212667 0.191515
vt 0.208013 0.187889
vt 0.209093 0.186711
vt 0.210931 0.186991
vt 0.216553 0.198853
vt 0.214722 0.193115
vt 0.205109 0.183472
vt 0.207092 0.182861
vt 0.211060 0.181641
vt 0.212891 0.187378
vt 0.209076 0.182251
vt 0.217264 0.184782
vt 0.217387 0.189877
vt 0.216187 0.188314
vt 0.215672 0.184501
vt 0.216995 0.194300
vt 0.215500 0.190563
vt 0.214301 0.185859
vt 0.217102 0.179443
vt 0.215088 0.180176
vt 0.213074 0.180908
vt 0.194413 0.166895
vt 0.196423 0.171353
vt 0.194173 0.170247
vt 0.192076 0.167007
vt 0.197466 0.175336
vt 0.194021 0.172382
vt 0.190641 0.168511
vt 0.194824 0.161133
vt 0.196899 0.166870
vt 0.192261 0.162231
vt 0.198975 0.172607
vt 0.189697 0.163330
vt 0.201050 0.178345
vt 0.187134 0.164429
vt 0.199995 0.170291
vt 0.202974 0.173636
vt 0.203003 0.175618
vt 0.201116 0.174208
vt 0.205966 0.177833
vt 0.204919 0.179012
vt 0.203048 0.178731
vt 0.198883 0.166260
vt 0.202942 0.171387
vt 0.207001 0.176514
vt 0.181082 0.151042
vt 0.184771 0.154077
vt 0.184733 0.156250
vt 0.182369 0.155106
vt 0.188444 0.158046
vt 0.187059 0.159567
vt 0.184673 0.159662
vt 0.174805 0.142090
vt 0.179810 0.146851
vt 0.177246 0.147949
vt 0.184814 0.151611
vt 0.179688 0.153809
vt 0.189819 0.156372
vt 0.182129 0.159668
vt 0.218182 0.157953
vt 0.218212 0.163309
vt 0.216715 0.161784
vt 0.216153 0.157819
vt 0.217598 0.168009
vt 0.215781 0.164224
vt 0.214366 0.159389
vt 0.218109 0.152344
vt 0.215515 0.153320
vt 0.216919 0.172852
vt 0.214722 0.166992
vt 0.210327 0.155273
vt 0.212921 0.154297
vt 0.212524 0.161133
vt 0.212603 0.175467
vt 0.212186 0.170274
vt 0.213501 0.171875
vt 0.214244 0.175764
vt 0.212334 0.165769
vt 0.214073 0.169588
vt 0.215566 0.174389
vt 0.210876 0.175049
vt 0.210693 0.168457
vt 0.210510 0.161865
vt 0.211949 0.137501
vt 0.214194 0.141613
vt 0.213460 0.144206
vt 0.211764 0.142528
vt 0.216124 0.146840
vt 0.214423 0.148476
vt 0.212308 0.148276
vt 0.209351 0.125977
vt 0.212189 0.132324
vt 0.209595 0.133301
vt 0.215027 0.138672
vt 0.209839 0.140625
vt 0.217865 0.145020
vt 0.210083 0.147949
vt 0.202765 0.163760
vt 0.204718 0.168365
vt 0.202840 0.166992
vt 0.200915 0.163561
vt 0.205863 0.172380
vt 0.202888 0.169051
vt 0.199892 0.164837
vt 0.202637 0.158203
vt 0.204742 0.164062
vt 0.200684 0.158936
vt 0.206848 0.169922
vt 0.198730 0.159668
vt 0.208954 0.175781
vt 0.196777 0.160400
vt 0.208861 0.161447
vt 0.209266 0.166640
vt 0.208008 0.165039
vt 0.207293 0.161150
vt 0.209130 0.171145
vt 0.207465 0.167327
vt 0.206032 0.162525
vt 0.208405 0.156006
vt 0.206482 0.156738
vt 0.204559 0.157471
vt 0.184673 0.143561
vt 0.187059 0.148116
vt 0.184733 0.146973
vt 0.182369 0.143656
vt 0.188444 0.152181
vt 0.184771 0.149146
vt 0.181082 0.145177
vt 0.184570 0.137695
vt 0.187134 0.143555
vt 0.182129 0.138794
vt 0.189697 0.149414
vt 0.179688 0.139893
vt 0.192261 0.155273
vt 0.177246 0.140991
vt 0.190538 0.146956
vt 0.193820 0.150285
vt 0.194010 0.152344
vt 0.191990 0.150971
vt 0.197183 0.154499
vt 0.196222 0.155775
vt 0.194310 0.155576
vt 0.189087 0.142822
vt 0.193604 0.147949
vt 0.198120 0.153076
vt 0.170577 0.127887
vt 0.174353 0.130840
vt 0.174438 0.132975
vt 0.172065 0.131870
vt 0.178165 0.134711
vt 0.176897 0.136216
vt 0.174573 0.136327
vt 0.163940 0.119141
vt 0.169098 0.123779
vt 0.166656 0.124878
vt 0.174255 0.128418
vt 0.169373 0.130615
vt 0.179413 0.133057
vt 0.172089 0.136353
vt 0.207883 0.143852
vt 0.205785 0.139838
vt 0.206462 0.137207
vt 0.208044 0.138808
vt 0.203977 0.134693
vt 0.205556 0.132975
vt 0.207524 0.133077
vt 0.207672 0.149048
vt 0.205017 0.142822
vt 0.199707 0.130371
vt 0.202118 0.129272
vt 0.202362 0.136597
vt 0.204529 0.128174
vt 0.206940 0.127075
vt 0.203640 0.151720
vt 0.202794 0.146234
vt 0.204224 0.147949
vt 0.205282 0.152067
vt 0.202562 0.141484
vt 0.204595 0.145547
vt 0.206468 0.150643
vt 0.201904 0.151245
vt 0.201172 0.144287
vt 0.200439 0.137329
vt 0.200186 0.112779
vt 0.202570 0.116711
vt 0.202026 0.119303
vt 0.200311 0.117740
vt 0.204720 0.121758
vt 0.203199 0.123459
vt 0.201173 0.123374
vt 0.197021 0.101562
vt 0.200104 0.107666
vt 0.197693 0.108765
vt 0.203186 0.113770
vt 0.198364 0.115967
vt 0.206268 0.119873
vt 0.199036 0.123169
vt 0.196617 0.148839
vt 0.193344 0.145527
vt 0.193115 0.143392
vt 0.195117 0.144726
vt 0.189973 0.141297
vt 0.190885 0.139923
vt 0.192756 0.140040
vt 0.200012 0.152222
vt 0.197388 0.146240
vt 0.186462 0.136841
vt 0.188354 0.135986
vt 0.192139 0.134277
vt 0.194763 0.140259
vt 0.190247 0.135132
vt 0.198729 0.137060
vt 0.199571 0.142514
vt 0.198161 0.140951
vt 0.197112 0.136909
vt 0.199807 0.147296
vt 0.197799 0.143429
vt 0.195946 0.138496
vt 0.197815 0.131348
vt 0.195923 0.132324
vt 0.194031 0.133301
vt 0.173514 0.120226
vt 0.176144 0.124765
vt 0.173828 0.123698
vt 0.171312 0.120419
vt 0.177779 0.128846
vt 0.174028 0.125909
vt 0.170192 0.122022
vt 0.172974 0.114258
vt 0.175873 0.120117
vt 0.170715 0.115479
vt 0.178772 0.125977
vt 0.168457 0.116699
vt 0.181671 0.131836
vt 0.166199 0.117920
vt 0.179456 0.123416
vt 0.182913 0.126647
vt 0.183228 0.128743
vt 0.181140 0.127447
vt 0.186505 0.130779
vt 0.185629 0.132137
vt 0.183721 0.132036
vt 0.177765 0.119263
vt 0.182556 0.124268
vt 0.187347 0.129272
vt 0.163220 0.113687
vt 0.160418 0.109637
vt 0.162801 0.110514
vt 0.165451 0.113412
vt 0.158641 0.105965
vt 0.162534 0.108494
vt 0.166542 0.111891
vt 0.160828 0.113892
vt 0.157715 0.108643
vt 0.151489 0.098145
vt 0.156860 0.102173
vt 0.154602 0.103394
vt 0.162231 0.106201
vt 0.167603 0.110229
vt 0.195684 0.108663
vt 0.196526 0.114280
vt 0.194906 0.112793
vt 0.193781 0.108676
vt 0.196672 0.119258
vt 0.194410 0.115424
vt 0.192362 0.110458
vt 0.194763 0.102783
vt 0.192505 0.104004
vt 0.196777 0.124390
vt 0.193848 0.118408
vt 0.187988 0.106445
vt 0.190247 0.105225
vt 0.190918 0.112427
vt 0.192859 0.127589
vt 0.191772 0.122135
vt 0.193278 0.123698
vt 0.194517 0.127739
vt 0.191333 0.117353
vt 0.193545 0.121220
vt 0.195643 0.126152
vt 0.191101 0.127319
vt 0.190063 0.120361
vt 0.189026 0.113403
vt 0.189146 0.099551
vt 0.188132 0.094130
vt 0.189819 0.095540
vt 0.191077 0.099505
vt 0.187844 0.089315
vt 0.190248 0.092986
vt 0.192468 0.097755
vt 0.187103 0.099487
vt 0.186218 0.092529
vt 0.184448 0.078613
vt 0.187592 0.084351
vt 0.185333 0.085571
vt 0.190735 0.090088
vt 0.193878 0.095825
vt 0.185527 0.124811
vt 0.182091 0.121629
vt 0.181681 0.119303
vt 0.183721 0.120485
vt 0.178479 0.117448
vt 0.179232 0.115796
vt 0.181038 0.115652
vt 0.189087 0.128052
vt 0.186035 0.121826
vt 0.174713 0.113037
vt 0.176453 0.111816
vt 0.179932 0.109375
vt 0.182983 0.115601
vt 0.178192 0.110596
vt 0.187165 0.112928
vt 0.188268 0.118415
vt 0.186686 0.116699
vt 0.185409 0.112582
vt 0.188692 0.123164
vt 0.186381 0.119101
vt 0.184202 0.114005
vt 0.185974 0.107178
vt 0.183960 0.107910
vt 0.181946 0.108643
vt 0.165771 0.106232
vt 0.161885 0.103736
vt 0.161580 0.101562
vt 0.163944 0.102363
vt 0.157869 0.100305
vt 0.158912 0.098589
vt 0.161102 0.098150
vt 0.169800 0.108765
vt 0.166626 0.103271
vt 0.153687 0.096680
vt 0.155884 0.095215
vt 0.160278 0.092285
vt 0.163452 0.097778
vt 0.158081 0.093750
vt 0.167095 0.100517
vt 0.170613 0.103209
vt 0.171061 0.105306
vt 0.168983 0.104353
vt 0.174324 0.106803
vt 0.173587 0.108356
vt 0.171765 0.108598
vt 0.165192 0.096558
vt 0.170105 0.100830
vt 0.175018 0.105103
vt 0.146350 0.086740
vt 0.150133 0.088502
vt 0.150391 0.090332
vt 0.148075 0.089875
vt 0.154027 0.091050
vt 0.152964 0.092619
vt 0.150795 0.093205
vt 0.139404 0.080566
vt 0.144623 0.083496
vt 0.142426 0.084961
vt 0.149841 0.086426
vt 0.145447 0.089355
vt 0.155060 0.089355
vt 0.148468 0.093750
vt 0.183239 0.085508
vt 0.184261 0.090929
vt 0.182536 0.089518
vt 0.181259 0.085553
vt 0.184541 0.095744
vt 0.182088 0.092073
vt 0.179827 0.087303
vt 0.182129 0.079834
vt 0.179810 0.081055
vt 0.184784 0.100708
vt 0.181580 0.094971
vt 0.175171 0.083496
vt 0.177490 0.082275
vt 0.178375 0.089233
vt 0.178875 0.093786
vt 0.181288 0.097523
vt 0.181030 0.099772
vt 0.179400 0.098209
vt 0.183589 0.102226
vt 0.182403 0.103585
vt 0.180626 0.103304
vt 0.176361 0.089966
vt 0.177551 0.096436
vt 0.178741 0.102905
vt 0.176560 0.077322
vt 0.175710 0.072587
vt 0.177368 0.073730
vt 0.178512 0.077162
vt 0.175572 0.068343
vt 0.177883 0.071443
vt 0.179972 0.075526
vt 0.174500 0.077393
vt 0.173828 0.071289
vt 0.172485 0.059082
vt 0.175476 0.063965
vt 0.173157 0.065186
vt 0.178467 0.068848
vt 0.181458 0.073730
vt 0.168587 0.093344
vt 0.171327 0.097508
vt 0.169230 0.096517
vt 0.166723 0.093505
vt 0.173166 0.101246
vt 0.169640 0.098538
vt 0.165938 0.094961
vt 0.167480 0.087891
vt 0.170593 0.093262
vt 0.165680 0.088989
vt 0.173706 0.098633
vt 0.163879 0.090088
vt 0.176819 0.104004
vt 0.162079 0.091187
vt 0.176304 0.099394
vt 0.173966 0.095951
vt 0.174194 0.093587
vt 0.175767 0.094922
vt 0.171725 0.091492
vt 0.172850 0.089889
vt 0.174553 0.089876
vt 0.169403 0.086792
vt 0.171326 0.085693
vt 0.173248 0.084595
vt 0.153461 0.086008
vt 0.149657 0.084263
vt 0.149495 0.082357
vt 0.151859 0.082776
vt 0.145784 0.081698
vt 0.146970 0.080031
vt 0.149241 0.079364
vt 0.157410 0.087769
vt 0.154541 0.083252
vt 0.141754 0.078979
vt 0.144104 0.077393
vt 0.148804 0.074219
vt 0.151672 0.078735
vt 0.146454 0.075806
vt 0.155158 0.080907
vt 0.158521 0.083044
vt 0.158854 0.084798
vt 0.156834 0.084074
vt 0.162027 0.085936
vt 0.161208 0.087276
vt 0.159378 0.087552
vt 0.153473 0.077637
vt 0.158142 0.081055
vt 0.162811 0.084473
vt 0.139070 0.075833
vt 0.136550 0.072813
vt 0.138875 0.073079
vt 0.141325 0.075100
vt 0.135029 0.069907
vt 0.138751 0.071326
vt 0.142527 0.073498
vt 0.136658 0.076538
vt 0.133911 0.072510
vt 0.128418 0.064453
vt 0.133514 0.066895
vt 0.131165 0.068481
vt 0.138611 0.069336
vt 0.143707 0.071777
vt 0.171019 0.065462
vt 0.171882 0.070164
vt 0.170166 0.069173
vt 0.168994 0.065818
vt 0.172007 0.074441
vt 0.169623 0.071537
vt 0.167472 0.067617
vt 0.170074 0.060547
vt 0.167664 0.062012
vt 0.172089 0.078857
vt 0.169006 0.074219
vt 0.162842 0.064941
vt 0.165253 0.063477
vt 0.165924 0.069580
vt 0.168124 0.082128
vt 0.166935 0.077670
vt 0.168498 0.078776
vt 0.169823 0.082017
vt 0.166418 0.073688
vt 0.168736 0.076641
vt 0.170952 0.080512
vt 0.166321 0.082153
vt 0.165161 0.076416
vt 0.164001 0.070679
vt 0.164360 0.058870
vt 0.163546 0.054462
vt 0.165243 0.055339
vt 0.166377 0.058465
vt 0.163462 0.050430
vt 0.165805 0.053089
vt 0.167906 0.056715
vt 0.162231 0.059204
vt 0.161621 0.053467
vt 0.160400 0.041992
vt 0.163422 0.046265
vt 0.161011 0.047729
vt 0.166443 0.050537
vt 0.169464 0.054810
vt 0.156836 0.074558
vt 0.159400 0.078036
vt 0.157389 0.077311
vt 0.155026 0.074833
vt 0.161101 0.081202
vt 0.157742 0.079065
vt 0.154232 0.076174
vt 0.155884 0.069824
vt 0.158783 0.074341
vt 0.154114 0.070923
vt 0.161682 0.078857
vt 0.152344 0.072021
vt 0.164581 0.083374
vt 0.150574 0.073120
vt 0.162353 0.070807
vt 0.163517 0.075248
vt 0.162069 0.074219
vt 0.160801 0.071016
vt 0.164059 0.079247
vt 0.161888 0.076392
vt 0.159794 0.072603
vt 0.161102 0.066162
vt 0.159363 0.067383
vt 0.157623 0.068604
vt 0.137728 0.062556
vt 0.140371 0.065658
vt 0.138102 0.065430
vt 0.135596 0.063371
vt 0.142038 0.068662
vt 0.138340 0.067260
vt 0.134540 0.065071
vt 0.137085 0.057617
vt 0.140015 0.061768
vt 0.134918 0.059326
vt 0.142944 0.065918
vt 0.132751 0.061035
vt 0.145874 0.070068
vt 0.130585 0.062744
vt 0.127698 0.059514
vt 0.124982 0.056412
vt 0.127279 0.056641
vt 0.129842 0.058699
vt 0.123253 0.053408
vt 0.127012 0.054811
vt 0.130885 0.057000
vt 0.125397 0.060303
vt 0.122375 0.056152
vt 0.116333 0.047852
vt 0.121521 0.050293
vt 0.119354 0.052002
vt 0.126709 0.052734
vt 0.131897 0.055176
vt 0.149267 0.068662
vt 0.148049 0.064400
vt 0.149536 0.065430
vt 0.150851 0.068518
vt 0.147471 0.060581
vt 0.149708 0.063371
vt 0.151871 0.067046
vt 0.147583 0.068726
vt 0.146362 0.063232
vt 0.143921 0.052246
vt 0.146912 0.056641
vt 0.145142 0.057739
vt 0.149902 0.061035
vt 0.152893 0.065430
vt 0.150429 0.058626
vt 0.153825 0.060584
vt 0.154215 0.062337
vt 0.152195 0.061727
vt 0.157388 0.063295
vt 0.156627 0.064701
vt 0.154829 0.065091
vt 0.148651 0.055420
vt 0.153381 0.058594
vt 0.158112 0.061768
vt 0.143509 0.058008
vt 0.144719 0.062238
vt 0.143270 0.061361
vt 0.141974 0.058349
vt 0.145305 0.066090
vt 0.143117 0.063496
vt 0.140995 0.059984
vt 0.142212 0.053589
vt 0.140503 0.054932
vt 0.138794 0.056274
vt 0.159883 0.056504
vt 0.157638 0.053844
vt 0.158162 0.051595
vt 0.159783 0.052472
vt 0.155618 0.050218
vt 0.157066 0.048469
vt 0.158986 0.048063
vt 0.159943 0.060669
vt 0.157043 0.056396
vt 0.151245 0.047852
vt 0.153534 0.046387
vt 0.154144 0.052124
vt 0.155823 0.044922
vt 0.158112 0.043457
vt 0.156411 0.058665
vt 0.153003 0.056690
vt 0.152669 0.055013
vt 0.154718 0.055661
vt 0.149452 0.053995
vt 0.150287 0.052687
vt 0.152145 0.052379
vt 0.145752 0.051147
vt 0.147583 0.050049
vt 0.149414 0.048950
vt 0.152480 0.041780
vt 0.151511 0.037372
vt 0.153198 0.038249
vt 0.154428 0.041375
vt 0.151268 0.033340
vt 0.153656 0.035999
vt 0.155847 0.039625
vt 0.150421 0.042114
vt 0.149597 0.036377
vt 0.147949 0.024902
vt 0.151062 0.029175
vt 0.148773 0.030640
vt 0.154175 0.033447
vt 0.157288 0.037720
vt 0.137136 0.051546
vt 0.135584 0.047023
vt 0.137166 0.048014
vt 0.138729 0.051255
vt 0.134712 0.042926
vt 0.137185 0.045765
vt 0.139651 0.049571
vt 0.135437 0.051758
vt 0.133789 0.045898
vt 0.130493 0.034180
vt 0.133850 0.038696
vt 0.132141 0.040039
vt 0.137207 0.043213
vt 0.140564 0.047729
vt 0.137696 0.040868
vt 0.141410 0.043005
vt 0.141886 0.044759
vt 0.139694 0.044035
vt 0.145328 0.045896
vt 0.144555 0.047237
vt 0.142635 0.047513
vt 0.135681 0.037598
vt 0.140869 0.041016
vt 0.146057 0.044434
vt 0.147798 0.039311
vt 0.145287 0.036554
vt 0.145793 0.034342
vt 0.147575 0.035296
vt 0.142994 0.032846
vt 0.144515 0.031178
vt 0.146586 0.030871
vt 0.147980 0.043457
vt 0.144714 0.039062
vt 0.138184 0.030273
vt 0.140625 0.028931
vt 0.141449 0.034668
vt 0.143066 0.027588
vt 0.145508 0.026245
vt 0.144119 0.041266
vt 0.140393 0.039112
vt 0.139974 0.037435
vt 0.142195 0.038197
vt 0.136487 0.036238
vt 0.137334 0.034995
vt 0.139316 0.034801
vt 0.132416 0.033203
vt 0.134338 0.032227
vt 0.136261 0.031250
vt 0.139058 0.023379
vt 0.137604 0.018072
vt 0.139567 0.019368
vt 0.141206 0.023219
vt 0.136993 0.013323
vt 0.139891 0.016814
vt 0.142650 0.021404
vt 0.136780 0.023438
vt 0.135376 0.016602
vt 0.132568 0.002930
vt 0.136414 0.008423
vt 0.133972 0.009766
vt 0.140259 0.013916
vt 0.144104 0.019409
vt 0.131707 0.010030
vt 0.133159 0.015304
vt 0.131205 0.014160
vt 0.129571 0.010386
vt 0.133772 0.020086
vt 0.130886 0.016791
vt 0.128137 0.012364
vt 0.130142 0.004517
vt 0.127716 0.006104
vt 0.134354 0.025024
vt 0.130524 0.019775
vt 0.122864 0.009277
vt 0.125290 0.007690
vt 0.126694 0.014526
vt 0.124639 0.014731
vt 0.127945 0.018780
vt 0.125671 0.017904
vt 0.122741 0.015006
vt 0.130273 0.022453
vt 0.126329 0.019924
vt 0.122102 0.016527
vt 0.121140 0.010498
vt 0.119415 0.011719
vt 0.132629 0.026245
vt 0.127075 0.022217
vt 0.115967 0.014160
vt 0.117691 0.012939
vt 0.121521 0.018188
vt 0.123710 0.021775
vt 0.127681 0.024336
vt 0.128215 0.026204
vt 0.125879 0.025251
vt 0.131881 0.027701
vt 0.131083 0.029026
vt 0.129053 0.029138
vt 0.119598 0.019165
vt 0.123230 0.024170
vt 0.126862 0.029175
vt 0.130596 0.040354
vt 0.132124 0.044860
vt 0.130656 0.043945
vt 0.129150 0.040743
vt 0.133020 0.048974
vt 0.130694 0.046233
vt 0.128351 0.042509
vt 0.128967 0.035645
vt 0.127441 0.037109
vt 0.133911 0.053223
vt 0.130737 0.048828
vt 0.124390 0.040039
vt 0.125916 0.038574
vt 0.127563 0.044434
vt 0.123901 0.033351
vt 0.122006 0.028354
vt 0.123617 0.029460
vt 0.125408 0.033043
vt 0.120803 0.023833
vt 0.123435 0.026982
vt 0.126146 0.031196
vt 0.122284 0.033569
vt 0.120178 0.027100
vt 0.118073 0.020630
vt 0.125367 0.045390
vt 0.128185 0.048655
vt 0.125936 0.048503
vt 0.123324 0.046368
vt 0.130036 0.051855
vt 0.126298 0.050485
vt 0.122404 0.048263
vt 0.122375 0.041992
vt 0.120361 0.043945
vt 0.118347 0.045898
vt 0.116314 0.020643
vt 0.118232 0.025672
vt 0.116516 0.024414
vt 0.114672 0.020754
vt 0.119412 0.030161
vt 0.116645 0.026816
vt 0.113822 0.022439
vt 0.114273 0.015381
vt 0.112579 0.016602
vt 0.120590 0.034790
vt 0.116791 0.029541
vt 0.109192 0.019043
vt 0.110886 0.017822
vt 0.112991 0.024292
vt 0.108497 0.033776
vt 0.112868 0.035798
vt 0.113525 0.038086
vt 0.110981 0.037628
vt 0.117521 0.038804
vt 0.116728 0.040831
vt 0.114558 0.041678
vt 0.099854 0.026367
vt 0.105988 0.029785
vt 0.103973 0.031738
vt 0.112122 0.033203
vt 0.108093 0.037109
vt 0.118256 0.036621
vt 0.112213 0.042480
vt 0.116016 0.032733
vt 0.111603 0.030694
vt 0.111145 0.028483
vt 0.113790 0.028979
vt 0.106992 0.027705
vt 0.108043 0.025776
vt 0.110427 0.025011
vt 0.102188 0.024536
vt 0.104523 0.022705
vt 0.106857 0.020874
vt 1.061616 0.036823
vt 1.054693 0.033296
vt 1.055990 0.034668
vt 1.060869 0.037413
vt 1.048327 0.030358
vt 1.052406 0.033296
vt 1.058025 0.036823
vt 1.071289 0.040527
vt 1.062256 0.036133
vt 1.068848 0.040527
vt 1.053223 0.031738
vt 1.066406 0.040527
vt 1.035156 0.022949
vt 1.041748 0.027344
vt 1.044189 0.027344
vt 1.048340 0.031738
vt 1.061523 0.040527
vt 1.063965 0.040527
vt 1.054932 0.036133
vt 1.050410 0.033942
vt 1.046004 0.030873
vt 1.043945 0.030111
vt 1.046004 0.031788
vt 1.040713 0.027477
vt 1.039828 0.027671
vt 1.040713 0.028913
vt 1.054932 0.037109
vt 1.048340 0.033691
vt 1.035156 0.023926
vt 1.035156 0.024902
vt 1.035156 0.026855
vt 1.041748 0.030273
vt 1.035156 0.025879
vt 1.034127 0.024493
vt 1.033147 0.025048
vt 1.033529 0.025391
vt 1.034291 0.025162
vt 1.032331 0.025750
vt 1.033147 0.025962
vt 1.034127 0.025929
vt 1.033936 0.023804
vt 1.032715 0.024658
vt 1.030273 0.026367
vt 1.031494 0.026489
vt 1.031494 0.025513
vt 1.032715 0.026611
vt 1.033936 0.026733
vt 1.031302 0.024721
vt 1.032282 0.024182
vt 1.031901 0.023763
vt 1.031139 0.023954
vt 1.033098 0.023464
vt 1.032282 0.023153
vt 1.031302 0.023105
vt 1.030273 0.025269
vt 1.030273 0.024170
vt 1.033936 0.022705
vt 1.032715 0.022461
vt 1.030273 0.021973
vt 1.030273 0.023071
vt 1.031494 0.022217
vt 1.029656 0.023002
vt 1.029068 0.022952
vt 1.029297 0.023600
vt 1.029754 0.023867
vt 1.028579 0.023181
vt 1.029068 0.023982
vt 1.029656 0.024618
vt 1.029541 0.022095
vt 1.028809 0.022217
vt 1.027344 0.022461
vt 1.028076 0.023438
vt 1.028076 0.022339
vt 1.028809 0.024414
vt 1.029541 0.025391
vt 1.027550 0.024519
vt 1.027059 0.025564
vt 1.027669 0.025716
vt 1.028203 0.025106
vt 1.026831 0.026674
vt 1.027745 0.026479
vt 1.028627 0.025956
vt 1.026855 0.023926
vt 1.026367 0.025391
vt 1.025391 0.028320
vt 1.026611 0.027832
vt 1.025879 0.026855
vt 1.027832 0.027344
vt 1.029053 0.026855
vt 1.025185 0.026365
vt 1.025675 0.025304
vt 1.025065 0.025228
vt 1.024531 0.025876
vt 1.025903 0.024210
vt 1.024989 0.024504
vt 1.024107 0.025108
vt 1.024658 0.027466
vt 1.023926 0.026611
vt 1.026123 0.023071
vt 1.024902 0.023682
vt 1.022461 0.024902
vt 1.023193 0.025757
vt 1.023682 0.024292
vt 1.023078 0.026960
vt 1.022980 0.028119
vt 1.023438 0.028158
vt 1.023666 0.027433
vt 1.023078 0.029295
vt 1.023666 0.028920
vt 1.024156 0.028217
vt 1.022461 0.026489
vt 1.022461 0.028076
vt 1.022461 0.031250
vt 1.023193 0.030518
vt 1.022461 0.029663
vt 1.023926 0.029785
vt 1.024658 0.029053
vt 1.021638 0.027063
vt 1.020854 0.027634
vt 1.021159 0.028320
vt 1.021769 0.028206
vt 1.020201 0.028500
vt 1.020854 0.029121
vt 1.021638 0.029398
vt 1.021484 0.025879
vt 1.020508 0.026855
vt 1.018555 0.028809
vt 1.019531 0.029419
vt 1.019531 0.027832
vt 1.020508 0.030029
vt 1.021484 0.030640
vt 1.015988 0.036103
vt 1.017751 0.034634
vt 1.017904 0.033529
vt 1.016836 0.034062
vt 1.019580 0.032691
vt 1.019124 0.031889
vt 1.018143 0.031793
vt 1.012695 0.040527
vt 1.015137 0.038208
vt 1.014160 0.037598
vt 1.017578 0.035889
vt 1.015625 0.034668
vt 1.020020 0.033569
vt 1.017090 0.031738
vt 1.020609 0.035160
vt 1.018616 0.036711
vt 1.019531 0.037435
vt 1.021132 0.036711
vt 1.017017 0.038572
vt 1.018845 0.038884
vt 1.020968 0.038572
vt 1.022705 0.033569
vt 1.022949 0.035889
vt 1.015381 0.040527
vt 1.018066 0.040527
vt 1.023438 0.040527
vt 1.023193 0.038208
vt 1.020752 0.040527
vt 0.089986 0.332441
vt 0.089798 0.330971
vt 0.090780 0.331543
vt 0.091256 0.332687
vt 0.090031 0.329747
vt 0.091285 0.330971
vt 0.092321 0.332441
vt 0.088623 0.333984
vt 0.088654 0.332153
vt 0.090210 0.333984
vt 0.088684 0.330322
vt 0.091797 0.333984
vt 0.088745 0.326660
vt 0.090302 0.328491
vt 0.088715 0.328491
vt 0.091858 0.330322
vt 0.094971 0.333984
vt 0.093384 0.333984
vt 0.093414 0.332153
vt 0.094250 0.331206
vt 0.092907 0.329933
vt 0.093831 0.329590
vt 0.095023 0.330276
vt 0.091961 0.328512
vt 0.093565 0.328561
vt 0.095283 0.329051
vt 0.095673 0.332520
vt 0.096375 0.331055
vt 0.091003 0.327026
vt 0.093262 0.327393
vt 0.097778 0.328125
vt 0.097076 0.329590
vt 0.095520 0.327759
vt 0.096244 0.332750
vt 0.096699 0.331574
vt 0.096985 0.332031
vt 0.096799 0.332946
vt 0.097277 0.330595
vt 0.097457 0.331574
vt 0.097434 0.332750
vt 0.095779 0.333984
vt 0.096588 0.333984
vt 0.097885 0.329590
vt 0.097992 0.331055
vt 0.098206 0.333984
vt 0.097397 0.333984
vt 0.098099 0.332520
vt 0.090684 0.323862
vt 0.092487 0.325053
vt 0.091777 0.325358
vt 0.090371 0.324710
vt 0.093984 0.326376
vt 0.092472 0.326311
vt 0.090662 0.325837
vt 0.088806 0.321289
vt 0.091049 0.322998
vt 0.088791 0.322632
vt 0.093292 0.324707
vt 0.088776 0.323975
vt 0.095535 0.326416
vt 0.088760 0.325317
vt 0.096428 0.325038
vt 0.094541 0.323928
vt 0.095642 0.323242
vt 0.097243 0.323700
vt 0.093128 0.322524
vt 0.095142 0.322098
vt 0.097371 0.322165
vt 0.098419 0.326172
vt 0.099060 0.324219
vt 0.091690 0.321045
vt 0.094574 0.320801
vt 0.100342 0.320312
vt 0.099701 0.322266
vt 0.097458 0.320557
vt 0.101229 0.323297
vt 0.102675 0.324308
vt 0.101746 0.325033
vt 0.100488 0.324651
vt 0.103721 0.325631
vt 0.102074 0.326138
vt 0.100286 0.326170
vt 0.102036 0.321899
vt 0.103729 0.323486
vt 0.107117 0.326660
vt 0.104782 0.327026
vt 0.105423 0.325073
vt 0.102448 0.327393
vt 0.100113 0.327759
vt 0.091237 0.319953
vt 0.093552 0.320084
vt 0.092651 0.320312
vt 0.090850 0.320313
vt 0.095480 0.320313
vt 0.093552 0.320541
vt 0.091237 0.320672
vt 0.088806 0.319336
vt 0.091690 0.319580
vt 0.088806 0.319824
vt 0.094574 0.319824
vt 0.088806 0.320312
vt 0.097458 0.320068
vt 0.088806 0.320801
vt 0.105586 0.323882
vt 0.104243 0.322838
vt 0.104696 0.322266
vt 0.105715 0.322723
vt 0.103094 0.321547
vt 0.104129 0.321236
vt 0.105406 0.321368
vt 0.106995 0.324951
vt 0.106873 0.323242
vt 0.101913 0.320190
vt 0.103485 0.320068
vt 0.106628 0.319824
vt 0.106750 0.321533
vt 0.105057 0.319946
vt 0.097898 0.319695
vt 0.095585 0.319565
vt 0.096476 0.319336
vt 0.098273 0.319336
vt 0.093655 0.319336
vt 0.095571 0.319107
vt 0.097875 0.318977
vt 0.100327 0.319824
vt 0.100311 0.319336
vt 0.091675 0.319092
vt 0.094543 0.318848
vt 0.100281 0.318359
vt 0.100296 0.318848
vt 0.097412 0.318604
vt 0.101631 0.319080
vt 0.102903 0.319308
vt 0.102417 0.319499
vt 0.101431 0.319422
vt 0.103966 0.319618
vt 0.102917 0.319766
vt 0.101654 0.319798
vt 0.101868 0.318726
vt 0.103455 0.319092
vt 0.105042 0.319458
vt 0.097760 0.316301
vt 0.095473 0.316858
vt 0.096293 0.315104
vt 0.098047 0.314113
vt 0.093540 0.316661
vt 0.095359 0.314342
vt 0.097580 0.312351
vt 0.100159 0.315674
vt 0.100037 0.312988
vt 0.091553 0.316406
vt 0.094299 0.313477
vt 0.099792 0.307617
vt 0.099915 0.310303
vt 0.097046 0.310547
vt 0.091031 0.314603
vt 0.090577 0.312840
vt 0.092326 0.311849
vt 0.093250 0.312611
vt 0.090874 0.310652
vt 0.093150 0.310095
vt 0.095072 0.310293
vt 0.088699 0.316650
vt 0.088593 0.313965
vt 0.088379 0.308594
vt 0.091232 0.308350
vt 0.088486 0.311279
vt 0.094086 0.308105
vt 0.096939 0.307861
vt 0.105278 0.319104
vt 0.104006 0.318876
vt 0.104492 0.318685
vt 0.105479 0.318761
vt 0.102943 0.318565
vt 0.103992 0.318418
vt 0.105255 0.318386
vt 0.106613 0.319336
vt 0.106598 0.318848
vt 0.101852 0.318237
vt 0.103424 0.318115
vt 0.106567 0.317871
vt 0.106583 0.318359
vt 0.104996 0.317993
vt 0.095692 0.293699
vt 0.096565 0.297746
vt 0.095011 0.299805
vt 0.093892 0.297975
vt 0.096770 0.302678
vt 0.094578 0.303693
vt 0.092572 0.303037
vt 0.096863 0.283203
vt 0.097595 0.289307
vt 0.094742 0.289551
vt 0.098328 0.295410
vt 0.092621 0.295898
vt 0.099060 0.301514
vt 0.090500 0.302246
vt 0.089588 0.298407
vt 0.088752 0.294654
vt 0.090291 0.292480
vt 0.091383 0.294082
vt 0.088578 0.289966
vt 0.090739 0.288706
vt 0.092708 0.289068
vt 0.087692 0.302856
vt 0.087006 0.297119
vt 0.085632 0.285645
vt 0.088440 0.285034
vt 0.086319 0.291382
vt 0.091248 0.284424
vt 0.094055 0.283813
vt 0.084962 0.271006
vt 0.088093 0.274596
vt 0.087626 0.276693
vt 0.085463 0.275168
vt 0.091023 0.279087
vt 0.089323 0.280315
vt 0.086893 0.279985
vt 0.080383 0.261230
vt 0.084503 0.266724
vt 0.081696 0.267334
vt 0.088623 0.272217
vt 0.083008 0.273438
vt 0.092743 0.277710
vt 0.084320 0.279541
vt 0.103426 0.309316
vt 0.102504 0.311635
vt 0.101990 0.310872
vt 0.102390 0.309119
vt 0.101361 0.313626
vt 0.101075 0.311864
vt 0.101182 0.309675
vt 0.105896 0.306641
vt 0.104492 0.309570
vt 0.104370 0.306885
vt 0.103088 0.312500
vt 0.102844 0.307129
vt 0.101685 0.315430
vt 0.101318 0.307373
vt 0.102789 0.315787
vt 0.103705 0.313452
vt 0.104248 0.314290
vt 0.103862 0.316082
vt 0.104854 0.311477
vt 0.105177 0.313337
vt 0.105101 0.315607
vt 0.106064 0.309448
vt 0.106232 0.312256
vt 0.106400 0.315063
vt 0.100976 0.287783
vt 0.100554 0.292846
vt 0.099854 0.291016
vt 0.099868 0.287127
vt 0.099831 0.297121
vt 0.099139 0.293074
vt 0.098754 0.288142
vt 0.102905 0.282227
vt 0.102127 0.288574
vt 0.101395 0.282471
vt 0.101349 0.294922
vt 0.099884 0.282715
vt 0.100571 0.301270
vt 0.098373 0.282959
vt 0.101735 0.302061
vt 0.102155 0.296998
vt 0.102865 0.298828
vt 0.102855 0.302717
vt 0.102880 0.292722
vt 0.103584 0.296769
vt 0.103979 0.301701
vt 0.103653 0.288330
vt 0.104401 0.294434
vt 0.105148 0.300537
vt 0.091975 0.272604
vt 0.088893 0.269146
vt 0.089132 0.266439
vt 0.091181 0.267659
vt 0.085914 0.264523
vt 0.087321 0.262512
vt 0.089506 0.262189
vt 0.095184 0.276123
vt 0.093506 0.269043
vt 0.082825 0.259644
vt 0.085266 0.258057
vt 0.090149 0.254883
vt 0.091827 0.261963
vt 0.087708 0.256470
vt 0.107751 0.315401
vt 0.107405 0.313164
vt 0.108439 0.313965
vt 0.109035 0.315680
vt 0.107504 0.311271
vt 0.108878 0.313050
vt 0.110063 0.315222
vt 0.108139 0.317749
vt 0.109711 0.317627
vt 0.107635 0.309326
vt 0.109375 0.312012
vt 0.112854 0.317383
vt 0.111282 0.317505
vt 0.111115 0.314697
vt 0.110217 0.318000
vt 0.109179 0.318474
vt 0.108683 0.318359
vt 0.109165 0.318016
vt 0.107928 0.318898
vt 0.107706 0.318588
vt 0.107905 0.318180
vt 0.111298 0.317993
vt 0.109741 0.318604
vt 0.108185 0.319214
vt 0.095342 0.259439
vt 0.095598 0.265530
vt 0.094564 0.263509
vt 0.094025 0.258896
vt 0.095409 0.270752
vt 0.094068 0.266102
vt 0.092940 0.260336
vt 0.096680 0.252441
vt 0.096725 0.260132
vt 0.095047 0.253052
vt 0.096771 0.267822
vt 0.093414 0.253662
vt 0.096817 0.275513
vt 0.091782 0.254272
vt 0.098098 0.276515
vt 0.097858 0.270374
vt 0.098816 0.272624
vt 0.099316 0.277351
vt 0.098030 0.265201
vt 0.099273 0.270146
vt 0.100320 0.276156
vt 0.098236 0.259888
vt 0.099792 0.267334
vt 0.101349 0.274780
vt 0.084268 0.257938
vt 0.085679 0.256289
vt 0.086528 0.256022
vt 0.085937 0.256975
vt 0.087455 0.254526
vt 0.087967 0.254802
vt 0.087859 0.255603
vt 0.082550 0.258911
vt 0.084717 0.256592
vt 0.089050 0.251953
vt 0.089325 0.252686
vt 0.086884 0.254272
vt 0.089600 0.253418
vt 0.089874 0.254150
vt 0.084986 0.255555
vt 0.083603 0.257154
vt 0.082621 0.257650
vt 0.083145 0.256811
vt 0.081798 0.258967
vt 0.081115 0.258984
vt 0.081080 0.258428
vt 0.086395 0.253906
vt 0.083740 0.255859
vt 0.079895 0.260864
vt 0.079407 0.260498
vt 0.078430 0.259766
vt 0.081085 0.257812
vt 0.078918 0.260132
vt 0.084008 0.253600
vt 0.082324 0.255167
vt 0.081075 0.254557
vt 0.081695 0.253337
vt 0.080102 0.256473
vt 0.079207 0.255167
vt 0.079115 0.253599
vt 0.085724 0.251953
vt 0.082397 0.251953
vt 0.077759 0.257812
vt 0.077087 0.255859
vt 0.075745 0.251953
vt 0.079071 0.251953
vt 0.076416 0.253906
vt 0.093060 0.250876
vt 0.092189 0.251953
vt 0.091593 0.251953
vt 0.091932 0.251267
vt 0.091062 0.253031
vt 0.090659 0.252639
vt 0.090658 0.251953
vt 0.095581 0.249023
vt 0.094223 0.250488
vt 0.093948 0.249756
vt 0.092865 0.251953
vt 0.092316 0.250488
vt 0.091507 0.253418
vt 0.090683 0.251221
vt 0.092670 0.253134
vt 0.093541 0.252040
vt 0.094137 0.252116
vt 0.093798 0.252840
vt 0.094668 0.250979
vt 0.095071 0.251468
vt 0.095072 0.252236
vt 0.095856 0.249878
vt 0.096130 0.250732
vt 0.096405 0.251587
vt 0.085719 0.249998
vt 0.083133 0.250309
vt 0.083781 0.248861
vt 0.085663 0.248136
vt 0.080825 0.249998
vt 0.082547 0.248136
vt 0.084799 0.246586
vt 0.088425 0.249634
vt 0.087799 0.247314
vt 0.078445 0.249634
vt 0.081146 0.247314
vt 0.086548 0.242676
vt 0.087173 0.244995
vt 0.083847 0.244995
vt 0.092301 0.248303
vt 0.091294 0.249104
vt 0.090393 0.247884
vt 0.090708 0.246931
vt 0.089899 0.249381
vt 0.089178 0.247617
vt 0.088979 0.245969
vt 0.093323 0.247437
vt 0.091064 0.245850
vt 0.088806 0.244263
vt 0.079050 0.244133
vt 0.079668 0.238859
vt 0.080973 0.239583
vt 0.081054 0.243205
vt 0.080846 0.233897
vt 0.082198 0.236686
vt 0.083024 0.240721
vt 0.076965 0.244995
vt 0.078186 0.238037
vt 0.080627 0.224121
vt 0.082108 0.228760
vt 0.079407 0.231079
vt 0.083588 0.233398
vt 0.085068 0.238037
vt 0.077077 0.230707
vt 0.076499 0.236177
vt 0.075012 0.234538
vt 0.074841 0.230458
vt 0.075282 0.240943
vt 0.073697 0.236978
vt 0.072678 0.231964
vt 0.077637 0.224976
vt 0.074646 0.225830
vt 0.073975 0.245850
vt 0.072205 0.239746
vt 0.068665 0.227539
vt 0.071655 0.226685
vt 0.070435 0.233643
vt 0.093124 0.245731
vt 0.091400 0.244768
vt 0.091695 0.243815
vt 0.092901 0.244082
vt 0.089802 0.243396
vt 0.090785 0.242595
vt 0.092159 0.242319
vt 0.094925 0.246704
vt 0.094269 0.244385
vt 0.088150 0.241943
vt 0.089752 0.241211
vt 0.092957 0.239746
vt 0.093613 0.242065
vt 0.091354 0.240479
vt 0.072639 0.223011
vt 0.073622 0.219501
vt 0.074951 0.220378
vt 0.074808 0.222932
vt 0.075176 0.216367
vt 0.076424 0.218700
vt 0.077039 0.221754
vt 0.070389 0.223022
vt 0.072113 0.218506
vt 0.075562 0.209473
vt 0.076828 0.213135
vt 0.073837 0.213989
vt 0.078094 0.216797
vt 0.079361 0.220459
vt 0.071626 0.214206
vt 0.070637 0.217684
vt 0.069336 0.216960
vt 0.069493 0.214482
vt 0.069089 0.220851
vt 0.067878 0.218713
vt 0.067293 0.215822
vt 0.072617 0.210571
vt 0.069672 0.211670
vt 0.067444 0.224121
vt 0.066223 0.220703
vt 0.063782 0.213867
vt 0.066727 0.212769
vt 0.065002 0.217285
vt 0.085724 0.226619
vt 0.085800 0.230750
vt 0.084819 0.229492
vt 0.084413 0.226404
vt 0.085455 0.234341
vt 0.084242 0.231322
vt 0.083277 0.227517
vt 0.087280 0.221680
vt 0.087097 0.226929
vt 0.085617 0.222290
vt 0.086914 0.232178
vt 0.083954 0.222900
vt 0.086731 0.237427
vt 0.082291 0.223511
vt 0.088053 0.237634
vt 0.087985 0.233519
vt 0.088928 0.234701
vt 0.089314 0.237750
vt 0.088322 0.229912
vt 0.089486 0.232832
vt 0.090410 0.236556
vt 0.088699 0.226196
vt 0.090118 0.230713
vt 0.091537 0.235229
vt 0.080372 0.210865
vt 0.080307 0.214294
vt 0.079407 0.213379
vt 0.079121 0.210863
vt 0.079856 0.217330
vt 0.078792 0.214980
vt 0.077993 0.211942
vt 0.082031 0.206543
vt 0.081680 0.210938
vt 0.080414 0.207275
vt 0.081329 0.215332
vt 0.078796 0.208008
vt 0.080978 0.219727
vt 0.077179 0.208740
vt 0.082325 0.219902
vt 0.082384 0.216457
vt 0.083313 0.217448
vt 0.083613 0.220002
vt 0.082842 0.213437
vt 0.083942 0.215885
vt 0.084772 0.219004
vt 0.083344 0.210327
vt 0.084656 0.214111
vt 0.085968 0.217896
vt 0.067460 0.208928
vt 0.068204 0.205254
vt 0.069600 0.206055
vt 0.069634 0.208685
vt 0.069548 0.201924
vt 0.070963 0.204225
vt 0.071793 0.207312
vt 0.065201 0.209106
vt 0.066620 0.204346
vt 0.069458 0.194824
vt 0.070984 0.198486
vt 0.068039 0.199585
vt 0.072510 0.202148
vt 0.074036 0.205811
vt 0.065850 0.199866
vt 0.065095 0.203524
vt 0.063751 0.202799
vt 0.063744 0.200207
vt 0.063762 0.206870
vt 0.062414 0.204668
vt 0.061641 0.201662
vt 0.066597 0.196045
vt 0.063736 0.197266
vt 0.062340 0.210327
vt 0.060898 0.206787
vt 0.058014 0.199707
vt 0.060875 0.198486
vt 0.059456 0.203247
vt 0.077002 0.205151
vt 0.076858 0.201722
vt 0.077840 0.202637
vt 0.078288 0.205153
vt 0.077137 0.198686
vt 0.078374 0.201036
vt 0.079382 0.204073
vt 0.075653 0.205078
vt 0.075745 0.200684
vt 0.075928 0.191895
vt 0.077454 0.195557
vt 0.075836 0.196289
vt 0.078979 0.199219
vt 0.080505 0.202881
vt 0.074487 0.196216
vt 0.074631 0.199645
vt 0.073649 0.198730
vt 0.073201 0.196214
vt 0.074352 0.202681
vt 0.073115 0.200332
vt 0.072108 0.197294
vt 0.074310 0.192627
vt 0.072693 0.193359
vt 0.071075 0.194092
vt 0.061326 0.194356
vt 0.061799 0.190405
vt 0.063253 0.191243
vt 0.063479 0.194065
vt 0.062897 0.186814
vt 0.064480 0.189261
vt 0.065535 0.192560
vt 0.059082 0.194580
vt 0.060150 0.189453
vt 0.062286 0.179199
vt 0.064079 0.183105
vt 0.061218 0.184326
vt 0.065872 0.187012
vt 0.067665 0.190918
vt 0.059051 0.184859
vt 0.058566 0.188761
vt 0.057170 0.188151
vt 0.056972 0.185444
vt 0.057480 0.192401
vt 0.055971 0.190248
vt 0.054977 0.187193
vt 0.059517 0.180786
vt 0.056747 0.182373
vt 0.056313 0.196167
vt 0.054611 0.192627
vt 0.051208 0.185547
vt 0.053978 0.183960
vt 0.052910 0.189087
vt 0.070603 0.190297
vt 0.070177 0.186672
vt 0.071269 0.187663
vt 0.071936 0.190331
vt 0.070221 0.183472
vt 0.071693 0.185985
vt 0.072982 0.189219
vt 0.069199 0.190186
vt 0.068939 0.185547
vt 0.068420 0.176270
vt 0.070297 0.180176
vt 0.068680 0.180908
vt 0.072174 0.184082
vt 0.074051 0.187988
vt 0.067346 0.180797
vt 0.067760 0.184422
vt 0.066722 0.183431
vt 0.066081 0.180762
vt 0.067728 0.187621
vt 0.066324 0.185108
vt 0.065090 0.181875
vt 0.066887 0.177002
vt 0.065353 0.177734
vt 0.063820 0.178467
vt 0.053942 0.179373
vt 0.053950 0.174981
vt 0.055532 0.175781
vt 0.056101 0.178869
vt 0.054638 0.170933
vt 0.056544 0.173494
vt 0.058016 0.177038
vt 0.051682 0.179810
vt 0.052155 0.174072
vt 0.053101 0.162598
vt 0.055397 0.166748
vt 0.052628 0.168335
vt 0.057693 0.170898
vt 0.059990 0.175049
vt 0.050399 0.168875
vt 0.050386 0.173250
vt 0.048828 0.172526
vt 0.048271 0.169476
vt 0.049704 0.177315
vt 0.047827 0.174852
vt 0.046381 0.171389
vt 0.050369 0.164307
vt 0.047638 0.166016
vt 0.048950 0.181519
vt 0.046692 0.177490
vt 0.042175 0.169434
vt 0.044907 0.167725
vt 0.044434 0.173462
vt 0.062910 0.174363
vt 0.062067 0.170444
vt 0.063273 0.171549
vt 0.064248 0.174447
vt 0.061743 0.167000
vt 0.063504 0.169758
vt 0.065166 0.173285
vt 0.061493 0.174194
vt 0.060699 0.169189
vt 0.059113 0.159180
vt 0.061440 0.163452
vt 0.059906 0.164185
vt 0.063766 0.167725
vt 0.066093 0.171997
vt 0.058514 0.164119
vt 0.059353 0.168022
vt 0.058167 0.166992
vt 0.057201 0.164133
vt 0.059682 0.171482
vt 0.057945 0.168822
vt 0.056303 0.165376
vt 0.057610 0.160034
vt 0.056107 0.160889
vt 0.054604 0.161743
vt 0.044510 0.163157
vt 0.044174 0.158781
vt 0.045868 0.159505
vt 0.046697 0.162555
vt 0.044566 0.154716
vt 0.046733 0.157180
vt 0.048528 0.160643
vt 0.042213 0.163696
vt 0.042252 0.157959
vt 0.042328 0.146484
vt 0.045021 0.150513
vt 0.042290 0.152222
vt 0.047714 0.154541
vt 0.050407 0.158569
vt 0.040045 0.152761
vt 0.040373 0.157137
vt 0.038717 0.156413
vt 0.037906 0.153363
vt 0.039989 0.161202
vt 0.037871 0.158738
vt 0.036116 0.155275
vt 0.039658 0.148193
vt 0.036987 0.149902
vt 0.039543 0.165405
vt 0.036911 0.161377
vt 0.031647 0.153320
vt 0.034317 0.151611
vt 0.034279 0.157349
vt 0.028336 0.144535
vt 0.032086 0.145285
vt 0.032003 0.146810
vt 0.029584 0.146886
vt 0.035800 0.146690
vt 0.034338 0.148259
vt 0.031872 0.149204
vt 0.022034 0.140625
vt 0.027107 0.142090
vt 0.024437 0.143799
vt 0.032181 0.143555
vt 0.026840 0.146973
vt 0.037254 0.145020
vt 0.029243 0.150146
vt 0.048006 0.147620
vt 0.049183 0.151506
vt 0.047882 0.150553
vt 0.046660 0.147732
vt 0.049801 0.154983
vt 0.047803 0.152421
vt 0.045839 0.149057
vt 0.048218 0.142578
vt 0.049438 0.147583
vt 0.046745 0.143555
vt 0.050659 0.152588
vt 0.045273 0.144531
vt 0.051880 0.157593
vt 0.043800 0.145508
vt 0.053339 0.157658
vt 0.052157 0.153756
vt 0.053477 0.154785
vt 0.054709 0.157644
vt 0.051543 0.150296
vt 0.053565 0.152955
vt 0.055550 0.156401
vt 0.050941 0.146729
vt 0.053665 0.150879
vt 0.056389 0.155029
vt 0.028536 0.140213
vt 0.029973 0.138449
vt 0.032318 0.139974
vt 0.032254 0.141651
vt 0.032419 0.137340
vt 0.034727 0.139821
vt 0.036000 0.142368
vt 0.024673 0.138672
vt 0.027313 0.136719
vt 0.032593 0.132812
vt 0.035027 0.136230
vt 0.029953 0.134766
vt 0.037460 0.139648
vt 0.039894 0.143066
vt 0.037937 0.137752
vt 0.040746 0.139253
vt 0.041046 0.140625
vt 0.039366 0.140168
vt 0.043684 0.141343
vt 0.043026 0.142455
vt 0.041518 0.142780
vt 0.036499 0.135254
vt 0.040405 0.137695
vt 0.044312 0.140137
vt 0.017034 0.130504
vt 0.021240 0.131384
vt 0.021390 0.133138
vt 0.018766 0.133214
vt 0.025510 0.133018
vt 0.024165 0.134815
vt 0.021627 0.135892
vt 0.009544 0.125977
vt 0.015306 0.127686
vt 0.012667 0.129639
vt 0.021069 0.129395
vt 0.015789 0.133301
vt 0.026831 0.131104
vt 0.018911 0.136963
vt 0.016693 0.125565
vt 0.018101 0.123572
vt 0.020851 0.125326
vt 0.020953 0.127232
vt 0.020691 0.122332
vt 0.023500 0.125173
vt 0.025170 0.128079
vt 0.012262 0.123779
vt 0.014980 0.121582
vt 0.020416 0.117188
vt 0.023460 0.121094
vt 0.017698 0.119385
vt 0.026505 0.125000
vt 0.029549 0.128906
vt 0.006740 0.114802
vt 0.010394 0.115731
vt 0.010232 0.117676
vt 0.007847 0.117790
vt 0.013978 0.117496
vt 0.012457 0.119506
vt 0.009979 0.120729
vt 0.000737 0.109863
vt 0.005657 0.111694
vt 0.002939 0.113892
vt 0.010576 0.113525
vt 0.005141 0.117920
vt 0.015496 0.115356
vt 0.007342 0.121948
vt 0.006562 0.110172
vt 0.007499 0.108750
vt 0.009950 0.110352
vt 0.010244 0.111838
vt 0.009489 0.108017
vt 0.012108 0.110466
vt 0.013799 0.112866
vt 0.002727 0.108398
vt 0.004717 0.106934
vt 0.008698 0.104004
vt 0.011627 0.107300
vt 0.006707 0.105469
vt 0.014557 0.110596
vt 0.017487 0.113892
vt 0.026745 0.122950
vt 0.029918 0.124777
vt 0.030426 0.126302
vt 0.028589 0.125692
vt 0.033311 0.127260
vt 0.032771 0.128437
vt 0.031223 0.128697
vt 0.024879 0.120117
vt 0.029343 0.123047
vt 0.038269 0.128906
vt 0.036850 0.129883
vt 0.033806 0.125977
vt 0.035431 0.130859
vt 0.034012 0.131836
vt 0.037082 0.134047
vt 0.037696 0.132936
vt 0.039693 0.134766
vt 0.040027 0.136138
vt 0.039169 0.132611
vt 0.041356 0.135223
vt 0.042828 0.137639
vt 0.040756 0.132324
vt 0.043243 0.135742
vt 0.045731 0.139160
vt 0.014833 0.108737
vt 0.017930 0.110157
vt 0.018402 0.111491
vt 0.016601 0.111072
vt 0.021231 0.112149
vt 0.020675 0.113245
vt 0.019143 0.113586
vt 0.013046 0.106323
vt 0.017395 0.108643
vt 0.026093 0.113281
vt 0.024673 0.114258
vt 0.021744 0.110962
vt 0.023254 0.115234
vt 0.021835 0.116211
vt 0.027462 0.117397
vt 0.030096 0.120402
vt 0.028259 0.119792
vt 0.025915 0.117657
vt 0.031941 0.123144
vt 0.028767 0.121317
vt 0.025375 0.118834
vt 0.029137 0.117188
vt 0.032181 0.121094
vt 0.035225 0.125000
vt 0.020058 0.108342
vt 0.016945 0.106956
vt 0.016548 0.105469
vt 0.018387 0.105812
vt 0.013661 0.104930
vt 0.014313 0.103639
vt 0.015925 0.103134
vt 0.023283 0.109741
vt 0.020473 0.106201
vt 0.010237 0.102783
vt 0.011776 0.101562
vt 0.014854 0.099121
vt 0.017664 0.102661
vt 0.013315 0.100342
vt 0.020732 0.099563
vt 0.021973 0.103139
vt 0.020622 0.102376
vt 0.019341 0.099822
vt 0.022634 0.106387
vt 0.020553 0.104168
vt 0.018501 0.101179
vt 0.020920 0.094727
vt 0.022213 0.099365
vt 0.019403 0.095825
vt 0.023506 0.104004
vt 0.017887 0.096924
vt 0.024799 0.108643
vt 0.016371 0.098022
vt 0.026192 0.108445
vt 0.024965 0.104869
vt 0.026250 0.105632
vt 0.027499 0.108186
vt 0.024290 0.101621
vt 0.026287 0.103840
vt 0.028269 0.106829
vt 0.027504 0.112183
vt 0.028915 0.111084
vt 0.023624 0.098267
vt 0.026329 0.101807
vt 0.031738 0.108887
vt 0.030327 0.109985
vt 0.029034 0.105347
vt 0.034327 0.121395
vt 0.032102 0.118931
vt 0.032033 0.117025
vt 0.033425 0.117902
vt 0.029848 0.115648
vt 0.030573 0.114242
vt 0.031925 0.114032
vt 0.036636 0.123901
vt 0.035004 0.118896
vt 0.033371 0.113892
vt 0.027455 0.094038
vt 0.028396 0.097941
vt 0.026978 0.097331
vt 0.025862 0.094624
vt 0.028728 0.101581
vt 0.026674 0.099428
vt 0.024750 0.096373
vt 0.028275 0.088379
vt 0.029140 0.093506
vt 0.026436 0.089966
vt 0.030006 0.098633
vt 0.024597 0.091553
vt 0.030872 0.103760
vt 0.022758 0.093140
vt 0.032108 0.095273
vt 0.034946 0.097035
vt 0.034337 0.099284
vt 0.032308 0.098979
vt 0.037523 0.099763
vt 0.035757 0.101838
vt 0.033381 0.102816
vt 0.031956 0.091431
vt 0.035637 0.094482
vt 0.042999 0.100586
vt 0.040184 0.102661
vt 0.039318 0.097534
vt 0.037369 0.104736
vt 0.034554 0.106812
vt 0.035693 0.116398
vt 0.037930 0.118862
vt 0.037994 0.120768
vt 0.036593 0.119891
vt 0.040194 0.122145
vt 0.039460 0.123551
vt 0.038095 0.123761
vt 0.034798 0.112793
vt 0.037857 0.116699
vt 0.043976 0.124512
vt 0.042549 0.125610
vt 0.040916 0.120605
vt 0.041122 0.126709
vt 0.039696 0.127808
vt 0.040832 0.107377
vt 0.041406 0.111900
vt 0.039571 0.111328
vt 0.038539 0.108240
vt 0.041191 0.116177
vt 0.038768 0.113844
vt 0.036690 0.110430
vt 0.043243 0.106567
vt 0.043488 0.112549
vt 0.043732 0.118530
vt 0.043667 0.129245
vt 0.044710 0.132723
vt 0.043488 0.131999
vt 0.042380 0.129521
vt 0.045227 0.135890
vt 0.043373 0.133752
vt 0.041568 0.130861
vt 0.045036 0.129028
vt 0.046097 0.133545
vt 0.047157 0.138062
vt 0.045675 0.109127
vt 0.047994 0.111655
vt 0.047231 0.114095
vt 0.045477 0.113371
vt 0.049985 0.115232
vt 0.048222 0.117259
vt 0.046034 0.117926
vt 0.045929 0.104736
vt 0.048859 0.108887
vt 0.054718 0.117188
vt 0.052032 0.119019
vt 0.051788 0.113037
vt 0.049347 0.120850
vt 0.046661 0.122681
vt 0.052319 0.123259
vt 0.052551 0.127324
vt 0.050924 0.126790
vt 0.050185 0.124007
vt 0.052083 0.131160
vt 0.050035 0.129040
vt 0.048368 0.125952
vt 0.054558 0.122559
vt 0.054398 0.127930
vt 0.054077 0.138672
vt 0.051552 0.135132
vt 0.054237 0.133301
vt 0.049026 0.131592
vt 0.046501 0.128052
vt 0.048559 0.137948
vt 0.047511 0.134453
vt 0.048757 0.135254
vt 0.049877 0.137770
vt 0.046999 0.131303
vt 0.048883 0.133538
vt 0.050714 0.136511
vt 0.049683 0.141602
vt 0.051147 0.140625
vt 0.052612 0.139648
vt 0.056660 0.124699
vt 0.058660 0.126820
vt 0.057790 0.129069
vt 0.056201 0.128535
vt 0.060286 0.129907
vt 0.058510 0.131852
vt 0.056425 0.132601
vt 0.057182 0.120728
vt 0.059647 0.124268
vt 0.064575 0.131348
vt 0.061951 0.133179
vt 0.062111 0.127808
vt 0.059326 0.135010
vt 0.056702 0.136841
vt 0.069037 0.143061
vt 0.065002 0.141593
vt 0.064921 0.139648
vt 0.067461 0.139877
vt 0.060933 0.139289
vt 0.062300 0.137475
vt 0.064794 0.136596
vt 0.076111 0.148926
vt 0.070602 0.146362
vt 0.073227 0.144531
vt 0.065094 0.143799
vt 0.070343 0.140137
vt 0.059586 0.141235
vt 0.067459 0.135742
vt 0.059234 0.149382
vt 0.056212 0.147310
vt 0.055806 0.145671
vt 0.057584 0.146395
vt 0.053015 0.144533
vt 0.053624 0.143307
vt 0.055170 0.143097
vt 0.065125 0.155762
vt 0.060898 0.152466
vt 0.062363 0.151489
vt 0.056671 0.149170
vt 0.059601 0.147217
vt 0.052444 0.145874
vt 0.056839 0.142944
vt 0.061049 0.144434
vt 0.065099 0.145918
vt 0.065104 0.147786
vt 0.062526 0.147520
vt 0.069152 0.148205
vt 0.067687 0.149921
vt 0.065112 0.150720
vt 0.073364 0.150635
vt 0.070618 0.152344
vt 0.067871 0.154053
vt 0.054077 0.148855
vt 0.057104 0.150943
vt 0.057485 0.152507
vt 0.055696 0.151744
vt 0.060295 0.153704
vt 0.059656 0.154832
vt 0.058084 0.154961
vt 0.063622 0.156616
vt 0.062119 0.157471
vt 0.060616 0.158325
vt 0.079586 0.161101
vt 0.075709 0.159372
vt 0.075785 0.157389
vt 0.078282 0.157771
vt 0.071864 0.156791
vt 0.073364 0.155026
vt 0.075905 0.154277
vt 0.086121 0.167480
vt 0.080872 0.164551
vt 0.083618 0.162842
vt 0.075623 0.161621
vt 0.081116 0.158203
vt 0.070374 0.158691
vt 0.078613 0.153564
vt 0.069366 0.166369
vt 0.066568 0.164199
vt 0.066294 0.162598
vt 0.067977 0.163398
vt 0.063653 0.161341
vt 0.064338 0.160196
vt 0.065864 0.160083
vt 0.074646 0.172852
vt 0.070763 0.169434
vt 0.072266 0.168579
vt 0.066879 0.166016
vt 0.069885 0.164307
vt 0.062996 0.162598
vt 0.067505 0.160034
vt 0.071556 0.161833
vt 0.075450 0.163611
vt 0.075297 0.165365
vt 0.072762 0.164869
vt 0.079278 0.166143
vt 0.077680 0.167614
vt 0.075058 0.168118
vt 0.083252 0.168823
vt 0.080383 0.170166
vt 0.077515 0.171509
vt 0.064348 0.165662
vt 0.067152 0.167832
vt 0.067393 0.169434
vt 0.065694 0.168633
vt 0.070061 0.170691
vt 0.069333 0.171835
vt 0.067771 0.171948
vt 0.073090 0.173706
vt 0.071533 0.174561
vt 0.069977 0.175415
vt 0.088222 0.177934
vt 0.084614 0.176319
vt 0.084900 0.174642
vt 0.087302 0.175061
vt 0.081129 0.173983
vt 0.082784 0.172545
vt 0.085349 0.172008
vt 0.093933 0.183594
vt 0.089111 0.180908
vt 0.091980 0.179565
vt 0.084290 0.178223
vt 0.090027 0.175537
vt 0.079468 0.175537
vt 0.088074 0.171509
vt 0.077854 0.182894
vt 0.075299 0.180887
vt 0.075175 0.179362
vt 0.076757 0.180086
vt 0.072691 0.178225
vt 0.073469 0.177113
vt 0.074980 0.176968
vt 0.082458 0.188965
vt 0.078949 0.185791
vt 0.080505 0.184937
vt 0.075439 0.182617
vt 0.078552 0.180908
vt 0.071930 0.179443
vt 0.076599 0.176880
vt 0.080357 0.178511
vt 0.083965 0.180126
vt 0.083679 0.181803
vt 0.081277 0.181384
vt 0.087450 0.182462
vt 0.085795 0.183900
vt 0.083230 0.184437
vt 0.091064 0.184937
vt 0.088196 0.186279
vt 0.085327 0.187622
vt 0.072961 0.182238
vt 0.075526 0.184261
vt 0.075602 0.185710
vt 0.073996 0.184947
vt 0.078124 0.186907
vt 0.077284 0.187921
vt 0.075722 0.187984
vt 0.080826 0.189697
vt 0.079193 0.190430
vt 0.077560 0.191162
vt 0.095223 0.194048
vt 0.091849 0.192433
vt 0.092244 0.190755
vt 0.094537 0.191175
vt 0.088645 0.190097
vt 0.090348 0.188658
vt 0.092866 0.188121
vt 0.100342 0.199707
vt 0.095871 0.197021
vt 0.098740 0.195679
vt 0.091400 0.194336
vt 0.097137 0.191650
vt 0.086929 0.191650
vt 0.095535 0.187622
vt 0.084578 0.198339
vt 0.082258 0.196398
vt 0.082296 0.194987
vt 0.083787 0.195711
vt 0.079954 0.193850
vt 0.080842 0.192852
vt 0.082356 0.192772
vt 0.088501 0.204102
vt 0.085358 0.201050
vt 0.086990 0.200317
vt 0.082214 0.197998
vt 0.085480 0.196533
vt 0.079071 0.194946
vt 0.083969 0.192749
vt 0.087501 0.194419
vt 0.090886 0.196066
vt 0.090434 0.197591
vt 0.088113 0.197096
vt 0.094078 0.198369
vt 0.092302 0.199612
vt 0.089723 0.199986
vt 0.097382 0.200806
vt 0.094421 0.201904
vt 0.091461 0.203003
vt 0.082108 0.202941
vt 0.080666 0.200084
vt 0.082153 0.200846
vt 0.083612 0.202943
vt 0.079864 0.197554
vt 0.082182 0.199512
vt 0.084488 0.202044
vt 0.083649 0.205933
vt 0.085266 0.205322
vt 0.086884 0.204712
vt 0.100883 0.209390
vt 0.097630 0.207742
vt 0.098145 0.206217
vt 0.100403 0.206713
vt 0.094598 0.205439
vt 0.096400 0.204197
vt 0.098953 0.203823
vt 0.105591 0.214844
vt 0.101318 0.212158
vt 0.104279 0.211060
vt 0.097046 0.209473
vt 0.102966 0.207275
vt 0.092773 0.206787
vt 0.101654 0.203491
vt 0.090245 0.213373
vt 0.088049 0.211333
vt 0.088135 0.209961
vt 0.089564 0.210762
vt 0.085890 0.208704
vt 0.086791 0.207788
vt 0.088269 0.207806
vt 0.093872 0.219238
vt 0.090912 0.216064
vt 0.092529 0.215454
vt 0.087952 0.212891
vt 0.091187 0.211670
vt 0.084991 0.209717
vt 0.089844 0.207886
vt 0.093234 0.209555
vt 0.096484 0.211203
vt 0.095988 0.212728
vt 0.093739 0.212232
vt 0.099520 0.213506
vt 0.097742 0.214748
vt 0.095210 0.215122
vt 0.102661 0.215942
vt 0.099731 0.217041
vt 0.096802 0.218140
vt 0.085633 0.212408
vt 0.087833 0.214448
vt 0.087728 0.215820
vt 0.086289 0.215020
vt 0.089988 0.217077
vt 0.089062 0.217993
vt 0.087563 0.217975
vt 0.092224 0.219849
vt 0.090576 0.220459
vt 0.088928 0.221069
vt 0.107923 0.231024
vt 0.104185 0.227499
vt 0.104452 0.225098
vt 0.106930 0.226470
vt 0.100561 0.222943
vt 0.102240 0.221323
vt 0.104871 0.221326
vt 0.113892 0.241211
vt 0.108887 0.235718
vt 0.111816 0.234619
vt 0.103882 0.230225
vt 0.109741 0.228027
vt 0.098877 0.224731
vt 0.107666 0.221436
vt 0.095908 0.231052
vt 0.093596 0.228278
vt 0.093648 0.226562
vt 0.095140 0.227706
vt 0.091306 0.224767
vt 0.092209 0.223703
vt 0.093731 0.223869
vt 0.099792 0.238770
vt 0.096664 0.234497
vt 0.098312 0.233887
vt 0.093536 0.230225
vt 0.096832 0.229004
vt 0.090408 0.225952
vt 0.095352 0.224121
vt 0.099339 0.227985
vt 0.103157 0.231739
vt 0.102519 0.233073
vt 0.099855 0.231167
vt 0.106702 0.236066
vt 0.104544 0.236313
vt 0.101516 0.235168
vt 0.110367 0.240601
vt 0.106842 0.239990
vt 0.103317 0.239380
vt 0.091113 0.229088
vt 0.093434 0.231912
vt 0.093343 0.233398
vt 0.091832 0.232140
vt 0.095715 0.235374
vt 0.094763 0.236143
vt 0.093201 0.235733
vt 0.098083 0.239014
vt 0.096375 0.239258
vt 0.094666 0.239502
vt 0.097464 0.241136
vt 0.096849 0.243161
vt 0.096110 0.242513
vt 0.096234 0.240988
vt 0.095915 0.244907
vt 0.095247 0.243390
vt 0.094950 0.241495
vt 0.098740 0.241333
vt 0.097687 0.243896
vt 0.096634 0.246460
vt 0.103368 0.241239
vt 0.106101 0.241418
vt 0.105448 0.242676
vt 0.103471 0.243019
vt 0.108554 0.242137
vt 0.106773 0.243591
vt 0.104423 0.244651
vt 0.100510 0.241089
vt 0.101227 0.243408
vt 0.111084 0.242920
vt 0.108276 0.244629
vt 0.102661 0.248047
vt 0.101944 0.245728
vt 0.105469 0.246338
vt 0.097961 0.246657
vt 0.098568 0.244632
vt 0.099345 0.245280
vt 0.099240 0.246805
vt 0.099510 0.242886
vt 0.100227 0.244403
vt 0.100565 0.246298
vt 0.097351 0.248779
vt 0.099121 0.248535
vt 0.100891 0.248291
vt 0.112655 0.248019
vt 0.110075 0.247840
vt 0.110799 0.246582
vt 0.112705 0.246239
vt 0.107806 0.247121
vt 0.109617 0.245667
vt 0.111937 0.244607
vt 0.115845 0.250488
vt 0.112549 0.249878
vt 0.115356 0.248169
vt 0.109253 0.249268
vt 0.114868 0.245850
vt 0.105957 0.248657
vt 0.114380 0.243530
vt 0.112784 0.251386
vt 0.110220 0.250488
vt 0.111287 0.250488
vt 0.113308 0.251060
vt 0.108115 0.249590
vt 0.110334 0.249916
vt 0.112964 0.250488
vt 0.115356 0.252930
vt 0.112183 0.251709
vt 0.115479 0.252319
vt 0.109009 0.250488
vt 0.115601 0.251709
vt 0.105835 0.249268
vt 0.115723 0.251099
vt 0.101699 0.250513
vt 0.100125 0.250056
vt 0.100606 0.249674
vt 0.101783 0.249827
vt 0.098758 0.249435
vt 0.099911 0.249141
vt 0.101362 0.249076
vt 0.103577 0.251953
vt 0.101578 0.251221
vt 0.103348 0.250977
vt 0.099579 0.250488
vt 0.103119 0.250000
vt 0.097580 0.249756
vt 0.102890 0.249023
vt 0.105529 0.249899
vt 0.108046 0.250748
vt 0.107198 0.250977
vt 0.105287 0.250519
vt 0.110199 0.251695
vt 0.108261 0.251663
vt 0.105866 0.251336
vt 0.112411 0.252686
vt 0.109467 0.252441
vt 0.106522 0.252197
vt 0.097498 0.250361
vt 0.099065 0.250834
vt 0.098612 0.251139
vt 0.097450 0.250949
vt 0.100438 0.251439
vt 0.099323 0.251635
vt 0.097902 0.251618
vt 0.101852 0.252075
vt 0.100128 0.252197
vt 0.098404 0.252319
vt 0.109131 0.269108
vt 0.107848 0.264179
vt 0.109273 0.262044
vt 0.110608 0.264408
vt 0.107178 0.258333
vt 0.109364 0.257546
vt 0.111511 0.258692
vt 0.108887 0.281250
vt 0.107559 0.273926
vt 0.110504 0.274170
vt 0.106232 0.266602
vt 0.112122 0.267090
vt 0.104904 0.259277
vt 0.113739 0.260010
vt 0.105195 0.269005
vt 0.102924 0.264207
vt 0.103048 0.261882
vt 0.104539 0.264093
vt 0.100706 0.258410
vt 0.101680 0.257345
vt 0.103242 0.258230
vt 0.105835 0.274048
vt 0.102783 0.266846
vt 0.099731 0.259644
vt 0.115099 0.264557
vt 0.116370 0.268996
vt 0.114950 0.271322
vt 0.113625 0.269339
vt 0.117030 0.274434
vt 0.114854 0.275630
vt 0.112720 0.274973
vt 0.116669 0.259644
vt 0.117981 0.266357
vt 0.120605 0.279785
vt 0.117676 0.280151
vt 0.119293 0.273071
vt 0.114746 0.280518
vt 0.111816 0.280884
vt 0.100564 0.264789
vt 0.102805 0.269571
vt 0.102824 0.271973
vt 0.101404 0.269800
vt 0.105054 0.275385
vt 0.104263 0.276548
vt 0.102854 0.275744
vt 0.107391 0.281494
vt 0.105896 0.281738
vt 0.104401 0.281982
vt 0.119866 0.294783
vt 0.117015 0.290834
vt 0.117696 0.288737
vt 0.119760 0.290491
vt 0.114456 0.285983
vt 0.116314 0.284886
vt 0.118766 0.285445
vt 0.123596 0.305176
vt 0.119919 0.299194
vt 0.122849 0.298828
vt 0.116241 0.293213
vt 0.122101 0.292480
vt 0.112564 0.287231
vt 0.121353 0.286133
vt 0.109462 0.295862
vt 0.107732 0.291897
vt 0.107951 0.289876
vt 0.109133 0.291668
vt 0.106095 0.287063
vt 0.106988 0.286064
vt 0.108295 0.286704
vt 0.112061 0.306152
vt 0.109772 0.300171
vt 0.111267 0.299927
vt 0.107483 0.294189
vt 0.110474 0.293701
vt 0.105194 0.288208
vt 0.109680 0.287476
vt 0.113823 0.300699
vt 0.112799 0.295734
vt 0.114848 0.297526
vt 0.116244 0.301338
vt 0.112655 0.291540
vt 0.115501 0.295505
vt 0.118065 0.300340
vt 0.114944 0.305908
vt 0.117828 0.305664
vt 0.120712 0.305420
vt 0.105465 0.292414
vt 0.107202 0.296396
vt 0.106954 0.298340
vt 0.105758 0.296510
vt 0.108832 0.301213
vt 0.107902 0.302114
vt 0.106565 0.301393
vt 0.110519 0.306274
vt 0.108978 0.306396
vt 0.107437 0.306519
vt 0.121695 0.312161
vt 0.119227 0.310399
vt 0.120056 0.309408
vt 0.121929 0.310170
vt 0.117115 0.308210
vt 0.119013 0.307654
vt 0.121358 0.307851
vt 0.124512 0.316895
vt 0.121399 0.314209
vt 0.124283 0.313965
vt 0.118286 0.311523
vt 0.124054 0.311035
vt 0.115173 0.308838
vt 0.123825 0.308105
vt 0.111220 0.312752
vt 0.109851 0.310974
vt 0.110270 0.310059
vt 0.111295 0.310859
vt 0.108661 0.308802
vt 0.109665 0.308343
vt 0.110929 0.308622
vt 0.112656 0.314575
vt 0.112457 0.311768
vt 0.112259 0.308960
vt 0.115144 0.314913
vt 0.114593 0.312676
vt 0.116475 0.313477
vt 0.117510 0.315192
vt 0.114852 0.310783
vt 0.117324 0.312562
vt 0.119431 0.314734
vt 0.115768 0.317261
vt 0.118683 0.317139
vt 0.121597 0.317017
vt 0.119611 0.317512
vt 0.117675 0.317985
vt 0.116760 0.317871
vt 0.117661 0.317528
vt 0.115346 0.318410
vt 0.114945 0.318100
vt 0.115324 0.317691
vt 0.121613 0.317505
vt 0.118713 0.318115
vt 0.112915 0.319336
vt 0.112900 0.318848
vt 0.115814 0.318726
vt 0.112885 0.318359
vt 0.112869 0.317871
vt 0.109265 0.319207
vt 0.110304 0.318733
vt 0.110799 0.318848
vt 0.110318 0.319191
vt 0.111555 0.318309
vt 0.111776 0.318619
vt 0.111577 0.319027
vt 0.108200 0.319702
vt 0.109772 0.319580
vt 0.111343 0.319458
vt 0.110368 0.320982
vt 0.109416 0.322436
vt 0.108887 0.321940
vt 0.109301 0.320835
vt 0.108236 0.323676
vt 0.107943 0.322550
vt 0.108056 0.321162
vt 0.111465 0.321167
vt 0.110016 0.322998
vt 0.108566 0.324829
vt 0.117700 0.318719
vt 0.119654 0.318245
vt 0.120483 0.318359
vt 0.119540 0.318703
vt 0.121965 0.317821
vt 0.122256 0.318131
vt 0.121785 0.318539
vt 0.115692 0.319214
vt 0.118469 0.319092
vt 0.124390 0.317383
vt 0.124268 0.317871
vt 0.124023 0.318848
vt 0.121246 0.318970
vt 0.124146 0.318359
vt 0.110204 0.325014
vt 0.111070 0.323560
vt 0.112000 0.324056
vt 0.111785 0.325162
vt 0.112336 0.322320
vt 0.113143 0.323446
vt 0.113459 0.324834
vt 0.109329 0.326538
vt 0.111542 0.326416
vt 0.113678 0.321045
vt 0.114441 0.322754
vt 0.115967 0.326172
vt 0.113754 0.326294
vt 0.115204 0.324463
vt 0.119985 0.320494
vt 0.118741 0.321947
vt 0.117635 0.321452
vt 0.118026 0.320346
vt 0.117022 0.323188
vt 0.116139 0.322062
vt 0.115899 0.320674
vt 0.122009 0.320679
vt 0.119995 0.322510
vt 0.117981 0.324341
vt 0.119440 0.324217
vt 0.120774 0.322813
vt 0.121460 0.323079
vt 0.120860 0.324071
vt 0.122403 0.321523
vt 0.122747 0.322355
vt 0.122537 0.323498
vt 0.118073 0.325684
vt 0.120178 0.325195
vt 0.124115 0.320190
vt 0.124207 0.321533
vt 0.124390 0.324219
vt 0.122284 0.324707
vt 0.124298 0.322876
vt 0.119225 0.328868
vt 0.118514 0.328036
vt 0.119629 0.327311
vt 0.120487 0.327578
vt 0.118282 0.326892
vt 0.119886 0.326320
vt 0.121380 0.326174
vt 0.118530 0.331543
vt 0.117889 0.330200
vt 0.119995 0.329712
vt 0.117249 0.328857
vt 0.121460 0.327881
vt 0.116608 0.327515
vt 0.122925 0.326050
vt 0.117321 0.330411
vt 0.116770 0.330591
vt 0.116618 0.329753
vt 0.116913 0.329333
vt 0.116154 0.330411
vt 0.116170 0.329333
vt 0.116378 0.328436
vt 0.117737 0.331543
vt 0.116943 0.331543
vt 0.115356 0.331543
vt 0.115509 0.330200
vt 0.116150 0.331543
vt 0.115662 0.328857
vt 0.115814 0.327515
vt 0.123219 0.327306
vt 0.123477 0.328530
vt 0.122538 0.329102
vt 0.122033 0.328530
vt 0.123331 0.330000
vt 0.122105 0.330245
vt 0.121064 0.330000
vt 0.124466 0.326050
vt 0.124542 0.327881
vt 0.124695 0.331543
vt 0.123154 0.331543
vt 0.124619 0.329712
vt 0.121613 0.331543
vt 0.120071 0.331543
s 1
usemtl AK_Hypebeast_MI1
f 2952/1/1 2953/2/1 2951/3/1 2957/4/1
f 2954/5/1 2955/6/1 2951/3/1 2953/2/1
f 2956/7/1 2957/4/1 2951/3/1 2955/6/1
f 1/8/1 299/9/1 2952/1/1 296/10/1
f 299/9/1 300/11/1 2953/2/1 2952/1/1
f 296/10/1 2952/1/1 2957/4/1 297/12/1
f 2/13/1 302/14/1 2954/5/1 301/15/1
f 302/14/1 303/16/1 2955/6/1 2954/5/1
f 301/15/1 2954/5/1 2953/2/1 300/11/1
f 3/17/1 298/18/1 2956/7/1 304/19/1
f 298/18/1 297/12/1 2957/4/1 2956/7/1
f 304/19/1 2956/7/1 2955/6/1 303/16/1
s 0
f 2959/20/1 2960/21/1 2958/22/1 2964/23/1
f 2961/24/1 2962/25/1 2958/22/1 2960/21/1
f 2963/26/1 2964/23/1 2958/22/1 2962/25/1
f 3/17/1 304/19/1 2959/20/1 305/27/1
f 304/19/1 303/16/1 2960/21/1 2959/20/1
f 305/27/1 2959/20/1 2964/23/1 306/28/1
f 2/13/1 308/29/1 2961/24/1 302/14/1
f 308/29/1 309/30/1 2962/25/1 2961/24/1
f 302/14/1 2961/24/1 2960/21/1 303/16/1
f 4/31/1 307/32/1 2963/26/1 310/33/1
f 307/32/1 306/28/1 2964/23/1 2963/26/1
f 310/33/1 2963/26/1 2962/25/1 309/30/1
s 1
f 2966/34/2 2967/35/2 2965/36/2 2971/37/2
f 2968/38/2 2969/39/2 2965/36/2 2967/35/2
f 2970/40/2 2971/37/2 2965/36/2 2969/39/2
f 5/41/2 1913/42/2 2966/34/2 311/43/2
f 1913/42/2 1914/44/2 2967/35/2 2966/34/2
f 311/43/2 2966/34/2 2971/37/2 312/45/2
f 2/46/2 1916/47/2 2968/38/2 1915/48/2
f 1916/47/2 1917/49/2 2969/39/2 2968/38/2
f 1915/48/2 2968/38/2 2967/35/2 1914/44/2
f 6/50/2 313/51/2 2970/40/2 1918/52/2
f 313/51/2 312/45/2 2971/37/2 2970/40/2
f 1918/52/2 2970/40/2 2969/39/2 1917/49/2
f 2973/53/3 2974/54/3 2972/55/3 2978/56/3
f 2975/57/3 2976/58/3 2972/55/3 2974/54/3
f 2977/59/3 2978/56/3 2972/55/3 2976/58/3
f 2/46/3 1915/48/3 2973/53/3 308/60/3
f 1915/48/3 1914/44/3 2974/54/3 2973/53/3
f 308/60/3 2973/53/3 2978/56/3 309/61/3
f 5/41/3 1919/62/3 2975/57/3 1913/42/3
f 1919/62/3 1920/63/3 2976/58/3 2975/57/3
f 1913/42/3 2975/57/3 2974/54/3 1914/44/3
f 4/64/3 310/65/3 2977/59/3 1921/66/3
f 310/65/3 309/61/3 2978/56/3 2977/59/3
f 1921/66/3 2977/59/3 2976/58/3 1920/63/3
f 2980/67/1 2981/68/1 2979/69/1 2985/70/1
f 2982/71/1 2983/72/1 2979/69/1 2981/68/1
f 2984/73/1 2985/70/1 2979/69/1 2983/72/1
f 7/74/1 1925/75/1 2980/67/1 1922/76/1
f 1925/75/1 1926/77/1 2981/68/1 2980/67/1
f 1922/76/1 2980/67/1 2985/70/1 1923/78/1
f 2/79/1 301/80/1 2982/71/1 1927/81/1
f 301/80/1 300/82/1 2983/72/1 2982/71/1
f 1927/81/1 2982/71/1 2981/68/1 1926/77/1
f 1/83/1 1924/84/1 2984/73/1 299/85/1
f 1924/84/1 1923/78/1 2985/70/1 2984/73/1
f 299/85/1 2984/73/1 2983/72/1 300/82/1
s 0
f 2987/86/1 2988/87/1 2986/88/1 2992/89/1
f 2989/90/1 2990/91/1 2986/88/1 2988/87/1
f 2991/92/1 2992/89/1 2986/88/1 2990/91/1
f 2/79/1 1927/81/1 2987/86/1 1928/93/1
f 1927/81/1 1926/77/1 2988/87/1 2987/86/1
f 1928/93/1 2987/86/1 2992/89/1 1929/94/1
f 7/74/1 314/95/1 2989/90/1 1925/75/1
f 314/95/1 315/96/1 2990/91/1 2989/90/1
f 1925/75/1 2989/90/1 2988/87/1 1926/77/1
f 8/97/1 1930/98/1 2991/92/1 316/99/1
f 1930/98/1 1929/94/1 2992/89/1 2991/92/1
f 316/99/1 2991/92/1 2990/91/1 315/96/1
s 1
f 2994/100/4 2995/101/4 2993/102/4 2999/103/4
f 2996/104/4 2997/105/4 2993/102/4 2995/101/4
f 2998/106/4 2999/103/4 2993/102/4 2997/105/4
f 9/107/5 1934/108/4 2994/100/4 1931/109/6
f 1934/108/4 1935/110/4 2995/101/4 2994/100/4
f 1931/109/6 2994/100/4 2999/103/4 1932/111/6
f 6/112/4 1918/113/4 2996/104/4 1936/114/4
f 1918/113/4 1917/115/4 2997/105/4 2996/104/4
f 1936/114/4 2996/104/4 2995/101/4 1935/110/4
f 2/116/7 1933/117/6 2998/106/4 1916/118/4
f 1933/117/6 1932/111/6 2999/103/4 2998/106/4
f 1916/118/4 2998/106/4 2997/105/4 1917/115/4
f 3001/119/8 3002/120/8 3000/121/8 3006/122/8
f 3003/123/8 3004/124/8 3000/121/8 3002/120/8
f 3005/125/8 3006/122/8 3000/121/8 3004/124/8
f 9/107/5 1931/109/6 3001/119/8 1937/126/8
f 1931/109/6 1932/111/6 3002/120/8 3001/119/8
f 1937/126/8 3001/119/8 3006/122/8 1938/127/8
f 2/116/7 1928/128/8 3003/123/8 1933/117/6
f 1928/128/8 1929/129/8 3004/124/8 3003/123/8
f 1933/117/6 3003/123/8 3002/120/8 1932/111/6
f 8/130/8 1939/131/8 3005/125/8 1930/132/8
f 1939/131/8 1938/127/8 3006/122/8 3005/125/8
f 1930/132/8 3005/125/8 3004/124/8 1929/129/8
f 3008/133/9 3009/134/9 3007/135/9 3013/136/9
f 3010/137/9 3011/138/9 3007/135/9 3009/134/9
f 3012/139/9 3013/136/9 3007/135/9 3011/138/9
f 10/140/9 320/141/9 3008/133/9 317/142/9
f 320/141/9 321/143/9 3009/134/9 3008/133/9
f 317/142/9 3008/133/9 3013/136/9 318/144/9
f 11/145/10 323/146/11 3010/137/9 322/147/9
f 323/146/11 324/148/11 3011/138/9 3010/137/9
f 322/147/9 3010/137/9 3009/134/9 321/143/9
f 12/149/12 319/150/9 3012/139/9 325/151/11
f 319/150/9 318/144/9 3013/136/9 3012/139/9
f 325/151/11 3012/139/9 3011/138/9 324/148/11
f 3015/152/13 3016/153/13 3014/154/13 3020/155/13
f 3017/156/13 3018/157/13 3014/154/13 3016/153/13
f 3019/158/13 3020/155/13 3014/154/13 3018/157/13
f 12/149/12 325/151/11 3015/152/13 326/159/14
f 325/151/11 324/148/11 3016/153/13 3015/152/13
f 326/159/14 3015/152/13 3020/155/13 327/160/14
f 11/145/10 329/161/13 3017/156/13 323/146/11
f 329/161/13 330/162/13 3018/157/13 3017/156/13
f 323/146/11 3017/156/13 3016/153/13 324/148/11
f 13/163/15 328/164/14 3019/158/13 331/165/13
f 328/164/14 327/160/14 3020/155/13 3019/158/13
f 331/165/13 3019/158/13 3018/157/13 330/162/13
f 3022/166/16 3023/167/16 3021/168/16 3027/169/16
f 3024/170/16 3025/171/16 3021/168/16 3023/167/16
f 3026/172/16 3027/169/16 3021/168/16 3025/171/16
f 13/163/15 332/173/17 3022/166/16 328/164/14
f 332/173/17 333/174/17 3023/167/16 3022/166/16
f 328/164/14 3022/166/16 3027/169/16 327/160/14
f 14/175/18 337/176/16 3024/170/16 334/177/17
f 337/176/16 336/178/16 3025/171/16 3024/170/16
f 334/177/17 3024/170/16 3023/167/16 333/174/17
f 12/149/12 326/159/14 3026/172/16 335/179/16
f 326/159/14 327/160/14 3027/169/16 3026/172/16
f 335/179/16 3026/172/16 3025/171/16 336/178/16
f 3029/180/19 3030/181/19 3028/182/19 3034/183/19
f 3031/184/19 3032/185/19 3028/182/19 3030/181/19
f 3033/186/19 3034/183/19 3028/182/19 3032/185/19
f 14/175/18 334/177/17 3029/180/19 338/187/19
f 334/177/17 333/174/17 3030/181/19 3029/180/19
f 338/187/19 3029/180/19 3034/183/19 339/188/19
f 13/163/15 341/189/19 3031/184/19 332/173/17
f 341/189/19 342/190/19 3032/185/19 3031/184/19
f 332/173/17 3031/184/19 3030/181/19 333/174/17
f 15/191/20 340/192/19 3033/186/19 343/193/19
f 340/192/19 339/188/19 3034/183/19 3033/186/19
f 343/193/19 3033/186/19 3032/185/19 342/190/19
f 3036/194/19 3037/195/19 3035/196/19 3041/197/19
f 3038/198/19 3039/199/19 3035/196/19 3037/195/19
f 3040/200/19 3041/197/19 3035/196/19 3039/199/19
f 16/201/21 349/202/19 3036/194/19 346/203/22
f 349/202/19 348/204/19 3037/195/19 3036/194/19
f 346/203/22 3036/194/19 3041/197/19 345/205/22
f 14/175/18 338/187/19 3038/198/19 347/206/19
f 338/187/19 339/188/19 3039/199/19 3038/198/19
f 347/206/19 3038/198/19 3037/195/19 348/204/19
f 15/191/20 344/207/22 3040/200/19 340/192/19
f 344/207/22 345/205/22 3041/197/19 3040/200/19
f 340/192/19 3040/200/19 3039/199/19 339/188/19
f 3043/208/23 3044/209/23 3042/210/23 3048/211/23
f 3045/212/23 3046/213/23 3042/210/23 3044/209/23
f 3047/214/23 3048/211/23 3042/210/23 3046/213/23
f 15/191/20 350/215/23 3043/208/23 344/207/22
f 350/215/23 351/216/23 3044/209/23 3043/208/23
f 344/207/22 3043/208/23 3048/211/23 345/205/22
f 17/217/24 355/218/25 3045/212/23 352/219/23
f 355/218/25 354/220/25 3046/213/23 3045/212/23
f 352/219/23 3045/212/23 3044/209/23 351/216/23
f 16/201/21 346/203/22 3047/214/23 353/221/25
f 346/203/22 345/205/22 3048/211/23 3047/214/23
f 353/221/25 3047/214/23 3046/213/23 354/220/25
f 3050/222/26 3051/223/26 3049/224/26 3055/225/26
f 3052/226/26 3053/227/26 3049/224/26 3051/223/26
f 3054/228/26 3055/225/26 3049/224/26 3053/227/26
f 18/229/27 361/230/26 3050/222/26 358/231/28
f 361/230/26 360/232/26 3051/223/26 3050/222/26
f 358/231/28 3050/222/26 3055/225/26 357/233/29
f 16/201/21 353/221/25 3052/226/26 359/234/30
f 353/221/25 354/220/25 3053/227/26 3052/226/26
f 359/234/30 3052/226/26 3051/223/26 360/232/26
f 17/217/24 356/235/28 3054/228/26 355/218/25
f 356/235/28 357/233/29 3055/225/26 3054/228/26
f 355/218/25 3054/228/26 3053/227/26 354/220/25
f 3057/236/31 3058/237/31 3056/238/31 3062/239/31
f 3059/240/31 3060/241/31 3056/238/31 3058/237/31
f 3061/242/31 3062/239/31 3056/238/31 3060/241/31
f 17/217/24 362/243/31 3057/236/31 356/235/28
f 362/243/31 363/244/31 3058/237/31 3057/236/31
f 356/235/28 3057/236/31 3062/239/31 357/233/29
f 19/245/32 367/246/33 3059/240/31 364/247/31
f 367/246/33 366/248/33 3060/241/31 3059/240/31
f 364/247/31 3059/240/31 3058/237/31 363/244/31
f 18/229/27 358/231/28 3061/242/31 365/249/33
f 358/231/28 357/233/29 3062/239/31 3061/242/31
f 365/249/33 3061/242/31 3060/241/31 366/248/33
f 3064/250/34 3065/251/34 3063/252/34 3069/253/34
f 3066/254/34 3067/255/34 3063/252/34 3065/251/34
f 3068/256/34 3069/253/34 3063/252/34 3067/255/34
f 18/229/27 365/249/33 3064/250/34 368/257/34
f 365/249/33 366/248/33 3065/251/34 3064/250/34
f 368/257/34 3064/250/34 3069/253/34 369/258/34
f 19/245/32 371/259/35 3066/254/34 367/246/33
f 371/259/35 372/260/35 3067/255/34 3066/254/34
f 367/246/33 3066/254/34 3065/251/34 366/248/33
f 20/261/36 370/262/34 3068/256/34 373/263/35
f 370/262/34 369/258/34 3069/253/34 3068/256/34
f 373/263/35 3068/256/34 3067/255/34 372/260/35
f 3071/264/37 3072/265/37 3070/266/37 3076/267/37
f 3073/268/37 3074/269/37 3070/266/37 3072/265/37
f 3075/270/37 3076/267/37 3070/266/37 3074/269/37
f 19/245/32 374/271/37 3071/264/37 371/259/35
f 374/271/37 375/272/37 3072/265/37 3071/264/37
f 371/259/35 3071/264/37 3076/267/37 372/260/35
f 21/273/38 379/274/39 3073/268/37 376/275/37
f 379/274/39 378/276/39 3074/269/37 3073/268/37
f 376/275/37 3073/268/37 3072/265/37 375/272/37
f 20/261/36 373/263/35 3075/270/37 377/277/39
f 373/263/35 372/260/35 3076/267/37 3075/270/37
f 377/277/39 3075/270/37 3074/269/37 378/276/39
f 3078/278/40 3079/279/41 3077/280/41 3083/281/41
f 3080/282/41 3081/283/41 3077/280/41 3079/279/41
f 3082/284/41 3083/281/41 3077/280/41 3081/283/41
f 20/261/36 377/277/39 3078/278/40 380/285/40
f 377/277/39 378/276/39 3079/279/41 3078/278/40
f 380/285/40 3078/278/40 3083/281/41 381/286/40
f 21/273/38 383/287/42 3080/282/41 379/274/39
f 383/287/42 384/288/42 3081/283/41 3080/282/41
f 379/274/39 3080/282/41 3079/279/41 378/276/39
f 22/289/43 382/290/41 3082/284/41 385/291/42
f 382/290/41 381/286/40 3083/281/41 3082/284/41
f 385/291/42 3082/284/41 3081/283/41 384/288/42
f 3085/292/44 3086/293/44 3084/294/44 3090/295/44
f 3087/296/44 3088/297/44 3084/294/44 3086/293/44
f 3089/298/44 3090/295/44 3084/294/44 3088/297/44
f 21/273/38 386/299/44 3085/292/44 383/287/42
f 386/299/44 387/300/44 3086/293/44 3085/292/44
f 383/287/42 3085/292/44 3090/295/44 384/288/42
f 23/301/45 391/302/46 3087/296/44 388/303/44
f 391/302/46 390/304/46 3088/297/44 3087/296/44
f 388/303/44 3087/296/44 3086/293/44 387/300/44
f 22/289/43 385/291/42 3089/298/44 389/305/46
f 385/291/42 384/288/42 3090/295/44 3089/298/44
f 389/305/46 3089/298/44 3088/297/44 390/304/46
f 3092/306/47 3093/307/47 3091/308/48 3097/309/47
f 3094/310/47 3095/311/47 3091/308/48 3093/307/47
f 3096/312/48 3097/309/47 3091/308/48 3095/311/47
f 24/313/47 397/314/47 3092/306/47 394/315/47
f 397/314/47 396/316/47 3093/307/47 3092/306/47
f 394/315/47 3092/306/47 3097/309/47 393/317/47
f 22/289/43 389/305/46 3094/310/47 395/318/47
f 389/305/46 390/304/46 3095/311/47 3094/310/47
f 395/318/47 3094/310/47 3093/307/47 396/316/47
f 23/301/45 392/319/47 3096/312/48 391/302/46
f 392/319/47 393/317/47 3097/309/47 3096/312/48
f 391/302/46 3096/312/48 3095/311/47 390/304/46
f 3099/320/49 3100/321/49 3098/322/49 3104/323/49
f 3101/324/49 3102/325/49 3098/322/49 3100/321/49
f 3103/326/49 3104/323/49 3098/322/49 3102/325/49
f 25/327/49 401/328/49 3099/320/49 398/329/49
f 401/328/49 402/330/49 3100/321/49 3099/320/49
f 398/329/49 3099/320/49 3104/323/49 399/331/49
f 26/332/50 404/333/49 3101/324/49 403/334/49
f 404/333/49 405/335/49 3102/325/49 3101/324/49
f 403/334/49 3101/324/49 3100/321/49 402/330/49
f 27/336/49 400/337/49 3103/326/49 406/338/49
f 400/337/49 399/331/49 3104/323/49 3103/326/49
f 406/338/49 3103/326/49 3102/325/49 405/335/49
f 3106/339/49 3107/340/49 3105/341/49 3111/342/49
f 3108/343/49 3109/344/49 3105/341/49 3107/340/49
f 3110/345/49 3111/342/49 3105/341/49 3109/344/49
f 28/346/51 412/347/49 3106/339/49 409/348/52
f 412/347/49 411/349/49 3107/340/49 3106/339/49
f 409/348/52 3106/339/49 3111/342/49 408/350/52
f 27/336/49 406/338/49 3108/343/49 410/351/49
f 406/338/49 405/335/49 3109/344/49 3108/343/49
f 410/351/49 3108/343/49 3107/340/49 411/349/49
f 26/332/50 407/352/52 3110/345/49 404/333/49
f 407/352/52 408/350/52 3111/342/49 3110/345/49
f 404/333/49 3110/345/49 3109/344/49 405/335/49
f 3113/353/53 3114/354/53 3112/355/53 3118/356/54
f 3115/357/53 3116/358/53 3112/355/53 3114/354/53
f 3117/359/54 3118/356/54 3112/355/53 3116/358/53
f 29/360/55 418/361/56 3113/353/53 415/362/53
f 418/361/56 417/363/56 3114/354/53 3113/353/53
f 415/362/53 3113/353/53 3118/356/54 414/364/54
f 28/346/51 409/348/52 3115/357/53 416/365/57
f 409/348/52 408/350/52 3116/358/53 3115/357/53
f 416/365/57 3115/357/53 3114/354/53 417/363/56
f 26/332/50 413/366/54 3117/359/54 407/352/52
f 413/366/54 414/364/54 3118/356/54 3117/359/54
f 407/352/52 3117/359/54 3116/358/53 408/350/52
f 3120/367/58 3121/368/58 3119/369/59 3125/370/59
f 3122/371/59 3123/372/59 3119/369/59 3121/368/58
f 3124/373/59 3125/370/59 3119/369/59 3123/372/59
f 28/346/51 416/365/57 3120/367/58 419/374/58
f 416/365/57 417/363/56 3121/368/58 3120/367/58
f 419/374/58 3120/367/58 3125/370/59 420/375/59
f 29/360/55 422/376/60 3122/371/59 418/361/56
f 422/376/60 423/377/60 3123/372/59 3122/371/59
f 418/361/56 3122/371/59 3121/368/58 417/363/56
f 30/378/61 421/379/59 3124/373/59 424/380/60
f 421/379/59 420/375/59 3125/370/59 3124/373/59
f 424/380/60 3124/373/59 3123/372/59 423/377/60
f 3127/381/62 3128/382/62 3126/383/62 3132/384/62
f 3129/385/62 3130/386/62 3126/383/62 3128/382/62
f 3131/387/62 3132/384/62 3126/383/62 3130/386/62
f 29/360/55 425/388/62 3127/381/62 422/376/60
f 425/388/62 426/389/62 3128/382/62 3127/381/62
f 422/376/60 3127/381/62 3132/384/62 423/377/60
f 31/390/63 430/391/62 3129/385/62 427/392/62
f 430/391/62 429/393/62 3130/386/62 3129/385/62
f 427/392/62 3129/385/62 3128/382/62 426/389/62
f 30/378/61 424/380/60 3131/387/62 428/394/62
f 424/380/60 423/377/60 3132/384/62 3131/387/62
f 428/394/62 3131/387/62 3130/386/62 429/393/62
f 3134/395/62 3135/396/62 3133/397/62 3139/398/62
f 3136/399/62 3137/400/62 3133/397/62 3135/396/62
f 3138/401/62 3139/398/62 3133/397/62 3137/400/62
f 31/390/63 427/392/62 3134/395/62 431/402/64
f 427/392/62 426/389/62 3135/396/62 3134/395/62
f 431/402/64 3134/395/62 3139/398/62 432/403/64
f 29/360/55 434/404/62 3136/399/62 425/388/62
f 434/404/62 435/405/62 3137/400/62 3136/399/62
f 425/388/62 3136/399/62 3135/396/62 426/389/62
f 32/406/65 433/407/64 3138/401/62 436/408/62
f 433/407/64 432/403/64 3139/398/62 3138/401/62
f 436/408/62 3138/401/62 3137/400/62 435/405/62
f 3141/409/66 3142/410/66 3140/411/66 3146/412/66
f 3143/413/66 3144/414/66 3140/411/66 3142/410/66
f 3145/415/66 3146/412/66 3140/411/66 3144/414/66
f 32/406/65 437/416/67 3141/409/66 433/407/64
f 437/416/67 438/417/67 3142/410/66 3141/409/66
f 433/407/64 3141/409/66 3146/412/66 432/403/64
f 33/418/68 442/419/66 3143/413/66 439/420/67
f 442/419/66 441/421/66 3144/414/66 3143/413/66
f 439/420/67 3143/413/66 3142/410/66 438/417/67
f 31/390/63 431/402/64 3145/415/66 440/422/66
f 431/402/64 432/403/64 3146/412/66 3145/415/66
f 440/422/66 3145/415/66 3144/414/66 441/421/66
f 3148/423/69 3149/424/69 3147/425/69 3153/426/69
f 3150/427/69 3151/428/69 3147/425/69 3149/424/69
f 3152/429/69 3153/426/69 3147/425/69 3151/428/69
f 33/418/68 439/420/67 3148/423/69 443/430/69
f 439/420/67 438/417/67 3149/424/69 3148/423/69
f 443/430/69 3148/423/69 3153/426/69 444/431/69
f 32/406/65 446/432/69 3150/427/69 437/416/67
f 446/432/69 447/433/69 3151/428/69 3150/427/69
f 437/416/67 3150/427/69 3149/424/69 438/417/67
f 34/434/69 445/435/69 3152/429/69 448/436/69
f 445/435/69 444/431/69 3153/426/69 3152/429/69
f 448/436/69 3152/429/69 3151/428/69 447/433/69
f 3155/437/70 3156/438/70 3154/439/70 3160/440/70
f 3157/441/70 3158/442/70 3154/439/70 3156/438/70
f 3159/443/70 3160/440/70 3154/439/70 3158/442/70
f 28/444/71 1940/445/72 3155/437/70 412/446/70
f 1940/445/72 1941/447/72 3156/438/70 3155/437/70
f 412/446/70 3155/437/70 3160/440/70 411/448/70
f 35/449/73 1943/450/74 3157/441/70 1942/451/72
f 1943/450/74 1944/452/74 3158/442/70 3157/441/70
f 1942/451/72 3157/441/70 3156/438/70 1941/447/72
f 27/453/74 410/454/70 3159/443/70 1945/455/74
f 410/454/70 411/448/70 3160/440/70 3159/443/70
f 1945/455/74 3159/443/70 3158/442/70 1944/452/74
f 3162/456/75 3163/457/75 3161/458/75 3167/459/75
f 3164/460/75 3165/461/75 3161/458/75 3163/457/75
f 3166/462/75 3167/459/75 3161/458/75 3165/461/75
f 35/449/73 1942/451/72 3162/456/75 449/463/76
f 1942/451/72 1941/447/72 3163/457/75 3162/456/75
f 449/463/76 3162/456/75 3167/459/75 450/464/75
f 28/444/71 1946/465/77 3164/460/75 1940/445/72
f 1946/465/77 1947/466/77 3165/461/75 3164/460/75
f 1940/445/72 3164/460/75 3163/457/75 1941/447/72
f 36/467/78 451/468/75 3166/462/75 1948/469/77
f 451/468/75 450/464/75 3167/459/75 3166/462/75
f 1948/469/77 3166/462/75 3165/461/75 1947/466/77
f 3169/470/79 3170/471/79 3168/472/79 3174/473/79
f 3171/474/79 3172/475/79 3168/472/79 3170/471/79
f 3173/476/79 3174/473/79 3168/472/79 3172/475/79
f 28/444/71 419/477/79 3169/470/79 1946/465/77
f 419/477/79 420/478/79 3170/471/79 3169/470/79
f 1946/465/77 3169/470/79 3174/473/79 1947/466/77
f 30/479/80 1951/480/81 3171/474/79 421/481/79
f 1951/480/81 1950/482/81 3172/475/79 3171/474/79
f 421/481/79 3171/474/79 3170/471/79 420/478/79
f 36/467/78 1948/469/77 3173/476/79 1949/483/81
f 1948/469/77 1947/466/77 3174/473/79 3173/476/79
f 1949/483/81 3173/476/79 3172/475/79 1950/482/81
f 3176/484/82 3177/485/82 3175/486/82 3181/487/82
f 3178/488/82 3179/489/82 3175/486/82 3177/485/82
f 3180/490/82 3181/487/82 3175/486/82 3179/489/82
f 30/479/80 428/491/82 3176/484/82 1951/480/81
f 428/491/82 429/492/82 3177/485/82 3176/484/82
f 1951/480/81 3176/484/82 3181/487/82 1950/482/81
f 31/493/82 1954/494/82 3178/488/82 430/495/82
f 1954/494/82 1953/496/82 3179/489/82 3178/488/82
f 430/495/82 3178/488/82 3177/485/82 429/492/82
f 36/467/78 1949/483/81 3180/490/82 1952/497/82
f 1949/483/81 1950/482/81 3181/487/82 3180/490/82
f 1952/497/82 3180/490/82 3179/489/82 1953/496/82
f 3183/498/83 3184/499/83 3182/500/83 3188/501/83
f 3185/502/83 3186/503/83 3182/500/83 3184/499/83
f 3187/504/83 3188/501/83 3182/500/83 3186/503/83
f 37/505/84 454/506/83 3183/498/83 1957/507/85
f 454/506/83 453/508/83 3184/499/83 3183/498/83
f 1957/507/85 3183/498/83 3188/501/83 1956/509/85
f 36/467/83 1952/497/83 3185/502/83 452/510/83
f 1952/497/83 1953/496/83 3186/503/83 3185/502/83
f 452/510/83 3185/502/83 3184/499/83 453/508/83
f 31/493/86 1955/511/85 3187/504/83 1954/494/83
f 1955/511/85 1956/509/85 3188/501/83 3187/504/83
f 1954/494/83 3187/504/83 3186/503/83 1953/496/83
f 3190/512/87 3191/513/87 3189/514/87 3195/515/87
f 3192/516/87 3193/517/87 3189/514/87 3191/513/87
f 3194/518/87 3195/515/87 3189/514/87 3193/517/87
f 37/505/84 458/519/87 3190/512/87 455/520/87
f 458/519/87 459/521/87 3191/513/87 3190/512/87
f 455/520/87 3190/512/87 3195/515/87 456/522/87
f 38/523/87 461/524/87 3192/516/87 460/525/87
f 461/524/87 462/526/87 3193/517/87 3192/516/87
f 460/525/87 3192/516/87 3191/513/87 459/521/87
f 39/527/87 457/528/87 3194/518/87 463/529/87
f 457/528/87 456/522/87 3195/515/87 3194/518/87
f 463/529/87 3194/518/87 3193/517/87 462/526/87
f 3197/530/87 3198/531/87 3196/532/87 3202/533/87
f 3199/534/87 3200/535/87 3196/532/87 3198/531/87
f 3201/536/87 3202/533/87 3196/532/87 3200/535/87
f 38/523/87 460/525/87 3197/530/87 464/537/87
f 460/525/87 459/521/87 3198/531/87 3197/530/87
f 464/537/87 3197/530/87 3202/533/87 465/538/87
f 37/505/84 467/539/88 3199/534/87 458/519/87
f 467/539/88 468/540/88 3200/535/87 3199/534/87
f 458/519/87 3199/534/87 3198/531/87 459/521/87
f 40/541/89 466/542/87 3201/536/87 469/543/88
f 466/542/87 465/538/87 3202/533/87 3201/536/87
f 469/543/88 3201/536/87 3200/535/87 468/540/88
f 3204/544/90 3205/545/90 3203/546/90 3209/547/90
f 3206/548/90 3207/549/90 3203/546/90 3205/545/90
f 3208/550/90 3209/547/90 3203/546/90 3207/549/90
f 40/541/89 469/543/88 3204/544/90 1960/551/91
f 469/543/88 468/540/88 3205/545/90 3204/544/90
f 1960/551/91 3204/544/90 3209/547/90 1959/552/91
f 37/505/84 1957/507/85 3206/548/90 467/539/88
f 1957/507/85 1956/509/85 3207/549/90 3206/548/90
f 467/539/88 3206/548/90 3205/545/90 468/540/88
f 31/493/86 1958/553/91 3208/550/90 1955/511/85
f 1958/553/91 1959/552/91 3209/547/90 3208/550/90
f 1955/511/85 3208/550/90 3207/549/90 1956/509/85
f 3211/554/92 3212/555/92 3210/556/92 3216/557/92
f 3213/558/92 3214/559/92 3210/556/92 3212/555/92
f 3215/560/92 3216/557/92 3210/556/92 3214/559/92
f 31/493/86 440/561/92 3211/554/92 1958/553/91
f 440/561/92 441/562/92 3212/555/92 3211/554/92
f 1958/553/91 3211/554/92 3216/557/92 1959/552/91
f 33/563/93 1963/564/94 3213/558/92 442/565/92
f 1963/564/94 1962/566/94 3214/559/92 3213/558/92
f 442/565/92 3213/558/92 3212/555/92 441/562/92
f 40/541/89 1960/551/91 3215/560/92 1961/567/94
f 1960/551/91 1959/552/91 3216/557/92 3215/560/92
f 1961/567/94 3215/560/92 3214/559/92 1962/566/94
f 3218/568/95 3219/569/95 3217/570/95 3223/571/95
f 3220/572/95 3221/573/95 3217/570/95 3219/569/95
f 3222/574/95 3223/571/95 3217/570/95 3221/573/95
f 41/575/95 472/576/95 3218/568/95 1966/577/95
f 472/576/95 471/578/95 3219/569/95 3218/568/95
f 1966/577/95 3218/568/95 3223/571/95 1965/579/95
f 40/541/89 1961/567/94 3220/572/95 470/580/95
f 1961/567/94 1962/566/94 3221/573/95 3220/572/95
f 470/580/95 3220/572/95 3219/569/95 471/578/95
f 33/563/93 1964/581/95 3222/574/95 1963/564/94
f 1964/581/95 1965/579/95 3223/571/95 3222/574/95
f 1963/564/94 3222/574/95 3221/573/95 1962/566/94
f 3225/582/96 3226/583/96 3224/584/96 3230/585/96
f 3227/586/96 3228/587/96 3224/584/96 3226/583/96
f 3229/588/96 3230/585/96 3224/584/96 3228/587/96
f 42/589/97 1970/590/98 3225/582/96 1967/591/96
f 1970/590/98 1971/592/98 3226/583/96 3225/582/96
f 1967/591/96 3225/582/96 3230/585/96 1968/593/96
f 33/594/99 443/595/96 3227/586/96 1972/596/98
f 443/595/96 444/597/96 3228/587/96 3227/586/96
f 1972/596/98 3227/586/96 3226/583/96 1971/592/98
f 34/598/96 1969/599/96 3229/588/96 445/600/96
f 1969/599/96 1968/593/96 3230/585/96 3229/588/96
f 445/600/96 3229/588/96 3228/587/96 444/597/96
f 3232/601/100 3233/602/100 3231/603/100 3237/604/100
f 3234/605/100 3235/606/100 3231/603/100 3233/602/100
f 3236/607/100 3237/604/100 3231/603/100 3235/606/100
f 33/594/99 1972/596/98 3232/601/100 1964/608/100
f 1972/596/98 1971/592/98 3233/602/100 3232/601/100
f 1964/608/100 3232/601/100 3237/604/100 1965/609/100
f 42/589/97 1973/610/101 3234/605/100 1970/590/98
f 1973/610/101 1974/611/101 3235/606/100 3234/605/100
f 1970/590/98 3234/605/100 3233/602/100 1971/592/98
f 41/612/102 1966/613/100 3236/607/100 1975/614/101
f 1966/613/100 1965/609/100 3237/604/100 3236/607/100
f 1975/614/101 3236/607/100 3235/606/100 1974/611/101
f 3239/615/103 3240/616/103 3238/617/104 3244/618/103
f 3241/619/104 3242/620/103 3238/617/104 3240/616/103
f 3243/621/103 3244/618/103 3238/617/104 3242/620/103
f 41/612/102 1975/614/101 3239/615/103 1976/622/105
f 1975/614/101 1974/611/101 3240/616/103 3239/615/103
f 1976/622/105 3239/615/103 3244/618/103 1977/623/105
f 42/589/97 473/624/103 3241/619/104 1973/610/101
f 473/624/103 474/625/103 3242/620/103 3241/619/104
f 1973/610/101 3241/619/104 3240/616/103 1974/611/101
f 43/626/106 1978/627/105 3243/621/103 475/628/103
f 1978/627/105 1977/623/105 3244/618/103 3243/621/103
f 475/628/103 3243/621/103 3242/620/103 474/625/103
f 3246/629/107 3247/630/107 3245/631/107 3251/632/107
f 3248/633/107 3249/634/107 3245/631/107 3247/630/107
f 3250/635/107 3251/632/107 3245/631/107 3249/634/107
f 44/636/108 1981/637/109 3246/629/107 478/638/107
f 1981/637/109 1980/639/109 3247/630/107 3246/629/107
f 478/638/107 3246/629/107 3251/632/107 477/640/107
f 41/612/102 1976/622/105 3248/633/107 1979/641/109
f 1976/622/105 1977/623/105 3249/634/107 3248/633/107
f 1979/641/109 3248/633/107 3247/630/107 1980/639/109
f 43/626/106 476/642/107 3250/635/107 1978/627/105
f 476/642/107 477/640/107 3251/632/107 3250/635/107
f 1978/627/105 3250/635/107 3249/634/107 1977/623/105
f 3253/643/110 3254/644/110 3252/645/110 3258/646/110
f 3255/647/110 3256/648/110 3252/645/110 3254/644/110
f 3257/649/110 3258/646/110 3252/645/110 3256/648/110
f 44/636/108 479/650/111 3253/643/110 1981/637/109
f 479/650/111 480/651/111 3254/644/110 3253/643/110
f 1981/637/109 3253/643/110 3258/646/110 1980/639/109
f 45/652/112 1984/653/110 3255/647/110 481/654/111
f 1984/653/110 1983/655/110 3256/648/110 3255/647/110
f 481/654/111 3255/647/110 3254/644/110 480/651/111
f 41/612/102 1979/641/109 3257/649/110 1982/656/110
f 1979/641/109 1980/639/109 3258/646/110 3257/649/110
f 1982/656/110 3257/649/110 3256/648/110 1983/655/110
f 3260/657/113 3261/658/113 3259/659/113 3265/660/113
f 3262/661/113 3263/662/113 3259/659/113 3261/658/113
f 3264/663/113 3265/660/113 3259/659/113 3263/662/113
f 45/652/112 481/654/111 3260/657/113 482/664/114
f 481/654/111 480/651/111 3261/658/113 3260/657/113
f 482/664/114 3260/657/113 3265/660/113 483/665/114
f 44/636/108 485/666/113 3262/661/113 479/650/111
f 485/666/113 486/667/113 3263/662/113 3262/661/113
f 479/650/111 3262/661/113 3261/658/113 480/651/111
f 46/668/115 484/669/114 3264/663/113 487/670/113
f 484/669/114 483/665/114 3265/660/113 3264/663/113
f 487/670/113 3264/663/113 3263/662/113 486/667/113
f 3267/671/116 3268/672/116 3266/673/116 3272/674/116
f 3269/675/116 3270/676/116 3266/673/116 3268/672/116
f 3271/677/116 3272/674/116 3266/673/116 3270/676/116
f 47/678/117 493/679/118 3267/671/116 490/680/116
f 493/679/118 492/681/118 3268/672/116 3267/671/116
f 490/680/116 3267/671/116 3272/674/116 489/682/116
f 45/652/112 482/664/114 3269/675/116 491/683/118
f 482/664/114 483/665/114 3270/676/116 3269/675/116
f 491/683/118 3269/675/116 3268/672/116 492/681/118
f 46/668/115 488/684/116 3271/677/116 484/669/114
f 488/684/116 489/682/116 3272/674/116 3271/677/116
f 484/669/114 3271/677/116 3270/676/116 483/665/114
f 3274/685/119 3275/686/119 3273/687/120 3279/688/119
f 3276/689/119 3277/690/120 3273/687/120 3275/686/119
f 3278/691/119 3279/688/119 3273/687/120 3277/690/120
f 45/652/112 491/683/118 3274/685/119 494/692/120
f 491/683/118 492/681/118 3275/686/119 3274/685/119
f 494/692/120 3274/685/119 3279/688/119 495/693/119
f 47/678/117 497/694/119 3276/689/119 493/679/118
f 497/694/119 498/695/119 3277/690/120 3276/689/119
f 493/679/118 3276/689/119 3275/686/119 492/681/118
f 48/696/119 496/697/119 3278/691/119 499/698/119
f 496/697/119 495/693/119 3279/688/119 3278/691/119
f 499/698/119 3278/691/119 3277/690/120 498/695/119
f 3281/699/121 3282/700/121 3280/701/121 3286/702/121
f 3283/703/121 3284/704/121 3280/701/121 3282/700/121
f 3285/705/121 3286/702/121 3280/701/121 3284/704/121
f 47/678/122 500/706/123 3281/699/121 497/694/121
f 500/706/123 501/707/123 3282/700/121 3281/699/121
f 497/694/121 3281/699/121 3286/702/121 498/695/121
f 49/708/124 505/709/121 3283/703/121 502/710/123
f 505/709/121 504/711/121 3284/704/121 3283/703/121
f 502/710/123 3283/703/121 3282/700/121 501/707/123
f 48/696/121 499/698/121 3285/705/121 503/712/121
f 499/698/121 498/695/121 3286/702/121 3285/705/121
f 503/712/121 3285/705/121 3284/704/121 504/711/121
f 3288/713/125 3289/714/125 3287/715/125 3293/716/125
f 3290/717/125 3291/718/125 3287/715/125 3289/714/125
f 3292/719/125 3293/716/125 3287/715/125 3291/718/125
f 49/708/124 502/710/123 3288/713/125 506/720/126
f 502/710/123 501/707/123 3289/714/125 3288/713/125
f 506/720/126 3288/713/125 3293/716/125 507/721/126
f 47/678/122 509/722/125 3290/717/125 500/706/123
f 509/722/125 510/723/125 3291/718/125 3290/717/125
f 500/706/123 3290/717/125 3289/714/125 501/707/123
f 50/724/127 508/725/126 3292/719/125 511/726/125
f 508/725/126 507/721/126 3293/716/125 3292/719/125
f 511/726/125 3292/719/125 3291/718/125 510/723/125
f 3295/727/128 3296/728/128 3294/729/128 3300/730/129
f 3297/731/128 3298/732/128 3294/729/128 3296/728/128
f 3299/733/129 3300/730/129 3294/729/128 3298/732/128
f 50/724/127 512/734/130 3295/727/128 508/725/126
f 512/734/130 513/735/130 3296/728/128 3295/727/128
f 508/725/126 3295/727/128 3300/730/129 507/721/126
f 51/736/131 517/737/132 3297/731/128 514/738/130
f 517/737/132 516/739/128 3298/732/128 3297/731/128
f 514/738/130 3297/731/128 3296/728/128 513/735/130
f 49/708/124 506/720/126 3299/733/129 515/740/128
f 506/720/126 507/721/126 3300/730/129 3299/733/129
f 515/740/128 3299/733/129 3298/732/128 516/739/128
f 3302/741/133 3303/742/133 3301/743/133 3307/744/133
f 3304/745/133 3305/746/133 3301/743/133 3303/742/133
f 3306/747/133 3307/744/133 3301/743/133 3305/746/133
f 51/736/131 514/738/130 3302/741/133 518/748/134
f 514/738/130 513/735/130 3303/742/133 3302/741/133
f 518/748/134 3302/741/133 3307/744/133 519/749/134
f 50/724/127 521/750/133 3304/745/133 512/734/130
f 521/750/133 522/751/133 3305/746/133 3304/745/133
f 512/734/130 3304/745/133 3303/742/133 513/735/130
f 52/752/135 520/753/134 3306/747/133 523/754/133
f 520/753/134 519/749/134 3307/744/133 3306/747/133
f 523/754/133 3306/747/133 3305/746/133 522/751/133
f 3309/755/136 3310/756/136 3308/757/136 3314/758/136
f 3311/759/136 3312/760/136 3308/757/136 3310/756/136
f 3313/761/136 3314/758/136 3308/757/136 3312/760/136
f 53/762/137 529/763/138 3309/755/136 526/764/136
f 529/763/138 528/765/138 3310/756/136 3309/755/136
f 526/764/136 3309/755/136 3314/758/136 525/766/136
f 51/736/131 518/748/134 3311/759/136 527/767/139
f 518/748/134 519/749/134 3312/760/136 3311/759/136
f 527/767/139 3311/759/136 3310/756/136 528/765/138
f 52/752/135 524/768/136 3313/761/136 520/753/134
f 524/768/136 525/766/136 3314/758/136 3313/761/136
f 520/753/134 3313/761/136 3312/760/136 519/749/134
f 3316/769/140 3317/770/140 3315/771/140 3321/772/140
f 3318/773/140 3319/774/140 3315/771/140 3317/770/140
f 3320/775/140 3321/772/140 3315/771/140 3319/774/140
f 51/736/131 527/767/139 3316/769/140 530/776/140
f 527/767/139 528/765/138 3317/770/140 3316/769/140
f 530/776/140 3316/769/140 3321/772/140 531/777/140
f 53/762/137 533/778/141 3318/773/140 529/763/138
f 533/778/141 534/779/141 3319/774/140 3318/773/140
f 529/763/138 3318/773/140 3317/770/140 528/765/138
f 54/780/142 532/781/140 3320/775/140 535/782/141
f 532/781/140 531/777/140 3321/772/140 3320/775/140
f 535/782/141 3320/775/140 3319/774/140 534/779/141
f 3323/783/143 3324/784/143 3322/785/143 3328/786/143
f 3325/787/143 3326/788/144 3322/785/143 3324/784/143
f 3327/789/143 3328/786/143 3322/785/143 3326/788/144
f 53/762/137 1985/790/145 3323/783/143 533/778/141
f 1985/790/145 1986/791/145 3324/784/143 3323/783/143
f 533/778/141 3323/783/143 3328/786/143 534/779/141
f 36/792/146 1990/793/143 3325/787/143 1987/794/145
f 1990/793/143 1989/795/143 3326/788/144 3325/787/143
f 1987/794/145 3325/787/143 3324/784/143 1986/791/145
f 54/780/142 535/782/141 3327/789/143 1988/796/144
f 535/782/141 534/779/141 3328/786/143 3327/789/143
f 1988/796/144 3327/789/143 3326/788/144 1989/795/143
f 3330/797/147 3331/798/147 3329/799/147 3335/800/148
f 3332/801/147 3333/802/147 3329/799/147 3331/798/147
f 3334/803/147 3335/800/148 3329/799/147 3333/802/147
f 53/762/137 1991/804/147 3330/797/147 1985/790/145
f 1991/804/147 1992/805/147 3331/798/147 3330/797/147
f 1985/790/145 3330/797/147 3335/800/148 1986/791/145
f 35/806/147 449/807/147 3332/801/147 1993/808/147
f 449/807/147 450/809/147 3333/802/147 3332/801/147
f 1993/808/147 3332/801/147 3331/798/147 1992/805/147
f 36/792/146 1987/794/145 3334/803/147 451/810/147
f 1987/794/145 1986/791/145 3335/800/148 3334/803/147
f 451/810/147 3334/803/147 3333/802/147 450/809/147
f 3337/811/149 3338/812/149 3336/813/149 3342/814/149
f 3339/815/149 3340/816/149 3336/813/149 3338/812/149
f 3341/817/149 3342/814/149 3336/813/149 3340/816/149
f 55/818/150 1997/819/149 3337/811/149 1994/820/149
f 1997/819/149 1998/821/149 3338/812/149 3337/811/149
f 1994/820/149 3337/811/149 3342/814/149 1995/822/149
f 37/823/149 455/824/149 3339/815/149 1999/825/149
f 455/824/149 456/826/149 3340/816/149 3339/815/149
f 1999/825/149 3339/815/149 3338/812/149 1998/821/149
f 39/827/149 1996/828/149 3341/817/149 457/829/149
f 1996/828/149 1995/822/149 3342/814/149 3341/817/149
f 457/829/149 3341/817/149 3340/816/149 456/826/149
f 3344/830/149 3345/831/149 3343/832/149 3349/833/149
f 3346/834/149 3347/835/149 3343/832/149 3345/831/149
f 3348/836/149 3349/833/149 3343/832/149 3347/835/149
f 39/827/149 2000/837/149 3344/830/149 1996/828/149
f 2000/837/149 2001/838/149 3345/831/149 3344/830/149
f 1996/828/149 3344/830/149 3349/833/149 1995/822/149
f 56/839/151 538/840/152 3346/834/149 2002/841/149
f 538/840/152 537/842/152 3347/835/149 3346/834/149
f 2002/841/149 3346/834/149 3345/831/149 2001/838/149
f 55/818/150 1994/820/149 3348/836/149 536/843/152
f 1994/820/149 1995/822/149 3349/833/149 3348/836/149
f 536/843/152 3348/836/149 3347/835/149 537/842/152
f 3351/844/153 3352/845/153 3350/846/153 3356/847/153
f 3353/848/153 3354/849/153 3350/846/153 3352/845/153
f 3355/850/153 3356/847/153 3350/846/153 3354/849/153
f 55/818/150 536/843/152 3351/844/153 539/851/153
f 536/843/152 537/842/152 3352/845/153 3351/844/153
f 539/851/153 3351/844/153 3356/847/153 540/852/153
f 56/839/151 542/853/154 3353/848/153 538/840/152
f 542/853/154 543/854/155 3354/849/153 3353/848/153
f 538/840/152 3353/848/153 3352/845/153 537/842/152
f 57/855/156 541/856/153 3355/850/153 544/857/154
f 541/856/153 540/852/153 3356/847/153 3355/850/153
f 544/857/154 3355/850/153 3354/849/153 543/854/155
f 3358/858/157 3359/859/157 3357/860/157 3363/861/157
f 3360/862/157 3361/863/157 3357/860/157 3359/859/157
f 3362/864/157 3363/861/157 3357/860/157 3361/863/157
f 58/865/158 550/866/159 3358/858/157 547/867/160
f 550/866/159 549/868/159 3359/859/157 3358/858/157
f 547/867/160 3358/858/157 3363/861/157 546/869/160
f 57/855/156 544/857/154 3360/862/157 548/870/159
f 544/857/154 543/854/155 3361/863/157 3360/862/157
f 548/870/159 3360/862/157 3359/859/157 549/868/159
f 56/839/151 545/871/160 3362/864/157 542/853/154
f 545/871/160 546/869/160 3363/861/157 3362/864/157
f 542/853/154 3362/864/157 3361/863/157 543/854/155
f 3365/872/161 3366/873/161 3364/874/161 3370/875/161
f 3367/876/161 3368/877/161 3364/874/161 3366/873/161
f 3369/878/161 3370/875/161 3364/874/161 3368/877/161
f 58/865/158 551/879/162 3365/872/161 550/866/159
f 551/879/162 552/880/163 3366/873/161 3365/872/161
f 550/866/159 3365/872/161 3370/875/161 549/868/159
f 59/881/164 556/882/161 3367/876/161 553/883/163
f 556/882/161 555/884/161 3368/877/161 3367/876/161
f 553/883/163 3367/876/161 3366/873/161 552/880/163
f 57/855/156 548/870/159 3369/878/161 554/885/161
f 548/870/159 549/868/159 3370/875/161 3369/878/161
f 554/885/161 3369/878/161 3368/877/161 555/884/161
f 3372/886/165 3373/887/165 3371/888/165 3377/889/166
f 3374/890/165 3375/891/165 3371/888/165 3373/887/165
f 3376/892/166 3377/889/166 3371/888/165 3375/891/165
f 59/881/164 553/883/163 3372/886/165 557/893/167
f 553/883/163 552/880/163 3373/887/165 3372/886/165
f 557/893/167 3372/886/165 3377/889/166 558/894/167
f 58/865/158 560/895/168 3374/890/165 551/879/162
f 560/895/168 561/896/169 3375/891/165 3374/890/165
f 551/879/162 3374/890/165 3373/887/165 552/880/163
f 60/897/170 559/898/167 3376/892/166 562/899/168
f 559/898/167 558/894/167 3377/889/166 3376/892/166
f 562/899/168 3376/892/166 3375/891/165 561/896/169
f 3379/900/171 3380/901/172 3378/902/172 3384/903/171
f 3381/904/172 3382/905/172 3378/902/172 3380/901/172
f 3383/906/172 3384/903/171 3378/902/172 3382/905/172
f 60/897/170 563/907/173 3379/900/171 559/898/167
f 563/907/173 564/908/173 3380/901/172 3379/900/171
f 559/898/167 3379/900/171 3384/903/171 558/894/167
f 61/909/174 568/910/171 3381/904/172 565/911/173
f 568/910/171 567/912/172 3382/905/172 3381/904/172
f 565/911/173 3381/904/172 3380/901/172 564/908/173
f 59/881/164 557/893/167 3383/906/172 566/913/172
f 557/893/167 558/894/167 3384/903/171 3383/906/172
f 566/913/172 3383/906/172 3382/905/172 567/912/172
f 3386/914/175 3387/915/175 3385/916/175 3391/917/175
f 3388/918/175 3389/919/175 3385/916/175 3387/915/175
f 3390/920/175 3391/917/175 3385/916/175 3389/919/175
f 61/909/174 565/911/173 3386/914/175 569/921/176
f 565/911/173 564/908/173 3387/915/175 3386/914/175
f 569/921/176 3386/914/175 3391/917/175 570/922/176
f 60/897/170 572/923/175 3388/918/175 563/907/173
f 572/923/175 573/924/175 3389/919/175 3388/918/175
f 563/907/173 3388/918/175 3387/915/175 564/908/173
f 62/925/176 571/926/176 3390/920/175 574/927/175
f 571/926/176 570/922/176 3391/917/175 3390/920/175
f 574/927/175 3390/920/175 3389/919/175 573/924/175
f 3393/928/177 3394/929/177 3392/930/178 3398/931/177
f 3395/932/178 3396/933/178 3392/930/178 3394/929/177
f 3397/934/177 3398/931/177 3392/930/178 3396/933/178
f 62/925/176 2003/935/177 3393/928/177 571/926/176
f 2003/935/177 2004/936/177 3394/929/177 3393/928/177
f 571/926/176 3393/928/177 3398/931/177 570/922/176
f 40/937/177 2008/938/177 3395/932/178 2005/939/177
f 2008/938/177 2007/940/177 3396/933/178 3395/932/178
f 2005/939/177 3395/932/178 3394/929/177 2004/936/177
f 61/909/174 569/921/176 3397/934/177 2006/941/177
f 569/921/176 570/922/176 3398/931/177 3397/934/177
f 2006/941/177 3397/934/177 3396/933/178 2007/940/177
f 3400/942/177 3401/943/177 3399/944/177 3405/945/177
f 3402/946/177 3403/947/177 3399/944/177 3401/943/177
f 3404/948/177 3405/945/177 3399/944/177 3403/947/177
f 40/937/177 2005/939/177 3400/942/177 466/949/177
f 2005/939/177 2004/936/177 3401/943/177 3400/942/177
f 466/949/177 3400/942/177 3405/945/177 465/950/177
f 62/925/176 2009/951/177 3402/946/177 2003/935/177
f 2009/951/177 2010/952/177 3403/947/177 3402/946/177
f 2003/935/177 3402/946/177 3401/943/177 2004/936/177
f 38/953/177 464/954/177 3404/948/177 2011/955/177
f 464/954/177 465/950/177 3405/945/177 3404/948/177
f 2011/955/177 3404/948/177 3403/947/177 2010/952/177
f 3407/956/179 3408/957/179 3406/958/179 3412/959/179
f 3409/960/179 3410/961/179 3406/958/179 3408/957/179
f 3411/962/179 3412/959/179 3406/958/179 3410/961/179
f 63/963/180 2015/964/181 3407/956/179 2012/965/179
f 2015/964/181 2016/966/181 3408/957/179 3407/956/179
f 2012/965/179 3407/956/179 3412/959/179 2013/967/179
f 22/968/182 395/969/179 3409/960/179 2017/970/181
f 395/969/179 396/971/179 3410/961/179 3409/960/179
f 2017/970/181 3409/960/179 3408/957/179 2016/966/181
f 24/972/179 2014/973/179 3411/962/179 397/974/179
f 2014/973/179 2013/967/179 3412/959/179 3411/962/179
f 397/974/179 3411/962/179 3410/961/179 396/971/179
f 3414/975/183 3415/976/183 3413/977/183 3419/978/183
f 3416/979/183 3417/980/183 3413/977/183 3415/976/183
f 3418/981/183 3419/978/183 3413/977/183 3417/980/183
f 63/963/180 2018/982/184 3414/975/183 2015/964/181
f 2018/982/184 2019/983/184 3415/976/183 3414/975/183
f 2015/964/181 3414/975/183 3419/978/183 2016/966/181
f 20/984/185 380/985/183 3416/979/183 2020/986/184
f 380/985/183 381/987/183 3417/980/183 3416/979/183
f 2020/986/184 3416/979/183 3415/976/183 2019/983/184
f 22/968/182 2017/970/181 3418/981/183 382/988/183
f 2017/970/181 2016/966/181 3419/978/183 3418/981/183
f 382/988/183 3418/981/183 3417/980/183 381/987/183
f 3421/989/186 3422/990/186 3420/991/186 3426/992/186
f 3423/993/186 3424/994/186 3420/991/186 3422/990/186
f 3425/995/186 3426/992/186 3420/991/186 3424/994/186
f 64/996/187 2023/997/188 3421/989/186 577/998/186
f 2023/997/188 2022/999/188 3422/990/186 3421/989/186
f 577/998/186 3421/989/186 3426/992/186 576/1000/186
f 20/984/185 2020/986/184 3423/993/186 2021/1001/188
f 2020/986/184 2019/983/184 3424/994/186 3423/993/186
f 2021/1001/188 3423/993/186 3422/990/186 2022/999/188
f 63/963/180 575/1002/186 3425/995/186 2018/982/184
f 575/1002/186 576/1000/186 3426/992/186 3425/995/186
f 2018/982/184 3425/995/186 3424/994/186 2019/983/184
f 3428/1003/189 3429/1004/189 3427/1005/189 3433/1006/189
f 3430/1007/189 3431/1008/189 3427/1005/189 3429/1004/189
f 3432/1009/189 3433/1006/189 3427/1005/189 3431/1008/189
f 64/996/187 2024/1010/190 3428/1003/189 2023/997/188
f 2024/1010/190 2025/1011/190 3429/1004/189 3428/1003/189
f 2023/997/188 3428/1003/189 3433/1006/189 2022/999/188
f 18/1012/191 368/1013/189 3430/1007/189 2026/1014/190
f 368/1013/189 369/1015/189 3431/1008/189 3430/1007/189
f 2026/1014/190 3430/1007/189 3429/1004/189 2025/1011/190
f 20/984/185 2021/1001/188 3432/1009/189 370/1016/189
f 2021/1001/188 2022/999/188 3433/1006/189 3432/1009/189
f 370/1016/189 3432/1009/189 3431/1008/189 369/1015/189
f 3435/1017/192 3436/1018/192 3434/1019/192 3440/1020/192
f 3437/1021/192 3438/1022/192 3434/1019/192 3436/1018/192
f 3439/1023/192 3440/1020/192 3434/1019/192 3438/1022/192
f 18/1012/191 2026/1014/190 3435/1017/192 2027/1024/193
f 2026/1014/190 2025/1011/190 3436/1018/192 3435/1017/192
f 2027/1024/193 3435/1017/192 3440/1020/192 2028/1025/193
f 64/996/187 578/1026/192 3437/1021/192 2024/1010/190
f 578/1026/192 579/1027/192 3438/1022/192 3437/1021/192
f 2024/1010/190 3437/1021/192 3436/1018/192 2025/1011/190
f 65/1028/194 2029/1029/193 3439/1023/192 580/1030/192
f 2029/1029/193 2028/1025/193 3440/1020/192 3439/1023/192
f 580/1030/192 3439/1023/192 3438/1022/192 579/1027/192
f 3442/1031/195 3443/1032/195 3441/1033/195 3447/1034/195
f 3444/1035/195 3445/1036/195 3441/1033/195 3443/1032/195
f 3446/1037/195 3447/1034/195 3441/1033/195 3445/1036/195
f 66/1038/195 586/1039/195 3442/1031/195 583/1040/195
f 586/1039/195 585/1041/195 3443/1032/195 3442/1031/195
f 583/1040/195 3442/1031/195 3447/1034/195 582/1042/195
f 65/1028/195 580/1030/195 3444/1035/195 584/1043/195
f 580/1030/195 579/1027/195 3445/1036/195 3444/1035/195
f 584/1043/195 3444/1035/195 3443/1032/195 585/1041/195
f 64/996/195 581/1044/195 3446/1037/195 578/1026/195
f 581/1044/195 582/1042/195 3447/1034/195 3446/1037/195
f 578/1026/195 3446/1037/195 3445/1036/195 579/1027/195
f 3449/1045/196 3450/1046/196 3448/1047/196 3454/1048/196
f 3451/1049/196 3452/1050/196 3448/1047/196 3450/1046/196
f 3453/1051/196 3454/1048/196 3448/1047/196 3452/1050/196
f 65/1028/194 2030/1052/197 3449/1045/196 2029/1029/193
f 2030/1052/197 2031/1053/197 3450/1046/196 3449/1045/196
f 2029/1029/193 3449/1045/196 3454/1048/196 2028/1025/193
f 16/1054/198 359/1055/196 3451/1049/196 2032/1056/197
f 359/1055/196 360/1057/196 3452/1050/196 3451/1049/196
f 2032/1056/197 3451/1049/196 3450/1046/196 2031/1053/197
f 18/1012/191 2027/1024/193 3453/1051/196 361/1058/196
f 2027/1024/193 2028/1025/193 3454/1048/196 3453/1051/196
f 361/1058/196 3453/1051/196 3452/1050/196 360/1057/196
f 3456/1059/199 3457/1060/199 3455/1061/199 3461/1062/199
f 3458/1063/199 3459/1064/199 3455/1061/199 3457/1060/199
f 3460/1065/199 3461/1062/199 3455/1061/199 3459/1064/199
f 16/1054/198 2032/1056/197 3456/1059/199 2033/1066/200
f 2032/1056/197 2031/1053/197 3457/1060/199 3456/1059/199
f 2033/1066/200 3456/1059/199 3461/1062/199 2034/1067/200
f 65/1028/194 587/1068/199 3458/1063/199 2030/1052/197
f 587/1068/199 588/1069/199 3459/1064/199 3458/1063/199
f 2030/1052/197 3458/1063/199 3457/1060/199 2031/1053/197
f 67/1070/201 2035/1071/200 3460/1065/199 589/1072/199
f 2035/1071/200 2034/1067/200 3461/1062/199 3460/1065/199
f 589/1072/199 3460/1065/199 3459/1064/199 588/1069/199
f 3463/1073/202 3464/1074/202 3462/1075/202 3468/1076/202
f 3465/1077/202 3466/1078/202 3462/1075/202 3464/1074/202
f 3467/1079/202 3468/1076/202 3462/1075/202 3466/1078/202
f 67/1070/201 590/1080/202 3463/1073/202 2035/1071/200
f 590/1080/202 591/1081/202 3464/1074/202 3463/1073/202
f 2035/1071/200 3463/1073/202 3468/1076/202 2034/1067/200
f 68/1082/203 2038/1083/204 3465/1077/202 592/1084/202
f 2038/1083/204 2037/1085/204 3466/1078/202 3465/1077/202
f 592/1084/202 3465/1077/202 3464/1074/202 591/1081/202
f 16/1054/198 2033/1066/200 3467/1079/202 2036/1086/204
f 2033/1066/200 2034/1067/200 3468/1076/202 3467/1079/202
f 2036/1086/204 3467/1079/202 3466/1078/202 2037/1085/204
f 3470/1087/205 3471/1088/205 3469/1089/205 3475/1090/205
f 3472/1091/205 3473/1092/205 3469/1089/205 3471/1088/205
f 3474/1093/206 3475/1090/205 3469/1089/205 3473/1092/205
f 16/1054/198 2036/1086/204 3470/1087/205 349/1094/205
f 2036/1086/204 2037/1085/204 3471/1088/205 3470/1087/205
f 349/1094/205 3470/1087/205 3475/1090/205 348/1095/205
f 68/1082/203 2039/1096/207 3472/1091/205 2038/1083/204
f 2039/1096/207 2040/1097/207 3473/1092/205 3472/1091/205
f 2038/1083/204 3472/1091/205 3471/1088/205 2037/1085/204
f 14/1098/208 347/1099/205 3474/1093/206 2041/1100/207
f 347/1099/205 348/1095/205 3475/1090/205 3474/1093/206
f 2041/1100/207 3474/1093/206 3473/1092/205 2040/1097/207
f 3477/1101/209 3478/1102/209 3476/1103/209 3482/1104/209
f 3479/1105/209 3480/1106/209 3476/1103/209 3478/1102/209
f 3481/1107/209 3482/1104/209 3476/1103/209 3480/1106/209
f 69/1108/210 2044/1109/211 3477/1101/209 595/1110/209
f 2044/1109/211 2043/1111/211 3478/1102/209 3477/1101/209
f 595/1110/209 3477/1101/209 3482/1104/209 594/1112/209
f 14/1098/208 2041/1100/207 3479/1105/209 2042/1113/211
f 2041/1100/207 2040/1097/207 3480/1106/209 3479/1105/209
f 2042/1113/211 3479/1105/209 3478/1102/209 2043/1111/211
f 68/1082/203 593/1114/209 3481/1107/209 2039/1096/207
f 593/1114/209 594/1112/209 3482/1104/209 3481/1107/209
f 2039/1096/207 3481/1107/209 3480/1106/209 2040/1097/207
f 3484/1115/212 3485/1116/212 3483/1117/212 3489/1118/212
f 3486/1119/212 3487/1120/212 3483/1117/212 3485/1116/212
f 3488/1121/212 3489/1118/212 3483/1117/212 3487/1120/212
f 69/1108/210 2045/1122/212 3484/1115/212 2044/1109/211
f 2045/1122/212 2046/1123/212 3485/1116/212 3484/1115/212
f 2044/1109/211 3484/1115/212 3489/1118/212 2043/1111/211
f 4/1124/213 2050/1125/214 3486/1119/212 2047/1126/212
f 2050/1125/214 2049/1127/214 3487/1120/212 3486/1119/212
f 2047/1126/212 3486/1119/212 3485/1116/212 2046/1123/212
f 14/1098/208 2042/1113/211 3488/1121/212 2048/1128/214
f 2042/1113/211 2043/1111/211 3489/1118/212 3488/1121/212
f 2048/1128/214 3488/1121/212 3487/1120/212 2049/1127/214
f 3491/1129/215 3492/1130/215 3490/1131/215 3496/1132/215
f 3493/1133/215 3494/1134/215 3490/1131/215 3492/1130/215
f 3495/1135/215 3496/1132/215 3490/1131/215 3494/1134/215
f 4/1124/215 2047/1126/215 3491/1129/215 307/1136/215
f 2047/1126/215 2046/1123/215 3492/1130/215 3491/1129/215
f 307/1136/215 3491/1129/215 3496/1132/215 306/1137/215
f 69/1108/215 2051/1138/215 3493/1133/215 2045/1122/215
f 2051/1138/215 2052/1139/215 3494/1134/215 3493/1133/215
f 2045/1122/215 3493/1133/215 3492/1130/215 2046/1123/215
f 3/1140/215 305/1141/215 3495/1135/215 2053/1142/215
f 305/1141/215 306/1137/215 3496/1132/215 3495/1135/215
f 2053/1142/215 3495/1135/215 3494/1134/215 2052/1139/215
f 3498/1143/216 3499/1144/216 3497/1145/216 3503/1146/216
f 3500/1147/216 3501/1148/216 3497/1145/216 3499/1144/216
f 3502/1149/216 3503/1146/216 3497/1145/216 3501/1148/216
f 12/1150/217 335/1151/216 3498/1143/216 2056/1152/218
f 335/1151/216 336/1153/216 3499/1144/216 3498/1143/216
f 2056/1152/218 3498/1143/216 3503/1146/216 2055/1154/218
f 14/1098/208 2048/1128/214 3500/1147/216 337/1155/216
f 2048/1128/214 2049/1127/214 3501/1148/216 3500/1147/216
f 337/1155/216 3500/1147/216 3499/1144/216 336/1153/216
f 4/1124/213 2054/1156/218 3502/1149/216 2050/1125/214
f 2054/1156/218 2055/1154/218 3503/1146/216 3502/1149/216
f 2050/1125/214 3502/1149/216 3501/1148/216 2049/1127/214
f 3505/1157/219 3506/1158/219 3504/1159/219 3510/1160/219
f 3507/1161/219 3508/1162/219 3504/1159/219 3506/1158/219
f 3509/1163/219 3510/1160/219 3504/1159/219 3508/1162/219
f 5/1164/220 2059/1165/221 3505/1157/219 1919/1166/219
f 2059/1165/221 2058/1167/221 3506/1158/219 3505/1157/219
f 1919/1166/219 3505/1157/219 3510/1160/219 1920/1168/219
f 12/1150/217 2056/1152/218 3507/1161/219 2057/1169/221
f 2056/1152/218 2055/1154/218 3508/1162/219 3507/1161/219
f 2057/1169/221 3507/1161/219 3506/1158/219 2058/1167/221
f 4/1124/213 1921/1170/219 3509/1163/219 2054/1156/218
f 1921/1170/219 1920/1168/219 3510/1160/219 3509/1163/219
f 2054/1156/218 3509/1163/219 3508/1162/219 2055/1154/218
f 3512/1171/222 3513/1172/222 3511/1173/222 3517/1174/222
f 3514/1175/222 3515/1176/222 3511/1173/222 3513/1172/222
f 3516/1177/222 3517/1174/222 3511/1173/222 3515/1176/222
f 12/1150/217 2057/1169/221 3512/1171/222 319/1178/222
f 2057/1169/221 2058/1167/221 3513/1172/222 3512/1171/222
f 319/1178/222 3512/1171/222 3517/1174/222 318/1179/222
f 5/1164/220 2060/1180/222 3514/1175/222 2059/1165/221
f 2060/1180/222 2061/1181/222 3515/1176/222 3514/1175/222
f 2059/1165/221 3514/1175/222 3513/1172/222 2058/1167/221
f 10/1182/222 317/1183/222 3516/1177/222 2062/1184/222
f 317/1183/222 318/1179/222 3517/1174/222 3516/1177/222
f 2062/1184/222 3516/1177/222 3515/1176/222 2061/1181/222
f 3519/1185/223 3520/1186/223 3518/1187/223 3524/1188/223
f 3521/1189/223 3522/1190/223 3518/1187/223 3520/1186/223
f 3523/1191/223 3524/1188/223 3518/1187/223 3522/1190/223
f 21/1192/223 2063/1193/223 3519/1185/223 386/1194/223
f 2063/1193/223 2064/1195/223 3520/1186/223 3519/1185/223
f 386/1194/223 3519/1185/223 3524/1188/223 387/1196/223
f 70/1197/224 2066/1198/223 3521/1189/223 2065/1199/223
f 2066/1198/223 2067/1200/223 3522/1190/223 3521/1189/223
f 2065/1199/223 3521/1189/223 3520/1186/223 2064/1195/223
f 23/1201/223 388/1202/223 3523/1191/223 2068/1203/223
f 388/1202/223 387/1196/223 3524/1188/223 3523/1191/223
f 2068/1203/223 3523/1191/223 3522/1190/223 2067/1200/223
f 3526/1204/223 3527/1205/223 3525/1206/223 3531/1207/223
f 3528/1208/223 3529/1209/223 3525/1206/223 3527/1205/223
f 3530/1210/223 3531/1207/223 3525/1206/223 3529/1209/223
f 70/1197/224 2065/1199/223 3526/1204/223 2069/1211/224
f 2065/1199/223 2064/1195/223 3527/1205/223 3526/1204/223
f 2069/1211/224 3526/1204/223 3531/1207/223 2070/1212/224
f 21/1192/223 376/1213/223 3528/1208/223 2063/1193/223
f 376/1213/223 375/1214/223 3529/1209/223 3528/1208/223
f 2063/1193/223 3528/1208/223 3527/1205/223 2064/1195/223
f 19/1215/225 2071/1216/224 3530/1210/223 374/1217/223
f 2071/1216/224 2070/1212/224 3531/1207/223 3530/1210/223
f 374/1217/223 3530/1210/223 3529/1209/223 375/1214/223
f 3533/1218/226 3534/1219/226 3532/1220/226 3538/1221/226
f 3535/1222/226 3536/1223/226 3532/1220/226 3534/1219/226
f 3537/1224/226 3538/1221/226 3532/1220/226 3536/1223/226
f 19/1215/225 2072/1225/226 3533/1218/226 2071/1216/224
f 2072/1225/226 2073/1226/226 3534/1219/226 3533/1218/226
f 2071/1216/224 3533/1218/226 3538/1221/226 2070/1212/224
f 71/1227/227 598/1228/226 3535/1222/226 2074/1229/226
f 598/1228/226 597/1230/226 3536/1223/226 3535/1222/226
f 2074/1229/226 3535/1222/226 3534/1219/226 2073/1226/226
f 70/1197/224 2069/1211/224 3537/1224/226 596/1231/226
f 2069/1211/224 2070/1212/224 3538/1221/226 3537/1224/226
f 596/1231/226 3537/1224/226 3536/1223/226 597/1230/226
f 3540/1232/226 3541/1233/226 3539/1234/226 3545/1235/226
f 3542/1236/226 3543/1237/226 3539/1234/226 3541/1233/226
f 3544/1238/226 3545/1235/226 3539/1234/226 3543/1237/226
f 71/1227/227 2074/1229/226 3540/1232/226 2075/1239/227
f 2074/1229/226 2073/1226/226 3541/1233/226 3540/1232/226
f 2075/1239/227 3540/1232/226 3545/1235/226 2076/1240/227
f 19/1215/225 364/1241/226 3542/1236/226 2072/1225/226
f 364/1241/226 363/1242/226 3543/1237/226 3542/1236/226
f 2072/1225/226 3542/1236/226 3541/1233/226 2073/1226/226
f 17/1243/228 2077/1244/227 3544/1238/226 362/1245/226
f 2077/1244/227 2076/1240/227 3545/1235/226 3544/1238/226
f 362/1245/226 3544/1238/226 3543/1237/226 363/1242/226
f 3547/1246/229 3548/1247/229 3546/1248/229 3552/1249/229
f 3549/1250/229 3550/1251/229 3546/1248/229 3548/1247/229
f 3551/1252/229 3552/1249/229 3546/1248/229 3550/1251/229
f 17/1243/228 2078/1253/229 3547/1246/229 2077/1244/227
f 2078/1253/229 2079/1254/229 3548/1247/229 3547/1246/229
f 2077/1244/227 3547/1246/229 3552/1249/229 2076/1240/227
f 72/1255/230 601/1256/229 3549/1250/229 2080/1257/229
f 601/1256/229 600/1258/229 3550/1251/229 3549/1250/229
f 2080/1257/229 3549/1250/229 3548/1247/229 2079/1254/229
f 71/1227/227 2075/1239/227 3551/1252/229 599/1259/229
f 2075/1239/227 2076/1240/227 3552/1249/229 3551/1252/229
f 599/1259/229 3551/1252/229 3550/1251/229 600/1258/229
f 3554/1260/229 3555/1261/229 3553/1262/229 3559/1263/229
f 3556/1264/229 3557/1265/229 3553/1262/229 3555/1261/229
f 3558/1266/229 3559/1263/229 3553/1262/229 3557/1265/229
f 72/1255/230 2080/1257/229 3554/1260/229 2081/1267/231
f 2080/1257/229 2079/1254/229 3555/1261/229 3554/1260/229
f 2081/1267/231 3554/1260/229 3559/1263/229 2082/1268/231
f 17/1243/228 352/1269/229 3556/1264/229 2078/1253/229
f 352/1269/229 351/1270/229 3557/1265/229 3556/1264/229
f 2078/1253/229 3556/1264/229 3555/1261/229 2079/1254/229
f 15/1271/232 2083/1272/231 3558/1266/229 350/1273/229
f 2083/1272/231 2082/1268/231 3559/1263/229 3558/1266/229
f 350/1273/229 3558/1266/229 3557/1265/229 351/1270/229
f 3561/1274/233 3562/1275/233 3560/1276/233 3566/1277/233
f 3563/1278/233 3564/1279/233 3560/1276/233 3562/1275/233
f 3565/1280/233 3566/1277/233 3560/1276/233 3564/1279/233
f 15/1271/232 2084/1281/234 3561/1274/233 2083/1272/231
f 2084/1281/234 2085/1282/234 3562/1275/233 3561/1274/233
f 2083/1272/231 3561/1274/233 3566/1277/233 2082/1268/231
f 73/1283/235 604/1284/233 3563/1278/233 2086/1285/234
f 604/1284/233 603/1286/233 3564/1279/233 3563/1278/233
f 2086/1285/234 3563/1278/233 3562/1275/233 2085/1282/234
f 72/1255/230 2081/1267/231 3565/1280/233 602/1287/233
f 2081/1267/231 2082/1268/231 3566/1277/233 3565/1280/233
f 602/1287/233 3565/1280/233 3564/1279/233 603/1286/233
f 3568/1288/236 3569/1289/236 3567/1290/236 3573/1291/236
f 3570/1292/236 3571/1293/236 3567/1290/236 3569/1289/236
f 3572/1294/236 3573/1291/236 3567/1290/236 3571/1293/236
f 73/1283/235 2086/1285/234 3568/1288/236 605/1295/237
f 2086/1285/234 2085/1282/234 3569/1289/236 3568/1288/236
f 605/1295/237 3568/1288/236 3573/1291/236 606/1296/237
f 15/1271/232 2087/1297/238 3570/1292/236 2084/1281/234
f 2087/1297/238 2088/1298/238 3571/1293/236 3570/1292/236
f 2084/1281/234 3570/1292/236 3569/1289/236 2085/1282/234
f 74/1299/239 607/1300/237 3572/1294/236 2089/1301/238
f 607/1300/237 606/1296/237 3573/1291/236 3572/1294/236
f 2089/1301/238 3572/1294/236 3571/1293/236 2088/1298/238
f 3575/1302/240 3576/1303/240 3574/1304/240 3580/1305/240
f 3577/1306/240 3578/1307/240 3574/1304/240 3576/1303/240
f 3579/1308/240 3580/1305/240 3574/1304/240 3578/1307/240
f 13/1309/240 2092/1310/240 3575/1302/240 341/1311/240
f 2092/1310/240 2091/1312/240 3576/1303/240 3575/1302/240
f 341/1311/240 3575/1302/240 3580/1305/240 342/1313/240
f 74/1299/239 2089/1301/238 3577/1306/240 2090/1314/240
f 2089/1301/238 2088/1298/238 3578/1307/240 3577/1306/240
f 2090/1314/240 3577/1306/240 3576/1303/240 2091/1312/240
f 15/1271/232 343/1315/240 3579/1308/240 2087/1297/238
f 343/1315/240 342/1313/240 3580/1305/240 3579/1308/240
f 2087/1297/238 3579/1308/240 3578/1307/240 2088/1298/238
f 3582/1316/241 3583/1317/241 3581/1318/241 3587/1319/241
f 3584/1320/241 3585/1321/241 3581/1318/241 3583/1317/241
f 3586/1322/241 3587/1319/241 3581/1318/241 3585/1321/241
f 74/1299/239 608/1323/242 3582/1316/241 607/1300/237
f 608/1323/242 609/1324/242 3583/1317/241 3582/1316/241
f 607/1300/237 3582/1316/241 3587/1319/241 606/1296/237
f 75/1325/243 613/1326/241 3584/1320/241 610/1327/242
f 613/1326/241 612/1328/241 3585/1321/241 3584/1320/241
f 610/1327/242 3584/1320/241 3583/1317/241 609/1324/242
f 73/1283/235 605/1295/237 3586/1322/241 611/1329/241
f 605/1295/237 606/1296/237 3587/1319/241 3586/1322/241
f 611/1329/241 3586/1322/241 3585/1321/241 612/1328/241
f 3589/1330/240 3590/1331/240 3588/1332/240 3594/1333/240
f 3591/1334/240 3592/1335/240 3588/1332/240 3590/1331/240
f 3593/1336/240 3594/1333/240 3588/1332/240 3592/1335/240
f 76/1337/244 616/1338/245 3589/1330/240 2095/1339/240
f 616/1338/245 615/1340/245 3590/1331/240 3589/1330/240
f 2095/1339/240 3589/1330/240 3594/1333/240 2094/1341/240
f 74/1299/239 2090/1314/240 3591/1334/240 614/1342/245
f 2090/1314/240 2091/1312/240 3592/1335/240 3591/1334/240
f 614/1342/245 3591/1334/240 3590/1331/240 615/1340/245
f 13/1309/240 2093/1343/240 3593/1336/240 2092/1310/240
f 2093/1343/240 2094/1341/240 3594/1333/240 3593/1336/240
f 2092/1310/240 3593/1336/240 3592/1335/240 2091/1312/240
f 3596/1344/246 3597/1345/246 3595/1346/246 3601/1347/246
f 3598/1348/246 3599/1349/246 3595/1346/246 3597/1345/246
f 3600/1350/246 3601/1347/246 3595/1346/246 3599/1349/246
f 77/1351/247 622/1352/248 3596/1344/246 619/1353/249
f 622/1352/248 621/1354/248 3597/1345/246 3596/1344/246
f 619/1353/249 3596/1344/246 3601/1347/246 618/1355/249
f 75/1325/243 610/1327/242 3598/1348/246 620/1356/248
f 610/1327/242 609/1324/242 3599/1349/246 3598/1348/246
f 620/1356/248 3598/1348/246 3597/1345/246 621/1354/248
f 74/1299/239 617/1357/249 3600/1350/246 608/1323/242
f 617/1357/249 618/1355/249 3601/1347/246 3600/1350/246
f 608/1323/242 3600/1350/246 3599/1349/246 609/1324/242
f 3603/1358/250 3604/1359/250 3602/1360/250 3608/1361/250
f 3605/1362/250 3606/1363/250 3602/1360/250 3604/1359/250
f 3607/1364/250 3608/1361/250 3602/1360/250 3606/1363/250
f 77/1351/247 623/1365/251 3603/1358/250 622/1352/248
f 623/1365/251 624/1366/251 3604/1359/250 3603/1358/250
f 622/1352/248 3603/1358/250 3608/1361/250 621/1354/248
f 78/1367/252 628/1368/250 3605/1362/250 625/1369/251
f 628/1368/250 627/1370/250 3606/1363/250 3605/1362/250
f 625/1369/251 3605/1362/250 3604/1359/250 624/1366/251
f 75/1325/243 620/1356/248 3607/1364/250 626/1371/250
f 620/1356/248 621/1354/248 3608/1361/250 3607/1364/250
f 626/1371/250 3607/1364/250 3606/1363/250 627/1370/250
f 3610/1372/253 3611/1373/253 3609/1374/253 3615/1375/253
f 3612/1376/253 3613/1377/253 3609/1374/253 3611/1373/253
f 3614/1378/253 3615/1375/253 3609/1374/253 3613/1377/253
f 76/1337/244 629/1379/253 3610/1372/253 616/1338/245
f 629/1379/253 630/1380/253 3611/1373/253 3610/1372/253
f 616/1338/245 3610/1372/253 3615/1375/253 615/1340/245
f 79/1381/254 634/1382/255 3612/1376/253 631/1383/253
f 634/1382/255 633/1384/255 3613/1377/253 3612/1376/253
f 631/1383/253 3612/1376/253 3611/1373/253 630/1380/253
f 74/1299/239 614/1342/245 3614/1378/253 632/1385/255
f 614/1342/245 615/1340/245 3615/1375/253 3614/1378/253
f 632/1385/255 3614/1378/253 3613/1377/253 633/1384/255
f 3617/1386/256 3618/1387/256 3616/1388/256 3622/1389/256
f 3619/1390/256 3620/1391/256 3616/1388/256 3618/1387/256
f 3621/1392/256 3622/1389/256 3616/1388/256 3620/1391/256
f 79/1381/254 637/1393/257 3617/1386/256 634/1382/255
f 637/1393/257 636/1394/257 3618/1387/256 3617/1386/256
f 634/1382/255 3617/1386/256 3622/1389/256 633/1384/255
f 77/1351/247 619/1353/249 3619/1390/256 635/1395/257
f 619/1353/249 618/1355/249 3620/1391/256 3619/1390/256
f 635/1395/257 3619/1390/256 3618/1387/256 636/1394/257
f 74/1299/239 632/1385/255 3621/1392/256 617/1357/249
f 632/1385/255 633/1384/255 3622/1389/256 3621/1392/256
f 617/1357/249 3621/1392/256 3620/1391/256 618/1355/249
f 3624/1396/253 3625/1397/253 3623/1398/253 3629/1399/253
f 3626/1400/253 3627/1401/253 3623/1398/253 3625/1397/253
f 3628/1402/253 3629/1399/253 3623/1398/253 3627/1401/253
f 76/1337/244 638/1403/253 3624/1396/253 629/1379/253
f 638/1403/253 639/1404/253 3625/1397/253 3624/1396/253
f 629/1379/253 3624/1396/253 3629/1399/253 630/1380/253
f 80/1405/258 643/1406/259 3626/1400/253 640/1407/253
f 643/1406/259 642/1408/259 3627/1401/253 3626/1400/253
f 640/1407/253 3626/1400/253 3625/1397/253 639/1404/253
f 79/1381/254 631/1383/253 3628/1402/253 641/1409/259
f 631/1383/253 630/1380/253 3629/1399/253 3628/1402/253
f 641/1409/259 3628/1402/253 3627/1401/253 642/1408/259
f 3631/1410/260 3632/1411/260 3630/1412/260 3636/1413/260
f 3633/1414/260 3634/1415/260 3630/1412/260 3632/1411/260
f 3635/1416/260 3636/1413/260 3630/1412/260 3634/1415/260
f 81/1417/261 649/1418/262 3631/1410/260 646/1419/260
f 649/1418/262 648/1420/262 3632/1411/260 3631/1410/260
f 646/1419/260 3631/1410/260 3636/1413/260 645/1421/260
f 79/1381/254 641/1409/259 3633/1414/260 647/1422/262
f 641/1409/259 642/1408/259 3634/1415/260 3633/1414/260
f 647/1422/262 3633/1414/260 3632/1411/260 648/1420/262
f 80/1405/258 644/1423/260 3635/1416/260 643/1406/259
f 644/1423/260 645/1421/260 3636/1413/260 3635/1416/260
f 643/1406/259 3635/1416/260 3634/1415/260 642/1408/259
f 3638/1424/263 3639/1425/263 3637/1426/263 3643/1427/263
f 3640/1428/263 3641/1429/263 3637/1426/263 3639/1425/263
f 3642/1430/263 3643/1427/263 3637/1426/263 3641/1429/263
f 81/1417/261 650/1431/263 3638/1424/263 649/1418/262
f 650/1431/263 651/1432/263 3639/1425/263 3638/1424/263
f 649/1418/262 3638/1424/263 3643/1427/263 648/1420/262
f 82/1433/264 655/1434/265 3640/1428/263 652/1435/263
f 655/1434/265 654/1436/265 3641/1429/263 3640/1428/263
f 652/1435/263 3640/1428/263 3639/1425/263 651/1432/263
f 79/1381/254 647/1422/262 3642/1430/263 653/1437/265
f 647/1422/262 648/1420/262 3643/1427/263 3642/1430/263
f 653/1437/265 3642/1430/263 3641/1429/263 654/1436/265
f 3645/1438/266 3646/1439/266 3644/1440/266 3650/1441/266
f 3647/1442/266 3648/1443/266 3644/1440/266 3646/1439/266
f 3649/1444/266 3650/1441/266 3644/1440/266 3648/1443/266
f 82/1433/264 656/1445/267 3645/1438/266 655/1434/265
f 656/1445/267 657/1446/267 3646/1439/266 3645/1438/266
f 655/1434/265 3645/1438/266 3650/1441/266 654/1436/265
f 83/1447/268 661/1448/269 3647/1442/266 658/1449/267
f 661/1448/269 660/1450/269 3648/1443/266 3647/1442/266
f 658/1449/267 3647/1442/266 3646/1439/266 657/1446/267
f 79/1381/254 653/1437/265 3649/1444/266 659/1451/269
f 653/1437/265 654/1436/265 3650/1441/266 3649/1444/266
f 659/1451/269 3649/1444/266 3648/1443/266 660/1450/269
f 3652/1452/270 3653/1453/270 3651/1454/270 3657/1455/270
f 3654/1456/270 3655/1457/270 3651/1454/270 3653/1453/270
f 3656/1458/270 3657/1455/270 3651/1454/270 3655/1457/270
f 77/1351/247 635/1395/257 3652/1452/270 662/1459/271
f 635/1395/257 636/1394/257 3653/1453/270 3652/1452/270
f 662/1459/271 3652/1452/270 3657/1455/270 663/1460/271
f 79/1381/254 659/1451/269 3654/1456/270 637/1393/257
f 659/1451/269 660/1450/269 3655/1457/270 3654/1456/270
f 637/1393/257 3654/1456/270 3653/1453/270 636/1394/257
f 83/1447/268 664/1461/271 3656/1458/270 661/1448/269
f 664/1461/271 663/1460/271 3657/1455/270 3656/1458/270
f 661/1448/269 3656/1458/270 3655/1457/270 660/1450/269
f 3659/1462/272 3660/1463/272 3658/1464/272 3664/1465/272
f 3661/1466/272 3662/1467/272 3658/1464/272 3660/1463/272
f 3663/1468/272 3664/1465/272 3658/1464/272 3662/1467/272
f 82/1433/264 665/1469/272 3659/1462/272 656/1445/267
f 665/1469/272 666/1470/272 3660/1463/272 3659/1462/272
f 656/1445/267 3659/1462/272 3664/1465/272 657/1446/267
f 84/1471/273 670/1472/274 3661/1466/272 667/1473/272
f 670/1472/274 669/1474/274 3662/1467/272 3661/1466/272
f 667/1473/272 3661/1466/272 3660/1463/272 666/1470/272
f 83/1447/268 658/1449/267 3663/1468/272 668/1475/274
f 658/1449/267 657/1446/267 3664/1465/272 3663/1468/272
f 668/1475/274 3663/1468/272 3662/1467/272 669/1474/274
f 3666/1476/275 3667/1477/275 3665/1478/275 3671/1479/275
f 3668/1480/275 3669/1481/275 3665/1478/275 3667/1477/275
f 3670/1482/275 3671/1479/275 3665/1478/275 3669/1481/275
f 85/1483/276 676/1484/277 3666/1476/275 673/1485/278
f 676/1484/277 675/1486/277 3667/1477/275 3666/1476/275
f 673/1485/278 3666/1476/275 3671/1479/275 672/1487/278
f 83/1447/268 668/1475/274 3668/1480/275 674/1488/277
f 668/1475/274 669/1474/274 3669/1481/275 3668/1480/275
f 674/1488/277 3668/1480/275 3667/1477/275 675/1486/277
f 84/1471/273 671/1489/278 3670/1482/275 670/1472/274
f 671/1489/278 672/1487/278 3671/1479/275 3670/1482/275
f 670/1472/274 3670/1482/275 3669/1481/275 669/1474/274
f 3673/1490/279 3674/1491/279 3672/1492/279 3678/1493/279
f 3675/1494/279 3676/1495/279 3672/1492/279 3674/1491/279
f 3677/1496/279 3678/1493/279 3672/1492/279 3676/1495/279
f 83/1447/268 674/1488/277 3673/1490/279 664/1461/271
f 674/1488/277 675/1486/277 3674/1491/279 3673/1490/279
f 664/1461/271 3673/1490/279 3678/1493/279 663/1460/271
f 85/1483/276 679/1497/280 3675/1494/279 676/1484/277
f 679/1497/280 678/1498/280 3676/1495/279 3675/1494/279
f 676/1484/277 3675/1494/279 3674/1491/279 675/1486/277
f 77/1351/247 662/1459/271 3677/1496/279 677/1499/280
f 662/1459/271 663/1460/271 3678/1493/279 3677/1496/279
f 677/1499/280 3677/1496/279 3676/1495/279 678/1498/280
f 3680/1500/281 3681/1501/281 3679/1502/281 3685/1503/281
f 3682/1504/281 3683/1505/281 3679/1502/281 3681/1501/281
f 3684/1506/281 3685/1503/281 3679/1502/281 3683/1505/281
f 86/1507/282 685/1508/283 3680/1500/281 682/1509/281
f 685/1508/283 684/1510/283 3681/1501/281 3680/1500/281
f 682/1509/281 3680/1500/281 3685/1503/281 681/1511/281
f 85/1483/276 673/1485/278 3682/1504/281 683/1512/283
f 673/1485/278 672/1487/278 3683/1505/281 3682/1504/281
f 683/1512/283 3682/1504/281 3681/1501/281 684/1510/283
f 84/1471/273 680/1513/281 3684/1506/281 671/1489/278
f 680/1513/281 681/1511/281 3685/1503/281 3684/1506/281
f 671/1489/278 3684/1506/281 3683/1505/281 672/1487/278
f 3687/1514/284 3688/1515/284 3686/1516/284 3692/1517/284
f 3689/1518/284 3690/1519/284 3686/1516/284 3688/1515/284
f 3691/1520/284 3692/1517/284 3686/1516/284 3690/1519/284
f 85/1483/276 683/1512/283 3687/1514/284 686/1521/285
f 683/1512/283 684/1510/283 3688/1515/284 3687/1514/284
f 686/1521/285 3687/1514/284 3692/1517/284 687/1522/285
f 86/1507/282 689/1523/286 3689/1518/284 685/1508/283
f 689/1523/286 690/1524/286 3690/1519/284 3689/1518/284
f 685/1508/283 3689/1518/284 3688/1515/284 684/1510/283
f 87/1525/287 688/1526/285 3691/1520/284 691/1527/286
f 688/1526/285 687/1522/285 3692/1517/284 3691/1520/284
f 691/1527/286 3691/1520/284 3690/1519/284 690/1524/286
f 3694/1528/288 3695/1529/288 3693/1530/288 3699/1531/288
f 3696/1532/288 3697/1533/288 3693/1530/288 3695/1529/288
f 3698/1534/288 3699/1531/288 3693/1530/288 3697/1533/288
f 86/1507/282 692/1535/288 3694/1528/288 689/1523/286
f 692/1535/288 693/1536/288 3695/1529/288 3694/1528/288
f 689/1523/286 3694/1528/288 3699/1531/288 690/1524/286
f 88/1537/289 697/1538/290 3696/1532/288 694/1539/288
f 697/1538/290 696/1540/290 3697/1533/288 3696/1532/288
f 694/1539/288 3696/1532/288 3695/1529/288 693/1536/288
f 87/1525/287 691/1527/286 3698/1534/288 695/1541/290
f 691/1527/286 690/1524/286 3699/1531/288 3698/1534/288
f 695/1541/290 3698/1534/288 3697/1533/288 696/1540/290
f 3701/1542/291 3702/1543/291 3700/1544/291 3706/1545/291
f 3703/1546/291 3704/1547/291 3700/1544/291 3702/1543/291
f 3705/1548/291 3706/1545/291 3700/1544/291 3704/1547/291
f 77/1351/247 677/1499/280 3701/1542/291 698/1549/292
f 677/1499/280 678/1498/280 3702/1543/291 3701/1542/291
f 698/1549/292 3701/1542/291 3706/1545/291 699/1550/292
f 85/1483/276 701/1551/293 3703/1546/291 679/1497/280
f 701/1551/293 702/1552/293 3704/1547/291 3703/1546/291
f 679/1497/280 3703/1546/291 3702/1543/291 678/1498/280
f 89/1553/294 700/1554/292 3705/1548/291 703/1555/293
f 700/1554/292 699/1550/292 3706/1545/291 3705/1548/291
f 703/1555/293 3705/1548/291 3704/1547/291 702/1552/293
f 3708/1556/295 3709/1557/295 3707/1558/295 3713/1559/295
f 3710/1560/295 3711/1561/295 3707/1558/295 3709/1557/295
f 3712/1562/295 3713/1559/295 3707/1558/295 3711/1561/295
f 87/1525/287 704/1563/296 3708/1556/295 688/1526/285
f 704/1563/296 705/1564/296 3709/1557/295 3708/1556/295
f 688/1526/285 3708/1556/295 3713/1559/295 687/1522/285
f 89/1553/294 703/1555/293 3710/1560/295 706/1565/296
f 703/1555/293 702/1552/293 3711/1561/295 3710/1560/295
f 706/1565/296 3710/1560/295 3709/1557/295 705/1564/296
f 85/1483/276 686/1521/285 3712/1562/295 701/1551/293
f 686/1521/285 687/1522/285 3713/1559/295 3712/1562/295
f 701/1551/293 3712/1562/295 3711/1561/295 702/1552/293
f 3715/1566/297 3716/1567/297 3714/1568/297 3720/1569/297
f 3717/1570/297 3718/1571/297 3714/1568/297 3716/1567/297
f 3719/1572/297 3720/1569/297 3714/1568/297 3718/1571/297
f 90/1573/298 712/1574/299 3715/1566/297 709/1575/300
f 712/1574/299 711/1576/299 3716/1567/297 3715/1566/297
f 709/1575/300 3715/1566/297 3720/1569/297 708/1577/300
f 87/1525/287 695/1541/290 3717/1570/297 710/1578/299
f 695/1541/290 696/1540/290 3718/1571/297 3717/1570/297
f 710/1578/299 3717/1570/297 3716/1567/297 711/1576/299
f 88/1537/289 707/1579/300 3719/1572/297 697/1538/290
f 707/1579/300 708/1577/300 3720/1569/297 3719/1572/297
f 697/1538/290 3719/1572/297 3718/1571/297 696/1540/290
f 3722/1580/301 3723/1581/302 3721/1582/303 3727/1583/302
f 3724/1584/303 3725/1585/303 3721/1582/303 3723/1581/302
f 3726/1586/302 3727/1583/302 3721/1582/303 3725/1585/303
f 89/1553/294 706/1565/296 3722/1580/301 713/1587/304
f 706/1565/296 705/1564/296 3723/1581/302 3722/1580/301
f 713/1587/304 3722/1580/301 3727/1583/302 714/1588/305
f 87/1525/287 710/1578/299 3724/1584/303 704/1563/296
f 710/1578/299 711/1576/299 3725/1585/303 3724/1584/303
f 704/1563/296 3724/1584/303 3723/1581/302 705/1564/296
f 90/1573/298 715/1589/304 3726/1586/302 712/1574/299
f 715/1589/304 714/1588/305 3727/1583/302 3726/1586/302
f 712/1574/299 3726/1586/302 3725/1585/303 711/1576/299
f 3729/1590/306 3730/1591/306 3728/1592/306 3734/1593/306
f 3731/1594/306 3732/1595/306 3728/1592/306 3730/1591/306
f 3733/1596/306 3734/1593/306 3728/1592/306 3732/1595/306
f 91/1597/307 721/1598/308 3729/1590/306 718/1599/306
f 721/1598/308 720/1600/308 3730/1591/306 3729/1590/306
f 718/1599/306 3729/1590/306 3734/1593/306 717/1601/306
f 90/1573/298 709/1575/300 3731/1594/306 719/1602/308
f 709/1575/300 708/1577/300 3732/1595/306 3731/1594/306
f 719/1602/308 3731/1594/306 3730/1591/306 720/1600/308
f 88/1537/289 716/1603/306 3733/1596/306 707/1579/300
f 716/1603/306 717/1601/306 3734/1593/306 3733/1596/306
f 707/1579/300 3733/1596/306 3732/1595/306 708/1577/300
f 3736/1604/309 3737/1605/309 3735/1606/309 3741/1607/309
f 3738/1608/309 3739/1609/309 3735/1606/309 3737/1605/309
f 3740/1610/310 3741/1607/309 3735/1606/309 3739/1609/309
f 92/1611/311 727/1612/312 3736/1604/309 724/1613/313
f 727/1612/312 726/1614/314 3737/1605/309 3736/1604/309
f 724/1613/313 3736/1604/309 3741/1607/309 723/1615/313
f 77/1351/247 698/1549/292 3738/1608/309 725/1616/312
f 698/1549/292 699/1550/292 3739/1609/309 3738/1608/309
f 725/1616/312 3738/1608/309 3737/1605/309 726/1614/314
f 89/1553/294 722/1617/313 3740/1610/310 700/1554/292
f 722/1617/313 723/1615/313 3741/1607/309 3740/1610/310
f 700/1554/292 3740/1610/310 3739/1609/309 699/1550/292
f 3743/1618/315 3744/1619/315 3742/1620/315 3748/1621/316
f 3745/1622/315 3746/1623/315 3742/1620/315 3744/1619/315
f 3747/1624/315 3748/1621/316 3742/1620/315 3746/1623/315
f 90/1573/298 728/1625/317 3743/1618/315 715/1589/304
f 728/1625/317 729/1626/318 3744/1619/315 3743/1618/315
f 715/1589/304 3743/1618/315 3748/1621/316 714/1588/305
f 92/1611/311 724/1613/313 3745/1622/315 730/1627/317
f 724/1613/313 723/1615/313 3746/1623/315 3745/1622/315
f 730/1627/317 3745/1622/315 3744/1619/315 729/1626/318
f 89/1553/294 713/1587/304 3747/1624/315 722/1617/313
f 713/1587/304 714/1588/305 3748/1621/316 3747/1624/315
f 722/1617/313 3747/1624/315 3746/1623/315 723/1615/313
f 3750/1628/319 3751/1629/319 3749/1630/319 3755/1631/319
f 3752/1632/319 3753/1633/319 3749/1630/319 3751/1629/319
f 3754/1634/319 3755/1631/319 3749/1630/319 3753/1633/319
f 78/1367/252 625/1369/251 3750/1628/319 731/1635/320
f 625/1369/251 624/1366/251 3751/1629/319 3750/1628/319
f 731/1635/320 3750/1628/319 3755/1631/319 732/1636/320
f 77/1351/247 725/1616/312 3752/1632/319 623/1365/251
f 725/1616/312 726/1614/314 3753/1633/319 3752/1632/319
f 623/1365/251 3752/1632/319 3751/1629/319 624/1366/251
f 92/1611/311 733/1637/320 3754/1634/319 727/1612/312
f 733/1637/320 732/1636/320 3755/1631/319 3754/1634/319
f 727/1612/312 3754/1634/319 3753/1633/319 726/1614/314
f 3757/1638/321 3758/1639/321 3756/1640/321 3762/1641/321
f 3759/1642/321 3760/1643/321 3756/1640/321 3758/1639/321
f 3761/1644/321 3762/1641/321 3756/1640/321 3760/1643/321
f 78/1367/252 731/1635/320 3757/1638/321 734/1645/321
f 731/1635/320 732/1636/320 3758/1639/321 3757/1638/321
f 734/1645/321 3757/1638/321 3762/1641/321 735/1646/321
f 92/1611/311 737/1647/321 3759/1642/321 733/1637/320
f 737/1647/321 738/1648/321 3760/1643/321 3759/1642/321
f 733/1637/320 3759/1642/321 3758/1639/321 732/1636/320
f 93/1649/321 736/1650/321 3761/1644/321 739/1651/321
f 736/1650/321 735/1646/321 3762/1641/321 3761/1644/321
f 739/1651/321 3761/1644/321 3760/1643/321 738/1648/321
f 3764/1652/321 3765/1653/321 3763/1654/321 3769/1655/321
f 3766/1656/321 3767/1657/321 3763/1654/321 3765/1653/321
f 3768/1658/321 3769/1655/321 3763/1654/321 3767/1657/321
f 92/1611/311 740/1659/322 3764/1652/321 737/1647/321
f 740/1659/322 741/1660/322 3765/1653/321 3764/1652/321
f 737/1647/321 3764/1652/321 3769/1655/321 738/1648/321
f 94/1661/323 745/1662/321 3766/1656/321 742/1663/322
f 745/1662/321 744/1664/321 3767/1657/321 3766/1656/321
f 742/1663/322 3766/1656/321 3765/1653/321 741/1660/322
f 93/1649/321 739/1651/321 3768/1658/321 743/1665/321
f 739/1651/321 738/1648/321 3769/1655/321 3768/1658/321
f 743/1665/321 3768/1658/321 3767/1657/321 744/1664/321
f 3771/1666/324 3772/1667/324 3770/1668/324 3776/1669/324
f 3773/1670/324 3774/1671/324 3770/1668/324 3772/1667/324
f 3775/1672/324 3776/1669/324 3770/1668/324 3774/1671/324
f 94/1661/323 742/1663/322 3771/1666/324 748/1673/325
f 742/1663/322 741/1660/322 3772/1667/324 3771/1666/324
f 748/1673/325 3771/1666/324 3776/1669/324 747/1674/325
f 92/1611/311 730/1627/317 3773/1670/324 740/1659/322
f 730/1627/317 729/1626/318 3774/1671/324 3773/1670/324
f 740/1659/322 3773/1670/324 3772/1667/324 741/1660/322
f 90/1573/298 746/1675/325 3775/1672/324 728/1625/317
f 746/1675/325 747/1674/325 3776/1669/324 3775/1672/324
f 728/1625/317 3775/1672/324 3774/1671/324 729/1626/318
f 3778/1676/326 3779/1677/326 3777/1678/326 3783/1679/326
f 3780/1680/326 3781/1681/326 3777/1678/326 3779/1677/326
f 3782/1682/326 3783/1679/326 3777/1678/326 3781/1681/326
f 90/1573/298 749/1683/327 3778/1676/326 746/1675/325
f 749/1683/327 750/1684/327 3779/1677/326 3778/1676/326
f 746/1675/325 3778/1676/326 3783/1679/326 747/1674/325
f 95/1685/328 754/1686/326 3780/1680/326 751/1687/327
f 754/1686/326 753/1688/326 3781/1681/326 3780/1680/326
f 751/1687/327 3780/1680/326 3779/1677/326 750/1684/327
f 94/1661/323 748/1673/325 3782/1682/326 752/1689/326
f 748/1673/325 747/1674/325 3783/1679/326 3782/1682/326
f 752/1689/326 3782/1682/326 3781/1681/326 753/1688/326
f 3785/1690/329 3786/1691/329 3784/1692/329 3790/1693/329
f 3787/1694/329 3788/1695/329 3784/1692/329 3786/1691/329
f 3789/1696/329 3790/1693/329 3784/1692/329 3788/1695/329
f 95/1685/328 751/1687/327 3785/1690/329 757/1697/330
f 751/1687/327 750/1684/327 3786/1691/329 3785/1690/329
f 757/1697/330 3785/1690/329 3790/1693/329 756/1698/330
f 90/1573/298 719/1602/308 3787/1694/329 749/1683/327
f 719/1602/308 720/1600/308 3788/1695/329 3787/1694/329
f 749/1683/327 3787/1694/329 3786/1691/329 750/1684/327
f 91/1597/307 755/1699/330 3789/1696/329 721/1598/308
f 755/1699/330 756/1698/330 3790/1693/329 3789/1696/329
f 721/1598/308 3789/1696/329 3788/1695/329 720/1600/308
f 3792/1700/331 3793/1701/331 3791/1702/331 3797/1703/331
f 3794/1704/331 3795/1705/331 3791/1702/331 3793/1701/331
f 3796/1706/331 3797/1703/331 3791/1702/331 3795/1705/331
f 91/1597/307 758/1707/332 3792/1700/331 755/1699/330
f 758/1707/332 759/1708/332 3793/1701/331 3792/1700/331
f 755/1699/330 3792/1700/331 3797/1703/331 756/1698/330
f 96/1709/333 763/1710/331 3794/1704/331 760/1711/332
f 763/1710/331 762/1712/331 3795/1705/331 3794/1704/331
f 760/1711/332 3794/1704/331 3793/1701/331 759/1708/332
f 95/1685/328 757/1697/330 3796/1706/331 761/1713/331
f 757/1697/330 756/1698/330 3797/1703/331 3796/1706/331
f 761/1713/331 3796/1706/331 3795/1705/331 762/1712/331
f 3799/1714/334 3800/1715/334 3798/1716/334 3804/1717/334
f 3801/1718/334 3802/1719/334 3798/1716/334 3800/1715/334
f 3803/1720/334 3804/1717/334 3798/1716/334 3802/1719/334
f 96/1709/333 760/1711/332 3799/1714/334 764/1721/335
f 760/1711/332 759/1708/332 3800/1715/334 3799/1714/334
f 764/1721/335 3799/1714/334 3804/1717/334 765/1722/335
f 91/1597/307 767/1723/334 3801/1718/334 758/1707/332
f 767/1723/334 768/1724/334 3802/1719/334 3801/1718/334
f 758/1707/332 3801/1718/334 3800/1715/334 759/1708/332
f 97/1725/336 766/1726/335 3803/1720/334 769/1727/334
f 766/1726/335 765/1722/335 3804/1717/334 3803/1720/334
f 769/1727/334 3803/1720/334 3802/1719/334 768/1724/334
f 3806/1728/337 3807/1729/337 3805/1730/337 3811/1731/337
f 3808/1732/337 3809/1733/337 3805/1730/337 3807/1729/337
f 3810/1734/337 3811/1731/337 3805/1730/337 3809/1733/337
f 97/1725/336 770/1735/338 3806/1728/337 766/1726/335
f 770/1735/338 771/1736/338 3807/1729/337 3806/1728/337
f 766/1726/335 3806/1728/337 3811/1731/337 765/1722/335
f 98/1737/339 775/1738/337 3808/1732/337 772/1739/338
f 775/1738/337 774/1740/337 3809/1733/337 3808/1732/337
f 772/1739/338 3808/1732/337 3807/1729/337 771/1736/338
f 96/1709/333 764/1721/335 3810/1734/337 773/1741/337
f 764/1721/335 765/1722/335 3811/1731/337 3810/1734/337
f 773/1741/337 3810/1734/337 3809/1733/337 774/1740/337
f 3813/1742/340 3814/1743/340 3812/1744/340 3818/1745/340
f 3815/1746/340 3816/1747/340 3812/1744/340 3814/1743/340
f 3817/1748/340 3818/1745/340 3812/1744/340 3816/1747/340
f 98/1737/339 772/1739/338 3813/1742/340 776/1749/341
f 772/1739/338 771/1736/338 3814/1743/340 3813/1742/340
f 776/1749/341 3813/1742/340 3818/1745/340 777/1750/341
f 97/1725/336 779/1751/340 3815/1746/340 770/1735/338
f 779/1751/340 780/1752/340 3816/1747/340 3815/1746/340
f 770/1735/338 3815/1746/340 3814/1743/340 771/1736/338
f 99/1753/342 778/1754/341 3817/1748/340 781/1755/340
f 778/1754/341 777/1750/341 3818/1745/340 3817/1748/340
f 781/1755/340 3817/1748/340 3816/1747/340 780/1752/340
f 3820/1756/343 3821/1757/343 3819/1758/343 3825/1759/343
f 3822/1760/343 3823/1761/343 3819/1758/343 3821/1757/343
f 3824/1762/343 3825/1759/343 3819/1758/343 3823/1761/343
f 99/1753/342 782/1763/344 3820/1756/343 778/1754/341
f 782/1763/344 783/1764/344 3821/1757/343 3820/1756/343
f 778/1754/341 3820/1756/343 3825/1759/343 777/1750/341
f 100/1765/345 787/1766/343 3822/1760/343 784/1767/344
f 787/1766/343 786/1768/343 3823/1761/343 3822/1760/343
f 784/1767/344 3822/1760/343 3821/1757/343 783/1764/344
f 98/1737/339 776/1749/341 3824/1762/343 785/1769/343
f 776/1749/341 777/1750/341 3825/1759/343 3824/1762/343
f 785/1769/343 3824/1762/343 3823/1761/343 786/1768/343
f 3827/1770/346 3828/1771/346 3826/1772/346 3832/1773/346
f 3829/1774/346 3830/1775/346 3826/1772/346 3828/1771/346
f 3831/1776/346 3832/1773/346 3826/1772/346 3830/1775/346
f 100/1765/345 784/1767/344 3827/1770/346 788/1777/347
f 784/1767/344 783/1764/344 3828/1771/346 3827/1770/346
f 788/1777/347 3827/1770/346 3832/1773/346 789/1778/347
f 99/1753/342 791/1779/346 3829/1774/346 782/1763/344
f 791/1779/346 792/1780/346 3830/1775/346 3829/1774/346
f 782/1763/344 3829/1774/346 3828/1771/346 783/1764/344
f 101/1781/347 790/1782/347 3831/1776/346 793/1783/346
f 790/1782/347 789/1778/347 3832/1773/346 3831/1776/346
f 793/1783/346 3831/1776/346 3830/1775/346 792/1780/346
f 3834/1784/348 3835/1785/348 3833/1786/348 3839/1787/348
f 3836/1788/348 3837/1789/348 3833/1786/348 3835/1785/348
f 3838/1790/348 3839/1787/348 3833/1786/348 3837/1789/348
f 100/1765/345 788/1777/347 3834/1784/348 794/1791/349
f 788/1777/347 789/1778/347 3835/1785/348 3834/1784/348
f 794/1791/349 3834/1784/348 3839/1787/348 795/1792/349
f 101/1781/347 797/1793/348 3836/1788/348 790/1782/347
f 797/1793/348 798/1794/348 3837/1789/348 3836/1788/348
f 790/1782/347 3836/1788/348 3835/1785/348 789/1778/347
f 102/1795/350 796/1796/349 3838/1790/348 799/1797/348
f 796/1796/349 795/1792/349 3839/1787/348 3838/1790/348
f 799/1797/348 3838/1790/348 3837/1789/348 798/1794/348
f 3841/1798/351 3842/1799/351 3840/1800/351 3846/1801/351
f 3843/1802/351 3844/1803/351 3840/1800/351 3842/1799/351
f 3845/1804/351 3846/1801/351 3840/1800/351 3844/1803/351
f 100/1765/345 794/1791/349 3841/1798/351 800/1805/351
f 794/1791/349 795/1792/349 3842/1799/351 3841/1798/351
f 800/1805/351 3841/1798/351 3846/1801/351 801/1806/351
f 102/1795/350 803/1807/352 3843/1802/351 796/1796/349
f 803/1807/352 804/1808/352 3844/1803/351 3843/1802/351
f 796/1796/349 3843/1802/351 3842/1799/351 795/1792/349
f 103/1809/353 802/1810/351 3845/1804/351 805/1811/352
f 802/1810/351 801/1806/351 3846/1801/351 3845/1804/351
f 805/1811/352 3845/1804/351 3844/1803/351 804/1808/352
f 3848/1812/354 3849/1813/354 3847/1814/354 3853/1815/354
f 3850/1816/354 3851/1817/354 3847/1814/354 3849/1813/354
f 3852/1818/354 3853/1815/354 3847/1814/354 3851/1817/354
f 103/1809/353 805/1811/352 3848/1812/354 806/1819/355
f 805/1811/352 804/1808/352 3849/1813/354 3848/1812/354
f 806/1819/355 3848/1812/354 3853/1815/354 807/1820/355
f 102/1795/350 809/1821/354 3850/1816/354 803/1807/352
f 809/1821/354 810/1822/354 3851/1817/354 3850/1816/354
f 803/1807/352 3850/1816/354 3849/1813/354 804/1808/352
f 104/1823/356 808/1824/355 3852/1818/354 811/1825/354
f 808/1824/355 807/1820/355 3853/1815/354 3852/1818/354
f 811/1825/354 3852/1818/354 3851/1817/354 810/1822/354
f 3855/1826/357 3856/1827/357 3854/1828/357 3860/1829/357
f 3857/1830/357 3858/1831/357 3854/1828/357 3856/1827/357
f 3859/1832/357 3860/1829/357 3854/1828/357 3858/1831/357
f 103/1809/353 806/1819/355 3855/1826/357 812/1833/357
f 806/1819/355 807/1820/355 3856/1827/357 3855/1826/357
f 812/1833/357 3855/1826/357 3860/1829/357 813/1834/357
f 104/1823/356 815/1835/358 3857/1830/357 808/1824/355
f 815/1835/358 816/1836/358 3858/1831/357 3857/1830/357
f 808/1824/355 3857/1830/357 3856/1827/357 807/1820/355
f 105/1837/358 814/1838/357 3859/1832/357 817/1839/358
f 814/1838/357 813/1834/357 3860/1829/357 3859/1832/357
f 817/1839/358 3859/1832/357 3858/1831/357 816/1836/358
f 3862/1840/359 3863/1841/359 3861/1842/359 3867/1843/359
f 3864/1844/359 3865/1845/359 3861/1842/359 3863/1841/359
f 3866/1846/359 3867/1843/359 3861/1842/359 3865/1845/359
f 104/1823/356 818/1847/360 3862/1840/359 815/1835/358
f 818/1847/360 819/1848/360 3863/1841/359 3862/1840/359
f 815/1835/358 3862/1840/359 3867/1843/359 816/1836/358
f 106/1849/361 823/1850/359 3864/1844/359 820/1851/360
f 823/1850/359 822/1852/359 3865/1845/359 3864/1844/359
f 820/1851/360 3864/1844/359 3863/1841/359 819/1848/360
f 105/1837/358 817/1839/358 3866/1846/359 821/1853/359
f 817/1839/358 816/1836/358 3867/1843/359 3866/1846/359
f 821/1853/359 3866/1846/359 3865/1845/359 822/1852/359
f 3869/1854/362 3870/1855/362 3868/1856/362 3874/1857/362
f 3871/1858/362 3872/1859/362 3868/1856/362 3870/1855/362
f 3873/1860/362 3874/1857/362 3868/1856/362 3872/1859/362
f 106/1849/361 820/1851/360 3869/1854/362 824/1861/363
f 820/1851/360 819/1848/360 3870/1855/362 3869/1854/362
f 824/1861/363 3869/1854/362 3874/1857/362 825/1862/363
f 104/1823/356 827/1863/362 3871/1858/362 818/1847/360
f 827/1863/362 828/1864/362 3872/1859/362 3871/1858/362
f 818/1847/360 3871/1858/362 3870/1855/362 819/1848/360
f 107/1865/364 826/1866/363 3873/1860/362 829/1867/362
f 826/1866/363 825/1862/363 3874/1857/362 3873/1860/362
f 829/1867/362 3873/1860/362 3872/1859/362 828/1864/362
f 3876/1868/365 3877/1869/365 3875/1870/365 3881/1871/365
f 3878/1872/365 3879/1873/365 3875/1870/365 3877/1869/365
f 3880/1874/365 3881/1871/365 3875/1870/365 3879/1873/365
f 107/1865/364 830/1875/366 3876/1868/365 826/1866/363
f 830/1875/366 831/1876/366 3877/1869/365 3876/1868/365
f 826/1866/363 3876/1868/365 3881/1871/365 825/1862/363
f 108/1877/367 835/1878/365 3878/1872/365 832/1879/366
f 835/1878/365 834/1880/365 3879/1873/365 3878/1872/365
f 832/1879/366 3878/1872/365 3877/1869/365 831/1876/366
f 106/1849/361 824/1861/363 3880/1874/365 833/1881/365
f 824/1861/363 825/1862/363 3881/1871/365 3880/1874/365
f 833/1881/365 3880/1874/365 3879/1873/365 834/1880/365
f 3883/1882/368 3884/1883/368 3882/1884/368 3888/1885/368
f 3885/1886/368 3886/1887/368 3882/1884/368 3884/1883/368
f 3887/1888/368 3888/1885/368 3882/1884/368 3886/1887/368
f 108/1877/367 832/1879/366 3883/1882/368 836/1889/369
f 832/1879/366 831/1876/366 3884/1883/368 3883/1882/368
f 836/1889/369 3883/1882/368 3888/1885/368 837/1890/369
f 107/1865/364 839/1891/368 3885/1886/368 830/1875/366
f 839/1891/368 840/1892/368 3886/1887/368 3885/1886/368
f 830/1875/366 3885/1886/368 3884/1883/368 831/1876/366
f 109/1893/370 838/1894/369 3887/1888/368 841/1895/368
f 838/1894/369 837/1890/369 3888/1885/368 3887/1888/368
f 841/1895/368 3887/1888/368 3886/1887/368 840/1892/368
f 3890/1896/371 3891/1897/371 3889/1898/371 3895/1899/371
f 3892/1900/371 3893/1901/371 3889/1898/371 3891/1897/371
f 3894/1902/371 3895/1899/371 3889/1898/371 3893/1901/371
f 109/1893/370 842/1903/372 3890/1896/371 838/1894/369
f 842/1903/372 843/1904/372 3891/1897/371 3890/1896/371
f 838/1894/369 3890/1896/371 3895/1899/371 837/1890/369
f 110/1905/373 847/1906/371 3892/1900/371 844/1907/372
f 847/1906/371 846/1908/371 3893/1901/371 3892/1900/371
f 844/1907/372 3892/1900/371 3891/1897/371 843/1904/372
f 108/1877/367 836/1889/369 3894/1902/371 845/1909/371
f 836/1889/369 837/1890/369 3895/1899/371 3894/1902/371
f 845/1909/371 3894/1902/371 3893/1901/371 846/1908/371
f 3897/1910/374 3898/1911/374 3896/1912/374 3902/1913/374
f 3899/1914/374 3900/1915/374 3896/1912/374 3898/1911/374
f 3901/1916/374 3902/1913/374 3896/1912/374 3900/1915/374
f 110/1905/373 844/1907/372 3897/1910/374 848/1917/375
f 844/1907/372 843/1904/372 3898/1911/374 3897/1910/374
f 848/1917/375 3897/1910/374 3902/1913/374 849/1918/375
f 109/1893/370 851/1919/374 3899/1914/374 842/1903/372
f 851/1919/374 852/1920/374 3900/1915/374 3899/1914/374
f 842/1903/372 3899/1914/374 3898/1911/374 843/1904/372
f 111/1921/376 850/1922/375 3901/1916/374 853/1923/374
f 850/1922/375 849/1918/375 3902/1913/374 3901/1916/374
f 853/1923/374 3901/1916/374 3900/1915/374 852/1920/374
f 3904/1924/377 3905/1925/377 3903/1926/377 3909/1927/377
f 3906/1928/377 3907/1929/377 3903/1926/377 3905/1925/377
f 3908/1930/377 3909/1927/377 3903/1926/377 3907/1929/377
f 110/1905/373 848/1917/375 3904/1924/377 2096/1931/378
f 848/1917/375 849/1918/375 3905/1925/377 3904/1924/377
f 2096/1931/378 3904/1924/377 3909/1927/377 2097/1932/378
f 111/1921/376 2099/1933/379 3906/1928/377 850/1922/375
f 2099/1933/379 2100/1934/379 3907/1929/377 3906/1928/377
f 850/1922/375 3906/1928/377 3905/1925/377 849/1918/375
f 32/1935/380 2098/1936/378 3908/1930/377 2101/1937/379
f 2098/1936/378 2097/1932/378 3909/1927/377 3908/1930/377
f 2101/1937/379 3908/1930/377 3907/1929/377 2100/1934/379
f 3911/1938/381 3912/1939/381 3910/1940/381 3916/1941/381
f 3913/1942/381 3914/1943/381 3910/1940/381 3912/1939/381
f 3915/1944/381 3916/1941/381 3910/1940/381 3914/1943/381
f 110/1905/373 2096/1931/378 3911/1938/381 2102/1945/381
f 2096/1931/378 2097/1932/378 3912/1939/381 3911/1938/381
f 2102/1945/381 3911/1938/381 3916/1941/381 2103/1946/381
f 32/1935/380 436/1947/381 3913/1942/381 2098/1936/378
f 436/1947/381 435/1948/381 3914/1943/381 3913/1942/381
f 2098/1936/378 3913/1942/381 3912/1939/381 2097/1932/378
f 29/1949/381 2104/1950/381 3915/1944/381 434/1951/381
f 2104/1950/381 2103/1946/381 3916/1941/381 3915/1944/381
f 434/1951/381 3915/1944/381 3914/1943/381 435/1948/381
f 3918/1952/382 3919/1953/382 3917/1954/382 3923/1955/382
f 3920/1956/382 3921/1957/382 3917/1954/382 3919/1953/382
f 3922/1958/382 3923/1955/382 3917/1954/382 3921/1957/382
f 32/1935/380 2101/1937/379 3918/1952/382 446/1959/382
f 2101/1937/379 2100/1934/379 3919/1953/382 3918/1952/382
f 446/1959/382 3918/1952/382 3923/1955/382 447/1960/382
f 111/1921/376 2105/1961/382 3920/1956/382 2099/1933/379
f 2105/1961/382 2106/1962/382 3921/1957/382 3920/1956/382
f 2099/1933/379 3920/1956/382 3919/1953/382 2100/1934/379
f 34/1963/382 448/1964/382 3922/1958/382 2107/1965/382
f 448/1964/382 447/1960/382 3923/1955/382 3922/1958/382
f 2107/1965/382 3922/1958/382 3921/1957/382 2106/1962/382
s 0
f 3925/1966/19 3926/1967/19 3924/1968/19 3930/1969/19
f 3927/1970/19 3928/1971/19 3924/1968/19 3926/1967/19
f 3929/1972/19 3930/1969/19 3924/1968/19 3928/1971/19
f 112/1973/19 857/1974/19 3925/1966/19 854/1975/19
f 857/1974/19 858/1976/19 3926/1967/19 3925/1966/19
f 854/1975/19 3925/1966/19 3930/1969/19 855/1977/19
f 113/1978/19 860/1979/19 3927/1970/19 859/1980/19
f 860/1979/19 861/1981/19 3928/1971/19 3927/1970/19
f 859/1980/19 3927/1970/19 3926/1967/19 858/1976/19
f 114/1982/19 856/1983/19 3929/1972/19 862/1984/19
f 856/1983/19 855/1977/19 3930/1969/19 3929/1972/19
f 862/1984/19 3929/1972/19 3928/1971/19 861/1981/19
f 3932/1985/19 3933/1986/19 3931/1987/19 3937/1988/19
f 3934/1989/19 3935/1990/19 3931/1987/19 3933/1986/19
f 3936/1991/19 3937/1988/19 3931/1987/19 3935/1990/19
f 113/1978/19 859/1980/19 3932/1985/19 2108/1992/19
f 859/1980/19 858/1976/19 3933/1986/19 3932/1985/19
f 2108/1992/19 3932/1985/19 3937/1988/19 2109/1993/19
f 112/1973/19 2111/1994/19 3934/1989/19 857/1974/19
f 2111/1994/19 2112/1995/19 3935/1990/19 3934/1989/19
f 857/1974/19 3934/1989/19 3933/1986/19 858/1976/19
f 65/1996/19 2110/1997/19 3936/1991/19 2113/1998/19
f 2110/1997/19 2109/1993/19 3937/1988/19 3936/1991/19
f 2113/1998/19 3936/1991/19 3935/1990/19 2112/1995/19
f 3939/1999/19 3940/2000/19 3938/2001/19 3944/2002/19
f 3941/2003/19 3942/2004/19 3938/2001/19 3940/2000/19
f 3943/2005/19 3944/2002/19 3938/2001/19 3942/2004/19
f 113/1978/19 2108/1992/19 3939/1999/19 2114/2006/19
f 2108/1992/19 2109/1993/19 3940/2000/19 3939/1999/19
f 2114/2006/19 3939/1999/19 3944/2002/19 2115/2007/19
f 65/1996/19 584/2008/19 3941/2003/19 2110/1997/19
f 584/2008/19 585/2009/19 3942/2004/19 3941/2003/19
f 2110/1997/19 3941/2003/19 3940/2000/19 2109/1993/19
f 66/2010/19 2116/2011/19 3943/2005/19 586/2012/19
f 2116/2011/19 2115/2007/19 3944/2002/19 3943/2005/19
f 586/2012/19 3943/2005/19 3942/2004/19 585/2009/19
s 1
f 3946/2013/383 3947/2014/383 3945/2015/383 3951/2016/383
f 3948/2017/383 3949/2018/383 3945/2015/383 3947/2014/383
f 3950/2019/383 3951/2016/383 3945/2015/383 3949/2018/383
f 3/2020/384 2117/2021/385 3946/2013/383 298/2022/383
f 2117/2021/385 2118/2023/385 3947/2014/383 3946/2013/383
f 298/2022/383 3946/2013/383 3951/2016/383 297/2024/383
f 115/2025/386 2120/2026/383 3948/2017/383 2119/2027/385
f 2120/2026/383 2121/2028/383 3949/2018/383 3948/2017/383
f 2119/2027/385 3948/2017/383 3947/2014/383 2118/2023/385
f 1/2029/383 296/2030/383 3950/2019/383 2122/2031/383
f 296/2030/383 297/2024/383 3951/2016/383 3950/2019/383
f 2122/2031/383 3950/2019/383 3949/2018/383 2121/2028/383
f 3953/2032/387 3954/2033/387 3952/2034/387 3958/2035/387
f 3955/2036/387 3956/2037/387 3952/2034/387 3954/2033/387
f 3957/2038/387 3958/2035/387 3952/2034/387 3956/2037/387
f 115/2025/386 2119/2027/385 3953/2032/387 2123/2039/388
f 2119/2027/385 2118/2023/385 3954/2033/387 3953/2032/387
f 2123/2039/388 3953/2032/387 3958/2035/387 2124/2040/388
f 3/2020/384 2053/2041/387 3955/2036/387 2117/2021/385
f 2053/2041/387 2052/2042/387 3956/2037/387 3955/2036/387
f 2117/2021/385 3955/2036/387 3954/2033/387 2118/2023/385
f 69/2043/389 2125/2044/388 3957/2038/387 2051/2045/387
f 2125/2044/388 2124/2040/388 3958/2035/387 3957/2038/387
f 2051/2045/387 3957/2038/387 3956/2037/387 2052/2042/387
f 3960/2046/19 3961/2047/19 3959/2048/19 3965/2049/19
f 3962/2050/19 3963/2051/19 3959/2048/19 3961/2047/19
f 3964/2052/19 3965/2049/19 3959/2048/19 3963/2051/19
f 69/2043/389 2126/2053/19 3960/2046/19 2125/2044/388
f 2126/2053/19 2127/2054/19 3961/2047/19 3960/2046/19
f 2125/2044/388 3960/2046/19 3965/2049/19 2124/2040/388
f 116/2055/390 865/2056/19 3962/2050/19 2128/2057/19
f 865/2056/19 864/2058/19 3963/2051/19 3962/2050/19
f 2128/2057/19 3962/2050/19 3961/2047/19 2127/2054/19
f 115/2025/386 2123/2039/388 3964/2052/19 863/2059/19
f 2123/2039/388 2124/2040/388 3965/2049/19 3964/2052/19
f 863/2059/19 3964/2052/19 3963/2051/19 864/2058/19
f 3967/2060/19 3968/2061/19 3966/2062/19 3972/2063/19
f 3969/2064/19 3970/2065/19 3966/2062/19 3968/2061/19
f 3971/2066/19 3972/2063/19 3966/2062/19 3970/2065/19
f 67/2067/391 2131/2068/19 3967/2060/19 590/2069/19
f 2131/2068/19 2130/2070/19 3968/2061/19 3967/2060/19
f 590/2069/19 3967/2060/19 3972/2063/19 591/2071/19
f 69/2043/389 595/2072/19 3969/2064/19 2129/2073/19
f 595/2072/19 594/2074/19 3970/2065/19 3969/2064/19
f 2129/2073/19 3969/2064/19 3968/2061/19 2130/2070/19
f 68/2075/19 592/2076/19 3971/2066/19 593/2077/19
f 592/2076/19 591/2071/19 3972/2063/19 3971/2066/19
f 593/2077/19 3971/2066/19 3970/2065/19 594/2074/19
f 3974/2078/19 3975/2079/19 3973/2080/19 3979/2081/19
f 3976/2082/19 3977/2083/19 3973/2080/19 3975/2079/19
f 3978/2084/19 3979/2081/19 3973/2080/19 3977/2083/19
f 116/2055/390 2128/2057/19 3974/2078/19 2132/2085/392
f 2128/2057/19 2127/2054/19 3975/2079/19 3974/2078/19
f 2132/2085/392 3974/2078/19 3979/2081/19 2133/2086/392
f 69/2043/389 2129/2073/19 3976/2082/19 2126/2053/19
f 2129/2073/19 2130/2070/19 3977/2083/19 3976/2082/19
f 2126/2053/19 3976/2082/19 3975/2079/19 2127/2054/19
f 67/2067/391 2134/2087/392 3978/2084/19 2131/2068/19
f 2134/2087/392 2133/2086/392 3979/2081/19 3978/2084/19
f 2131/2068/19 3978/2084/19 3977/2083/19 2130/2070/19
f 3981/2088/393 3982/2089/393 3980/2090/393 3986/2091/393
f 3983/2092/393 3984/2093/393 3980/2090/393 3982/2089/393
f 3985/2094/393 3986/2091/393 3980/2090/393 3984/2093/393
f 65/2095/394 2137/2096/395 3981/2088/393 587/2097/393
f 2137/2096/395 2136/2098/395 3982/2089/393 3981/2088/393
f 587/2097/393 3981/2088/393 3986/2091/393 588/2099/393
f 116/2055/390 2132/2085/392 3983/2092/393 2135/2100/395
f 2132/2085/392 2133/2086/392 3984/2093/393 3983/2092/393
f 2135/2100/395 3983/2092/393 3982/2089/393 2136/2098/395
f 67/2067/391 589/2101/393 3985/2094/393 2134/2087/392
f 589/2101/393 588/2099/393 3986/2091/393 3985/2094/393
f 2134/2087/392 3985/2094/393 3984/2093/393 2133/2086/392
f 3988/2102/396 3989/2103/396 3987/2104/396 3993/2105/396
f 3990/2106/396 3991/2107/396 3987/2104/396 3989/2103/396
f 3992/2108/396 3993/2105/396 3987/2104/396 3991/2107/396
f 112/2109/396 2140/2110/396 3988/2102/396 2111/2111/396
f 2140/2110/396 2139/2112/396 3989/2103/396 3988/2102/396
f 2111/2111/396 3988/2102/396 3993/2105/396 2112/2113/396
f 116/2055/390 2135/2100/395 3990/2106/396 2138/2114/396
f 2135/2100/395 2136/2098/395 3991/2107/396 3990/2106/396
f 2138/2114/396 3990/2106/396 3989/2103/396 2139/2112/396
f 65/2095/394 2113/2115/396 3992/2108/396 2137/2096/395
f 2113/2115/396 2112/2113/396 3993/2105/396 3992/2108/396
f 2137/2096/395 3992/2108/396 3991/2107/396 2136/2098/395
f 3995/2116/397 3996/2117/397 3994/2118/397 4000/2119/397
f 3997/2120/397 3998/2121/397 3994/2118/397 3996/2117/397
f 3999/2122/397 4000/2119/397 3994/2118/397 3998/2121/397
f 117/2123/398 869/2124/399 3995/2116/397 866/2125/397
f 869/2124/399 870/2126/399 3996/2117/397 3995/2116/397
f 866/2125/397 3995/2116/397 4000/2119/397 867/2127/397
f 118/2128/400 872/2129/397 3997/2120/397 871/2130/399
f 872/2129/397 873/2131/397 3998/2121/397 3997/2120/397
f 871/2130/399 3997/2120/397 3996/2117/397 870/2126/399
f 119/2132/397 868/2133/397 3999/2122/397 874/2134/397
f 868/2133/397 867/2127/397 4000/2119/397 3999/2122/397
f 874/2134/397 3999/2122/397 3998/2121/397 873/2131/397
f 4002/2135/401 4003/2136/401 4001/2137/401 4007/2138/401
f 4004/2139/401 4005/2140/401 4001/2137/401 4003/2136/401
f 4006/2141/401 4007/2138/401 4001/2137/401 4005/2140/401
f 118/2128/400 871/2130/399 4002/2135/401 875/2142/401
f 871/2130/399 870/2126/399 4003/2136/401 4002/2135/401
f 875/2142/401 4002/2135/401 4007/2138/401 876/2143/401
f 117/2123/398 878/2144/402 4004/2139/401 869/2124/399
f 878/2144/402 879/2145/403 4005/2140/401 4004/2139/401
f 869/2124/399 4004/2139/401 4003/2136/401 870/2126/399
f 120/2146/404 877/2147/401 4006/2141/401 880/2148/403
f 877/2147/401 876/2143/401 4007/2138/401 4006/2141/401
f 880/2148/403 4006/2141/401 4005/2140/401 879/2145/403
f 4009/2149/405 4010/2150/405 4008/2151/405 4014/2152/405
f 4011/2153/405 4012/2154/405 4008/2151/405 4010/2150/405
f 4013/2155/405 4014/2152/405 4008/2151/405 4012/2154/405
f 121/2156/406 886/2157/405 4009/2149/405 883/2158/405
f 886/2157/405 885/2159/405 4010/2150/405 4009/2149/405
f 883/2158/405 4009/2149/405 4014/2152/405 882/2160/405
f 120/2146/404 880/2148/403 4011/2153/405 884/2161/405
f 880/2148/403 879/2145/403 4012/2154/405 4011/2153/405
f 884/2161/405 4011/2153/405 4010/2150/405 885/2159/405
f 117/2123/398 881/2162/405 4013/2155/405 878/2144/402
f 881/2162/405 882/2160/405 4014/2152/405 4013/2155/405
f 878/2144/402 4013/2155/405 4012/2154/405 879/2145/403
f 4016/2163/405 4017/2164/405 4015/2165/405 4021/2166/405
f 4018/2167/405 4019/2168/405 4015/2165/405 4017/2164/405
f 4020/2169/405 4021/2166/405 4015/2165/405 4019/2168/405
f 120/2146/404 884/2161/405 4016/2163/405 887/2170/405
f 884/2161/405 885/2159/405 4017/2164/405 4016/2163/405
f 887/2170/405 4016/2163/405 4021/2166/405 888/2171/405
f 121/2156/406 890/2172/407 4018/2167/405 886/2157/405
f 890/2172/407 891/2173/407 4019/2168/405 4018/2167/405
f 886/2157/405 4018/2167/405 4017/2164/405 885/2159/405
f 122/2174/408 889/2175/405 4020/2169/405 892/2176/407
f 889/2175/405 888/2171/405 4021/2166/405 4020/2169/405
f 892/2176/407 4020/2169/405 4019/2168/405 891/2173/407
f 4023/2177/409 4024/2178/409 4022/2179/409 4028/2180/409
f 4025/2181/409 4026/2182/409 4022/2179/409 4024/2178/409
f 4027/2183/409 4028/2180/409 4022/2179/409 4026/2182/409
f 123/2184/410 898/2185/409 4023/2177/409 895/2186/411
f 898/2185/409 897/2187/409 4024/2178/409 4023/2177/409
f 895/2186/411 4023/2177/409 4028/2180/409 894/2188/411
f 122/2174/408 892/2176/407 4025/2181/409 896/2189/409
f 892/2176/407 891/2173/407 4026/2182/409 4025/2181/409
f 896/2189/409 4025/2181/409 4024/2178/409 897/2187/409
f 121/2156/406 893/2190/411 4027/2183/409 890/2172/407
f 893/2190/411 894/2188/411 4028/2180/409 4027/2183/409
f 890/2172/407 4027/2183/409 4026/2182/409 891/2173/407
f 4030/2191/412 4031/2192/412 4029/2193/412 4035/2194/412
f 4032/2195/412 4033/2196/412 4029/2193/412 4031/2192/412
f 4034/2197/412 4035/2194/412 4029/2193/412 4033/2196/412
f 121/2156/406 899/2198/412 4030/2191/412 893/2190/411
f 899/2198/412 900/2199/412 4031/2192/412 4030/2191/412
f 893/2190/411 4030/2191/412 4035/2194/412 894/2188/411
f 124/2200/413 904/2201/414 4032/2195/412 901/2202/412
f 904/2201/414 903/2203/414 4033/2196/412 4032/2195/412
f 901/2202/412 4032/2195/412 4031/2192/412 900/2199/412
f 123/2184/410 895/2186/411 4034/2197/412 902/2204/414
f 895/2186/411 894/2188/411 4035/2194/412 4034/2197/412
f 902/2204/414 4034/2197/412 4033/2196/412 903/2203/414
f 4037/2205/415 4038/2206/415 4036/2207/415 4042/2208/415
f 4039/2209/415 4040/2210/415 4036/2207/415 4038/2206/415
f 4041/2211/415 4042/2208/415 4036/2207/415 4040/2210/415
f 27/2212/415 2146/2213/415 4037/2205/415 2143/2214/415
f 2146/2213/415 2145/2215/415 4038/2206/415 4037/2205/415
f 2143/2214/415 4037/2205/415 4042/2208/415 2142/2216/415
f 123/2184/410 902/2204/414 4039/2209/415 2144/2217/415
f 902/2204/414 903/2203/414 4040/2210/415 4039/2209/415
f 2144/2217/415 4039/2209/415 4038/2206/415 2145/2215/415
f 124/2200/413 2141/2218/415 4041/2211/415 904/2201/414
f 2141/2218/415 2142/2216/415 4042/2208/415 4041/2211/415
f 904/2201/414 4041/2211/415 4040/2210/415 903/2203/414
f 4044/2219/415 4045/2220/415 4043/2221/415 4049/2222/415
f 4046/2223/415 4047/2224/415 4043/2221/415 4045/2220/415
f 4048/2225/415 4049/2222/415 4043/2221/415 4047/2224/415
f 27/2212/415 2143/2214/415 4044/2219/415 400/2226/415
f 2143/2214/415 2142/2216/415 4045/2220/415 4044/2219/415
f 400/2226/415 4044/2219/415 4049/2222/415 399/2227/415
f 124/2200/413 2147/2228/415 4046/2223/415 2141/2218/415
f 2147/2228/415 2148/2229/415 4047/2224/415 4046/2223/415
f 2141/2218/415 4046/2223/415 4045/2220/415 2142/2216/415
f 25/2230/415 398/2231/415 4048/2225/415 2149/2232/415
f 398/2231/415 399/2227/415 4049/2222/415 4048/2225/415
f 2149/2232/415 4048/2225/415 4047/2224/415 2148/2229/415
f 4051/2233/416 4052/2234/416 4050/2235/416 4056/2236/416
f 4053/2237/416 4054/2238/417 4050/2235/416 4052/2234/416
f 4055/2239/416 4056/2236/416 4050/2235/416 4054/2238/417
f 35/2240/73 2150/2241/418 4051/2233/416 1943/2242/74
f 2150/2241/418 2151/2243/418 4052/2234/416 4051/2233/416
f 1943/2242/74 4051/2233/416 4056/2236/416 1944/2244/74
f 123/2245/419 2144/2246/416 4053/2237/416 2152/2247/418
f 2144/2246/416 2145/2248/417 4054/2238/417 4053/2237/416
f 2152/2247/418 4053/2237/416 4052/2234/416 2151/2243/418
f 27/2249/74 1945/2250/74 4055/2239/416 2146/2251/416
f 1945/2250/74 1944/2244/74 4056/2236/416 4055/2239/416
f 2146/2251/416 4055/2239/416 4054/2238/417 2145/2248/417
f 4058/2252/85 4059/2253/85 4057/2254/85 4063/2255/85
f 4060/2256/85 4061/2257/85 4057/2254/85 4059/2253/85
f 4062/2258/85 4063/2255/85 4057/2254/85 4061/2257/85
f 123/2245/419 2152/2247/418 4058/2252/85 2153/2259/420
f 2152/2247/418 2151/2243/418 4059/2253/85 4058/2252/85
f 2153/2259/420 4058/2252/85 4063/2255/85 2154/2260/420
f 35/2240/73 2156/2261/85 4060/2256/85 2150/2241/418
f 2156/2261/85 2157/2262/85 4061/2257/85 4060/2256/85
f 2150/2241/418 4060/2256/85 4059/2253/85 2151/2243/418
f 125/2263/421 2155/2264/420 4062/2258/85 2158/2265/85
f 2155/2264/420 2154/2260/420 4063/2255/85 4062/2258/85
f 2158/2265/85 4062/2258/85 4061/2257/85 2157/2262/85
f 4065/2266/422 4066/2267/422 4064/2268/422 4070/2269/422
f 4067/2270/422 4068/2271/422 4064/2268/422 4066/2267/422
f 4069/2272/422 4070/2269/422 4064/2268/422 4068/2271/422
f 123/2245/419 2153/2259/420 4065/2266/422 898/2273/422
f 2153/2259/420 2154/2260/420 4066/2267/422 4065/2266/422
f 898/2273/422 4065/2266/422 4070/2269/422 897/2274/422
f 125/2263/421 2159/2275/423 4067/2270/422 2155/2264/420
f 2159/2275/423 2160/2276/423 4068/2271/422 4067/2270/422
f 2155/2264/420 4067/2270/422 4066/2267/422 2154/2260/420
f 122/2277/424 896/2278/422 4069/2272/422 2161/2279/423
f 896/2278/422 897/2274/422 4070/2269/422 4069/2272/422
f 2161/2279/423 4069/2272/422 4068/2271/422 2160/2276/423
f 4072/2280/421 4073/2281/421 4071/2282/421 4077/2283/421
f 4074/2284/421 4075/2285/421 4071/2282/421 4073/2281/421
f 4076/2286/421 4077/2283/421 4071/2282/421 4075/2285/421
f 122/2277/424 2161/2279/423 4072/2280/421 889/2287/421
f 2161/2279/423 2160/2276/423 4073/2281/421 4072/2280/421
f 889/2287/421 4072/2280/421 4077/2283/421 888/2288/421
f 125/2263/421 2162/2289/425 4074/2284/421 2159/2275/423
f 2162/2289/425 2163/2290/426 4075/2285/421 4074/2284/421
f 2159/2275/423 4074/2284/421 4073/2281/421 2160/2276/423
f 120/2291/425 887/2292/421 4076/2286/421 2164/2293/426
f 887/2292/421 888/2288/421 4077/2283/421 4076/2286/421
f 2164/2293/426 4076/2286/421 4075/2285/421 2163/2290/426
f 4079/2294/427 4080/2295/427 4078/2296/427 4084/2297/427
f 4081/2298/427 4082/2299/427 4078/2296/427 4080/2295/427
f 4083/2300/427 4084/2297/427 4078/2296/427 4082/2299/427
f 126/2301/427 2167/2302/427 4079/2294/427 907/2303/427
f 2167/2302/427 2166/2304/427 4080/2295/427 4079/2294/427
f 907/2303/427 4079/2294/427 4084/2297/427 906/2305/427
f 120/2291/425 2164/2293/426 4081/2298/427 2165/2306/427
f 2164/2293/426 2163/2290/426 4082/2299/427 4081/2298/427
f 2165/2306/427 4081/2298/427 4080/2295/427 2166/2304/427
f 125/2263/421 905/2307/427 4083/2300/427 2162/2289/425
f 905/2307/427 906/2305/427 4084/2297/427 4083/2300/427
f 2162/2289/425 4083/2300/427 4082/2299/427 2163/2290/426
f 4086/2308/87 4087/2309/87 4085/2310/87 4091/2311/87
f 4088/2312/87 4089/2313/87 4085/2310/87 4087/2309/87
f 4090/2314/87 4091/2311/87 4085/2310/87 4089/2313/87
f 38/2315/87 2170/2316/87 4086/2308/87 461/2317/87
f 2170/2316/87 2169/2318/87 4087/2309/87 4086/2308/87
f 461/2317/87 4086/2308/87 4091/2311/87 462/2319/87
f 126/2301/428 2171/2320/87 4088/2312/87 2168/2321/87
f 2171/2320/87 2172/2322/87 4089/2313/87 4088/2312/87
f 2168/2321/87 4088/2312/87 4087/2309/87 2169/2318/87
f 39/2323/87 463/2324/87 4090/2314/87 2173/2325/87
f 463/2324/87 462/2319/87 4091/2311/87 4090/2314/87
f 2173/2325/87 4090/2314/87 4089/2313/87 2172/2322/87
f 4093/2326/87 4094/2327/87 4092/2328/87 4098/2329/87
f 4095/2330/87 4096/2331/87 4092/2328/87 4094/2327/87
f 4097/2332/87 4098/2329/87 4092/2328/87 4096/2331/87
f 127/2333/429 910/2334/430 4093/2326/87 2176/2335/87
f 910/2334/430 909/2336/430 4094/2327/87 4093/2326/87
f 2176/2335/87 4093/2326/87 4098/2329/87 2175/2337/87
f 126/2301/428 2168/2321/87 4095/2330/87 908/2338/430
f 2168/2321/87 2169/2318/87 4096/2331/87 4095/2330/87
f 908/2338/430 4095/2330/87 4094/2327/87 909/2336/430
f 38/2315/87 2174/2339/87 4097/2332/87 2170/2316/87
f 2174/2339/87 2175/2337/87 4098/2329/87 4097/2332/87
f 2170/2316/87 4097/2332/87 4096/2331/87 2169/2318/87
f 4100/2340/431 4101/2341/431 4099/2342/431 4105/2343/431
f 4102/2344/431 4103/2345/431 4099/2342/431 4101/2341/431
f 4104/2346/431 4105/2343/431 4099/2342/431 4103/2345/431
f 127/2333/429 2179/2347/432 4100/2340/431 910/2334/430
f 2179/2347/432 2178/2348/432 4101/2341/431 4100/2340/431
f 910/2334/430 4100/2340/431 4105/2343/431 909/2336/430
f 120/2291/433 2165/2306/431 4102/2344/431 2177/2349/432
f 2165/2306/431 2166/2304/431 4103/2345/431 4102/2344/431
f 2177/2349/432 4102/2344/431 4101/2341/431 2178/2348/432
f 126/2301/428 908/2338/430 4104/2346/431 2167/2302/431
f 908/2338/430 909/2336/430 4105/2343/431 4104/2346/431
f 2167/2302/431 4104/2346/431 4103/2345/431 2166/2304/431
f 4107/2350/434 4108/2351/435 4106/2352/435 4112/2353/435
f 4109/2354/435 4110/2355/435 4106/2352/435 4108/2351/435
f 4111/2356/435 4112/2353/435 4106/2352/435 4110/2355/435
f 118/2357/436 875/2358/435 4107/2350/434 2182/2359/437
f 875/2358/435 876/2360/435 4108/2351/435 4107/2350/434
f 2182/2359/437 4107/2350/434 4112/2353/435 2181/2361/437
f 120/2291/433 2177/2349/432 4109/2354/435 877/2362/434
f 2177/2349/432 2178/2348/432 4110/2355/435 4109/2354/435
f 877/2362/434 4109/2354/435 4108/2351/435 876/2360/435
f 127/2333/429 2180/2363/437 4111/2356/435 2179/2347/432
f 2180/2363/437 2181/2361/437 4112/2353/435 4111/2356/435
f 2179/2347/432 4111/2356/435 4110/2355/435 2178/2348/432
f 4114/2364/438 4115/2365/438 4113/2366/438 4119/2367/438
f 4116/2368/438 4117/2369/438 4113/2366/438 4115/2365/438
f 4118/2370/438 4119/2367/438 4113/2366/438 4117/2369/438
f 128/2371/438 2185/2372/438 4114/2364/438 913/2373/438
f 2185/2372/438 2184/2374/438 4115/2365/438 4114/2364/438
f 913/2373/438 4114/2364/438 4119/2367/438 912/2375/438
f 118/2357/436 2182/2359/437 4116/2368/438 2183/2376/438
f 2182/2359/437 2181/2361/437 4117/2369/438 4116/2368/438
f 2183/2376/438 4116/2368/438 4115/2365/438 2184/2374/438
f 127/2333/429 911/2377/438 4118/2370/438 2180/2363/437
f 911/2377/438 912/2375/438 4119/2367/438 4118/2370/438
f 2180/2363/437 4118/2370/438 4117/2369/438 2181/2361/437
f 4121/2378/439 4122/2379/439 4120/2380/439 4126/2381/439
f 4123/2382/439 4124/2383/439 4120/2380/439 4122/2379/439
f 4125/2384/439 4126/2381/439 4120/2380/439 4124/2383/439
f 118/2385/440 2186/2386/441 4121/2378/439 872/2387/439
f 2186/2386/441 2187/2388/441 4122/2379/439 4121/2378/439
f 872/2387/439 4121/2378/439 4126/2381/439 873/2389/439
f 129/2390/442 2189/2391/439 4123/2382/439 2188/2392/441
f 2189/2391/439 2190/2393/439 4124/2383/439 4123/2382/439
f 2188/2392/441 4123/2382/439 4122/2379/439 2187/2388/441
f 119/2394/439 874/2395/439 4125/2384/439 2191/2396/439
f 874/2395/439 873/2389/439 4126/2381/439 4125/2384/439
f 2191/2396/439 4125/2384/439 4124/2383/439 2190/2393/439
f 4128/2397/443 4129/2398/443 4127/2399/443 4133/2400/443
f 4130/2401/443 4131/2402/443 4127/2399/443 4129/2398/443
f 4132/2403/443 4133/2400/443 4127/2399/443 4131/2402/443
f 118/2385/440 2183/2404/443 4128/2397/443 2186/2386/441
f 2183/2404/443 2184/2405/443 4129/2398/443 4128/2397/443
f 2186/2386/441 4128/2397/443 4133/2400/443 2187/2388/441
f 128/2406/444 2194/2407/445 4130/2401/443 2185/2408/443
f 2194/2407/445 2193/2409/446 4131/2402/443 4130/2401/443
f 2185/2408/443 4130/2401/443 4129/2398/443 2184/2405/443
f 129/2390/442 2188/2392/441 4132/2403/443 2192/2410/445
f 2188/2392/441 2187/2388/441 4133/2400/443 4132/2403/443
f 2192/2410/445 4132/2403/443 4131/2402/443 2193/2409/446
f 4135/2411/447 4136/2412/448 4134/2413/447 4140/2414/447
f 4137/2415/447 4138/2416/447 4134/2413/447 4136/2412/448
f 4139/2417/448 4140/2414/447 4134/2413/447 4138/2416/447
f 128/2406/444 2195/2418/449 4135/2411/447 2194/2407/445
f 2195/2418/449 2196/2419/450 4136/2412/448 4135/2411/447
f 2194/2407/445 4135/2411/447 4140/2414/447 2193/2409/446
f 43/2420/451 2200/2421/447 4137/2415/447 2197/2422/452
f 2200/2421/447 2199/2423/447 4138/2416/447 4137/2415/447
f 2197/2422/452 4137/2415/447 4136/2412/448 2196/2419/450
f 129/2390/442 2192/2410/445 4139/2417/448 2198/2424/447
f 2192/2410/445 2193/2409/446 4140/2414/447 4139/2417/448
f 2198/2424/447 4139/2417/448 4138/2416/447 2199/2423/447
f 4142/2425/453 4143/2426/453 4141/2427/453 4147/2428/453
f 4144/2429/453 4145/2430/453 4141/2427/453 4143/2426/453
f 4146/2431/453 4147/2428/453 4141/2427/453 4145/2430/453
f 44/2432/454 478/2433/455 4142/2425/453 2203/2434/456
f 478/2433/455 477/2435/453 4143/2426/453 4142/2425/453
f 2203/2434/456 4142/2425/453 4147/2428/453 2202/2436/456
f 43/2420/451 2197/2422/452 4144/2429/453 476/2437/455
f 2197/2422/452 2196/2419/450 4145/2430/453 4144/2429/453
f 476/2437/455 4144/2429/453 4143/2426/453 477/2435/453
f 128/2406/444 2201/2438/456 4146/2431/453 2195/2418/449
f 2201/2438/456 2202/2436/456 4147/2428/453 4146/2431/453
f 2195/2418/449 4146/2431/453 4145/2430/453 2196/2419/450
f 4149/2439/457 4150/2440/457 4148/2441/457 4154/2442/457
f 4151/2443/457 4152/2444/457 4148/2441/457 4150/2440/457
f 4153/2445/457 4154/2442/457 4148/2441/457 4152/2444/457
f 44/2432/454 2203/2434/456 4149/2439/457 2204/2446/458
f 2203/2434/456 2202/2436/456 4150/2440/457 4149/2439/457
f 2204/2446/458 4149/2439/457 4154/2442/457 2205/2447/459
f 128/2406/444 2207/2448/457 4151/2443/457 2201/2438/456
f 2207/2448/457 2208/2449/457 4152/2444/457 4151/2443/457
f 2201/2438/456 4151/2443/457 4150/2440/457 2202/2436/456
f 130/2450/460 2206/2451/459 4153/2445/457 2209/2452/457
f 2206/2451/459 2205/2447/459 4154/2442/457 4153/2445/457
f 2209/2452/457 4153/2445/457 4152/2444/457 2208/2449/457
f 4156/2453/461 4157/2454/461 4155/2455/461 4161/2456/461
f 4158/2457/461 4159/2458/461 4155/2455/461 4157/2454/461
f 4160/2459/461 4161/2456/461 4155/2455/461 4159/2458/461
f 44/2432/454 2204/2446/458 4156/2453/461 485/2460/461
f 2204/2446/458 2205/2447/459 4157/2454/461 4156/2453/461
f 485/2460/461 4156/2453/461 4161/2456/461 486/2461/461
f 130/2450/460 2210/2462/462 4158/2457/461 2206/2451/459
f 2210/2462/462 2211/2463/463 4159/2458/461 4158/2457/461
f 2206/2451/459 4158/2457/461 4157/2454/461 2205/2447/459
f 46/2464/464 487/2465/461 4160/2459/461 2212/2466/463
f 487/2465/461 486/2461/461 4161/2456/461 4160/2459/461
f 2212/2466/463 4160/2459/461 4159/2458/461 2211/2463/463
f 4163/2467/465 4164/2468/465 4162/2469/465 4168/2470/465
f 4165/2471/465 4166/2472/465 4162/2469/465 4164/2468/465
f 4167/2473/465 4168/2470/465 4162/2469/465 4166/2472/465
f 130/2450/460 2213/2474/466 4163/2467/465 2210/2462/462
f 2213/2474/466 2214/2475/466 4164/2468/465 4163/2467/465
f 2210/2462/462 4163/2467/465 4168/2470/465 2211/2463/463
f 47/2476/467 490/2477/465 4165/2471/465 2215/2478/466
f 490/2477/465 489/2479/465 4166/2472/465 4165/2471/465
f 2215/2478/466 4165/2471/465 4164/2468/465 2214/2475/466
f 46/2464/464 2212/2466/463 4167/2473/465 488/2480/468
f 2212/2466/463 2211/2463/463 4168/2470/465 4167/2473/465
f 488/2480/468 4167/2473/465 4166/2472/465 489/2479/465
f 4170/2481/469 4171/2482/469 4169/2483/469 4175/2484/469
f 4172/2485/469 4173/2486/469 4169/2483/469 4171/2482/469
f 4174/2487/469 4175/2484/469 4169/2483/469 4173/2486/469
f 47/2476/467 2215/2478/466 4170/2481/469 2216/2488/470
f 2215/2478/466 2214/2475/466 4171/2482/469 4170/2481/469
f 2216/2488/470 4170/2481/469 4175/2484/469 2217/2489/470
f 130/2450/460 914/2490/469 4172/2485/469 2213/2474/466
f 914/2490/469 915/2491/469 4173/2486/469 4172/2485/469
f 2213/2474/466 4172/2485/469 4171/2482/469 2214/2475/466
f 131/2492/471 2218/2493/470 4174/2487/469 916/2494/469
f 2218/2493/470 2217/2489/470 4175/2484/469 4174/2487/469
f 916/2494/469 4174/2487/469 4173/2486/469 915/2491/469
f 4177/2495/472 4178/2496/472 4176/2497/473 4182/2498/472
f 4179/2499/472 4180/2500/473 4176/2497/473 4178/2496/472
f 4181/2501/472 4182/2498/472 4176/2497/473 4180/2500/473
f 47/2476/467 2216/2488/470 4177/2495/472 2219/2502/474
f 2216/2488/470 2217/2489/470 4178/2496/472 4177/2495/472
f 2219/2502/474 4177/2495/472 4182/2498/472 2220/2503/474
f 131/2492/471 917/2504/472 4179/2499/472 2218/2493/470
f 917/2504/472 918/2505/472 4180/2500/473 4179/2499/472
f 2218/2493/470 4179/2499/472 4178/2496/472 2217/2489/470
f 132/2506/475 2221/2507/474 4181/2501/472 919/2508/472
f 2221/2507/474 2220/2503/474 4182/2498/472 4181/2501/472
f 919/2508/472 4181/2501/472 4180/2500/473 918/2505/472
f 4184/2509/476 4185/2510/476 4183/2511/476 4189/2512/476
f 4186/2513/476 4187/2514/476 4183/2511/476 4185/2510/476
f 4188/2515/476 4189/2512/476 4183/2511/476 4187/2514/476
f 47/2476/467 2219/2502/474 4184/2509/476 509/2516/476
f 2219/2502/474 2220/2503/474 4185/2510/476 4184/2509/476
f 509/2516/476 4184/2509/476 4189/2512/476 510/2517/476
f 132/2506/475 2222/2518/477 4186/2513/476 2221/2507/474
f 2222/2518/477 2223/2519/477 4187/2514/476 4186/2513/476
f 2221/2507/474 4186/2513/476 4185/2510/476 2220/2503/474
f 50/2520/478 511/2521/476 4188/2515/476 2224/2522/477
f 511/2521/476 510/2517/476 4189/2512/476 4188/2515/476
f 2224/2522/477 4188/2515/476 4187/2514/476 2223/2519/477
f 4191/2523/479 4192/2524/479 4190/2525/480 4196/2526/479
f 4193/2527/479 4194/2528/479 4190/2525/480 4192/2524/479
f 4195/2529/479 4196/2526/479 4190/2525/480 4194/2528/479
f 50/2520/478 2224/2522/477 4191/2523/479 2225/2530/481
f 2224/2522/477 2223/2519/477 4192/2524/479 4191/2523/479
f 2225/2530/481 4191/2523/479 4196/2526/479 2226/2531/481
f 132/2506/475 920/2532/479 4193/2527/479 2222/2518/477
f 920/2532/479 921/2533/479 4194/2528/479 4193/2527/479
f 2222/2518/477 4193/2527/479 4192/2524/479 2223/2519/477
f 133/2534/482 2227/2535/481 4195/2529/479 922/2536/479
f 2227/2535/481 2226/2531/481 4196/2526/479 4195/2529/479
f 922/2536/479 4195/2529/479 4194/2528/479 921/2533/479
f 4198/2537/483 4199/2538/483 4197/2539/483 4203/2540/483
f 4200/2541/483 4201/2542/483 4197/2539/483 4199/2538/483
f 4202/2543/483 4203/2540/483 4197/2539/483 4201/2542/483
f 50/2520/478 2225/2530/481 4198/2537/483 521/2544/483
f 2225/2530/481 2226/2531/481 4199/2538/483 4198/2537/483
f 521/2544/483 4198/2537/483 4203/2540/483 522/2545/483
f 133/2534/482 2228/2546/484 4200/2541/483 2227/2535/481
f 2228/2546/484 2229/2547/484 4201/2542/483 4200/2541/483
f 2227/2535/481 4200/2541/483 4199/2538/483 2226/2531/481
f 52/2548/485 523/2549/483 4202/2543/483 2230/2550/484
f 523/2549/483 522/2545/483 4203/2540/483 4202/2543/483
f 2230/2550/484 4202/2543/483 4201/2542/483 2229/2547/484
f 4205/2551/486 4206/2552/486 4204/2553/486 4210/2554/486
f 4207/2555/486 4208/2556/486 4204/2553/486 4206/2552/486
f 4209/2557/486 4210/2554/486 4204/2553/486 4208/2556/486
f 133/2534/482 2231/2558/487 4205/2551/486 2228/2546/484
f 2231/2558/487 2232/2559/487 4206/2552/486 4205/2551/486
f 2228/2546/484 4205/2551/486 4210/2554/486 2229/2547/484
f 53/2560/488 526/2561/486 4207/2555/486 2233/2562/487
f 526/2561/486 525/2563/489 4208/2556/486 4207/2555/486
f 2233/2562/487 4207/2555/486 4206/2552/486 2232/2559/487
f 52/2548/485 2230/2550/484 4209/2557/486 524/2564/486
f 2230/2550/484 2229/2547/484 4210/2554/486 4209/2557/486
f 524/2564/486 4209/2557/486 4208/2556/486 525/2563/489
f 4212/2565/490 4213/2566/490 4211/2567/490 4217/2568/490
f 4214/2569/490 4215/2570/490 4211/2567/490 4213/2566/490
f 4216/2571/490 4217/2568/490 4211/2567/490 4215/2570/490
f 53/2560/488 2233/2562/487 4212/2565/490 2234/2572/491
f 2233/2562/487 2232/2559/487 4213/2566/490 4212/2565/490
f 2234/2572/491 4212/2565/490 4217/2568/490 2235/2573/491
f 133/2534/482 923/2574/490 4214/2569/490 2231/2558/487
f 923/2574/490 924/2575/490 4215/2570/490 4214/2569/490
f 2231/2558/487 4214/2569/490 4213/2566/490 2232/2559/487
f 134/2576/492 2236/2577/491 4216/2571/490 925/2578/490
f 2236/2577/491 2235/2573/491 4217/2568/490 4216/2571/490
f 925/2578/490 4216/2571/490 4215/2570/490 924/2575/490
f 4219/2579/493 4220/2580/494 4218/2581/493 4224/2582/493
f 4221/2583/493 4222/2584/493 4218/2581/493 4220/2580/494
f 4223/2585/493 4224/2582/493 4218/2581/493 4222/2584/493
f 134/2576/492 2237/2586/494 4219/2579/493 2236/2577/491
f 2237/2586/494 2238/2587/493 4220/2580/494 4219/2579/493
f 2236/2577/491 4219/2579/493 4224/2582/493 2235/2573/491
f 125/2588/493 2242/2589/493 4221/2583/493 2239/2590/493
f 2242/2589/493 2241/2591/493 4222/2584/493 4221/2583/493
f 2239/2590/493 4221/2583/493 4220/2580/494 2238/2587/493
f 53/2560/488 2234/2572/491 4223/2585/493 2240/2592/493
f 2234/2572/491 2235/2573/491 4224/2582/493 4223/2585/493
f 2240/2592/493 4223/2585/493 4222/2584/493 2241/2591/493
f 4226/2593/495 4227/2594/495 4225/2595/495 4231/2596/495
f 4228/2597/495 4229/2598/495 4225/2595/495 4227/2594/495
f 4230/2599/495 4231/2596/495 4225/2595/495 4229/2598/495
f 53/2560/495 2240/2592/495 4226/2593/495 1991/2600/495
f 2240/2592/495 2241/2591/495 4227/2594/495 4226/2593/495
f 1991/2600/495 4226/2593/495 4231/2596/495 1992/2601/495
f 125/2588/495 2158/2602/495 4228/2597/495 2242/2589/495
f 2158/2602/495 2157/2603/495 4229/2598/495 4228/2597/495
f 2242/2589/495 4228/2597/495 4227/2594/495 2241/2591/495
f 35/2604/495 1993/2605/495 4230/2599/495 2156/2606/495
f 1993/2605/495 1992/2601/495 4231/2596/495 4230/2599/495
f 2156/2606/495 4230/2599/495 4229/2598/495 2157/2603/495
f 4233/2607/177 4234/2608/177 4232/2609/177 4238/2610/177
f 4235/2611/177 4236/2612/177 4232/2609/177 4234/2608/177
f 4237/2613/177 4238/2610/177 4232/2609/177 4236/2612/177
f 62/2614/176 2243/2615/177 4233/2607/177 2009/2616/177
f 2243/2615/177 2244/2617/177 4234/2608/177 4233/2607/177
f 2009/2616/177 4233/2607/177 4238/2610/177 2010/2618/177
f 127/2619/177 2176/2620/177 4235/2611/177 2245/2621/177
f 2176/2620/177 2175/2622/177 4236/2612/177 4235/2611/177
f 2245/2621/177 4235/2611/177 4234/2608/177 2244/2617/177
f 38/2623/177 2011/2624/177 4237/2613/177 2174/2625/177
f 2011/2624/177 2010/2618/177 4238/2610/177 4237/2613/177
f 2174/2625/177 4237/2613/177 4236/2612/177 2175/2622/177
f 4240/2626/177 4241/2627/177 4239/2628/177 4245/2629/178
f 4242/2630/177 4243/2631/177 4239/2628/177 4241/2627/177
f 4244/2632/178 4245/2629/178 4239/2628/177 4243/2631/177
f 62/2614/176 2246/2633/176 4240/2626/177 2243/2615/177
f 2246/2633/176 2247/2634/176 4241/2627/177 4240/2626/177
f 2243/2615/177 4240/2626/177 4245/2629/178 2244/2617/177
f 135/2635/496 2251/2636/177 4242/2630/177 2248/2637/176
f 2251/2636/177 2250/2638/177 4243/2631/177 4242/2630/177
f 2248/2637/176 4242/2630/177 4241/2627/177 2247/2634/176
f 127/2619/177 2245/2621/177 4244/2632/178 2249/2639/177
f 2245/2621/177 2244/2617/177 4245/2629/178 4244/2632/178
f 2249/2639/177 4244/2632/178 4243/2631/177 2250/2638/177
f 4247/2640/175 4248/2641/175 4246/2642/175 4252/2643/175
f 4249/2644/175 4250/2645/175 4246/2642/175 4248/2641/175
f 4251/2646/175 4252/2643/175 4246/2642/175 4250/2645/175
f 60/2647/170 2254/2648/497 4247/2640/175 572/2649/175
f 2254/2648/497 2253/2650/497 4248/2641/175 4247/2640/175
f 572/2649/175 4247/2640/175 4252/2643/175 573/2651/175
f 135/2635/496 2248/2637/176 4249/2644/175 2252/2652/497
f 2248/2637/176 2247/2634/176 4250/2645/175 4249/2644/175
f 2252/2652/497 4249/2644/175 4248/2641/175 2253/2650/497
f 62/2614/176 574/2653/175 4251/2646/175 2246/2633/176
f 574/2653/175 573/2651/175 4252/2643/175 4251/2646/175
f 2246/2633/176 4251/2646/175 4250/2645/175 2247/2634/176
f 4254/2654/498 4255/2655/499 4253/2656/499 4259/2657/499
f 4256/2658/499 4257/2659/499 4253/2656/499 4255/2655/499
f 4258/2660/499 4259/2657/499 4253/2656/499 4257/2659/499
f 60/2647/170 2255/2661/500 4254/2654/498 2254/2648/497
f 2255/2661/500 2256/2662/501 4255/2655/499 4254/2654/498
f 2254/2648/497 4254/2654/498 4259/2657/499 2253/2650/497
f 136/2663/502 928/2664/499 4256/2658/499 2257/2665/501
f 928/2664/499 927/2666/499 4257/2659/499 4256/2658/499
f 2257/2665/501 4256/2658/499 4255/2655/499 2256/2662/501
f 135/2635/496 2252/2652/497 4258/2660/499 926/2667/498
f 2252/2652/497 2253/2650/497 4259/2657/499 4258/2660/499
f 926/2667/498 4258/2660/499 4257/2659/499 927/2666/499
f 4261/2668/503 4262/2669/503 4260/2670/503 4266/2671/503
f 4263/2672/503 4264/2673/504 4260/2670/503 4262/2669/503
f 4265/2674/504 4266/2671/503 4260/2670/503 4264/2673/504
f 58/2675/158 2260/2676/505 4261/2668/503 560/2677/168
f 2260/2676/505 2259/2678/504 4262/2669/503 4261/2668/503
f 560/2677/168 4261/2668/503 4266/2671/503 561/2679/169
f 136/2663/502 2257/2665/501 4263/2672/503 2258/2680/503
f 2257/2665/501 2256/2662/501 4264/2673/504 4263/2672/503
f 2258/2680/503 4263/2672/503 4262/2669/503 2259/2678/504
f 60/2647/170 562/2681/168 4265/2674/504 2255/2661/500
f 562/2681/168 561/2679/169 4266/2671/503 4265/2674/504
f 2255/2661/500 4265/2674/504 4264/2673/504 2256/2662/501
f 4268/2682/506 4269/2683/506 4267/2684/506 4273/2685/506
f 4270/2686/507 4271/2687/507 4267/2684/506 4269/2683/506
f 4272/2688/506 4273/2685/506 4267/2684/506 4271/2687/507
f 58/2675/158 2261/2689/508 4268/2682/506 2260/2676/507
f 2261/2689/508 2262/2690/508 4269/2683/506 4268/2682/506
f 2260/2676/507 4268/2682/506 4273/2685/506 2259/2678/507
f 137/2691/509 931/2692/507 4270/2686/507 2263/2693/508
f 931/2692/507 930/2694/507 4271/2687/507 4270/2686/507
f 2263/2693/508 4270/2686/507 4269/2683/506 2262/2690/508
f 136/2663/507 2258/2680/507 4272/2688/506 929/2695/507
f 2258/2680/507 2259/2678/507 4273/2685/506 4272/2688/506
f 929/2695/507 4272/2688/506 4271/2687/507 930/2694/507
f 4275/2696/510 4276/2697/510 4274/2698/510 4280/2699/510
f 4277/2700/510 4278/2701/510 4274/2698/510 4276/2697/510
f 4279/2702/510 4280/2699/510 4274/2698/510 4278/2701/510
f 137/2691/509 2263/2693/508 4275/2696/510 2264/2703/511
f 2263/2693/508 2262/2690/508 4276/2697/510 4275/2696/510
f 2264/2703/511 4275/2696/510 4280/2699/510 2265/2704/511
f 58/2675/158 547/2705/160 4277/2700/510 2261/2689/508
f 547/2705/160 546/2706/160 4278/2701/510 4277/2700/510
f 2261/2689/508 4277/2700/510 4276/2697/510 2262/2690/508
f 56/2707/151 2266/2708/511 4279/2702/510 545/2709/160
f 2266/2708/511 2265/2704/511 4280/2699/510 4279/2702/510
f 545/2709/160 4279/2702/510 4278/2701/510 546/2706/160
f 4282/2710/512 4283/2711/512 4281/2712/512 4287/2713/512
f 4284/2714/512 4285/2715/512 4281/2712/512 4283/2711/512
f 4286/2716/512 4287/2713/512 4281/2712/512 4285/2715/512
f 137/2691/509 2264/2703/511 4282/2710/512 932/2717/512
f 2264/2703/511 2265/2704/511 4283/2711/512 4282/2710/512
f 932/2717/512 4282/2710/512 4287/2713/512 933/2718/512
f 56/2707/151 2267/2719/513 4284/2714/512 2266/2708/511
f 2267/2719/513 2268/2720/513 4285/2715/512 4284/2714/512
f 2266/2708/511 4284/2714/512 4283/2711/512 2265/2704/511
f 138/2721/514 934/2722/512 4286/2716/512 2269/2723/513
f 934/2722/512 933/2718/512 4287/2713/512 4286/2716/512
f 2269/2723/513 4286/2716/512 4285/2715/512 2268/2720/513
f 4289/2724/149 4290/2725/149 4288/2726/149 4294/2727/149
f 4291/2728/149 4292/2729/149 4288/2726/149 4290/2725/149
f 4293/2730/149 4294/2727/149 4288/2726/149 4292/2729/149
f 56/2707/151 2002/2731/149 4289/2724/149 2267/2719/513
f 2002/2731/149 2001/2732/149 4290/2725/149 4289/2724/149
f 2267/2719/513 4289/2724/149 4294/2727/149 2268/2720/513
f 39/2733/149 2272/2734/149 4291/2728/149 2000/2735/149
f 2272/2734/149 2271/2736/149 4292/2729/149 4291/2728/149
f 2000/2735/149 4291/2728/149 4290/2725/149 2001/2732/149
f 138/2721/514 2269/2723/513 4293/2730/149 2270/2737/149
f 2269/2723/513 2268/2720/513 4294/2727/149 4293/2730/149
f 2270/2737/149 4293/2730/149 4292/2729/149 2271/2736/149
f 4296/2738/149 4297/2739/149 4295/2740/149 4301/2741/149
f 4298/2742/149 4299/2743/149 4295/2740/149 4297/2739/149
f 4300/2744/149 4301/2741/149 4295/2740/149 4299/2743/149
f 138/2721/514 2270/2737/149 4296/2738/149 2273/2745/149
f 2270/2737/149 2271/2736/149 4297/2739/149 4296/2738/149
f 2273/2745/149 4296/2738/149 4301/2741/149 2274/2746/149
f 39/2733/149 2173/2747/149 4298/2742/149 2272/2734/149
f 2173/2747/149 2172/2748/149 4299/2743/149 4298/2742/149
f 2272/2734/149 4298/2742/149 4297/2739/149 2271/2736/149
f 126/2749/149 2275/2750/149 4300/2744/149 2171/2751/149
f 2275/2750/149 2274/2746/149 4301/2741/149 4300/2744/149
f 2171/2751/149 4300/2744/149 4299/2743/149 2172/2748/149
f 4303/2752/515 4304/2753/515 4302/2754/515 4308/2755/515
f 4305/2756/515 4306/2757/515 4302/2754/515 4304/2753/515
f 4307/2758/515 4308/2755/515 4302/2754/515 4306/2757/515
f 139/2759/515 938/2760/515 4303/2752/515 935/2761/515
f 938/2760/515 939/2762/515 4304/2753/515 4303/2752/515
f 935/2761/515 4303/2752/515 4308/2755/515 936/2763/515
f 140/2764/516 941/2765/517 4305/2756/515 940/2766/515
f 941/2765/517 942/2767/517 4306/2757/515 4305/2756/515
f 940/2766/515 4305/2756/515 4304/2753/515 939/2762/515
f 141/2768/518 937/2769/515 4307/2758/515 943/2770/517
f 937/2769/515 936/2763/515 4308/2755/515 4307/2758/515
f 943/2770/517 4307/2758/515 4306/2757/515 942/2767/517
f 4310/2771/519 4311/2772/519 4309/2773/519 4315/2774/519
f 4312/2775/519 4313/2776/519 4309/2773/519 4311/2772/519
f 4314/2777/519 4315/2774/519 4309/2773/519 4313/2776/519
f 140/2764/516 944/2778/520 4310/2771/519 941/2765/517
f 944/2778/520 945/2779/520 4311/2772/519 4310/2771/519
f 941/2765/517 4310/2771/519 4315/2774/519 942/2767/517
f 142/2780/521 949/2781/519 4312/2775/519 946/2782/520
f 949/2781/519 948/2783/519 4313/2776/519 4312/2775/519
f 946/2782/520 4312/2775/519 4311/2772/519 945/2779/520
f 141/2768/518 943/2770/517 4314/2777/519 947/2784/519
f 943/2770/517 942/2767/517 4315/2774/519 4314/2777/519
f 947/2784/519 4314/2777/519 4313/2776/519 948/2783/519
f 4317/2785/522 4318/2786/522 4316/2787/522 4322/2788/522
f 4319/2789/522 4320/2790/522 4316/2787/522 4318/2786/522
f 4321/2791/522 4322/2788/522 4316/2787/522 4320/2790/522
f 140/2764/516 950/2792/522 4317/2785/522 944/2778/520
f 950/2792/522 951/2793/522 4318/2786/522 4317/2785/522
f 944/2778/520 4317/2785/522 4322/2788/522 945/2779/520
f 143/2794/523 955/2795/524 4319/2789/522 952/2796/522
f 955/2795/524 954/2797/524 4320/2790/522 4319/2789/522
f 952/2796/522 4319/2789/522 4318/2786/522 951/2793/522
f 142/2780/521 946/2782/520 4321/2791/522 953/2798/524
f 946/2782/520 945/2779/520 4322/2788/522 4321/2791/522
f 953/2798/524 4321/2791/522 4320/2790/522 954/2797/524
f 4324/2799/19 4325/2800/19 4323/2801/19 4329/2802/19
f 4326/2803/19 4327/2804/19 4323/2801/19 4325/2800/19
f 4328/2805/19 4329/2802/19 4323/2801/19 4327/2804/19
f 142/2780/521 953/2798/524 4324/2799/19 956/2806/19
f 953/2798/524 954/2797/524 4325/2800/19 4324/2799/19
f 956/2806/19 4324/2799/19 4329/2802/19 957/2807/19
f 143/2794/523 959/2808/19 4326/2803/19 955/2795/524
f 959/2808/19 960/2809/19 4327/2804/19 4326/2803/19
f 955/2795/524 4326/2803/19 4325/2800/19 954/2797/524
f 144/2810/525 958/2811/19 4328/2805/19 961/2812/19
f 958/2811/19 957/2807/19 4329/2802/19 4328/2805/19
f 961/2812/19 4328/2805/19 4327/2804/19 960/2809/19
f 4331/2813/19 4332/2814/19 4330/2815/19 4336/2816/19
f 4333/2817/19 4334/2818/19 4330/2815/19 4332/2814/19
f 4335/2819/19 4336/2816/19 4330/2815/19 4334/2818/19
f 145/2820/526 967/2821/527 4331/2813/19 964/2822/19
f 967/2821/527 966/2823/527 4332/2814/19 4331/2813/19
f 964/2822/19 4331/2813/19 4336/2816/19 963/2824/19
f 144/2810/525 961/2812/19 4333/2817/19 965/2825/527
f 961/2812/19 960/2809/19 4334/2818/19 4333/2817/19
f 965/2825/527 4333/2817/19 4332/2814/19 966/2823/527
f 143/2794/523 962/2826/19 4335/2819/19 959/2808/19
f 962/2826/19 963/2824/19 4336/2816/19 4335/2819/19
f 959/2808/19 4335/2819/19 4334/2818/19 960/2809/19
f 4338/2827/528 4339/2828/528 4337/2829/528 4343/2830/528
f 4340/2831/528 4341/2832/528 4337/2829/528 4339/2828/528
f 4342/2833/528 4343/2830/528 4337/2829/528 4341/2832/528
f 144/2810/525 965/2825/527 4338/2827/528 968/2834/528
f 965/2825/527 966/2823/527 4339/2828/528 4338/2827/528
f 968/2834/528 4338/2827/528 4343/2830/528 969/2835/528
f 145/2820/526 971/2836/529 4340/2831/528 967/2821/527
f 971/2836/529 972/2837/529 4341/2832/528 4340/2831/528
f 967/2821/527 4340/2831/528 4339/2828/528 966/2823/527
f 146/2838/530 970/2839/528 4342/2833/528 973/2840/529
f 970/2839/528 969/2835/528 4343/2830/528 4342/2833/528
f 973/2840/529 4342/2833/528 4341/2832/528 972/2837/529
f 4345/2841/531 4346/2842/531 4344/2843/531 4350/2844/531
f 4347/2845/531 4348/2846/531 4344/2843/531 4346/2842/531
f 4349/2847/531 4350/2844/531 4344/2843/531 4348/2846/531
f 145/2820/526 974/2848/531 4345/2841/531 971/2836/529
f 974/2848/531 975/2849/531 4346/2842/531 4345/2841/531
f 971/2836/529 4345/2841/531 4350/2844/531 972/2837/529
f 147/2850/532 979/2851/533 4347/2845/531 976/2852/531
f 979/2851/533 978/2853/534 4348/2846/531 4347/2845/531
f 976/2852/531 4347/2845/531 4346/2842/531 975/2849/531
f 146/2838/530 973/2840/529 4349/2847/531 977/2854/533
f 973/2840/529 972/2837/529 4350/2844/531 4349/2847/531
f 977/2854/533 4349/2847/531 4348/2846/531 978/2853/534
f 4352/2855/535 4353/2856/535 4351/2857/535 4357/2858/535
f 4354/2859/535 4355/2860/535 4351/2857/535 4353/2856/535
f 4356/2861/535 4357/2858/535 4351/2857/535 4355/2860/535
f 148/2862/536 985/2863/535 4352/2855/535 982/2864/537
f 985/2863/535 984/2865/535 4353/2856/535 4352/2855/535
f 982/2864/537 4352/2855/535 4357/2858/535 981/2866/537
f 146/2838/530 977/2854/533 4354/2859/535 983/2867/535
f 977/2854/533 978/2853/534 4355/2860/535 4354/2859/535
f 983/2867/535 4354/2859/535 4353/2856/535 984/2865/535
f 147/2850/532 980/2868/537 4356/2861/535 979/2851/533
f 980/2868/537 981/2866/537 4357/2858/535 4356/2861/535
f 979/2851/533 4356/2861/535 4355/2860/535 978/2853/534
f 4359/2869/538 4360/2870/538 4358/2871/538 4364/2872/538
f 4361/2873/538 4362/2874/538 4358/2871/538 4360/2870/538
f 4363/2875/538 4364/2872/538 4358/2871/538 4362/2874/538
f 147/2850/532 986/2876/538 4359/2869/538 980/2868/537
f 986/2876/538 987/2877/538 4360/2870/538 4359/2869/538
f 980/2868/537 4359/2869/538 4364/2872/538 981/2866/537
f 149/2878/539 991/2879/540 4361/2873/538 988/2880/538
f 991/2879/540 990/2881/540 4362/2874/538 4361/2873/538
f 988/2880/538 4361/2873/538 4360/2870/538 987/2877/538
f 148/2862/536 982/2864/537 4363/2875/538 989/2882/540
f 982/2864/537 981/2866/537 4364/2872/538 4363/2875/538
f 989/2882/540 4363/2875/538 4362/2874/538 990/2881/540
f 4366/2883/541 4367/2884/541 4365/2885/541 4371/2886/541
f 4368/2887/541 4369/2888/541 4365/2885/541 4367/2884/541
f 4370/2889/541 4371/2886/541 4365/2885/541 4369/2888/541
f 150/2890/542 997/2891/541 4366/2883/541 994/2892/543
f 997/2891/541 996/2893/541 4367/2884/541 4366/2883/541
f 994/2892/543 4366/2883/541 4371/2886/541 993/2894/543
f 148/2862/536 989/2882/540 4368/2887/541 995/2895/541
f 989/2882/540 990/2881/540 4369/2888/541 4368/2887/541
f 995/2895/541 4368/2887/541 4367/2884/541 996/2893/541
f 149/2878/539 992/2896/543 4370/2889/541 991/2879/540
f 992/2896/543 993/2894/543 4371/2886/541 4370/2889/541
f 991/2879/540 4370/2889/541 4369/2888/541 990/2881/540
f 4373/2897/544 4374/2898/544 4372/2899/544 4378/2900/544
f 4375/2901/544 4376/2902/544 4372/2899/544 4374/2898/544
f 4377/2903/544 4378/2900/544 4372/2899/544 4376/2902/544
f 149/2878/539 998/2904/544 4373/2897/544 992/2896/543
f 998/2904/544 999/2905/544 4374/2898/544 4373/2897/544
f 992/2896/543 4373/2897/544 4378/2900/544 993/2894/543
f 151/2906/545 1003/2907/546 4375/2901/544 1000/2908/544
f 1003/2907/546 1002/2909/547 4376/2902/544 4375/2901/544
f 1000/2908/544 4375/2901/544 4374/2898/544 999/2905/544
f 150/2890/542 994/2892/543 4377/2903/544 1001/2910/547
f 994/2892/543 993/2894/543 4378/2900/544 4377/2903/544
f 1001/2910/547 4377/2903/544 4376/2902/544 1002/2909/547
f 4380/2911/548 4381/2912/548 4379/2913/548 4385/2914/548
f 4382/2915/548 4383/2916/548 4379/2913/548 4381/2912/548
f 4384/2917/548 4385/2914/548 4379/2913/548 4383/2916/548
f 151/2906/545 1004/2918/549 4380/2911/548 1003/2907/546
f 1004/2918/549 1005/2919/549 4381/2912/548 4380/2911/548
f 1003/2907/546 4380/2911/548 4385/2914/548 1002/2909/547
f 152/2920/550 1009/2921/548 4382/2915/548 1006/2922/549
f 1009/2921/548 1008/2923/548 4383/2916/548 4382/2915/548
f 1006/2922/549 4382/2915/548 4381/2912/548 1005/2919/549
f 150/2890/542 1001/2910/547 4384/2917/548 1007/2924/548
f 1001/2910/547 1002/2909/547 4385/2914/548 4384/2917/548
f 1007/2924/548 4384/2917/548 4383/2916/548 1008/2923/548
f 4387/2925/551 4388/2926/551 4386/2927/552 4392/2928/551
f 4389/2929/551 4390/2930/552 4386/2927/552 4388/2926/551
f 4391/2931/552 4392/2928/551 4386/2927/552 4390/2930/552
f 151/2906/545 1010/2932/552 4387/2925/551 1004/2918/549
f 1010/2932/552 1011/2933/551 4388/2926/551 4387/2925/551
f 1004/2918/549 4387/2925/551 4392/2928/551 1005/2919/549
f 153/2934/551 1015/2935/551 4389/2929/551 1012/2936/551
f 1015/2935/551 1014/2937/552 4390/2930/552 4389/2929/551
f 1012/2936/551 4389/2929/551 4388/2926/551 1011/2933/551
f 152/2920/550 1006/2922/549 4391/2931/552 1013/2938/551
f 1006/2922/549 1005/2919/549 4392/2928/551 4391/2931/552
f 1013/2938/551 4391/2931/552 4390/2930/552 1014/2937/552
f 4394/2939/553 4395/2940/553 4393/2941/553 4399/2942/553
f 4396/2943/553 4397/2944/553 4393/2941/553 4395/2940/553
f 4398/2945/553 4399/2942/553 4393/2941/553 4397/2944/553
f 151/2946/554 2276/2947/555 4394/2939/553 1010/2948/553
f 2276/2947/555 2277/2949/555 4395/2940/553 4394/2939/553
f 1010/2948/553 4394/2939/553 4399/2942/553 1011/2950/553
f 154/2951/556 2279/2952/553 4396/2943/553 2278/2953/555
f 2279/2952/553 2280/2954/553 4397/2944/553 4396/2943/553
f 2278/2953/555 4396/2943/553 4395/2940/553 2277/2949/555
f 153/2955/553 1012/2956/553 4398/2945/553 2281/2957/553
f 1012/2956/553 1011/2950/553 4399/2942/553 4398/2945/553
f 2281/2957/553 4398/2945/553 4397/2944/553 2280/2954/553
f 4401/2958/557 4402/2959/557 4400/2960/557 4406/2961/557
f 4403/2962/557 4404/2963/557 4400/2960/557 4402/2959/557
f 4405/2964/557 4406/2961/557 4400/2960/557 4404/2963/557
f 149/2965/558 2284/2966/559 4401/2958/557 998/2967/557
f 2284/2966/559 2283/2968/559 4402/2959/557 4401/2958/557
f 998/2967/557 4401/2958/557 4406/2961/557 999/2969/557
f 154/2951/556 2278/2953/555 4403/2962/557 2282/2970/559
f 2278/2953/555 2277/2949/555 4404/2963/557 4403/2962/557
f 2282/2970/559 4403/2962/557 4402/2959/557 2283/2968/559
f 151/2946/554 1000/2971/557 4405/2964/557 2276/2947/555
f 1000/2971/557 999/2969/557 4406/2961/557 4405/2964/557
f 2276/2947/555 4405/2964/557 4404/2963/557 2277/2949/555
f 4408/2972/560 4409/2973/560 4407/2974/560 4413/2975/560
f 4410/2976/560 4411/2977/560 4407/2974/560 4409/2973/560
f 4412/2978/560 4413/2975/560 4407/2974/560 4411/2977/560
f 149/2965/558 2285/2979/561 4408/2972/560 2284/2966/559
f 2285/2979/561 2286/2980/561 4409/2973/560 4408/2972/560
f 2284/2966/559 4408/2972/560 4413/2975/560 2283/2968/559
f 155/2981/562 1018/2982/560 4410/2976/560 2287/2983/561
f 1018/2982/560 1017/2984/560 4411/2977/560 4410/2976/560
f 2287/2983/561 4410/2976/560 4409/2973/560 2286/2980/561
f 154/2951/556 2282/2970/559 4412/2978/560 1016/2985/560
f 2282/2970/559 2283/2968/559 4413/2975/560 4412/2978/560
f 1016/2985/560 4412/2978/560 4411/2977/560 1017/2984/560
f 4415/2986/563 4416/2987/563 4414/2988/563 4420/2989/563
f 4417/2990/563 4418/2991/563 4414/2988/563 4416/2987/563
f 4419/2992/563 4420/2989/563 4414/2988/563 4418/2991/563
f 147/2993/564 2290/2994/565 4415/2986/563 986/2995/563
f 2290/2994/565 2289/2996/565 4416/2987/563 4415/2986/563
f 986/2995/563 4415/2986/563 4420/2989/563 987/2997/563
f 155/2981/562 2287/2983/561 4417/2990/563 2288/2998/565
f 2287/2983/561 2286/2980/561 4418/2991/563 4417/2990/563
f 2288/2998/565 4417/2990/563 4416/2987/563 2289/2996/565
f 149/2965/558 988/2999/563 4419/2992/563 2285/2979/561
f 988/2999/563 987/2997/563 4420/2989/563 4419/2992/563
f 2285/2979/561 4419/2992/563 4418/2991/563 2286/2980/561
f 4422/3000/566 4423/3001/566 4421/3002/566 4427/3003/566
f 4424/3004/566 4425/3005/566 4421/3002/566 4423/3001/566
f 4426/3006/566 4427/3003/566 4421/3002/566 4425/3005/566
f 147/2993/564 2291/3007/567 4422/3000/566 2290/2994/565
f 2291/3007/567 2292/3008/567 4423/3001/566 4422/3000/566
f 2290/2994/565 4422/3000/566 4427/3003/566 2289/2996/565
f 156/3009/568 1021/3010/569 4424/3004/566 2293/3011/567
f 1021/3010/569 1020/3012/569 4425/3005/566 4424/3004/566
f 2293/3011/567 4424/3004/566 4423/3001/566 2292/3008/567
f 155/2981/562 2288/2998/565 4426/3006/566 1019/3013/569
f 2288/2998/565 2289/2996/565 4427/3003/566 4426/3006/566
f 1019/3013/569 4426/3006/566 4425/3005/566 1020/3012/569
f 4429/3014/570 4430/3015/570 4428/3016/570 4434/3017/570
f 4431/3018/570 4432/3019/570 4428/3016/570 4430/3015/570
f 4433/3020/570 4434/3017/570 4428/3016/570 4432/3019/570
f 157/3021/570 1027/3022/570 4429/3014/570 1024/3023/570
f 1027/3022/570 1026/3024/570 4430/3015/570 4429/3014/570
f 1024/3023/570 4429/3014/570 4434/3017/570 1023/3025/570
f 155/2981/562 1019/3013/569 4431/3018/570 1025/3026/570
f 1019/3013/569 1020/3012/569 4432/3019/570 4431/3018/570
f 1025/3026/570 4431/3018/570 4430/3015/570 1026/3024/570
f 156/3009/568 1022/3027/570 4433/3020/570 1021/3010/569
f 1022/3027/570 1023/3025/570 4434/3017/570 4433/3020/570
f 1021/3010/569 4433/3020/570 4432/3019/570 1020/3012/569
f 4436/3028/571 4437/3029/571 4435/3030/571 4441/3031/571
f 4438/3032/571 4439/3033/571 4435/3030/571 4437/3029/571
f 4440/3034/571 4441/3031/571 4435/3030/571 4439/3033/571
f 145/3035/572 2296/3036/573 4436/3028/571 974/3037/571
f 2296/3036/573 2295/3038/573 4437/3029/571 4436/3028/571
f 974/3037/571 4436/3028/571 4441/3031/571 975/3039/571
f 156/3009/568 2293/3011/567 4438/3032/571 2294/3040/573
f 2293/3011/567 2292/3008/567 4439/3033/571 4438/3032/571
f 2294/3040/573 4438/3032/571 4437/3029/571 2295/3038/573
f 147/2993/564 976/3041/571 4440/3034/571 2291/3007/567
f 976/3041/571 975/3039/571 4441/3031/571 4440/3034/571
f 2291/3007/567 4440/3034/571 4439/3033/571 2292/3008/567
f 4443/3042/574 4444/3043/574 4442/3044/574 4448/3045/574
f 4445/3046/574 4446/3047/574 4442/3044/574 4444/3043/574
f 4447/3048/574 4448/3045/574 4442/3044/574 4446/3047/574
f 145/3035/572 2297/3049/575 4443/3042/574 2296/3036/573
f 2297/3049/575 2298/3050/575 4444/3043/574 4443/3042/574
f 2296/3036/573 4443/3042/574 4448/3045/574 2295/3038/573
f 158/3051/576 1030/3052/574 4445/3046/574 2299/3053/575
f 1030/3052/574 1029/3054/574 4446/3047/574 4445/3046/574
f 2299/3053/575 4445/3046/574 4444/3043/574 2298/3050/575
f 156/3009/568 2294/3040/573 4447/3048/574 1028/3055/574
f 2294/3040/573 2295/3038/573 4448/3045/574 4447/3048/574
f 1028/3055/574 4447/3048/574 4446/3047/574 1029/3054/574
f 4450/3056/577 4451/3057/577 4449/3058/577 4455/3059/577
f 4452/3060/577 4453/3061/577 4449/3058/577 4451/3057/577
f 4454/3062/577 4455/3059/577 4449/3058/577 4453/3061/577
f 159/3063/578 1033/3064/577 4450/3056/577 2302/3065/579
f 1033/3064/577 1032/3066/577 4451/3057/577 4450/3056/577
f 2302/3065/579 4450/3056/577 4455/3059/577 2301/3067/579
f 158/3051/576 2299/3053/575 4452/3060/577 1031/3068/577
f 2299/3053/575 2298/3050/575 4453/3061/577 4452/3060/577
f 1031/3068/577 4452/3060/577 4451/3057/577 1032/3066/577
f 145/3035/572 2300/3069/579 4454/3062/577 2297/3049/575
f 2300/3069/579 2301/3067/579 4455/3059/577 4454/3062/577
f 2297/3049/575 4454/3062/577 4453/3061/577 2298/3050/575
f 4457/3070/580 4458/3071/580 4456/3072/580 4462/3073/580
f 4459/3074/580 4460/3075/580 4456/3072/580 4458/3071/580
f 4461/3076/580 4462/3073/580 4456/3072/580 4460/3075/580
f 143/3077/581 2305/3078/582 4457/3070/580 962/3079/580
f 2305/3078/582 2304/3080/582 4458/3071/580 4457/3070/580
f 962/3079/580 4457/3070/580 4462/3073/580 963/3081/580
f 159/3063/578 2302/3065/579 4459/3074/580 2303/3082/582
f 2302/3065/579 2301/3067/579 4460/3075/580 4459/3074/580
f 2303/3082/582 4459/3074/580 4458/3071/580 2304/3080/582
f 145/3035/572 964/3083/580 4461/3076/580 2300/3069/579
f 964/3083/580 963/3081/580 4462/3073/580 4461/3076/580
f 2300/3069/579 4461/3076/580 4460/3075/580 2301/3067/579
f 4464/3084/583 4465/3085/584 4463/3086/584 4469/3087/584
f 4466/3088/584 4467/3089/583 4463/3086/584 4465/3085/584
f 4468/3090/584 4469/3087/584 4463/3086/584 4467/3089/583
f 143/3077/581 2306/3091/585 4464/3084/583 2305/3078/582
f 2306/3091/585 2307/3092/585 4465/3085/584 4464/3084/583
f 2305/3078/582 4464/3084/583 4469/3087/584 2304/3080/582
f 160/3093/586 1036/3094/584 4466/3088/584 2308/3095/585
f 1036/3094/584 1035/3096/583 4467/3089/583 4466/3088/584
f 2308/3095/585 4466/3088/584 4465/3085/584 2307/3092/585
f 159/3063/578 2303/3082/582 4468/3090/584 1034/3097/584
f 2303/3082/582 2304/3080/582 4469/3087/584 4468/3090/584
f 1034/3097/584 4468/3090/584 4467/3089/583 1035/3096/583
f 4471/3098/587 4472/3099/587 4470/3100/587 4476/3101/587
f 4473/3102/587 4474/3103/587 4470/3100/587 4472/3099/587
f 4475/3104/587 4476/3101/587 4470/3100/587 4474/3103/587
f 8/3105/588 2314/3106/589 4471/3098/587 2311/3107/590
f 2314/3106/589 2313/3108/589 4472/3099/587 4471/3098/587
f 2311/3107/590 4471/3098/587 4476/3101/587 2310/3109/590
f 160/3093/586 2308/3095/585 4473/3102/587 2312/3110/589
f 2308/3095/585 2307/3092/585 4474/3103/587 4473/3102/587
f 2312/3110/589 4473/3102/587 4472/3099/587 2313/3108/589
f 143/3077/581 2309/3111/590 4475/3104/587 2306/3091/585
f 2309/3111/590 2310/3109/590 4476/3101/587 4475/3104/587
f 2306/3091/585 4475/3104/587 4474/3103/587 2307/3092/585
f 4478/3112/591 4479/3113/591 4477/3114/591 4483/3115/591
f 4480/3116/591 4481/3117/591 4477/3114/591 4479/3113/591
f 4482/3118/591 4483/3115/591 4477/3114/591 4481/3117/591
f 160/3093/586 2312/3110/589 4478/3112/591 2315/3119/591
f 2312/3110/589 2313/3108/589 4479/3113/591 4478/3112/591
f 2315/3119/591 4478/3112/591 4483/3115/591 2316/3120/591
f 8/3105/588 316/3121/591 4480/3116/591 2314/3106/589
f 316/3121/591 315/3122/591 4481/3117/591 4480/3116/591
f 2314/3106/589 4480/3116/591 4479/3113/591 2313/3108/589
f 7/3123/591 2317/3124/591 4482/3118/591 314/3125/591
f 2317/3124/591 2316/3120/591 4483/3115/591 4482/3118/591
f 314/3125/591 4482/3118/591 4481/3117/591 315/3122/591
f 4485/3126/592 4486/3127/592 4484/3128/592 4490/3129/592
f 4487/3130/592 4488/3131/592 4484/3128/592 4486/3127/592
f 4489/3132/592 4490/3129/592 4484/3128/592 4488/3131/592
f 140/3133/593 2320/3134/594 4485/3126/592 950/3135/592
f 2320/3134/594 2319/3136/594 4486/3127/592 4485/3126/592
f 950/3135/592 4485/3126/592 4490/3129/592 951/3137/592
f 8/3105/588 2311/3107/590 4487/3130/592 2318/3138/594
f 2311/3107/590 2310/3109/590 4488/3131/592 4487/3130/592
f 2318/3138/594 4487/3130/592 4486/3127/592 2319/3136/594
f 143/3077/581 952/3139/592 4489/3132/592 2309/3111/590
f 952/3139/592 951/3137/592 4490/3129/592 4489/3132/592
f 2309/3111/590 4489/3132/592 4488/3131/592 2310/3109/590
f 4492/3140/595 4493/3141/595 4491/3142/595 4497/3143/595
f 4494/3144/595 4495/3145/595 4491/3142/595 4493/3141/595
f 4496/3146/595 4497/3143/595 4491/3142/595 4495/3145/595
f 140/3133/593 2321/3147/596 4492/3140/595 2320/3134/594
f 2321/3147/596 2322/3148/596 4493/3141/595 4492/3140/595
f 2320/3134/594 4492/3140/595 4497/3143/595 2319/3136/594
f 9/3149/597 1937/3150/595 4494/3144/595 2323/3151/596
f 1937/3150/595 1938/3152/595 4495/3145/595 4494/3144/595
f 2323/3151/596 4494/3144/595 4493/3141/595 2322/3148/596
f 8/3105/588 2318/3138/594 4496/3146/595 1939/3153/595
f 2318/3138/594 2319/3136/594 4497/3143/595 4496/3146/595
f 1939/3153/595 4496/3146/595 4495/3145/595 1938/3152/595
f 4499/3154/598 4500/3155/598 4498/3156/598 4504/3157/598
f 4501/3158/598 4502/3159/598 4498/3156/598 4500/3155/598
f 4503/3160/598 4504/3157/598 4498/3156/598 4502/3159/598
f 9/3149/597 2323/3151/596 4499/3154/598 2324/3161/598
f 2323/3151/596 2322/3148/596 4500/3155/598 4499/3154/598
f 2324/3161/598 4499/3154/598 4504/3157/598 2325/3162/598
f 140/3133/593 940/3163/598 4501/3158/598 2321/3147/596
f 940/3163/598 939/3164/598 4502/3159/598 4501/3158/598
f 2321/3147/596 4501/3158/598 4500/3155/598 2322/3148/596
f 139/3165/598 2326/3166/598 4503/3160/598 938/3167/598
f 2326/3166/598 2325/3162/598 4504/3157/598 4503/3160/598
f 938/3167/598 4503/3160/598 4502/3159/598 939/3164/598
f 4506/3168/599 4507/3169/599 4505/3170/599 4511/3171/599
f 4508/3172/599 4509/3173/599 4505/3170/599 4507/3169/599
f 4510/3174/599 4511/3171/599 4505/3170/599 4509/3173/599
f 161/3175/600 2330/3176/599 4506/3168/599 2327/3177/599
f 2330/3176/599 2331/3178/599 4507/3169/599 4506/3168/599
f 2327/3177/599 4506/3168/599 4511/3171/599 2328/3179/599
f 150/3180/599 1007/3181/599 4508/3172/599 2332/3182/599
f 1007/3181/599 1008/3183/599 4509/3173/599 4508/3172/599
f 2332/3182/599 4508/3172/599 4507/3169/599 2331/3178/599
f 152/3184/599 2329/3185/599 4510/3174/599 1009/3186/599
f 2329/3185/599 2328/3179/599 4511/3171/599 4510/3174/599
f 1009/3186/599 4510/3174/599 4509/3173/599 1008/3183/599
f 4513/3187/599 4514/3188/599 4512/3189/599 4518/3190/599
f 4515/3191/599 4516/3192/599 4512/3189/599 4514/3188/599
f 4517/3193/599 4518/3190/599 4512/3189/599 4516/3192/599
f 150/3180/599 2332/3182/599 4513/3187/599 997/3194/599
f 2332/3182/599 2331/3178/599 4514/3188/599 4513/3187/599
f 997/3194/599 4513/3187/599 4518/3190/599 996/3195/599
f 161/3175/600 2333/3196/600 4515/3191/599 2330/3176/599
f 2333/3196/600 2334/3197/600 4516/3192/599 4515/3191/599
f 2330/3176/599 4515/3191/599 4514/3188/599 2331/3178/599
f 148/3198/601 995/3199/599 4517/3193/599 2335/3200/600
f 995/3199/599 996/3195/599 4518/3190/599 4517/3193/599
f 2335/3200/600 4517/3193/599 4516/3192/599 2334/3197/600
f 4520/3201/602 4521/3202/602 4519/3203/602 4525/3204/602
f 4522/3205/602 4523/3206/602 4519/3203/602 4521/3202/602
f 4524/3207/602 4525/3204/602 4519/3203/602 4523/3206/602
f 162/3208/603 2338/3209/602 4520/3201/602 1039/3210/602
f 2338/3209/602 2337/3211/602 4521/3202/602 4520/3201/602
f 1039/3210/602 4520/3201/602 4525/3204/602 1038/3212/602
f 148/3198/601 2335/3200/600 4522/3205/602 2336/3213/602
f 2335/3200/600 2334/3197/600 4523/3206/602 4522/3205/602
f 2336/3213/602 4522/3205/602 4521/3202/602 2337/3211/602
f 161/3175/600 1037/3214/602 4524/3207/602 2333/3196/600
f 1037/3214/602 1038/3212/602 4525/3204/602 4524/3207/602
f 2333/3196/600 4524/3207/602 4523/3206/602 2334/3197/600
f 4527/3215/602 4528/3216/602 4526/3217/602 4532/3218/602
f 4529/3219/602 4530/3220/602 4526/3217/602 4528/3216/602
f 4531/3221/602 4532/3218/602 4526/3217/602 4530/3220/602
f 148/3198/601 2336/3213/602 4527/3215/602 985/3222/602
f 2336/3213/602 2337/3211/602 4528/3216/602 4527/3215/602
f 985/3222/602 4527/3215/602 4532/3218/602 984/3223/602
f 162/3208/603 2339/3224/603 4529/3219/602 2338/3209/602
f 2339/3224/603 2340/3225/603 4530/3220/602 4529/3219/602
f 2338/3209/602 4529/3219/602 4528/3216/602 2337/3211/602
f 146/3226/604 983/3227/602 4531/3221/602 2341/3228/603
f 983/3227/602 984/3223/602 4532/3218/602 4531/3221/602
f 2341/3228/603 4531/3221/602 4530/3220/602 2340/3225/603
f 4534/3229/605 4535/3230/605 4533/3231/605 4539/3232/605
f 4536/3233/605 4537/3234/605 4533/3231/605 4535/3230/605
f 4538/3235/605 4539/3232/605 4533/3231/605 4537/3234/605
f 163/3236/606 2344/3237/605 4534/3229/605 1042/3238/605
f 2344/3237/605 2343/3239/605 4535/3230/605 4534/3229/605
f 1042/3238/605 4534/3229/605 4539/3232/605 1041/3240/605
f 146/3226/604 2341/3228/603 4536/3233/605 2342/3241/605
f 2341/3228/603 2340/3225/603 4537/3234/605 4536/3233/605
f 2342/3241/605 4536/3233/605 4535/3230/605 2343/3239/605
f 162/3208/603 1040/3242/605 4538/3235/605 2339/3224/603
f 1040/3242/605 1041/3240/605 4539/3232/605 4538/3235/605
f 2339/3224/603 4538/3235/605 4537/3234/605 2340/3225/603
f 4541/3243/605 4542/3244/605 4540/3245/605 4546/3246/605
f 4543/3247/605 4544/3248/605 4540/3245/605 4542/3244/605
f 4545/3249/605 4546/3246/605 4540/3245/605 4544/3248/605
f 146/3226/604 2342/3241/605 4541/3243/605 970/3250/605
f 2342/3241/605 2343/3239/605 4542/3244/605 4541/3243/605
f 970/3250/605 4541/3243/605 4546/3246/605 969/3251/605
f 163/3236/606 2345/3252/607 4543/3247/605 2344/3237/605
f 2345/3252/607 2346/3253/607 4544/3248/605 4543/3247/605
f 2344/3237/605 4543/3247/605 4542/3244/605 2343/3239/605
f 144/3254/608 968/3255/605 4545/3249/605 2347/3256/607
f 968/3255/605 969/3251/605 4546/3246/605 4545/3249/605
f 2347/3256/607 4545/3249/605 4544/3248/605 2346/3253/607
f 4548/3257/609 4549/3258/609 4547/3259/609 4553/3260/609
f 4550/3261/609 4551/3262/609 4547/3259/609 4549/3258/609
f 4552/3263/609 4553/3260/609 4547/3259/609 4551/3262/609
f 164/3264/610 2350/3265/611 4548/3257/609 1045/3266/609
f 2350/3265/611 2349/3267/611 4549/3258/609 4548/3257/609
f 1045/3266/609 4548/3257/609 4553/3260/609 1044/3268/609
f 144/3254/608 2347/3256/607 4550/3261/609 2348/3269/611
f 2347/3256/607 2346/3253/607 4551/3262/609 4550/3261/609
f 2348/3269/611 4550/3261/609 4549/3258/609 2349/3267/611
f 163/3236/606 1043/3270/609 4552/3263/609 2345/3252/607
f 1043/3270/609 1044/3268/609 4553/3260/609 4552/3263/609
f 2345/3252/607 4552/3263/609 4551/3262/609 2346/3253/607
f 4555/3271/612 4556/3272/612 4554/3273/612 4560/3274/612
f 4557/3275/612 4558/3276/612 4554/3273/612 4556/3272/612
f 4559/3277/612 4560/3274/612 4554/3273/612 4558/3276/612
f 144/3254/608 2348/3269/611 4555/3271/612 2351/3278/613
f 2348/3269/611 2349/3267/611 4556/3272/612 4555/3271/612
f 2351/3278/613 4555/3271/612 4560/3274/612 2352/3279/613
f 164/3264/610 1046/3280/614 4557/3275/612 2350/3265/611
f 1046/3280/614 1047/3281/614 4558/3276/612 4557/3275/612
f 2350/3265/611 4557/3275/612 4556/3272/612 2349/3267/611
f 165/3282/615 2353/3283/613 4559/3277/612 1048/3284/614
f 2353/3283/613 2352/3279/613 4560/3274/612 4559/3277/612
f 1048/3284/614 4559/3277/612 4558/3276/612 1047/3281/614
f 4562/3285/616 4563/3286/616 4561/3287/616 4567/3288/616
f 4564/3289/616 4565/3290/616 4561/3287/616 4563/3286/616
f 4566/3291/616 4567/3288/616 4561/3287/616 4565/3290/616
f 165/3282/615 2354/3292/616 4562/3285/616 2353/3283/613
f 2354/3292/616 2355/3293/616 4563/3286/616 4562/3285/616
f 2353/3283/613 4562/3285/616 4567/3288/616 2352/3279/613
f 142/3294/616 956/3295/616 4564/3289/616 2356/3296/616
f 956/3295/616 957/3297/616 4565/3290/616 4564/3289/616
f 2356/3296/616 4564/3289/616 4563/3286/616 2355/3293/616
f 144/3254/608 2351/3278/613 4566/3291/616 958/3298/616
f 2351/3278/613 2352/3279/613 4567/3288/616 4566/3291/616
f 958/3298/616 4566/3291/616 4565/3290/616 957/3297/616
f 4569/3299/617 4570/3300/617 4568/3301/617 4574/3302/617
f 4571/3303/617 4572/3304/617 4568/3301/617 4570/3300/617
f 4573/3305/617 4574/3302/617 4568/3301/617 4572/3304/617
f 166/3306/618 1054/3307/619 4569/3299/617 1051/3308/617
f 1054/3307/619 1053/3309/619 4570/3300/617 4569/3299/617
f 1051/3308/617 4569/3299/617 4574/3302/617 1050/3310/617
f 165/3282/615 1048/3284/614 4571/3303/617 1052/3311/619
f 1048/3284/614 1047/3281/614 4572/3304/617 4571/3303/617
f 1052/3311/619 4571/3303/617 4570/3300/617 1053/3309/619
f 164/3264/610 1049/3312/617 4573/3305/617 1046/3280/614
f 1049/3312/617 1050/3310/617 4574/3302/617 4573/3305/617
f 1046/3280/614 4573/3305/617 4572/3304/617 1047/3281/614
f 4576/3313/616 4577/3314/616 4575/3315/616 4581/3316/616
f 4578/3317/616 4579/3318/616 4575/3315/616 4577/3314/616
f 4580/3319/616 4581/3316/616 4575/3315/616 4579/3318/616
f 142/3294/616 2356/3296/616 4576/3313/616 2357/3320/616
f 2356/3296/616 2355/3293/616 4577/3314/616 4576/3313/616
f 2357/3320/616 4576/3313/616 4581/3316/616 2358/3321/616
f 165/3282/615 1055/3322/620 4578/3317/616 2354/3292/616
f 1055/3322/620 1056/3323/620 4579/3318/616 4578/3317/616
f 2354/3292/616 4578/3317/616 4577/3314/616 2355/3293/616
f 167/3324/621 2359/3325/616 4580/3319/616 1057/3326/620
f 2359/3325/616 2358/3321/616 4581/3316/616 4580/3319/616
f 1057/3326/620 4580/3319/616 4579/3318/616 1056/3323/620
f 4583/3327/622 4584/3328/622 4582/3329/622 4588/3330/622
f 4585/3331/622 4586/3332/622 4582/3329/622 4584/3328/622
f 4587/3333/622 4588/3330/622 4582/3329/622 4586/3332/622
f 165/3282/615 1052/3311/619 4583/3327/622 1058/3334/623
f 1052/3311/619 1053/3309/619 4584/3328/622 4583/3327/622
f 1058/3334/623 4583/3327/622 4588/3330/622 1059/3335/623
f 166/3306/618 1061/3336/624 4585/3331/622 1054/3307/619
f 1061/3336/624 1062/3337/624 4586/3332/622 4585/3331/622
f 1054/3307/619 4585/3331/622 4584/3328/622 1053/3309/619
f 168/3338/625 1060/3339/623 4587/3333/622 1063/3340/624
f 1060/3339/623 1059/3335/623 4588/3330/622 4587/3333/622
f 1063/3340/624 4587/3333/622 4586/3332/622 1062/3337/624
f 4590/3341/626 4591/3342/626 4589/3343/627 4595/3344/626
f 4592/3345/627 4593/3346/626 4589/3343/627 4591/3342/626
f 4594/3347/626 4595/3344/626 4589/3343/627 4593/3346/626
f 169/3348/628 1069/3349/629 4590/3341/626 1066/3350/626
f 1069/3349/629 1068/3351/629 4591/3342/626 4590/3341/626
f 1066/3350/626 4590/3341/626 4595/3344/626 1065/3352/626
f 168/3338/625 1063/3340/624 4592/3345/627 1067/3353/629
f 1063/3340/624 1062/3337/624 4593/3346/626 4592/3345/627
f 1067/3353/629 4592/3345/627 4591/3342/626 1068/3351/629
f 166/3306/618 1064/3354/626 4594/3347/626 1061/3336/624
f 1064/3354/626 1065/3352/626 4595/3344/626 4594/3347/626
f 1061/3336/624 4594/3347/626 4593/3346/626 1062/3337/624
f 4597/3355/630 4598/3356/630 4596/3357/630 4602/3358/630
f 4599/3359/630 4600/3360/630 4596/3357/630 4598/3356/630
f 4601/3361/630 4602/3358/630 4596/3357/630 4600/3360/630
f 167/3324/621 1057/3326/620 4597/3355/630 1070/3362/630
f 1057/3326/620 1056/3323/620 4598/3356/630 4597/3355/630
f 1070/3362/630 4597/3355/630 4602/3358/630 1071/3363/630
f 165/3282/615 1073/3364/631 4599/3359/630 1055/3322/620
f 1073/3364/631 1074/3365/631 4600/3360/630 4599/3359/630
f 1055/3322/620 4599/3359/630 4598/3356/630 1056/3323/620
f 170/3366/632 1072/3367/630 4601/3361/630 1075/3368/631
f 1072/3367/630 1071/3363/630 4602/3358/630 4601/3361/630
f 1075/3368/631 4601/3361/630 4600/3360/630 1074/3365/631
f 4604/3369/633 4605/3370/633 4603/3371/633 4609/3372/633
f 4606/3373/633 4607/3374/633 4603/3371/633 4605/3370/633
f 4608/3375/633 4609/3372/633 4603/3371/633 4607/3374/633
f 168/3338/625 1076/3376/634 4604/3369/633 1060/3339/623
f 1076/3376/634 1077/3377/634 4605/3370/633 4604/3369/633
f 1060/3339/623 4604/3369/633 4609/3372/633 1059/3335/623
f 170/3366/632 1075/3368/631 4606/3373/633 1078/3378/634
f 1075/3368/631 1074/3365/631 4607/3374/633 4606/3373/633
f 1078/3378/634 4606/3373/633 4605/3370/633 1077/3377/634
f 165/3282/615 1058/3334/623 4608/3375/633 1073/3364/631
f 1058/3334/623 1059/3335/623 4609/3372/633 4608/3375/633
f 1073/3364/631 4608/3375/633 4607/3374/633 1074/3365/631
f 4611/3379/630 4612/3380/630 4610/3381/630 4616/3382/630
f 4613/3383/630 4614/3384/630 4610/3381/630 4612/3380/630
f 4615/3385/630 4616/3382/630 4610/3381/630 4614/3384/630
f 167/3324/621 1070/3362/630 4611/3379/630 1079/3386/630
f 1070/3362/630 1071/3363/630 4612/3380/630 4611/3379/630
f 1079/3386/630 4611/3379/630 4616/3382/630 1080/3387/630
f 170/3366/632 1082/3388/635 4613/3383/630 1072/3367/630
f 1082/3388/635 1083/3389/635 4614/3384/630 4613/3383/630
f 1072/3367/630 4613/3383/630 4612/3380/630 1071/3363/630
f 171/3390/636 1081/3391/630 4615/3385/630 1084/3392/635
f 1081/3391/630 1080/3387/630 4616/3382/630 4615/3385/630
f 1084/3392/635 4615/3385/630 4614/3384/630 1083/3389/635
f 4618/3393/637 4619/3394/637 4617/3395/637 4623/3396/637
f 4620/3397/637 4621/3398/637 4617/3395/637 4619/3394/637
f 4622/3399/637 4623/3396/637 4617/3395/637 4621/3398/637
f 172/3400/638 1090/3401/637 4618/3393/637 1087/3402/639
f 1090/3401/637 1089/3403/637 4619/3394/637 4618/3393/637
f 1087/3402/639 4618/3393/637 4623/3396/637 1086/3404/639
f 171/3390/636 1084/3392/635 4620/3397/637 1088/3405/637
f 1084/3392/635 1083/3389/635 4621/3398/637 4620/3397/637
f 1088/3405/637 4620/3397/637 4619/3394/637 1089/3403/637
f 170/3366/632 1085/3406/639 4622/3399/637 1082/3388/635
f 1085/3406/639 1086/3404/639 4623/3396/637 4622/3399/637
f 1082/3388/635 4622/3399/637 4621/3398/637 1083/3389/635
f 4625/3407/640 4626/3408/640 4624/3409/640 4630/3410/640
f 4627/3411/640 4628/3412/640 4624/3409/640 4626/3408/640
f 4629/3413/640 4630/3410/640 4624/3409/640 4628/3412/640
f 170/3366/632 1091/3414/641 4625/3407/640 1085/3406/639
f 1091/3414/641 1092/3415/641 4626/3408/640 4625/3407/640
f 1085/3406/639 4625/3407/640 4630/3410/640 1086/3404/639
f 173/3416/642 1096/3417/640 4627/3411/640 1093/3418/641
f 1096/3417/640 1095/3419/640 4628/3412/640 4627/3411/640
f 1093/3418/641 4627/3411/640 4626/3408/640 1092/3415/641
f 172/3400/638 1087/3402/639 4629/3413/640 1094/3420/640
f 1087/3402/639 1086/3404/639 4630/3410/640 4629/3413/640
f 1094/3420/640 4629/3413/640 4628/3412/640 1095/3419/640
f 4632/3421/643 4633/3422/643 4631/3423/643 4637/3424/643
f 4634/3425/643 4635/3426/643 4631/3423/643 4633/3422/643
f 4636/3427/643 4637/3424/643 4631/3423/643 4635/3426/643
f 173/3416/642 1093/3418/641 4632/3421/643 1097/3428/644
f 1093/3418/641 1092/3415/641 4633/3422/643 4632/3421/643
f 1097/3428/644 4632/3421/643 4637/3424/643 1098/3429/644
f 170/3366/632 1100/3430/645 4634/3425/643 1091/3414/641
f 1100/3430/645 1101/3431/645 4635/3426/643 4634/3425/643
f 1091/3414/641 4634/3425/643 4633/3422/643 1092/3415/641
f 174/3432/646 1099/3433/644 4636/3427/643 1102/3434/645
f 1099/3433/644 1098/3429/644 4637/3424/643 4636/3427/643
f 1102/3434/645 4636/3427/643 4635/3426/643 1101/3431/645
f 4639/3435/647 4640/3436/647 4638/3437/647 4644/3438/647
f 4641/3439/647 4642/3440/647 4638/3437/647 4640/3436/647
f 4643/3441/647 4644/3438/647 4638/3437/647 4642/3440/647
f 170/3366/632 1078/3378/634 4639/3435/647 1100/3430/645
f 1078/3378/634 1077/3377/634 4640/3436/647 4639/3435/647
f 1100/3430/645 4639/3435/647 4644/3438/647 1101/3431/645
f 168/3338/625 1103/3442/648 4641/3439/647 1076/3376/634
f 1103/3442/648 1104/3443/648 4642/3440/647 4641/3439/647
f 1076/3376/634 4641/3439/647 4640/3436/647 1077/3377/634
f 174/3432/646 1102/3434/645 4643/3441/647 1105/3444/648
f 1102/3434/645 1101/3431/645 4644/3438/647 4643/3441/647
f 1105/3444/648 4643/3441/647 4642/3440/647 1104/3443/648
f 4646/3445/649 4647/3446/649 4645/3447/649 4651/3448/649
f 4648/3449/649 4649/3450/649 4645/3447/649 4647/3446/649
f 4650/3451/649 4651/3448/649 4645/3447/649 4649/3450/649
f 175/3452/650 1111/3453/649 4646/3445/649 1108/3454/651
f 1111/3453/649 1110/3455/649 4647/3446/649 4646/3445/649
f 1108/3454/651 4646/3445/649 4651/3448/649 1107/3456/651
f 173/3416/642 1097/3428/644 4648/3449/649 1109/3457/649
f 1097/3428/644 1098/3429/644 4649/3450/649 4648/3449/649
f 1109/3457/649 4648/3449/649 4647/3446/649 1110/3455/649
f 174/3432/646 1106/3458/651 4650/3451/649 1099/3433/644
f 1106/3458/651 1107/3456/651 4651/3448/649 4650/3451/649
f 1099/3433/644 4650/3451/649 4649/3450/649 1098/3429/644
f 4653/3459/652 4654/3460/652 4652/3461/652 4658/3462/652
f 4655/3463/652 4656/3464/652 4652/3461/652 4654/3460/652
f 4657/3465/652 4658/3462/652 4652/3461/652 4656/3464/652
f 174/3432/646 1112/3466/653 4653/3459/652 1106/3458/651
f 1112/3466/653 1113/3467/653 4654/3460/652 4653/3459/652
f 1106/3458/651 4653/3459/652 4658/3462/652 1107/3456/651
f 176/3468/654 1117/3469/655 4655/3463/652 1114/3470/653
f 1117/3469/655 1116/3471/655 4656/3464/652 4655/3463/652
f 1114/3470/653 4655/3463/652 4654/3460/652 1113/3467/653
f 175/3452/650 1108/3454/651 4657/3465/652 1115/3472/655
f 1108/3454/651 1107/3456/651 4658/3462/652 4657/3465/652
f 1115/3472/655 4657/3465/652 4656/3464/652 1116/3471/655
f 4660/3473/656 4661/3474/656 4659/3475/656 4665/3476/656
f 4662/3477/656 4663/3478/656 4659/3475/656 4661/3474/656
f 4664/3479/656 4665/3476/656 4659/3475/656 4663/3478/656
f 176/3468/654 1114/3470/653 4660/3473/656 1120/3480/657
f 1114/3470/653 1113/3467/653 4661/3474/656 4660/3473/656
f 1120/3480/657 4660/3473/656 4665/3476/656 1119/3481/657
f 174/3432/646 1105/3444/648 4662/3477/656 1112/3466/653
f 1105/3444/648 1104/3443/648 4663/3478/656 4662/3477/656
f 1112/3466/653 4662/3477/656 4661/3474/656 1113/3467/653
f 168/3338/625 1118/3482/657 4664/3479/656 1103/3442/648
f 1118/3482/657 1119/3481/657 4665/3476/656 4664/3479/656
f 1103/3442/648 4664/3479/656 4663/3478/656 1104/3443/648
f 4667/3483/658 4668/3484/658 4666/3485/658 4672/3486/658
f 4669/3487/658 4670/3488/658 4666/3485/658 4668/3484/658
f 4671/3489/658 4672/3486/658 4666/3485/658 4670/3488/658
f 176/3468/654 1121/3490/659 4667/3483/658 1117/3469/655
f 1121/3490/659 1122/3491/659 4668/3484/658 4667/3483/658
f 1117/3469/655 4667/3483/658 4672/3486/658 1116/3471/655
f 177/3492/660 1126/3493/658 4669/3487/658 1123/3494/659
f 1126/3493/658 1125/3495/658 4670/3488/658 4669/3487/658
f 1123/3494/659 4669/3487/658 4668/3484/658 1122/3491/659
f 175/3452/650 1115/3472/655 4671/3489/658 1124/3496/658
f 1115/3472/655 1116/3471/655 4672/3486/658 4671/3489/658
f 1124/3496/658 4671/3489/658 4670/3488/658 1125/3495/658
f 4674/3497/661 4675/3498/661 4673/3499/661 4679/3500/661
f 4676/3501/661 4677/3502/661 4673/3499/661 4675/3498/661
f 4678/3503/661 4679/3500/661 4673/3499/661 4677/3502/661
f 177/3492/660 1123/3494/659 4674/3497/661 1127/3504/662
f 1123/3494/659 1122/3491/659 4675/3498/661 4674/3497/661
f 1127/3504/662 4674/3497/661 4679/3500/661 1128/3505/662
f 176/3468/654 1130/3506/663 4676/3501/661 1121/3490/659
f 1130/3506/663 1131/3507/663 4677/3502/661 4676/3501/661
f 1121/3490/659 4676/3501/661 4675/3498/661 1122/3491/659
f 178/3508/664 1129/3509/662 4678/3503/661 1132/3510/663
f 1129/3509/662 1128/3505/662 4679/3500/661 4678/3503/661
f 1132/3510/663 4678/3503/661 4677/3502/661 1131/3507/663
f 4681/3511/665 4682/3512/665 4680/3513/665 4686/3514/665
f 4683/3515/665 4684/3516/665 4680/3513/665 4682/3512/665
f 4685/3517/665 4686/3514/665 4680/3513/665 4684/3516/665
f 177/3492/660 1127/3504/662 4681/3511/665 1133/3518/665
f 1127/3504/662 1128/3505/662 4682/3512/665 4681/3511/665
f 1133/3518/665 4681/3511/665 4686/3514/665 1134/3519/665
f 178/3508/664 1136/3520/666 4683/3515/665 1129/3509/662
f 1136/3520/666 1137/3521/666 4684/3516/665 4683/3515/665
f 1129/3509/662 4683/3515/665 4682/3512/665 1128/3505/662
f 179/3522/667 1135/3523/665 4685/3517/665 1138/3524/666
f 1135/3523/665 1134/3519/665 4686/3514/665 4685/3517/665
f 1138/3524/666 4685/3517/665 4684/3516/665 1137/3521/666
f 4688/3525/668 4689/3526/668 4687/3527/668 4693/3528/668
f 4690/3529/668 4691/3530/668 4687/3527/668 4689/3526/668
f 4692/3531/668 4693/3528/668 4687/3527/668 4691/3530/668
f 168/3338/625 1139/3532/669 4688/3525/668 1118/3482/657
f 1139/3532/669 1140/3533/669 4689/3526/668 4688/3525/668
f 1118/3482/657 4688/3525/668 4693/3528/668 1119/3481/657
f 180/3534/670 1144/3535/671 4690/3529/668 1141/3536/669
f 1144/3535/671 1143/3537/671 4691/3530/668 4690/3529/668
f 1141/3536/669 4690/3529/668 4689/3526/668 1140/3533/669
f 176/3468/654 1120/3480/657 4692/3531/668 1142/3538/671
f 1120/3480/657 1119/3481/657 4693/3528/668 4692/3531/668
f 1142/3538/671 4692/3531/668 4691/3530/668 1143/3537/671
f 4695/3539/672 4696/3540/672 4694/3541/672 4700/3542/672
f 4697/3543/672 4698/3544/672 4694/3541/672 4696/3540/672
f 4699/3545/672 4700/3542/672 4694/3541/672 4698/3544/672
f 180/3534/670 1147/3546/673 4695/3539/672 1144/3535/671
f 1147/3546/673 1146/3547/673 4696/3540/672 4695/3539/672
f 1144/3535/671 4695/3539/672 4700/3542/672 1143/3537/671
f 178/3508/664 1132/3510/663 4697/3543/672 1145/3548/673
f 1132/3510/663 1131/3507/663 4698/3544/672 4697/3543/672
f 1145/3548/673 4697/3543/672 4696/3540/672 1146/3547/673
f 176/3468/654 1142/3538/671 4699/3545/672 1130/3506/663
f 1142/3538/671 1143/3537/671 4700/3542/672 4699/3545/672
f 1130/3506/663 4699/3545/672 4698/3544/672 1131/3507/663
f 4702/3549/674 4703/3550/674 4701/3551/674 4707/3552/674
f 4704/3553/674 4705/3554/674 4701/3551/674 4703/3550/674
f 4706/3555/674 4707/3552/674 4701/3551/674 4705/3554/674
f 181/3556/675 1153/3557/676 4702/3549/674 1150/3558/677
f 1153/3557/676 1152/3559/676 4703/3550/674 4702/3549/674
f 1150/3558/677 4702/3549/674 4707/3552/674 1149/3560/677
f 179/3522/667 1138/3524/666 4704/3553/674 1151/3561/676
f 1138/3524/666 1137/3521/666 4705/3554/674 4704/3553/674
f 1151/3561/676 4704/3553/674 4703/3550/674 1152/3559/676
f 178/3508/664 1148/3562/677 4706/3555/674 1136/3520/666
f 1148/3562/677 1149/3560/677 4707/3552/674 4706/3555/674
f 1136/3520/666 4706/3555/674 4705/3554/674 1137/3521/666
f 4709/3563/678 4710/3564/679 4708/3565/678 4714/3566/679
f 4711/3567/679 4712/3568/679 4708/3565/678 4710/3564/679
f 4713/3569/679 4714/3566/679 4708/3565/678 4712/3568/679
f 178/3508/664 1145/3548/673 4709/3563/678 1148/3562/677
f 1145/3548/673 1146/3547/673 4710/3564/679 4709/3563/678
f 1148/3562/677 4709/3563/678 4714/3566/679 1149/3560/677
f 180/3534/670 1154/3570/680 4711/3567/679 1147/3546/673
f 1154/3570/680 1155/3571/680 4712/3568/679 4711/3567/679
f 1147/3546/673 4711/3567/679 4710/3564/679 1146/3547/673
f 181/3556/675 1150/3558/677 4713/3569/679 1156/3572/680
f 1150/3558/677 1149/3560/677 4714/3566/679 4713/3569/679
f 1156/3572/680 4713/3569/679 4712/3568/679 1155/3571/680
f 4716/3573/681 4717/3574/681 4715/3575/681 4721/3576/681
f 4718/3577/681 4719/3578/681 4715/3575/681 4717/3574/681
f 4720/3579/681 4721/3576/681 4715/3575/681 4719/3578/681
f 179/3522/667 1151/3561/676 4716/3573/681 1157/3580/681
f 1151/3561/676 1152/3559/676 4717/3574/681 4716/3573/681
f 1157/3580/681 4716/3573/681 4721/3576/681 1158/3581/681
f 181/3556/675 1160/3582/682 4718/3577/681 1153/3557/676
f 1160/3582/682 1161/3583/682 4719/3578/681 4718/3577/681
f 1153/3557/676 4718/3577/681 4717/3574/681 1152/3559/676
f 182/3584/683 1159/3585/681 4720/3579/681 1162/3586/682
f 1159/3585/681 1158/3581/681 4721/3576/681 4720/3579/681
f 1162/3586/682 4720/3579/681 4719/3578/681 1161/3583/682
f 4723/3587/684 4724/3588/684 4722/3589/684 4728/3590/684
f 4725/3591/684 4726/3592/684 4722/3589/684 4724/3588/684
f 4727/3593/685 4728/3590/684 4722/3589/684 4726/3592/684
f 183/3594/686 1168/3595/687 4723/3587/684 1165/3596/688
f 1168/3595/687 1167/3597/687 4724/3588/684 4723/3587/684
f 1165/3596/688 4723/3587/684 4728/3590/684 1164/3598/689
f 180/3534/670 1141/3536/669 4725/3591/684 1166/3599/687
f 1141/3536/669 1140/3533/669 4726/3592/684 4725/3591/684
f 1166/3599/687 4725/3591/684 4724/3588/684 1167/3597/687
f 168/3338/625 1163/3600/688 4727/3593/685 1139/3532/669
f 1163/3600/688 1164/3598/689 4728/3590/684 4727/3593/685
f 1139/3532/669 4727/3593/685 4726/3592/684 1140/3533/669
f 4730/3601/690 4731/3602/690 4729/3603/690 4735/3604/690
f 4732/3605/690 4733/3606/690 4729/3603/690 4731/3602/690
f 4734/3607/690 4735/3604/690 4729/3603/690 4733/3606/690
f 181/3556/675 1156/3572/680 4730/3601/690 1169/3608/691
f 1156/3572/680 1155/3571/680 4731/3602/690 4730/3601/690
f 1169/3608/691 4730/3601/690 4735/3604/690 1170/3609/691
f 180/3534/670 1166/3599/687 4732/3605/690 1154/3570/680
f 1166/3599/687 1167/3597/687 4733/3606/690 4732/3605/690
f 1154/3570/680 4732/3605/690 4731/3602/690 1155/3571/680
f 183/3594/686 1171/3610/691 4734/3607/690 1168/3595/687
f 1171/3610/691 1170/3609/691 4735/3604/690 4734/3607/690
f 1168/3595/687 4734/3607/690 4733/3606/690 1167/3597/687
f 4737/3611/692 4738/3612/692 4736/3613/692 4742/3614/692
f 4739/3615/692 4740/3616/692 4736/3613/692 4738/3612/692
f 4741/3617/692 4742/3614/692 4736/3613/692 4740/3616/692
f 168/3338/625 1067/3353/629 4737/3611/692 1163/3600/688
f 1067/3353/629 1068/3351/629 4738/3612/692 4737/3611/692
f 1163/3600/688 4737/3611/692 4742/3614/692 1164/3598/689
f 169/3348/628 1172/3618/693 4739/3615/692 1069/3349/629
f 1172/3618/693 1173/3619/693 4740/3616/692 4739/3615/692
f 1069/3349/629 4739/3615/692 4738/3612/692 1068/3351/629
f 183/3594/686 1165/3596/688 4741/3617/692 1174/3620/693
f 1165/3596/688 1164/3598/689 4742/3614/692 4741/3617/692
f 1174/3620/693 4741/3617/692 4740/3616/692 1173/3619/693
f 4744/3621/694 4745/3622/694 4743/3623/694 4749/3624/694
f 4746/3625/694 4747/3626/694 4743/3623/694 4745/3622/694
f 4748/3627/694 4749/3624/694 4743/3623/694 4747/3626/694
f 169/3348/628 1175/3628/694 4744/3621/694 1172/3618/693
f 1175/3628/694 1176/3629/694 4745/3622/694 4744/3621/694
f 1172/3618/693 4744/3621/694 4749/3624/694 1173/3619/693
f 184/3630/694 1180/3631/694 4746/3625/694 1177/3632/694
f 1180/3631/694 1179/3633/694 4747/3626/694 4746/3625/694
f 1177/3632/694 4746/3625/694 4745/3622/694 1176/3629/694
f 183/3594/686 1174/3620/693 4748/3627/694 1178/3634/694
f 1174/3620/693 1173/3619/693 4749/3624/694 4748/3627/694
f 1178/3634/694 4748/3627/694 4747/3626/694 1179/3633/694
f 4751/3635/694 4752/3636/694 4750/3637/694 4756/3638/694
f 4753/3639/694 4754/3640/694 4750/3637/694 4752/3636/694
f 4755/3641/694 4756/3638/694 4750/3637/694 4754/3640/694
f 185/3642/695 1186/3643/696 4751/3635/694 1183/3644/694
f 1186/3643/696 1185/3645/696 4752/3636/694 4751/3635/694
f 1183/3644/694 4751/3635/694 4756/3638/694 1182/3646/694
f 183/3594/686 1178/3634/694 4753/3639/694 1184/3647/696
f 1178/3634/694 1179/3633/694 4754/3640/694 4753/3639/694
f 1184/3647/696 4753/3639/694 4752/3636/694 1185/3645/696
f 184/3630/694 1181/3648/694 4755/3641/694 1180/3631/694
f 1181/3648/694 1182/3646/694 4756/3638/694 4755/3641/694
f 1180/3631/694 4755/3641/694 4754/3640/694 1179/3633/694
f 4758/3649/697 4759/3650/697 4757/3651/697 4763/3652/697
f 4760/3653/697 4761/3654/697 4757/3651/697 4759/3650/697
f 4762/3655/697 4763/3652/697 4757/3651/697 4761/3654/697
f 183/3594/686 1184/3647/696 4758/3649/697 1171/3610/691
f 1184/3647/696 1185/3645/696 4759/3650/697 4758/3649/697
f 1171/3610/691 4758/3649/697 4763/3652/697 1170/3609/691
f 185/3642/695 1189/3656/698 4760/3653/697 1186/3643/696
f 1189/3656/698 1188/3657/698 4761/3654/697 4760/3653/697
f 1186/3643/696 4760/3653/697 4759/3650/697 1185/3645/696
f 181/3556/675 1169/3608/691 4762/3655/697 1187/3658/698
f 1169/3608/691 1170/3609/691 4763/3652/697 4762/3655/697
f 1187/3658/698 4762/3655/697 4761/3654/697 1188/3657/698
f 4765/3659/699 4766/3660/699 4764/3661/699 4770/3662/699
f 4767/3663/699 4768/3664/699 4764/3661/699 4766/3660/699
f 4769/3665/699 4770/3662/699 4764/3661/699 4768/3664/699
f 186/3666/700 1195/3667/701 4765/3659/699 1192/3668/699
f 1195/3667/701 1194/3669/701 4766/3660/699 4765/3659/699
f 1192/3668/699 4765/3659/699 4770/3662/699 1191/3670/699
f 181/3556/675 1187/3658/698 4767/3663/699 1193/3671/701
f 1187/3658/698 1188/3657/698 4768/3664/699 4767/3663/699
f 1193/3671/701 4767/3663/699 4766/3660/699 1194/3669/701
f 185/3642/695 1190/3672/699 4769/3665/699 1189/3656/698
f 1190/3672/699 1191/3670/699 4770/3662/699 4769/3665/699
f 1189/3656/698 4769/3665/699 4768/3664/699 1188/3657/698
f 4772/3673/702 4773/3674/702 4771/3675/702 4777/3676/702
f 4774/3677/702 4775/3678/702 4771/3675/702 4773/3674/702
f 4776/3679/702 4777/3676/702 4771/3675/702 4775/3678/702
f 181/3556/675 1193/3671/701 4772/3673/702 1160/3582/682
f 1193/3671/701 1194/3669/701 4773/3674/702 4772/3673/702
f 1160/3582/682 4772/3673/702 4777/3676/702 1161/3583/682
f 186/3666/700 1198/3680/703 4774/3677/702 1195/3667/701
f 1198/3680/703 1197/3681/703 4775/3678/702 4774/3677/702
f 1195/3667/701 4774/3677/702 4773/3674/702 1194/3669/701
f 182/3584/683 1162/3586/682 4776/3679/702 1196/3682/703
f 1162/3586/682 1161/3583/682 4777/3676/702 4776/3679/702
f 1196/3682/703 4776/3679/702 4775/3678/702 1197/3681/703
f 4779/3683/704 4780/3684/704 4778/3685/704 4784/3686/704
f 4781/3687/704 4782/3688/704 4778/3685/704 4780/3684/704
f 4783/3689/704 4784/3686/704 4778/3685/704 4782/3688/704
f 187/3690/705 1204/3691/706 4779/3683/704 1201/3692/704
f 1204/3691/706 1203/3693/706 4780/3684/704 4779/3683/704
f 1201/3692/704 4779/3683/704 4784/3686/704 1200/3694/704
f 182/3584/683 1196/3682/703 4781/3687/704 1202/3695/706
f 1196/3682/703 1197/3681/703 4782/3688/704 4781/3687/704
f 1202/3695/706 4781/3687/704 4780/3684/704 1203/3693/706
f 186/3666/700 1199/3696/704 4783/3689/704 1198/3680/703
f 1199/3696/704 1200/3694/704 4784/3686/704 4783/3689/704
f 1198/3680/703 4783/3689/704 4782/3688/704 1197/3681/703
f 4786/3697/707 4787/3698/707 4785/3699/707 4791/3700/707
f 4788/3701/707 4789/3702/707 4785/3699/707 4787/3698/707
f 4790/3703/707 4791/3700/707 4785/3699/707 4789/3702/707
f 182/3584/683 1202/3695/706 4786/3697/707 1205/3704/707
f 1202/3695/706 1203/3693/706 4787/3698/707 4786/3697/707
f 1205/3704/707 4786/3697/707 4791/3700/707 1206/3705/707
f 187/3690/705 1208/3706/708 4788/3701/707 1204/3691/706
f 1208/3706/708 1209/3707/708 4789/3702/707 4788/3701/707
f 1204/3691/706 4788/3701/707 4787/3698/707 1203/3693/706
f 188/3708/709 1207/3709/707 4790/3703/707 1210/3710/708
f 1207/3709/707 1206/3705/707 4791/3700/707 4790/3703/707
f 1210/3710/708 4790/3703/707 4789/3702/707 1209/3707/708
f 4793/3711/710 4794/3712/710 4792/3713/710 4798/3714/710
f 4795/3715/710 4796/3716/710 4792/3713/710 4794/3712/710
f 4797/3717/710 4798/3714/710 4792/3713/710 4796/3716/710
f 189/3718/711 1216/3719/712 4793/3711/710 1213/3720/710
f 1216/3719/712 1215/3721/712 4794/3712/710 4793/3711/710
f 1213/3720/710 4793/3711/710 4798/3714/710 1212/3722/710
f 188/3708/709 1210/3710/708 4795/3715/710 1214/3723/712
f 1210/3710/708 1209/3707/708 4796/3716/710 4795/3715/710
f 1214/3723/712 4795/3715/710 4794/3712/710 1215/3721/712
f 187/3690/705 1211/3724/710 4797/3717/710 1208/3706/708
f 1211/3724/710 1212/3722/710 4798/3714/710 4797/3717/710
f 1208/3706/708 4797/3717/710 4796/3716/710 1209/3707/708
f 4800/3725/713 4801/3726/713 4799/3727/713 4805/3728/713
f 4802/3729/713 4803/3730/713 4799/3727/713 4801/3726/713
f 4804/3731/713 4805/3728/713 4799/3727/713 4803/3730/713
f 188/3708/709 1214/3723/712 4800/3725/713 1217/3732/713
f 1214/3723/712 1215/3721/712 4801/3726/713 4800/3725/713
f 1217/3732/713 4800/3725/713 4805/3728/713 1218/3733/713
f 189/3718/711 1220/3734/714 4802/3729/713 1216/3719/712
f 1220/3734/714 1221/3735/714 4803/3730/713 4802/3729/713
f 1216/3719/712 4802/3729/713 4801/3726/713 1215/3721/712
f 190/3736/715 1219/3737/713 4804/3731/713 1222/3738/714
f 1219/3737/713 1218/3733/713 4805/3728/713 4804/3731/713
f 1222/3738/714 4804/3731/713 4803/3730/713 1221/3735/714
f 4807/3739/716 4808/3740/716 4806/3741/716 4812/3742/716
f 4809/3743/716 4810/3744/716 4806/3741/716 4808/3740/716
f 4811/3745/716 4812/3742/716 4806/3741/716 4810/3744/716
f 191/3746/717 1228/3747/718 4807/3739/716 1225/3748/716
f 1228/3747/718 1227/3749/718 4808/3740/716 4807/3739/716
f 1225/3748/716 4807/3739/716 4812/3742/716 1224/3750/716
f 190/3736/715 1222/3738/714 4809/3743/716 1226/3751/718
f 1222/3738/714 1221/3735/714 4810/3744/716 4809/3743/716
f 1226/3751/718 4809/3743/716 4808/3740/716 1227/3749/718
f 189/3718/711 1223/3752/716 4811/3745/716 1220/3734/714
f 1223/3752/716 1224/3750/716 4812/3742/716 4811/3745/716
f 1220/3734/714 4811/3745/716 4810/3744/716 1221/3735/714
f 4814/3753/719 4815/3754/719 4813/3755/719 4819/3756/719
f 4816/3757/719 4817/3758/719 4813/3755/719 4815/3754/719
f 4818/3759/719 4819/3756/719 4813/3755/719 4817/3758/719
f 190/3736/715 1226/3751/718 4814/3753/719 1229/3760/719
f 1226/3751/718 1227/3749/718 4815/3754/719 4814/3753/719
f 1229/3760/719 4814/3753/719 4819/3756/719 1230/3761/719
f 191/3746/717 1232/3762/720 4816/3757/719 1228/3747/718
f 1232/3762/720 1233/3763/720 4817/3758/719 4816/3757/719
f 1228/3747/718 4816/3757/719 4815/3754/719 1227/3749/718
f 192/3764/720 1231/3765/719 4818/3759/719 1234/3766/720
f 1231/3765/719 1230/3761/719 4819/3756/719 4818/3759/719
f 1234/3766/720 4818/3759/719 4817/3758/719 1233/3763/720
f 4821/3767/721 4822/3768/721 4820/3769/721 4826/3770/721
f 4823/3771/721 4824/3772/721 4820/3769/721 4822/3768/721
f 4825/3773/721 4826/3770/721 4820/3769/721 4824/3772/721
f 192/3764/720 1234/3766/720 4821/3767/721 1235/3774/721
f 1234/3766/720 1233/3763/720 4822/3768/721 4821/3767/721
f 1235/3774/721 4821/3767/721 4826/3770/721 1236/3775/721
f 191/3746/717 1238/3776/722 4823/3771/721 1232/3762/720
f 1238/3776/722 1239/3777/722 4824/3772/721 4823/3771/721
f 1232/3762/720 4823/3771/721 4822/3768/721 1233/3763/720
f 193/3778/723 1237/3779/721 4825/3773/721 1240/3780/722
f 1237/3779/721 1236/3775/721 4826/3770/721 4825/3773/721
f 1240/3780/722 4825/3773/721 4824/3772/721 1239/3777/722
f 4828/3781/724 4829/3782/724 4827/3783/724 4833/3784/724
f 4830/3785/724 4831/3786/724 4827/3783/724 4829/3782/724
f 4832/3787/724 4833/3784/724 4827/3783/724 4831/3786/724
f 194/3788/725 1246/3789/726 4828/3781/724 1243/3790/724
f 1246/3789/726 1245/3791/726 4829/3782/724 4828/3781/724
f 1243/3790/724 4828/3781/724 4833/3784/724 1242/3792/724
f 193/3778/723 1240/3780/722 4830/3785/724 1244/3793/726
f 1240/3780/722 1239/3777/722 4831/3786/724 4830/3785/724
f 1244/3793/726 4830/3785/724 4829/3782/724 1245/3791/726
f 191/3746/717 1241/3794/724 4832/3787/724 1238/3776/722
f 1241/3794/724 1242/3792/724 4833/3784/724 4832/3787/724
f 1238/3776/722 4832/3787/724 4831/3786/724 1239/3777/722
f 4835/3795/727 4836/3796/727 4834/3797/727 4840/3798/727
f 4837/3799/727 4838/3800/727 4834/3797/727 4836/3796/727
f 4839/3801/727 4840/3798/727 4834/3797/727 4838/3800/727
f 194/3788/725 1247/3802/728 4835/3795/727 1246/3789/726
f 1247/3802/728 1248/3803/728 4836/3796/727 4835/3795/727
f 1246/3789/726 4835/3795/727 4840/3798/727 1245/3791/726
f 195/3804/729 1252/3805/727 4837/3799/727 1249/3806/728
f 1252/3805/727 1251/3807/727 4838/3800/727 4837/3799/727
f 1249/3806/728 4837/3799/727 4836/3796/727 1248/3803/728
f 193/3778/723 1244/3793/726 4839/3801/727 1250/3808/727
f 1244/3793/726 1245/3791/726 4840/3798/727 4839/3801/727
f 1250/3808/727 4839/3801/727 4838/3800/727 1251/3807/727
f 4842/3809/730 4843/3810/730 4841/3811/730 4847/3812/730
f 4844/3813/730 4845/3814/730 4841/3811/730 4843/3810/730
f 4846/3815/730 4847/3812/730 4841/3811/730 4845/3814/730
f 195/3804/729 1249/3806/728 4842/3809/730 1253/3816/731
f 1249/3806/728 1248/3803/728 4843/3810/730 4842/3809/730
f 1253/3816/731 4842/3809/730 4847/3812/730 1254/3817/731
f 194/3788/725 1256/3818/730 4844/3813/730 1247/3802/728
f 1256/3818/730 1257/3819/730 4845/3814/730 4844/3813/730
f 1247/3802/728 4844/3813/730 4843/3810/730 1248/3803/728
f 196/3820/731 1255/3821/731 4846/3815/730 1258/3822/730
f 1255/3821/731 1254/3817/731 4847/3812/730 4846/3815/730
f 1258/3822/730 4846/3815/730 4845/3814/730 1257/3819/730
f 4849/3823/732 4850/3824/732 4848/3825/732 4854/3826/732
f 4851/3827/732 4852/3828/732 4848/3825/732 4850/3824/732
f 4853/3829/732 4854/3826/732 4848/3825/732 4852/3828/732
f 195/3804/729 1253/3816/731 4849/3823/732 1259/3830/733
f 1253/3816/731 1254/3817/731 4850/3824/732 4849/3823/732
f 1259/3830/733 4849/3823/732 4854/3826/732 1260/3831/733
f 196/3820/731 1262/3832/732 4851/3827/732 1255/3821/731
f 1262/3832/732 1263/3833/732 4852/3828/732 4851/3827/732
f 1255/3821/731 4851/3827/732 4850/3824/732 1254/3817/731
f 197/3834/734 1261/3835/733 4853/3829/732 1264/3836/732
f 1261/3835/733 1260/3831/733 4854/3826/732 4853/3829/732
f 1264/3836/732 4853/3829/732 4852/3828/732 1263/3833/732
f 4856/3837/735 4857/3838/735 4855/3839/735 4861/3840/735
f 4858/3841/735 4859/3842/735 4855/3839/735 4857/3838/735
f 4860/3843/735 4861/3840/735 4855/3839/735 4859/3842/735
f 197/3834/734 1265/3844/736 4856/3837/735 1261/3835/733
f 1265/3844/736 1266/3845/736 4857/3838/735 4856/3837/735
f 1261/3835/733 4856/3837/735 4861/3840/735 1260/3831/733
f 198/3846/737 1270/3847/735 4858/3841/735 1267/3848/736
f 1270/3847/735 1269/3849/735 4859/3842/735 4858/3841/735
f 1267/3848/736 4858/3841/735 4857/3838/735 1266/3845/736
f 195/3804/729 1259/3830/733 4860/3843/735 1268/3850/735
f 1259/3830/733 1260/3831/733 4861/3840/735 4860/3843/735
f 1268/3850/735 4860/3843/735 4859/3842/735 1269/3849/735
f 4863/3851/738 4864/3852/738 4862/3853/738 4868/3854/738
f 4865/3855/738 4866/3856/738 4862/3853/738 4864/3852/738
f 4867/3857/738 4868/3854/738 4862/3853/738 4866/3856/738
f 198/3846/737 1267/3848/736 4863/3851/738 1271/3858/739
f 1267/3848/736 1266/3845/736 4864/3852/738 4863/3851/738
f 1271/3858/739 4863/3851/738 4868/3854/738 1272/3859/739
f 197/3834/734 1274/3860/738 4865/3855/738 1265/3844/736
f 1274/3860/738 1275/3861/738 4866/3856/738 4865/3855/738
f 1265/3844/736 4865/3855/738 4864/3852/738 1266/3845/736
f 199/3862/740 1273/3863/739 4867/3857/738 1276/3864/738
f 1273/3863/739 1272/3859/739 4868/3854/738 4867/3857/738
f 1276/3864/738 4867/3857/738 4866/3856/738 1275/3861/738
f 4870/3865/741 4871/3866/741 4869/3867/741 4875/3868/741
f 4872/3869/741 4873/3870/741 4869/3867/741 4871/3866/741
f 4874/3871/741 4875/3868/741 4869/3867/741 4873/3870/741
f 199/3862/740 1277/3872/742 4870/3865/741 1273/3863/739
f 1277/3872/742 1278/3873/742 4871/3866/741 4870/3865/741
f 1273/3863/739 4870/3865/741 4875/3868/741 1272/3859/739
f 200/3874/743 1282/3875/741 4872/3869/741 1279/3876/742
f 1282/3875/741 1281/3877/741 4873/3870/741 4872/3869/741
f 1279/3876/742 4872/3869/741 4871/3866/741 1278/3873/742
f 198/3846/737 1271/3858/739 4874/3871/741 1280/3878/741
f 1271/3858/739 1272/3859/739 4875/3868/741 4874/3871/741
f 1280/3878/741 4874/3871/741 4873/3870/741 1281/3877/741
f 4877/3879/744 4878/3880/744 4876/3881/744 4882/3882/744
f 4879/3883/744 4880/3884/744 4876/3881/744 4878/3880/744
f 4881/3885/744 4882/3882/744 4876/3881/744 4880/3884/744
f 201/3886/745 1288/3887/746 4877/3879/744 1285/3888/744
f 1288/3887/746 1287/3889/746 4878/3880/744 4877/3879/744
f 1285/3888/744 4877/3879/744 4882/3882/744 1284/3890/744
f 200/3874/743 1279/3876/742 4879/3883/744 1286/3891/746
f 1279/3876/742 1278/3873/742 4880/3884/744 4879/3883/744
f 1286/3891/746 4879/3883/744 4878/3880/744 1287/3889/746
f 199/3862/740 1283/3892/744 4881/3885/744 1277/3872/742
f 1283/3892/744 1284/3890/744 4882/3882/744 4881/3885/744
f 1277/3872/742 4881/3885/744 4880/3884/744 1278/3873/742
f 4884/3893/747 4885/3894/747 4883/3895/747 4889/3896/747
f 4886/3897/747 4887/3898/747 4883/3895/747 4885/3894/747
f 4888/3899/747 4889/3896/747 4883/3895/747 4887/3898/747
f 200/3874/743 1286/3891/746 4884/3893/747 1289/3900/747
f 1286/3891/746 1287/3889/746 4885/3894/747 4884/3893/747
f 1289/3900/747 4884/3893/747 4889/3896/747 1290/3901/747
f 201/3886/745 1292/3902/748 4886/3897/747 1288/3887/746
f 1292/3902/748 1293/3903/748 4887/3898/747 4886/3897/747
f 1288/3887/746 4886/3897/747 4885/3894/747 1287/3889/746
f 202/3904/749 1291/3905/747 4888/3899/747 1294/3906/748
f 1291/3905/747 1290/3901/747 4889/3896/747 4888/3899/747
f 1294/3906/748 4888/3899/747 4887/3898/747 1293/3903/748
f 4891/3907/750 4892/3908/750 4890/3909/750 4896/3910/750
f 4893/3911/750 4894/3912/750 4890/3909/750 4892/3908/750
f 4895/3913/750 4896/3910/750 4890/3909/750 4894/3912/750
f 201/3886/745 2360/3914/751 4891/3907/750 1292/3902/748
f 2360/3914/751 2361/3915/751 4892/3908/750 4891/3907/750
f 1292/3902/748 4891/3907/750 4896/3910/750 1293/3903/748
f 117/3916/752 2365/3917/753 4893/3911/750 2362/3918/751
f 2365/3917/753 2364/3919/753 4894/3912/750 4893/3911/750
f 2362/3918/751 4893/3911/750 4892/3908/750 2361/3915/751
f 202/3904/749 1294/3906/748 4895/3913/750 2363/3920/753
f 1294/3906/748 1293/3903/748 4896/3910/750 4895/3913/750
f 2363/3920/753 4895/3913/750 4894/3912/750 2364/3919/753
f 4898/3921/754 4899/3922/754 4897/3923/754 4903/3924/754
f 4900/3925/754 4901/3926/754 4897/3923/754 4899/3922/754
f 4902/3927/754 4903/3924/754 4897/3923/754 4901/3926/754
f 201/3886/745 2366/3928/754 4898/3921/754 2360/3914/751
f 2366/3928/754 2367/3929/754 4899/3922/754 4898/3921/754
f 2360/3914/751 4898/3921/754 4903/3924/754 2361/3915/751
f 121/3930/754 883/3931/754 4900/3925/754 2368/3932/754
f 883/3931/754 882/3933/754 4901/3926/754 4900/3925/754
f 2368/3932/754 4900/3925/754 4899/3922/754 2367/3929/754
f 117/3916/752 2362/3918/751 4902/3927/754 881/3934/754
f 2362/3918/751 2361/3915/751 4903/3924/754 4902/3927/754
f 881/3934/754 4902/3927/754 4901/3926/754 882/3933/754
f 4905/3935/755 4906/3936/755 4904/3937/755 4910/3938/755
f 4907/3939/755 4908/3940/755 4904/3937/755 4906/3936/755
f 4909/3941/755 4910/3938/755 4904/3937/755 4908/3940/755
f 117/3916/752 866/3942/755 4905/3935/755 2365/3917/753
f 866/3942/755 867/3943/755 4906/3936/755 4905/3935/755
f 2365/3917/753 4905/3935/755 4910/3938/755 2364/3919/753
f 119/3944/755 2371/3945/755 4907/3939/755 868/3946/755
f 2371/3945/755 2370/3947/755 4908/3940/755 4907/3939/755
f 868/3946/755 4907/3939/755 4906/3936/755 867/3943/755
f 202/3904/749 2363/3920/753 4909/3941/755 2369/3948/755
f 2363/3920/753 2364/3919/753 4910/3938/755 4909/3941/755
f 2369/3948/755 4909/3941/755 4908/3940/755 2370/3947/755
s 0
f 4912/3949/19 4913/3950/19 4911/3951/19 4917/3952/19
f 4914/3953/19 4915/3954/19 4911/3951/19 4913/3950/19
f 4916/3955/19 4917/3952/19 4911/3951/19 4915/3954/19
f 203/3956/19 2375/3957/19 4912/3949/19 2372/3958/19
f 2375/3957/19 2376/3959/19 4913/3950/19 4912/3949/19
f 2372/3958/19 4912/3949/19 4917/3952/19 2373/3960/19
f 157/3961/19 1024/3962/19 4914/3953/19 2377/3963/19
f 1024/3962/19 1023/3964/19 4915/3954/19 4914/3953/19
f 2377/3963/19 4914/3953/19 4913/3950/19 2376/3959/19
f 156/3965/19 2374/3966/19 4916/3955/19 1022/3967/19
f 2374/3966/19 2373/3960/19 4917/3952/19 4916/3955/19
f 1022/3967/19 4916/3955/19 4915/3954/19 1023/3964/19
f 4919/3968/19 4920/3969/19 4918/3970/19 4924/3971/19
f 4921/3972/19 4922/3973/19 4918/3970/19 4920/3969/19
f 4923/3974/19 4924/3971/19 4918/3970/19 4922/3973/19
f 112/3975/19 2383/3976/19 4919/3968/19 2380/3977/19
f 2383/3976/19 2382/3978/19 4920/3969/19 4919/3968/19
f 2380/3977/19 4919/3968/19 4924/3971/19 2379/3979/19
f 203/3956/19 2372/3958/19 4921/3972/19 2381/3980/19
f 2372/3958/19 2373/3960/19 4922/3973/19 4921/3972/19
f 2381/3980/19 4921/3972/19 4920/3969/19 2382/3978/19
f 156/3965/19 2378/3981/19 4923/3974/19 2374/3966/19
f 2378/3981/19 2379/3979/19 4924/3971/19 4923/3974/19
f 2374/3966/19 4923/3974/19 4922/3973/19 2373/3960/19
f 4926/3982/19 4927/3983/19 4925/3984/19 4931/3985/19
f 4928/3986/19 4929/3987/19 4925/3984/19 4927/3983/19
f 4930/3988/19 4931/3985/19 4925/3984/19 4929/3987/19
f 203/3956/19 2381/3980/19 4926/3982/19 2384/3989/19
f 2381/3980/19 2382/3978/19 4927/3983/19 4926/3982/19
f 2384/3989/19 4926/3982/19 4931/3985/19 2385/3990/19
f 112/3975/19 854/3991/19 4928/3986/19 2383/3976/19
f 854/3991/19 855/3992/19 4929/3987/19 4928/3986/19
f 2383/3976/19 4928/3986/19 4927/3983/19 2382/3978/19
f 114/3993/19 2386/3994/19 4930/3988/19 856/3995/19
f 2386/3994/19 2385/3990/19 4931/3985/19 4930/3988/19
f 856/3995/19 4930/3988/19 4929/3987/19 855/3992/19
s 1
f 4933/3996/756 4934/3997/756 4932/3998/756 4938/3999/756
f 4935/4000/756 4936/4001/756 4932/3998/756 4934/3997/756
f 4937/4002/756 4938/3999/756 4932/3998/756 4936/4001/756
f 115/4003/386 2387/4004/757 4933/3996/756 2120/4005/756
f 2387/4004/757 2388/4006/757 4934/3997/756 4933/3996/756
f 2120/4005/756 4933/3996/756 4938/3999/756 2121/4007/756
f 7/4008/758 1922/4009/756 4935/4000/756 2389/4010/757
f 1922/4009/756 1923/4011/756 4936/4001/756 4935/4000/756
f 2389/4010/757 4935/4000/756 4934/3997/756 2388/4006/757
f 1/4012/756 2122/4013/756 4937/4002/756 1924/4014/756
f 2122/4013/756 2121/4007/756 4938/3999/756 4937/4002/756
f 1924/4014/756 4937/4002/756 4936/4001/756 1923/4011/756
f 4940/4015/387 4941/4016/387 4939/4017/387 4945/4018/387
f 4942/4019/387 4943/4020/387 4939/4017/387 4941/4016/387
f 4944/4021/387 4945/4018/387 4939/4017/387 4943/4020/387
f 7/4008/758 2389/4010/757 4940/4015/387 2317/4022/387
f 2389/4010/757 2388/4006/757 4941/4016/387 4940/4015/387
f 2317/4022/387 4940/4015/387 4945/4018/387 2316/4023/387
f 115/4003/386 2390/4024/388 4942/4019/387 2387/4004/757
f 2390/4024/388 2391/4025/388 4943/4020/387 4942/4019/387
f 2387/4004/757 4942/4019/387 4941/4016/387 2388/4006/757
f 160/4026/389 2315/4027/387 4944/4021/387 2392/4028/388
f 2315/4027/387 2316/4023/387 4945/4018/387 4944/4021/387
f 2392/4028/388 4944/4021/387 4943/4020/387 2391/4025/388
f 4947/4029/19 4948/4030/19 4946/4031/19 4952/4032/19
f 4949/4033/19 4950/4034/19 4946/4031/19 4948/4030/19
f 4951/4035/19 4952/4032/19 4946/4031/19 4950/4034/19
f 116/4036/390 2395/4037/19 4947/4029/19 865/4038/19
f 2395/4037/19 2394/4039/19 4948/4030/19 4947/4029/19
f 865/4038/19 4947/4029/19 4952/4032/19 864/4040/19
f 160/4026/389 2392/4028/388 4949/4033/19 2393/4041/19
f 2392/4028/388 2391/4025/388 4950/4034/19 4949/4033/19
f 2393/4041/19 4949/4033/19 4948/4030/19 2394/4039/19
f 115/4003/386 863/4042/19 4951/4035/19 2390/4024/388
f 863/4042/19 864/4040/19 4952/4032/19 4951/4035/19
f 2390/4024/388 4951/4035/19 4950/4034/19 2391/4025/388
f 4954/4043/19 4955/4044/19 4953/4045/19 4959/4046/19
f 4956/4047/19 4957/4048/19 4953/4045/19 4955/4044/19
f 4958/4049/19 4959/4046/19 4953/4045/19 4957/4048/19
f 158/4050/759 1031/4051/19 4954/4043/19 2398/4052/19
f 1031/4051/19 1032/4053/19 4955/4044/19 4954/4043/19
f 2398/4052/19 4954/4043/19 4959/4046/19 2397/4054/19
f 159/4055/19 1034/4056/19 4956/4047/19 1033/4057/19
f 1034/4056/19 1035/4058/19 4957/4048/19 4956/4047/19
f 1033/4057/19 4956/4047/19 4955/4044/19 1032/4053/19
f 160/4026/389 2396/4059/19 4958/4049/19 1036/4060/19
f 2396/4059/19 2397/4054/19 4959/4046/19 4958/4049/19
f 1036/4060/19 4958/4049/19 4957/4048/19 1035/4058/19
f 4961/4061/19 4962/4062/19 4960/4063/19 4966/4064/19
f 4963/4065/19 4964/4066/19 4960/4063/19 4962/4062/19
f 4965/4067/19 4966/4064/19 4960/4063/19 4964/4066/19
f 160/4026/389 2393/4041/19 4961/4061/19 2396/4059/19
f 2393/4041/19 2394/4039/19 4962/4062/19 4961/4061/19
f 2396/4059/19 4961/4061/19 4966/4064/19 2397/4054/19
f 116/4036/390 2399/4068/760 4963/4065/19 2395/4037/19
f 2399/4068/760 2400/4069/760 4964/4066/19 4963/4065/19
f 2395/4037/19 4963/4065/19 4962/4062/19 2394/4039/19
f 158/4050/759 2398/4052/19 4965/4067/19 2401/4070/760
f 2398/4052/19 2397/4054/19 4966/4064/19 4965/4067/19
f 2401/4070/760 4965/4067/19 4964/4066/19 2400/4069/760
f 4968/4071/761 4969/4072/761 4967/4073/761 4973/4074/761
f 4970/4075/761 4971/4076/761 4967/4073/761 4969/4072/761
f 4972/4077/761 4973/4074/761 4967/4073/761 4971/4076/761
f 156/4078/761 1028/4079/761 4968/4071/761 2404/4080/761
f 1028/4079/761 1029/4081/761 4969/4072/761 4968/4071/761
f 2404/4080/761 4968/4071/761 4973/4074/761 2403/4082/761
f 158/4050/759 2401/4070/760 4970/4075/761 1030/4083/761
f 2401/4070/760 2400/4069/760 4971/4076/761 4970/4075/761
f 1030/4083/761 4970/4075/761 4969/4072/761 1029/4081/761
f 116/4036/390 2402/4084/761 4972/4077/761 2399/4068/760
f 2402/4084/761 2403/4082/761 4973/4074/761 4972/4077/761
f 2399/4068/760 4972/4077/761 4971/4076/761 2400/4069/760
f 4975/4085/762 4976/4086/762 4974/4087/762 4980/4088/762
f 4977/4089/762 4978/4090/762 4974/4087/762 4976/4086/762
f 4979/4091/762 4980/4088/762 4974/4087/762 4978/4090/762
f 116/4036/762 2138/4092/762 4975/4085/762 2402/4084/762
f 2138/4092/762 2139/4093/762 4976/4086/762 4975/4085/762
f 2402/4084/762 4975/4085/762 4980/4088/762 2403/4082/762
f 112/4094/762 2380/4095/762 4977/4089/762 2140/4096/762
f 2380/4095/762 2379/4097/762 4978/4090/762 4977/4089/762
f 2140/4096/762 4977/4089/762 4976/4086/762 2139/4093/762
f 156/4078/762 2404/4080/762 4979/4091/762 2378/4098/762
f 2404/4080/762 2403/4082/762 4980/4088/762 4979/4091/762
f 2378/4098/762 4979/4091/762 4978/4090/762 2379/4097/762
f 4982/4099/763 4983/4100/763 4981/4101/763 4987/4102/763
f 4984/4103/763 4985/4104/763 4981/4101/763 4983/4100/763
f 4986/4105/763 4987/4102/763 4981/4101/763 4985/4104/763
f 41/4106/764 2405/4107/765 4982/4099/763 472/4108/763
f 2405/4107/765 2406/4109/765 4983/4100/763 4982/4099/763
f 472/4108/763 4982/4099/763 4987/4102/763 471/4110/763
f 61/4111/766 2006/4112/763 4984/4103/763 2407/4113/765
f 2006/4112/763 2007/4114/763 4985/4104/763 4984/4103/763
f 2407/4113/765 4984/4103/763 4983/4100/763 2406/4109/765
f 40/4115/763 470/4116/763 4986/4105/763 2008/4117/763
f 470/4116/763 471/4110/763 4987/4102/763 4986/4105/763
f 2008/4117/763 4986/4105/763 4985/4104/763 2007/4114/763
f 4989/4118/767 4990/4119/767 4988/4120/767 4994/4121/767
f 4991/4122/767 4992/4123/767 4988/4120/767 4990/4119/767
f 4993/4124/767 4994/4121/767 4988/4120/767 4992/4123/767
f 61/4111/766 2407/4113/765 4989/4118/767 2408/4125/768
f 2407/4113/765 2406/4109/765 4990/4119/767 4989/4118/767
f 2408/4125/768 4989/4118/767 4994/4121/767 2409/4126/768
f 41/4106/764 1982/4127/767 4991/4122/767 2405/4107/765
f 1982/4127/767 1983/4128/767 4992/4123/767 4991/4122/767
f 2405/4107/765 4991/4122/767 4990/4119/767 2406/4109/765
f 45/4129/769 2410/4130/768 4993/4124/767 1984/4131/767
f 2410/4130/768 2409/4126/768 4994/4121/767 4993/4124/767
f 1984/4131/767 4993/4124/767 4992/4123/767 1983/4128/767
f 4996/4132/253 4997/4133/253 4995/4134/253 5001/4135/253
f 4998/4136/253 4999/4137/253 4995/4134/253 4997/4133/253
f 5000/4138/253 5001/4135/253 4995/4134/253 4999/4137/253
f 48/4139/253 2413/4140/253 4996/4132/253 496/4141/253
f 2413/4140/253 2412/4142/253 4997/4133/253 4996/4132/253
f 496/4141/253 4996/4132/253 5001/4135/253 495/4143/253
f 61/4111/766 2408/4125/768 4998/4136/253 2411/4144/253
f 2408/4125/768 2409/4126/768 4999/4137/253 4998/4136/253
f 2411/4144/253 4998/4136/253 4997/4133/253 2412/4142/253
f 45/4129/769 494/4145/253 5000/4138/253 2410/4130/768
f 494/4145/253 495/4143/253 5001/4135/253 5000/4138/253
f 2410/4130/768 5000/4138/253 4999/4137/253 2409/4126/768
f 5003/4146/253 5004/4147/253 5002/4148/253 5008/4149/253
f 5005/4150/253 5006/4151/253 5002/4148/253 5004/4147/253
f 5007/4152/253 5008/4149/253 5002/4148/253 5006/4151/253
f 61/4111/766 2411/4144/253 5003/4146/253 568/4153/253
f 2411/4144/253 2412/4142/253 5004/4147/253 5003/4146/253
f 568/4153/253 5003/4146/253 5008/4149/253 567/4154/253
f 48/4139/253 2414/4155/253 5005/4150/253 2413/4140/253
f 2414/4155/253 2415/4156/253 5006/4151/253 5005/4150/253
f 2413/4140/253 5005/4150/253 5004/4147/253 2412/4142/253
f 59/4157/253 566/4158/253 5007/4152/253 2416/4159/253
f 566/4158/253 567/4154/253 5008/4149/253 5007/4152/253
f 2416/4159/253 5007/4152/253 5006/4151/253 2415/4156/253
s 0
f 5010/4160/253 5011/4161/253 5009/4162/253 5015/4163/253
f 5012/4164/253 5013/4165/253 5009/4162/253 5011/4161/253
f 5014/4166/253 5015/4163/253 5009/4162/253 5013/4165/253
f 49/4167/253 2419/4168/253 5010/4160/253 505/4169/253
f 2419/4168/253 2418/4170/253 5011/4161/253 5010/4160/253
f 505/4169/253 5010/4160/253 5015/4163/253 504/4171/253
f 59/4157/253 2416/4159/253 5012/4164/253 2417/4172/253
f 2416/4159/253 2415/4156/253 5013/4165/253 5012/4164/253
f 2417/4172/253 5012/4164/253 5011/4161/253 2418/4170/253
f 48/4139/253 503/4173/253 5014/4166/253 2414/4155/253
f 503/4173/253 504/4171/253 5015/4163/253 5014/4166/253
f 2414/4155/253 5014/4166/253 5013/4165/253 2415/4156/253
f 5017/4174/253 5018/4175/253 5016/4176/253 5022/4177/253
f 5019/4178/253 5020/4179/253 5016/4176/253 5018/4175/253
f 5021/4180/253 5022/4177/253 5016/4176/253 5020/4179/253
f 59/4157/253 2417/4172/253 5017/4174/253 556/4181/253
f 2417/4172/253 2418/4170/253 5018/4175/253 5017/4174/253
f 556/4181/253 5017/4174/253 5022/4177/253 555/4182/253
f 49/4167/253 2420/4183/253 5019/4178/253 2419/4168/253
f 2420/4183/253 2421/4184/253 5020/4179/253 5019/4178/253
f 2419/4168/253 5019/4178/253 5018/4175/253 2418/4170/253
f 57/4185/253 554/4186/253 5021/4180/253 2422/4187/253
f 554/4186/253 555/4182/253 5022/4177/253 5021/4180/253
f 2422/4187/253 5021/4180/253 5020/4179/253 2421/4184/253
f 5024/4188/253 5025/4189/253 5023/4190/253 5029/4191/253
f 5026/4192/253 5027/4193/253 5023/4190/253 5025/4189/253
f 5028/4194/253 5029/4191/253 5023/4190/253 5027/4193/253
f 51/4195/253 2425/4196/253 5024/4188/253 517/4197/253
f 2425/4196/253 2424/4198/253 5025/4189/253 5024/4188/253
f 517/4197/253 5024/4188/253 5029/4191/253 516/4199/253
f 57/4185/253 2422/4187/253 5026/4192/253 2423/4200/253
f 2422/4187/253 2421/4184/253 5027/4193/253 5026/4192/253
f 2423/4200/253 5026/4192/253 5025/4189/253 2424/4198/253
f 49/4167/253 515/4201/253 5028/4194/253 2420/4183/253
f 515/4201/253 516/4199/253 5029/4191/253 5028/4194/253
f 2420/4183/253 5028/4194/253 5027/4193/253 2421/4184/253
f 5031/4202/253 5032/4203/253 5030/4204/253 5036/4205/253
f 5033/4206/253 5034/4207/253 5030/4204/253 5032/4203/253
f 5035/4208/253 5036/4205/253 5030/4204/253 5034/4207/253
f 54/4209/253 2428/4210/253 5031/4202/253 532/4211/253
f 2428/4210/253 2427/4212/253 5032/4203/253 5031/4202/253
f 532/4211/253 5031/4202/253 5036/4205/253 531/4213/253
f 57/4185/253 2423/4200/253 5033/4206/253 2426/4214/253
f 2423/4200/253 2424/4198/253 5034/4207/253 5033/4206/253
f 2426/4214/253 5033/4206/253 5032/4203/253 2427/4212/253
f 51/4195/253 530/4215/253 5035/4208/253 2425/4196/253
f 530/4215/253 531/4213/253 5036/4205/253 5035/4208/253
f 2425/4196/253 5035/4208/253 5034/4207/253 2424/4198/253
f 5038/4216/253 5039/4217/253 5037/4218/253 5043/4219/253
f 5040/4220/253 5041/4221/253 5037/4218/253 5039/4217/253
f 5042/4222/253 5043/4219/253 5037/4218/253 5041/4221/253
f 57/4185/253 2426/4214/253 5038/4216/253 541/4223/253
f 2426/4214/253 2427/4212/253 5039/4217/253 5038/4216/253
f 541/4223/253 5038/4216/253 5043/4219/253 540/4224/253
f 54/4209/253 2429/4225/253 5040/4220/253 2428/4210/253
f 2429/4225/253 2430/4226/253 5041/4221/253 5040/4220/253
f 2428/4210/253 5040/4220/253 5039/4217/253 2427/4212/253
f 55/4227/253 539/4228/253 5042/4222/253 2431/4229/253
f 539/4228/253 540/4224/253 5043/4219/253 5042/4222/253
f 2431/4229/253 5042/4222/253 5041/4221/253 2430/4226/253
f 5045/4230/253 5046/4231/253 5044/4232/253 5050/4233/253
f 5047/4234/253 5048/4235/253 5044/4232/253 5046/4231/253
f 5049/4236/253 5050/4233/253 5044/4232/253 5048/4235/253
f 54/4209/253 2432/4237/253 5045/4230/253 2429/4225/253
f 2432/4237/253 2433/4238/253 5046/4231/253 5045/4230/253
f 2429/4225/253 5045/4230/253 5050/4233/253 2430/4226/253
f 37/4239/253 1999/4240/253 5047/4234/253 2434/4241/253
f 1999/4240/253 1998/4242/253 5048/4235/253 5047/4234/253
f 2434/4241/253 5047/4234/253 5046/4231/253 2433/4238/253
f 55/4227/253 2431/4229/253 5049/4236/253 1997/4243/253
f 2431/4229/253 2430/4226/253 5050/4233/253 5049/4236/253
f 1997/4243/253 5049/4236/253 5048/4235/253 1998/4242/253
f 5052/4244/253 5053/4245/253 5051/4246/253 5057/4247/253
f 5054/4248/253 5055/4249/253 5051/4246/253 5053/4245/253
f 5056/4250/253 5057/4247/253 5051/4246/253 5055/4249/253
f 54/4209/253 1988/4251/253 5052/4244/253 2432/4237/253
f 1988/4251/253 1989/4252/253 5053/4245/253 5052/4244/253
f 2432/4237/253 5052/4244/253 5057/4247/253 2433/4238/253
f 36/4253/253 452/4254/253 5054/4248/253 1990/4255/253
f 452/4254/253 453/4256/253 5055/4249/253 5054/4248/253
f 1990/4255/253 5054/4248/253 5053/4245/253 1989/4252/253
f 37/4239/253 2434/4241/253 5056/4250/253 454/4257/253
f 2434/4241/253 2433/4238/253 5057/4247/253 5056/4250/253
f 454/4257/253 5056/4250/253 5055/4249/253 453/4256/253
s 1
f 5059/4258/770 5060/4259/770 5058/4260/770 5064/4261/770
f 5061/4262/770 5062/4263/770 5058/4260/770 5060/4259/770
f 5063/4264/770 5064/4261/770 5058/4260/770 5062/4263/770
f 23/4265/771 2435/4266/772 5059/4258/770 392/4267/770
f 2435/4266/772 2436/4268/772 5060/4259/770 5059/4258/770
f 392/4267/770 5059/4258/770 5064/4261/770 393/4269/770
f 63/4270/773 2012/4271/770 5061/4262/770 2437/4272/772
f 2012/4271/770 2013/4273/774 5062/4263/770 5061/4262/770
f 2437/4272/772 5061/4262/770 5060/4259/770 2436/4268/772
f 24/4274/770 394/4275/770 5063/4264/770 2014/4276/770
f 394/4275/770 393/4269/770 5064/4261/770 5063/4264/770
f 2014/4276/770 5063/4264/770 5062/4263/770 2013/4273/774
f 5066/4277/775 5067/4278/776 5065/4279/776 5071/4280/775
f 5068/4281/776 5069/4282/776 5065/4279/776 5067/4278/776
f 5070/4283/775 5071/4280/775 5065/4279/776 5069/4282/776
f 63/4270/773 2437/4272/772 5066/4277/775 2438/4284/777
f 2437/4272/772 2436/4268/772 5067/4278/776 5066/4277/775
f 2438/4284/777 5066/4277/775 5071/4280/775 2439/4285/777
f 23/4265/771 2068/4286/775 5068/4281/776 2435/4266/772
f 2068/4286/775 2067/4287/775 5069/4282/776 5068/4281/776
f 2435/4266/772 5068/4281/776 5067/4278/776 2436/4268/772
f 70/4288/778 2440/4289/777 5070/4283/775 2066/4290/775
f 2440/4289/777 2439/4285/777 5071/4280/775 5070/4283/775
f 2066/4290/775 5070/4283/775 5069/4282/776 2067/4287/775
f 5073/4291/779 5074/4292/779 5072/4293/779 5078/4294/779
f 5075/4295/779 5076/4296/779 5072/4293/779 5074/4292/779
f 5077/4297/779 5078/4294/779 5072/4293/779 5076/4296/779
f 70/4288/778 596/4298/779 5073/4291/779 2440/4289/777
f 596/4298/779 597/4299/779 5074/4292/779 5073/4291/779
f 2440/4289/777 5073/4291/779 5078/4294/779 2439/4285/777
f 71/4300/780 2443/4301/781 5075/4295/779 598/4302/779
f 2443/4301/781 2442/4303/781 5076/4296/779 5075/4295/779
f 598/4302/779 5075/4295/779 5074/4292/779 597/4299/779
f 63/4270/773 2438/4284/777 5077/4297/779 2441/4304/781
f 2438/4284/777 2439/4285/777 5078/4294/779 5077/4297/779
f 2441/4304/781 5077/4297/779 5076/4296/779 2442/4303/781
f 5080/4305/782 5081/4306/783 5079/4307/782 5085/4308/782
f 5082/4309/782 5083/4310/782 5079/4307/782 5081/4306/783
f 5084/4311/782 5085/4308/782 5079/4307/782 5083/4310/782
f 71/4300/780 2444/4312/784 5080/4305/782 2443/4301/781
f 2444/4312/784 2445/4313/785 5081/4306/783 5080/4305/782
f 2443/4301/781 5080/4305/782 5085/4308/782 2442/4303/781
f 64/4314/786 577/4315/782 5082/4309/782 2446/4316/784
f 577/4315/782 576/4317/783 5083/4310/782 5082/4309/782
f 2446/4316/784 5082/4309/782 5081/4306/783 2445/4313/785
f 63/4270/773 2441/4304/781 5084/4311/782 575/4318/782
f 2441/4304/781 2442/4303/781 5085/4308/782 5084/4311/782
f 575/4318/782 5084/4311/782 5083/4310/782 576/4317/783
f 5087/4319/787 5088/4320/787 5086/4321/787 5092/4322/787
f 5089/4323/787 5090/4324/787 5086/4321/787 5088/4320/787
f 5091/4325/787 5092/4322/787 5086/4321/787 5090/4324/787
f 71/4300/780 599/4326/787 5087/4319/787 2444/4312/784
f 599/4326/787 600/4327/787 5088/4320/787 5087/4319/787
f 2444/4312/784 5087/4319/787 5092/4322/787 2445/4313/785
f 72/4328/788 2449/4329/789 5089/4323/787 601/4330/787
f 2449/4329/789 2448/4331/789 5090/4324/787 5089/4323/787
f 601/4330/787 5089/4323/787 5088/4320/787 600/4327/787
f 64/4314/786 2446/4316/784 5091/4325/787 2447/4332/789
f 2446/4316/784 2445/4313/785 5092/4322/787 5091/4325/787
f 2447/4332/789 5091/4325/787 5090/4324/787 2448/4331/789
f 5094/4333/790 5095/4334/790 5093/4335/790 5099/4336/790
f 5096/4337/790 5097/4338/790 5093/4335/790 5095/4334/790
f 5098/4339/790 5099/4336/790 5093/4335/790 5097/4338/790
f 72/4328/788 2450/4340/791 5094/4333/790 2449/4329/789
f 2450/4340/791 2451/4341/791 5095/4334/790 5094/4333/790
f 2449/4329/789 5094/4333/790 5099/4336/790 2448/4331/789
f 66/4342/792 583/4343/790 5096/4337/790 2452/4344/791
f 583/4343/790 582/4345/790 5097/4338/790 5096/4337/790
f 2452/4344/791 5096/4337/790 5095/4334/790 2451/4341/791
f 64/4314/786 2447/4332/789 5098/4339/790 581/4346/790
f 2447/4332/789 2448/4331/789 5099/4336/790 5098/4339/790
f 581/4346/790 5098/4339/790 5097/4338/790 582/4345/790
f 5101/4347/793 5102/4348/794 5100/4349/794 5106/4350/794
f 5103/4351/794 5104/4352/794 5100/4349/794 5102/4348/794
f 5105/4353/794 5106/4350/794 5100/4349/794 5104/4352/794
f 72/4328/788 602/4354/794 5101/4347/793 2450/4340/791
f 602/4354/794 603/4355/794 5102/4348/794 5101/4347/793
f 2450/4340/791 5101/4347/793 5106/4350/794 2451/4341/791
f 73/4356/795 2455/4357/796 5103/4351/794 604/4358/794
f 2455/4357/796 2454/4359/796 5104/4352/794 5103/4351/794
f 604/4358/794 5103/4351/794 5102/4348/794 603/4355/794
f 66/4342/792 2452/4344/791 5105/4353/794 2453/4360/796
f 2452/4344/791 2451/4341/791 5106/4350/794 5105/4353/794
f 2453/4360/796 5105/4353/794 5104/4352/794 2454/4359/796
f 5108/4361/797 5109/4362/797 5107/4363/797 5113/4364/797
f 5110/4365/797 5111/4366/797 5107/4363/797 5109/4362/797
f 5112/4367/797 5113/4364/797 5107/4363/797 5111/4366/797
f 73/4356/795 2456/4368/798 5108/4361/797 2455/4357/796
f 2456/4368/798 2457/4369/798 5109/4362/797 5108/4361/797
f 2455/4357/796 5108/4361/797 5113/4364/797 2454/4359/796
f 204/4370/799 2461/4371/797 5110/4365/797 2458/4372/798
f 2461/4371/797 2460/4373/797 5111/4366/797 5110/4365/797
f 2458/4372/798 5110/4365/797 5109/4362/797 2457/4369/798
f 66/4342/792 2453/4360/796 5112/4367/797 2459/4374/797
f 2453/4360/796 2454/4359/796 5113/4364/797 5112/4367/797
f 2459/4374/797 5112/4367/797 5111/4366/797 2460/4373/797
f 5115/4375/800 5116/4376/800 5114/4377/800 5120/4378/800
f 5117/4379/800 5118/4380/800 5114/4377/800 5116/4376/800
f 5119/4381/800 5120/4378/800 5114/4377/800 5118/4380/800
f 75/4382/801 2464/4383/802 5115/4375/800 613/4384/800
f 2464/4383/802 2463/4385/803 5116/4376/800 5115/4375/800
f 613/4384/800 5115/4375/800 5120/4378/800 612/4386/800
f 204/4370/799 2458/4372/798 5117/4379/800 2462/4387/802
f 2458/4372/798 2457/4369/798 5118/4380/800 5117/4379/800
f 2462/4387/802 5117/4379/800 5116/4376/800 2463/4385/803
f 73/4356/795 611/4388/800 5119/4381/800 2456/4368/798
f 611/4388/800 612/4386/800 5120/4378/800 5119/4381/800
f 2456/4368/798 5119/4381/800 5118/4380/800 2457/4369/798
f 5122/4389/804 5123/4390/804 5121/4391/804 5127/4392/804
f 5124/4393/804 5125/4394/804 5121/4391/804 5123/4390/804
f 5126/4395/804 5127/4392/804 5121/4391/804 5125/4394/804
f 204/4370/799 2465/4396/805 5122/4389/804 2461/4371/804
f 2465/4396/805 2466/4397/805 5123/4390/804 5122/4389/804
f 2461/4371/804 5122/4389/804 5127/4392/804 2460/4373/804
f 113/4398/806 2114/4399/804 5124/4393/804 2467/4400/805
f 2114/4399/804 2115/4401/804 5125/4394/804 5124/4393/804
f 2467/4400/805 5124/4393/804 5123/4390/804 2466/4397/805
f 66/4342/804 2459/4374/804 5126/4395/804 2116/4402/804
f 2459/4374/804 2460/4373/804 5127/4392/804 5126/4395/804
f 2116/4402/804 5126/4395/804 5125/4394/804 2115/4401/804
f 5129/4403/807 5130/4404/807 5128/4405/808 5134/4406/807
f 5131/4407/807 5132/4408/808 5128/4405/808 5130/4404/807
f 5133/4409/808 5134/4406/807 5128/4405/808 5132/4408/808
f 204/4370/799 2462/4387/802 5129/4403/807 1295/4410/809
f 2462/4387/802 2463/4385/803 5130/4404/807 5129/4403/807
f 1295/4410/809 5129/4403/807 5134/4406/807 1296/4411/809
f 75/4382/801 2468/4412/810 5131/4407/807 2464/4383/802
f 2468/4412/810 2469/4413/810 5132/4408/808 5131/4407/807
f 2464/4383/802 5131/4407/807 5130/4404/807 2463/4385/803
f 205/4414/811 1297/4415/809 5133/4409/808 2470/4416/810
f 1297/4415/809 1296/4411/809 5134/4406/807 5133/4409/808
f 2470/4416/810 5133/4409/808 5132/4408/808 2469/4413/810
f 5136/4417/812 5137/4418/812 5135/4419/812 5141/4420/812
f 5138/4421/812 5139/4422/812 5135/4419/812 5137/4418/812
f 5140/4423/812 5141/4420/812 5135/4419/812 5139/4422/812
f 78/4424/813 2473/4425/814 5136/4417/812 628/4426/812
f 2473/4425/814 2472/4427/814 5137/4418/812 5136/4417/812
f 628/4426/812 5136/4417/812 5141/4420/812 627/4428/812
f 205/4414/811 2470/4416/810 5138/4421/812 2471/4429/814
f 2470/4416/810 2469/4413/810 5139/4422/812 5138/4421/812
f 2471/4429/814 5138/4421/812 5137/4418/812 2472/4427/814
f 75/4382/801 626/4430/812 5140/4423/812 2468/4412/810
f 626/4430/812 627/4428/812 5141/4420/812 5140/4423/812
f 2468/4412/810 5140/4423/812 5139/4422/812 2469/4413/810
f 5143/4431/815 5144/4432/815 5142/4433/815 5148/4434/815
f 5145/4435/815 5146/4436/815 5142/4433/815 5144/4432/815
f 5147/4437/815 5148/4434/815 5142/4433/815 5146/4436/815
f 113/4398/806 2467/4400/805 5143/4431/815 2474/4438/816
f 2467/4400/805 2466/4397/805 5144/4432/815 5143/4431/815
f 2474/4438/816 5143/4431/815 5148/4434/815 2475/4439/816
f 204/4370/799 1298/4440/817 5145/4435/815 2465/4396/805
f 1298/4440/817 1299/4441/817 5146/4436/815 5145/4435/815
f 2465/4396/805 5145/4435/815 5144/4432/815 2466/4397/805
f 206/4442/818 2476/4443/816 5147/4437/815 1300/4444/817
f 2476/4443/816 2475/4439/816 5148/4434/815 5147/4437/815
f 1300/4444/817 5147/4437/815 5146/4436/815 1299/4441/817
f 5150/4445/819 5151/4446/819 5149/4447/819 5155/4448/819
f 5152/4449/819 5153/4450/819 5149/4447/819 5151/4446/819
f 5154/4451/819 5155/4448/819 5149/4447/819 5153/4450/819
f 206/4442/818 2477/4452/820 5150/4445/819 2476/4443/816
f 2477/4452/820 2478/4453/820 5151/4446/819 5150/4445/819
f 2476/4443/816 5150/4445/819 5155/4448/819 2475/4439/816
f 114/4454/821 862/4455/819 5152/4449/819 2479/4456/820
f 862/4455/819 861/4457/819 5153/4450/819 5152/4449/819
f 2479/4456/820 5152/4449/819 5151/4446/819 2478/4453/820
f 113/4398/806 2474/4438/816 5154/4451/819 860/4458/819
f 2474/4438/816 2475/4439/816 5155/4448/819 5154/4451/819
f 860/4458/819 5154/4451/819 5153/4450/819 861/4457/819
f 5157/4459/822 5158/4460/822 5156/4461/822 5162/4462/822
f 5159/4463/822 5160/4464/822 5156/4461/822 5158/4460/822
f 5161/4465/822 5162/4462/822 5156/4461/822 5160/4464/822
f 207/4466/823 1306/4467/824 5157/4459/822 1303/4468/825
f 1306/4467/824 1305/4469/824 5158/4460/822 5157/4459/822
f 1303/4468/825 5157/4459/822 5162/4462/822 1302/4470/825
f 204/4370/799 1295/4410/809 5159/4463/822 1304/4471/826
f 1295/4410/809 1296/4411/809 5160/4464/822 5159/4463/822
f 1304/4471/826 5159/4463/822 5158/4460/822 1305/4469/824
f 205/4414/811 1301/4472/825 5161/4465/822 1297/4415/809
f 1301/4472/825 1302/4470/825 5162/4462/822 5161/4465/822
f 1297/4415/809 5161/4465/822 5160/4464/822 1296/4411/809
f 5164/4473/827 5165/4474/827 5163/4475/827 5169/4476/827
f 5166/4477/827 5167/4478/827 5163/4475/827 5165/4474/827
f 5168/4479/827 5169/4476/827 5163/4475/827 5167/4478/827
f 207/4466/823 1309/4480/828 5164/4473/827 1306/4467/824
f 1309/4480/828 1308/4481/828 5165/4474/827 5164/4473/827
f 1306/4467/824 5164/4473/827 5169/4476/827 1305/4469/824
f 206/4442/818 1300/4444/817 5166/4477/827 1307/4482/828
f 1300/4444/817 1299/4441/817 5167/4478/827 5166/4477/827
f 1307/4482/828 5166/4477/827 5165/4474/827 1308/4481/828
f 204/4370/799 1304/4471/826 5168/4479/827 1298/4440/817
f 1304/4471/826 1305/4469/824 5169/4476/827 5168/4479/827
f 1298/4440/817 5168/4479/827 5167/4478/827 1299/4441/817
f 5171/4483/829 5172/4484/829 5170/4485/829 5176/4486/829
f 5173/4487/829 5174/4488/829 5170/4485/829 5172/4484/829
f 5175/4489/830 5176/4486/829 5170/4485/829 5174/4488/829
f 205/4414/811 2471/4429/814 5171/4483/829 1310/4490/831
f 2471/4429/814 2472/4427/814 5172/4484/829 5171/4483/829
f 1310/4490/831 5171/4483/829 5176/4486/829 1311/4491/831
f 78/4424/813 2480/4492/832 5173/4487/829 2473/4425/814
f 2480/4492/832 2481/4493/832 5174/4488/829 5173/4487/829
f 2473/4425/814 5173/4487/829 5172/4484/829 2472/4427/814
f 208/4494/833 1312/4495/831 5175/4489/830 2482/4496/832
f 1312/4495/831 1311/4491/831 5176/4486/829 5175/4489/830
f 2482/4496/832 5175/4489/830 5174/4488/829 2481/4493/832
f 5178/4497/834 5179/4498/834 5177/4499/834 5183/4500/834
f 5180/4501/834 5181/4502/834 5177/4499/834 5179/4498/834
f 5182/4503/834 5183/4500/834 5177/4499/834 5181/4502/834
f 93/4504/835 2485/4505/836 5178/4497/834 736/4506/834
f 2485/4505/836 2484/4507/836 5179/4498/834 5178/4497/834
f 736/4506/834 5178/4497/834 5183/4500/834 735/4508/834
f 208/4494/833 2482/4496/832 5180/4501/834 2483/4509/836
f 2482/4496/832 2481/4493/832 5181/4502/834 5180/4501/834
f 2483/4509/836 5180/4501/834 5179/4498/834 2484/4507/836
f 78/4424/813 734/4510/834 5182/4503/834 2480/4492/832
f 734/4510/834 735/4508/834 5183/4500/834 5182/4503/834
f 2480/4492/832 5182/4503/834 5181/4502/834 2481/4493/832
f 5185/4511/837 5186/4512/837 5184/4513/837 5190/4514/837
f 5187/4515/837 5188/4516/837 5184/4513/837 5186/4512/837
f 5189/4517/837 5190/4514/837 5184/4513/837 5188/4516/837
f 209/4518/838 1318/4519/839 5185/4511/837 1315/4520/840
f 1318/4519/839 1317/4521/839 5186/4512/837 5185/4511/837
f 1315/4520/840 5185/4511/837 5190/4514/837 1314/4522/840
f 207/4466/823 1303/4468/825 5187/4515/837 1316/4523/839
f 1303/4468/825 1302/4470/825 5188/4516/837 5187/4515/837
f 1316/4523/839 5187/4515/837 5186/4512/837 1317/4521/839
f 205/4414/811 1313/4524/840 5189/4517/837 1301/4472/825
f 1313/4524/840 1314/4522/840 5190/4514/837 5189/4517/837
f 1301/4472/825 5189/4517/837 5188/4516/837 1302/4470/825
f 5192/4525/841 5193/4526/841 5191/4527/841 5197/4528/841
f 5194/4529/841 5195/4530/841 5191/4527/841 5193/4526/841
f 5196/4531/841 5197/4528/841 5191/4527/841 5195/4530/841
f 208/4494/833 1319/4532/842 5192/4525/841 1312/4495/831
f 1319/4532/842 1320/4533/842 5193/4526/841 5192/4525/841
f 1312/4495/831 5192/4525/841 5197/4528/841 1311/4491/831
f 209/4518/838 1315/4520/840 5194/4529/841 1321/4534/842
f 1315/4520/840 1314/4522/840 5195/4530/841 5194/4529/841
f 1321/4534/842 5194/4529/841 5193/4526/841 1320/4533/842
f 205/4414/811 1310/4490/831 5196/4531/841 1313/4524/840
f 1310/4490/831 1311/4491/831 5197/4528/841 5196/4531/841
f 1313/4524/840 5196/4531/841 5195/4530/841 1314/4522/840
f 5199/4535/843 5200/4536/843 5198/4537/843 5204/4538/843
f 5201/4539/843 5202/4540/843 5198/4537/843 5200/4536/843
f 5203/4541/843 5204/4538/843 5198/4537/843 5202/4540/843
f 210/4542/844 1327/4543/845 5199/4535/843 1324/4544/846
f 1327/4543/845 1326/4545/845 5200/4536/843 5199/4535/843
f 1324/4544/846 5199/4535/843 5204/4538/843 1323/4546/846
f 206/4442/818 1307/4482/828 5201/4539/843 1325/4547/845
f 1307/4482/828 1308/4481/828 5202/4540/843 5201/4539/843
f 1325/4547/845 5201/4539/843 5200/4536/843 1326/4545/845
f 207/4466/823 1322/4548/846 5203/4541/843 1309/4480/828
f 1322/4548/846 1323/4546/846 5204/4538/843 5203/4541/843
f 1309/4480/828 5203/4541/843 5202/4540/843 1308/4481/828
f 5206/4549/847 5207/4550/847 5205/4551/847 5211/4552/847
f 5208/4553/847 5209/4554/847 5205/4551/847 5207/4550/847
f 5210/4555/847 5211/4552/847 5205/4551/847 5209/4554/847
f 207/4466/823 1316/4523/839 5206/4549/847 1322/4548/846
f 1316/4523/839 1317/4521/839 5207/4550/847 5206/4549/847
f 1322/4548/846 5206/4549/847 5211/4552/847 1323/4546/846
f 209/4518/838 1328/4556/848 5208/4553/847 1318/4519/839
f 1328/4556/848 1329/4557/848 5209/4554/847 5208/4553/847
f 1318/4519/839 5208/4553/847 5207/4550/847 1317/4521/839
f 210/4542/844 1324/4544/846 5210/4555/847 1330/4558/848
f 1324/4544/846 1323/4546/846 5211/4552/847 5210/4555/847
f 1330/4558/848 5210/4555/847 5209/4554/847 1329/4557/848
f 5213/4559/849 5214/4560/849 5212/4561/849 5218/4562/849
f 5215/4563/849 5216/4564/849 5212/4561/849 5214/4560/849
f 5217/4565/849 5218/4562/849 5212/4561/849 5216/4564/849
f 211/4566/850 2488/4567/851 5213/4559/849 1333/4568/852
f 2488/4567/851 2487/4569/851 5214/4560/849 5213/4559/849
f 1333/4568/852 5213/4559/849 5218/4562/849 1332/4570/852
f 114/4454/821 2479/4456/820 5215/4563/849 2486/4571/851
f 2479/4456/820 2478/4453/820 5216/4564/849 5215/4563/849
f 2486/4571/851 5215/4563/849 5214/4560/849 2487/4569/851
f 206/4442/818 1331/4572/852 5217/4565/849 2477/4452/820
f 1331/4572/852 1332/4570/852 5218/4562/849 5217/4565/849
f 2477/4452/820 5217/4565/849 5216/4564/849 2478/4453/820
f 5220/4573/853 5221/4574/853 5219/4575/853 5225/4576/853
f 5222/4577/853 5223/4578/853 5219/4575/853 5221/4574/853
f 5224/4579/853 5225/4576/853 5219/4575/853 5223/4578/853
f 206/4442/818 1325/4547/845 5220/4573/853 1331/4572/852
f 1325/4547/845 1326/4545/845 5221/4574/853 5220/4573/853
f 1331/4572/852 5220/4573/853 5225/4576/853 1332/4570/852
f 210/4542/844 1334/4580/854 5222/4577/853 1327/4543/845
f 1334/4580/854 1335/4581/854 5223/4578/853 5222/4577/853
f 1327/4543/845 5222/4577/853 5221/4574/853 1326/4545/845
f 211/4566/850 1333/4568/852 5224/4579/853 1336/4582/854
f 1333/4568/852 1332/4570/852 5225/4576/853 5224/4579/853
f 1336/4582/854 5224/4579/853 5223/4578/853 1335/4581/854
f 5227/4583/855 5228/4584/855 5226/4585/856 5232/4586/856
f 5229/4587/855 5230/4588/856 5226/4585/856 5228/4584/855
f 5231/4589/856 5232/4586/856 5226/4585/856 5230/4588/856
f 114/4454/821 2486/4571/851 5227/4583/855 2489/4590/857
f 2486/4571/851 2487/4569/851 5228/4584/855 5227/4583/855
f 2489/4590/857 5227/4583/855 5232/4586/856 2490/4591/857
f 211/4566/850 1337/4592/858 5229/4587/855 2488/4567/851
f 1337/4592/858 1338/4593/858 5230/4588/856 5229/4587/855
f 2488/4567/851 5229/4587/855 5228/4584/855 2487/4569/851
f 212/4594/859 2491/4595/857 5231/4589/856 1339/4596/858
f 2491/4595/857 2490/4591/857 5232/4586/856 5231/4589/856
f 1339/4596/858 5231/4589/856 5230/4588/856 1338/4593/858
f 5234/4597/860 5235/4598/860 5233/4599/860 5239/4600/860
f 5236/4601/860 5237/4602/860 5233/4599/860 5235/4598/860
f 5238/4603/860 5239/4600/860 5233/4599/860 5237/4602/860
f 210/4542/844 1340/4604/861 5234/4597/860 1334/4580/854
f 1340/4604/861 1341/4605/861 5235/4598/860 5234/4597/860
f 1334/4580/854 5234/4597/860 5239/4600/860 1335/4581/854
f 212/4594/859 1339/4596/858 5236/4601/860 1342/4606/861
f 1339/4596/858 1338/4593/858 5237/4602/860 5236/4601/860
f 1342/4606/861 5236/4601/860 5235/4598/860 1341/4605/861
f 211/4566/850 1336/4582/854 5238/4603/860 1337/4592/858
f 1336/4582/854 1335/4581/854 5239/4600/860 5238/4603/860
f 1337/4592/858 5238/4603/860 5237/4602/860 1338/4593/858
f 5241/4607/819 5242/4608/819 5240/4609/819 5246/4610/819
f 5243/4611/819 5244/4612/819 5240/4609/819 5242/4608/819
f 5245/4613/819 5246/4610/819 5240/4609/819 5244/4612/819
f 212/4594/859 2492/4614/862 5241/4607/819 2491/4595/857
f 2492/4614/862 2493/4615/862 5242/4608/819 5241/4607/819
f 2491/4595/857 5241/4607/819 5246/4610/819 2490/4591/857
f 203/4616/863 2384/4617/819 5243/4611/819 2494/4618/862
f 2384/4617/819 2385/4619/819 5244/4612/819 5243/4611/819
f 2494/4618/862 5243/4611/819 5242/4608/819 2493/4615/862
f 114/4454/821 2489/4590/857 5245/4613/819 2386/4620/819
f 2489/4590/857 2490/4591/857 5246/4610/819 5245/4613/819
f 2386/4620/819 5245/4613/819 5244/4612/819 2385/4619/819
f 5248/4621/864 5249/4622/864 5247/4623/864 5253/4624/864
f 5250/4625/864 5251/4626/864 5247/4623/864 5249/4622/864
f 5252/4627/864 5253/4624/864 5247/4623/864 5251/4626/864
f 212/4594/859 1342/4606/861 5248/4621/864 1343/4628/865
f 1342/4606/861 1341/4605/861 5249/4622/864 5248/4621/864
f 1343/4628/865 5248/4621/864 5253/4624/864 1344/4629/865
f 210/4542/844 1346/4630/866 5250/4625/864 1340/4604/861
f 1346/4630/866 1347/4631/866 5251/4626/864 5250/4625/864
f 1340/4604/861 5250/4625/864 5249/4622/864 1341/4605/861
f 213/4632/867 1345/4633/865 5252/4627/864 1348/4634/866
f 1345/4633/865 1344/4629/865 5253/4624/864 5252/4627/864
f 1348/4634/866 5252/4627/864 5251/4626/864 1347/4631/866
f 5255/4635/868 5256/4636/868 5254/4637/868 5260/4638/869
f 5257/4639/868 5258/4640/868 5254/4637/868 5256/4636/868
f 5259/4641/868 5260/4638/869 5254/4637/868 5258/4640/868
f 209/4518/838 1349/4642/870 5255/4635/868 1328/4556/848
f 1349/4642/870 1350/4643/870 5256/4636/868 5255/4635/868
f 1328/4556/848 5255/4635/868 5260/4638/869 1329/4557/848
f 213/4632/867 1348/4634/866 5257/4639/868 1351/4644/870
f 1348/4634/866 1347/4631/866 5258/4640/868 5257/4639/868
f 1351/4644/870 5257/4639/868 5256/4636/868 1350/4643/870
f 210/4542/844 1330/4558/848 5259/4641/868 1346/4630/866
f 1330/4558/848 1329/4557/848 5260/4638/869 5259/4641/868
f 1346/4630/866 5259/4641/868 5258/4640/868 1347/4631/866
f 5262/4645/871 5263/4646/871 5261/4647/871 5267/4648/871
f 5264/4649/871 5265/4650/871 5261/4647/871 5263/4646/871
f 5266/4651/871 5267/4648/871 5261/4647/871 5265/4650/871
f 214/4652/872 2497/4653/873 5262/4645/871 1354/4654/874
f 2497/4653/873 2496/4655/875 5263/4646/871 5262/4645/871
f 1354/4654/874 5262/4645/871 5267/4648/871 1353/4656/874
f 203/4616/863 2494/4618/862 5264/4649/871 2495/4657/875
f 2494/4618/862 2493/4615/862 5265/4650/871 5264/4649/871
f 2495/4657/875 5264/4649/871 5263/4646/871 2496/4655/875
f 212/4594/859 1352/4658/874 5266/4651/871 2492/4614/862
f 1352/4658/874 1353/4656/874 5267/4648/871 5266/4651/871
f 2492/4614/862 5266/4651/871 5265/4650/871 2493/4615/862
f 5269/4659/876 5270/4660/876 5268/4661/876 5274/4662/876
f 5271/4663/876 5272/4664/876 5268/4661/876 5270/4660/876
f 5273/4665/876 5274/4662/876 5268/4661/876 5272/4664/876
f 213/4632/867 1355/4666/877 5269/4659/876 1345/4633/865
f 1355/4666/877 1356/4667/877 5270/4660/876 5269/4659/876
f 1345/4633/865 5269/4659/876 5274/4662/876 1344/4629/865
f 214/4652/872 1354/4654/874 5271/4663/876 1357/4668/877
f 1354/4654/874 1353/4656/874 5272/4664/876 5271/4663/876
f 1357/4668/877 5271/4663/876 5270/4660/876 1356/4667/877
f 212/4594/859 1343/4628/865 5273/4665/876 1352/4658/874
f 1343/4628/865 1344/4629/865 5274/4662/876 5273/4665/876
f 1352/4658/874 5273/4665/876 5272/4664/876 1353/4656/874
f 5276/4669/878 5277/4670/878 5275/4671/878 5281/4672/878
f 5278/4673/878 5279/4674/878 5275/4671/878 5277/4670/878
f 5280/4675/878 5281/4672/878 5275/4671/878 5279/4674/878
f 203/4616/863 2495/4657/875 5276/4669/878 2375/4676/878
f 2495/4657/875 2496/4655/875 5277/4670/878 5276/4669/878
f 2375/4676/878 5276/4669/878 5281/4672/878 2376/4677/878
f 214/4652/872 2498/4678/879 5278/4673/878 2497/4653/873
f 2498/4678/879 2499/4679/879 5279/4674/878 5278/4673/878
f 2497/4653/873 5278/4673/878 5277/4670/878 2496/4655/875
f 157/4680/880 2377/4681/878 5280/4675/878 2500/4682/879
f 2377/4681/878 2376/4677/878 5281/4672/878 5280/4675/878
f 2500/4682/879 5280/4675/878 5279/4674/878 2499/4679/879
f 5283/4683/881 5284/4684/881 5282/4685/881 5288/4686/881
f 5285/4687/881 5286/4688/881 5282/4685/881 5284/4684/881
f 5287/4689/881 5288/4686/881 5282/4685/881 5286/4688/881
f 213/4632/867 1351/4644/870 5283/4683/881 1358/4690/882
f 1351/4644/870 1350/4643/870 5284/4684/881 5283/4683/881
f 1358/4690/882 5283/4683/881 5288/4686/881 1359/4691/882
f 209/4518/838 1361/4692/883 5285/4687/881 1349/4642/870
f 1361/4692/883 1362/4693/883 5286/4688/881 5285/4687/881
f 1349/4642/870 5285/4687/881 5284/4684/881 1350/4643/870
f 215/4694/884 1360/4695/882 5287/4689/881 1363/4696/883
f 1360/4695/882 1359/4691/882 5288/4686/881 5287/4689/881
f 1363/4696/883 5287/4689/881 5286/4688/881 1362/4693/883
f 5290/4697/885 5291/4698/885 5289/4699/885 5295/4700/885
f 5292/4701/885 5293/4702/885 5289/4699/885 5291/4698/885
f 5294/4703/885 5295/4700/885 5289/4699/885 5293/4702/885
f 213/4632/867 1358/4690/882 5290/4697/885 1355/4666/877
f 1358/4690/882 1359/4691/882 5291/4698/885 5290/4697/885
f 1355/4666/877 5290/4697/885 5295/4700/885 1356/4667/877
f 215/4694/884 1366/4704/886 5292/4701/885 1360/4695/882
f 1366/4704/886 1365/4705/887 5293/4702/885 5292/4701/885
f 1360/4695/882 5292/4701/885 5291/4698/885 1359/4691/882
f 214/4652/872 1357/4668/877 5294/4703/885 1364/4706/886
f 1357/4668/877 1356/4667/877 5295/4700/885 5294/4703/885
f 1364/4706/886 5294/4703/885 5293/4702/885 1365/4705/887
f 5297/4707/888 5298/4708/888 5296/4709/888 5302/4710/888
f 5299/4711/888 5300/4712/888 5296/4709/888 5298/4708/888
f 5301/4713/888 5302/4710/888 5296/4709/888 5300/4712/888
f 164/4714/889 2506/4715/890 5297/4707/888 2503/4716/891
f 2506/4715/890 2505/4717/890 5298/4708/888 5297/4707/888
f 2503/4716/891 5297/4707/888 5302/4710/888 2502/4718/891
f 157/4680/880 2500/4682/879 5299/4711/888 2504/4719/890
f 2500/4682/879 2499/4679/879 5300/4712/888 5299/4711/888
f 2504/4719/890 5299/4711/888 5298/4708/888 2505/4717/890
f 214/4652/872 2501/4720/891 5301/4713/888 2498/4678/879
f 2501/4720/891 2502/4718/891 5302/4710/888 5301/4713/888
f 2498/4678/879 5301/4713/888 5300/4712/888 2499/4679/879
f 5304/4721/892 5305/4722/892 5303/4723/892 5309/4724/892
f 5306/4725/892 5307/4726/892 5303/4723/892 5305/4722/892
f 5308/4727/893 5309/4724/892 5303/4723/892 5307/4726/892
f 157/4680/880 2504/4719/890 5304/4721/892 2507/4728/894
f 2504/4719/890 2505/4717/890 5305/4722/892 5304/4721/892
f 2507/4728/894 5304/4721/892 5309/4724/892 2508/4729/894
f 164/4714/889 1045/4730/893 5306/4725/892 2506/4715/890
f 1045/4730/893 1044/4731/892 5307/4726/892 5306/4725/892
f 2506/4715/890 5306/4725/892 5305/4722/892 2505/4717/890
f 163/4732/895 2509/4733/894 5308/4727/893 1043/4734/893
f 2509/4733/894 2508/4729/894 5309/4724/892 5308/4727/893
f 1043/4734/893 5308/4727/893 5307/4726/892 1044/4731/892
f 5311/4735/896 5312/4736/896 5310/4737/896 5316/4738/896
f 5313/4739/896 5314/4740/896 5310/4737/896 5312/4736/896
f 5315/4741/897 5316/4738/896 5310/4737/896 5314/4740/896
f 166/4742/898 1051/4743/896 5311/4735/896 2512/4744/899
f 1051/4743/896 1050/4745/896 5312/4736/896 5311/4735/896
f 2512/4744/899 5311/4735/896 5316/4738/896 2511/4746/900
f 164/4714/889 2503/4716/891 5313/4739/896 1049/4747/896
f 2503/4716/891 2502/4718/891 5314/4740/896 5313/4739/896
f 1049/4747/896 5313/4739/896 5312/4736/896 1050/4745/896
f 214/4652/872 2510/4748/900 5315/4741/897 2501/4720/891
f 2510/4748/900 2511/4746/900 5316/4738/896 5315/4741/897
f 2501/4720/891 5315/4741/897 5314/4740/896 2502/4718/891
f 5318/4749/901 5319/4750/901 5317/4751/901 5323/4752/901
f 5320/4753/901 5321/4754/901 5317/4751/901 5319/4750/901
f 5322/4755/901 5323/4752/901 5317/4751/901 5321/4754/901
f 214/4652/872 1364/4706/886 5318/4749/901 2510/4748/900
f 1364/4706/886 1365/4705/887 5319/4750/901 5318/4749/901
f 2510/4748/900 5318/4749/901 5323/4752/901 2511/4746/900
f 215/4694/884 2513/4756/902 5320/4753/901 1366/4704/886
f 2513/4756/902 2514/4757/902 5321/4754/901 5320/4753/901
f 1366/4704/886 5320/4753/901 5319/4750/901 1365/4705/887
f 166/4742/898 2512/4744/899 5322/4755/901 2515/4758/902
f 2512/4744/899 2511/4746/900 5323/4752/901 5322/4755/901
f 2515/4758/902 5322/4755/901 5321/4754/901 2514/4757/902
f 5325/4759/903 5326/4760/903 5324/4761/903 5330/4762/903
f 5327/4763/903 5328/4764/903 5324/4761/903 5326/4760/903
f 5329/4765/903 5330/4762/903 5324/4761/903 5328/4764/903
f 163/4732/895 2516/4766/904 5325/4759/903 2509/4733/894
f 2516/4766/904 2517/4767/904 5326/4760/903 5325/4759/903
f 2509/4733/894 5325/4759/903 5330/4762/903 2508/4729/894
f 155/4768/905 1025/4769/903 5327/4763/903 2518/4770/904
f 1025/4769/903 1026/4771/903 5328/4764/903 5327/4763/903
f 2518/4770/904 5327/4763/903 5326/4760/903 2517/4767/904
f 157/4680/880 2507/4728/894 5329/4765/903 1027/4772/903
f 2507/4728/894 2508/4729/894 5330/4762/903 5329/4765/903
f 1027/4772/903 5329/4765/903 5328/4764/903 1026/4771/903
f 5332/4773/906 5333/4774/906 5331/4775/906 5337/4776/906
f 5334/4777/906 5335/4778/906 5331/4775/906 5333/4774/906
f 5336/4779/906 5337/4776/906 5331/4775/906 5335/4778/906
f 215/4694/884 2519/4780/907 5332/4773/906 2513/4756/902
f 2519/4780/907 2520/4781/907 5333/4774/906 5332/4773/906
f 2513/4756/902 5332/4773/906 5337/4776/906 2514/4757/902
f 169/4782/908 1066/4783/906 5334/4777/906 2521/4784/907
f 1066/4783/906 1065/4785/906 5335/4778/906 5334/4777/906
f 2521/4784/907 5334/4777/906 5333/4774/906 2520/4781/907
f 166/4742/898 2515/4758/902 5336/4779/906 1064/4786/906
f 2515/4758/902 2514/4757/902 5337/4776/906 5336/4779/906
f 1064/4786/906 5336/4779/906 5335/4778/906 1065/4785/906
f 5339/4787/909 5340/4788/909 5338/4789/909 5344/4790/910
f 5341/4791/910 5342/4792/910 5338/4789/909 5340/4788/909
f 5343/4793/910 5344/4790/910 5338/4789/909 5342/4792/910
f 162/4794/911 2524/4795/912 5339/4787/909 1040/4796/910
f 2524/4795/912 2523/4797/912 5340/4788/909 5339/4787/909
f 1040/4796/910 5339/4787/909 5344/4790/910 1041/4798/910
f 155/4768/905 2518/4770/904 5341/4791/910 2522/4799/912
f 2518/4770/904 2517/4767/904 5342/4792/910 5341/4791/910
f 2522/4799/912 5341/4791/910 5340/4788/909 2523/4797/912
f 163/4732/895 1042/4800/910 5343/4793/910 2516/4766/904
f 1042/4800/910 1041/4798/910 5344/4790/910 5343/4793/910
f 2516/4766/904 5343/4793/910 5342/4792/910 2517/4767/904
f 5346/4801/913 5347/4802/913 5345/4803/914 5351/4804/914
f 5348/4805/913 5349/4806/913 5345/4803/914 5347/4802/913
f 5350/4807/913 5351/4804/914 5345/4803/914 5349/4806/913
f 162/4794/911 2525/4808/915 5346/4801/913 2524/4795/912
f 2525/4808/915 2526/4809/915 5347/4802/913 5346/4801/913
f 2524/4795/912 5346/4801/913 5351/4804/914 2523/4797/912
f 154/4810/916 1016/4811/913 5348/4805/913 2527/4812/915
f 1016/4811/913 1017/4813/914 5349/4806/913 5348/4805/913
f 2527/4812/915 5348/4805/913 5347/4802/913 2526/4809/915
f 155/4768/905 2522/4799/912 5350/4807/913 1018/4814/913
f 2522/4799/912 2523/4797/912 5351/4804/914 5350/4807/913
f 1018/4814/913 5350/4807/913 5349/4806/913 1017/4813/914
f 5353/4815/917 5354/4816/917 5352/4817/917 5358/4818/917
f 5355/4819/917 5356/4820/917 5352/4817/917 5354/4816/917
f 5357/4821/917 5358/4818/917 5352/4817/917 5356/4820/917
f 154/4810/916 2527/4812/915 5353/4815/917 2528/4822/918
f 2527/4812/915 2526/4809/915 5354/4816/917 5353/4815/917
f 2528/4822/918 5353/4815/917 5358/4818/917 2529/4823/918
f 162/4794/911 1039/4824/917 5355/4819/917 2525/4808/915
f 1039/4824/917 1038/4825/917 5356/4820/917 5355/4819/917
f 2525/4808/915 5355/4819/917 5354/4816/917 2526/4809/915
f 161/4826/919 2530/4827/918 5357/4821/917 1037/4828/917
f 2530/4827/918 2529/4823/918 5358/4818/917 5357/4821/917
f 1037/4828/917 5357/4821/917 5356/4820/917 1038/4825/917
f 5360/4829/920 5361/4830/921 5359/4831/921 5365/4832/920
f 5362/4833/921 5363/4834/921 5359/4831/921 5361/4830/921
f 5364/4835/921 5365/4832/920 5359/4831/921 5363/4834/921
f 152/4836/922 2533/4837/923 5360/4829/920 2329/4838/920
f 2533/4837/923 2532/4839/923 5361/4830/921 5360/4829/920
f 2329/4838/920 5360/4829/920 5365/4832/920 2328/4840/920
f 154/4810/916 2528/4822/918 5362/4833/921 2531/4841/923
f 2528/4822/918 2529/4823/918 5363/4834/921 5362/4833/921
f 2531/4841/923 5362/4833/921 5361/4830/921 2532/4839/923
f 161/4826/919 2327/4842/921 5364/4835/921 2530/4827/918
f 2327/4842/921 2328/4840/920 5365/4832/920 5364/4835/921
f 2530/4827/918 5364/4835/921 5363/4834/921 2529/4823/918
f 5367/4843/924 5368/4844/924 5366/4845/924 5372/4846/924
f 5369/4847/924 5370/4848/924 5366/4845/924 5368/4844/924
f 5371/4849/924 5372/4846/924 5366/4845/924 5370/4848/924
f 154/4810/916 2531/4841/923 5367/4843/924 2279/4850/924
f 2531/4841/923 2532/4839/923 5368/4844/924 5367/4843/924
f 2279/4850/924 5367/4843/924 5372/4846/924 2280/4851/924
f 152/4836/922 1013/4852/924 5369/4847/924 2533/4837/923
f 1013/4852/924 1014/4853/924 5370/4848/924 5369/4847/924
f 2533/4837/923 5369/4847/924 5368/4844/924 2532/4839/923
f 153/4854/924 2281/4855/924 5371/4849/924 1015/4856/924
f 2281/4855/924 2280/4851/924 5372/4846/924 5371/4849/924
f 1015/4856/924 5371/4849/924 5370/4848/924 1014/4853/924
f 5374/4857/925 5375/4858/925 5373/4859/925 5379/4860/925
f 5376/4861/925 5377/4862/925 5373/4859/925 5375/4858/925
f 5378/4863/925 5379/4860/925 5373/4859/925 5377/4862/925
f 169/4782/908 2521/4784/907 5374/4857/925 2534/4864/926
f 2521/4784/907 2520/4781/907 5375/4858/925 5374/4857/925
f 2534/4864/926 5374/4857/925 5379/4860/925 2535/4865/926
f 215/4694/884 1367/4866/927 5376/4861/925 2519/4780/907
f 1367/4866/927 1368/4867/927 5377/4862/925 5376/4861/925
f 2519/4780/907 5376/4861/925 5375/4858/925 2520/4781/907
f 216/4868/928 2536/4869/926 5378/4863/925 1369/4870/927
f 2536/4869/926 2535/4865/926 5379/4860/925 5378/4863/925
f 1369/4870/927 5378/4863/925 5377/4862/925 1368/4867/927
f 5381/4871/929 5382/4872/929 5380/4873/929 5386/4874/929
f 5383/4875/929 5384/4876/929 5380/4873/929 5382/4872/929
f 5385/4877/930 5386/4874/929 5380/4873/929 5384/4876/929
f 216/4868/928 1369/4870/927 5381/4871/929 1372/4878/931
f 1369/4870/927 1368/4867/927 5382/4872/929 5381/4871/929
f 1372/4878/931 5381/4871/929 5386/4874/929 1371/4879/931
f 215/4694/884 1363/4696/883 5383/4875/929 1367/4866/927
f 1363/4696/883 1362/4693/883 5384/4876/929 5383/4875/929
f 1367/4866/927 5383/4875/929 5382/4872/929 1368/4867/927
f 209/4518/838 1370/4880/931 5385/4877/930 1361/4692/883
f 1370/4880/931 1371/4879/931 5386/4874/929 5385/4877/930
f 1361/4692/883 5385/4877/930 5384/4876/929 1362/4693/883
f 5388/4881/932 5389/4882/932 5387/4883/932 5393/4884/932
f 5390/4885/932 5391/4886/932 5387/4883/932 5389/4882/932
f 5392/4887/932 5393/4884/932 5387/4883/932 5391/4886/932
f 184/4888/933 1177/4889/932 5388/4881/932 2539/4890/934
f 1177/4889/932 1176/4891/932 5389/4882/932 5388/4881/932
f 2539/4890/934 5388/4881/932 5393/4884/932 2538/4892/934
f 169/4782/908 2534/4864/926 5390/4885/932 1175/4893/932
f 2534/4864/926 2535/4865/926 5391/4886/932 5390/4885/932
f 1175/4893/932 5390/4885/932 5389/4882/932 1176/4891/932
f 216/4868/928 2537/4894/934 5392/4887/932 2536/4869/926
f 2537/4894/934 2538/4892/934 5393/4884/932 5392/4887/932
f 2536/4869/926 5392/4887/932 5391/4886/932 2535/4865/926
f 5395/4895/935 5396/4896/935 5394/4897/935 5400/4898/935
f 5397/4899/935 5398/4900/935 5394/4897/935 5396/4896/935
f 5399/4901/935 5400/4898/935 5394/4897/935 5398/4900/935
f 209/4518/838 1373/4902/936 5395/4895/935 1370/4880/931
f 1373/4902/936 1374/4903/936 5396/4896/935 5395/4895/935
f 1370/4880/931 5395/4895/935 5400/4898/935 1371/4879/931
f 217/4904/937 1378/4905/938 5397/4899/935 1375/4906/936
f 1378/4905/938 1377/4907/938 5398/4900/935 5397/4899/935
f 1375/4906/936 5397/4899/935 5396/4896/935 1374/4903/936
f 216/4868/928 1372/4878/931 5399/4901/935 1376/4908/938
f 1372/4878/931 1371/4879/931 5400/4898/935 5399/4901/935
f 1376/4908/938 5399/4901/935 5398/4900/935 1377/4907/938
f 5402/4909/939 5403/4910/939 5401/4911/939 5407/4912/939
f 5404/4913/939 5405/4914/939 5401/4911/939 5403/4910/939
f 5406/4915/939 5407/4912/939 5401/4911/939 5405/4914/939
f 209/4518/838 1321/4534/842 5402/4909/939 1373/4902/936
f 1321/4534/842 1320/4533/842 5403/4910/939 5402/4909/939
f 1373/4902/936 5402/4909/939 5407/4912/939 1374/4903/936
f 208/4494/833 1379/4916/940 5404/4913/939 1319/4532/842
f 1379/4916/940 1380/4917/940 5405/4914/939 5404/4913/939
f 1319/4532/842 5404/4913/939 5403/4910/939 1320/4533/842
f 217/4904/937 1375/4906/936 5406/4915/939 1381/4918/940
f 1375/4906/936 1374/4903/936 5407/4912/939 5406/4915/939
f 1381/4918/940 5406/4915/939 5405/4914/939 1380/4917/940
f 5409/4919/941 5410/4920/941 5408/4921/941 5414/4922/941
f 5411/4923/941 5412/4924/941 5408/4921/941 5410/4920/941
f 5413/4925/941 5414/4922/941 5408/4921/941 5412/4924/941
f 216/4868/928 1382/4926/942 5409/4919/941 2537/4894/934
f 1382/4926/942 1383/4927/942 5410/4920/941 5409/4919/941
f 2537/4894/934 5409/4919/941 5414/4922/941 2538/4892/934
f 218/4928/943 2542/4929/944 5411/4923/941 1384/4930/942
f 2542/4929/944 2541/4931/944 5412/4924/941 5411/4923/941
f 1384/4930/942 5411/4923/941 5410/4920/941 1383/4927/942
f 184/4888/933 2539/4890/934 5413/4925/941 2540/4932/944
f 2539/4890/934 2538/4892/934 5414/4922/941 5413/4925/941
f 2540/4932/944 5413/4925/941 5412/4924/941 2541/4931/944
f 5416/4933/945 5417/4934/945 5415/4935/945 5421/4936/945
f 5418/4937/945 5419/4938/945 5415/4935/945 5417/4934/945
f 5420/4939/945 5421/4936/945 5415/4935/945 5419/4938/945
f 219/4940/946 1390/4941/947 5416/4933/945 1387/4942/948
f 1390/4941/947 1389/4943/949 5417/4934/945 5416/4933/945
f 1387/4942/948 5416/4933/945 5421/4936/945 1386/4944/948
f 216/4868/928 1376/4908/938 5418/4937/945 1388/4945/947
f 1376/4908/938 1377/4907/938 5419/4938/945 5418/4937/945
f 1388/4945/947 5418/4937/945 5417/4934/945 1389/4943/949
f 217/4904/937 1385/4946/948 5420/4939/945 1378/4905/938
f 1385/4946/948 1386/4944/948 5421/4936/945 5420/4939/945
f 1378/4905/938 5420/4939/945 5419/4938/945 1377/4907/938
f 5423/4947/950 5424/4948/950 5422/4949/950 5428/4950/950
f 5425/4951/950 5426/4952/950 5422/4949/950 5424/4948/950
f 5427/4953/950 5428/4950/950 5422/4949/950 5426/4952/950
f 216/4868/928 1388/4945/947 5423/4947/950 1382/4926/942
f 1388/4945/947 1389/4943/949 5424/4948/950 5423/4947/950
f 1382/4926/942 5423/4947/950 5428/4950/950 1383/4927/942
f 219/4940/946 1393/4954/951 5425/4951/950 1390/4941/947
f 1393/4954/951 1392/4955/951 5426/4952/950 5425/4951/950
f 1390/4941/947 5425/4951/950 5424/4948/950 1389/4943/949
f 218/4928/943 1384/4930/942 5427/4953/950 1391/4956/951
f 1384/4930/942 1383/4927/942 5428/4950/950 5427/4953/950
f 1391/4956/951 5427/4953/950 5426/4952/950 1392/4955/951
f 5430/4957/952 5431/4958/952 5429/4959/952 5435/4960/952
f 5432/4961/952 5433/4962/952 5429/4959/952 5431/4958/952
f 5434/4963/952 5435/4960/952 5429/4959/952 5433/4962/952
f 219/4940/946 1387/4942/948 5430/4957/952 1396/4964/953
f 1387/4942/948 1386/4944/948 5431/4958/952 5430/4957/952
f 1396/4964/953 5430/4957/952 5435/4960/952 1395/4965/953
f 217/4904/937 1381/4918/940 5432/4961/952 1385/4946/948
f 1381/4918/940 1380/4917/940 5433/4962/952 5432/4961/952
f 1385/4946/948 5432/4961/952 5431/4958/952 1386/4944/948
f 208/4494/833 1394/4966/954 5434/4963/952 1379/4916/940
f 1394/4966/954 1395/4965/953 5435/4960/952 5434/4963/952
f 1379/4916/940 5434/4963/952 5433/4962/952 1380/4917/940
f 5437/4967/955 5438/4968/955 5436/4969/955 5442/4970/955
f 5439/4971/955 5440/4972/955 5436/4969/955 5438/4968/955
f 5441/4973/955 5442/4970/955 5436/4969/955 5440/4972/955
f 220/4974/956 2545/4975/957 5437/4967/955 1399/4976/958
f 2545/4975/957 2544/4977/957 5438/4968/955 5437/4967/955
f 1399/4976/958 5437/4967/955 5442/4970/955 1398/4978/958
f 184/4888/933 2540/4932/944 5439/4971/955 2543/4979/957
f 2540/4932/944 2541/4931/944 5440/4972/955 5439/4971/955
f 2543/4979/957 5439/4971/955 5438/4968/955 2544/4977/957
f 218/4928/943 1397/4980/958 5441/4973/955 2542/4929/944
f 1397/4980/958 1398/4978/958 5442/4970/955 5441/4973/955
f 2542/4929/944 5441/4973/955 5440/4972/955 2541/4931/944
f 5444/4981/959 5445/4982/959 5443/4983/959 5449/4984/959
f 5446/4985/959 5447/4986/959 5443/4983/959 5445/4982/959
f 5448/4987/960 5449/4984/959 5443/4983/959 5447/4986/959
f 219/4940/946 1400/4988/961 5444/4981/959 1393/4954/951
f 1400/4988/961 1401/4989/961 5445/4982/959 5444/4981/959
f 1393/4954/951 5444/4981/959 5449/4984/959 1392/4955/951
f 220/4974/956 1399/4976/958 5446/4985/959 1402/4990/961
f 1399/4976/958 1398/4978/958 5447/4986/959 5446/4985/959
f 1402/4990/961 5446/4985/959 5445/4982/959 1401/4989/961
f 218/4928/943 1391/4956/951 5448/4987/960 1397/4980/958
f 1391/4956/951 1392/4955/951 5449/4984/959 5448/4987/960
f 1397/4980/958 5448/4987/960 5447/4986/959 1398/4978/958
f 5451/4991/962 5452/4992/962 5450/4993/962 5456/4994/962
f 5453/4995/962 5454/4996/962 5450/4993/962 5452/4992/962
f 5455/4997/962 5456/4994/962 5450/4993/962 5454/4996/962
f 185/4998/963 1183/4999/962 5451/4991/962 2548/5000/964
f 1183/4999/962 1182/5001/962 5452/4992/962 5451/4991/962
f 2548/5000/964 5451/4991/962 5456/4994/962 2547/5002/965
f 184/4888/933 2543/4979/957 5453/4995/962 1181/5003/962
f 2543/4979/957 2544/4977/957 5454/4996/962 5453/4995/962
f 1181/5003/962 5453/4995/962 5452/4992/962 1182/5001/962
f 220/4974/956 2546/5004/965 5455/4997/962 2545/4975/957
f 2546/5004/965 2547/5002/965 5456/4994/962 5455/4997/962
f 2545/4975/957 5455/4997/962 5454/4996/962 2544/4977/957
f 5458/5005/966 5459/5006/966 5457/5007/966 5463/5008/966
f 5460/5009/966 5461/5010/966 5457/5007/966 5459/5006/966
f 5462/5011/966 5463/5008/966 5457/5007/966 5461/5010/966
f 220/4974/956 2549/5012/967 5458/5005/966 2546/5004/965
f 2549/5012/967 2550/5013/967 5459/5006/966 5458/5005/966
f 2546/5004/965 5458/5005/966 5463/5008/966 2547/5002/965
f 186/5014/968 1192/5015/966 5460/5009/966 2551/5016/967
f 1192/5015/966 1191/5017/966 5461/5010/966 5460/5009/966
f 2551/5016/967 5460/5009/966 5459/5006/966 2550/5013/967
f 185/4998/963 2548/5000/964 5462/5011/966 1190/5018/966
f 2548/5000/964 2547/5002/965 5463/5008/966 5462/5011/966
f 1190/5018/966 5462/5011/966 5461/5010/966 1191/5017/966
f 5465/5019/969 5466/5020/969 5464/5021/969 5470/5022/969
f 5467/5023/969 5468/5024/969 5464/5021/969 5466/5020/969
f 5469/5025/969 5470/5022/969 5464/5021/969 5468/5024/969
f 208/4494/833 1403/5026/970 5465/5019/969 1394/4966/954
f 1403/5026/970 1404/5027/970 5466/5020/969 5465/5019/969
f 1394/4966/954 5465/5019/969 5470/5022/969 1395/4965/953
f 221/5028/971 1408/5029/972 5467/5023/969 1405/5030/970
f 1408/5029/972 1407/5031/972 5468/5024/969 5467/5023/969
f 1405/5030/970 5467/5023/969 5466/5020/969 1404/5027/970
f 219/4940/946 1396/4964/953 5469/5025/969 1406/5032/972
f 1396/4964/953 1395/4965/953 5470/5022/969 5469/5025/969
f 1406/5032/972 5469/5025/969 5468/5024/969 1407/5031/972
f 5472/5033/973 5473/5034/973 5471/5035/974 5477/5036/974
f 5474/5037/973 5475/5038/974 5471/5035/974 5473/5034/973
f 5476/5039/973 5477/5036/974 5471/5035/974 5475/5038/974
f 221/5028/971 1405/5030/970 5472/5033/973 2554/5040/975
f 1405/5030/970 1404/5027/970 5473/5034/973 5472/5033/973
f 2554/5040/975 5472/5033/973 5477/5036/974 2553/5041/975
f 208/4494/833 2483/4509/836 5474/5037/973 1403/5026/970
f 2483/4509/836 2484/4507/836 5475/5038/974 5474/5037/973
f 1403/5026/970 5474/5037/973 5473/5034/973 1404/5027/970
f 93/4504/835 2552/5042/975 5476/5039/973 2485/4505/836
f 2552/5042/975 2553/5041/975 5477/5036/974 5476/5039/973
f 2485/4505/836 5476/5039/973 5475/5038/974 2484/4507/836
f 5479/5043/976 5480/5044/976 5478/5045/976 5484/5046/976
f 5481/5047/976 5482/5048/976 5478/5045/976 5480/5044/976
f 5483/5049/976 5484/5046/976 5478/5045/976 5482/5048/976
f 186/5014/968 2551/5016/967 5479/5043/976 2555/5050/977
f 2551/5016/967 2550/5013/967 5480/5044/976 5479/5043/976
f 2555/5050/977 5479/5043/976 5484/5046/976 2556/5051/977
f 220/4974/956 1409/5052/978 5481/5047/976 2549/5012/967
f 1409/5052/978 1410/5053/978 5482/5048/976 5481/5047/976
f 2549/5012/967 5481/5047/976 5480/5044/976 2550/5013/967
f 222/5054/979 2557/5055/977 5483/5049/976 1411/5056/978
f 2557/5055/977 2556/5051/977 5484/5046/976 5483/5049/976
f 1411/5056/978 5483/5049/976 5482/5048/976 1410/5053/978
f 5486/5057/980 5487/5058/980 5485/5059/980 5491/5060/980
f 5488/5061/980 5489/5062/980 5485/5059/980 5487/5058/980
f 5490/5063/980 5491/5060/980 5485/5059/980 5489/5062/980
f 222/5054/979 2558/5064/981 5486/5057/980 2557/5055/977
f 2558/5064/981 2559/5065/981 5487/5058/980 5486/5057/980
f 2557/5055/977 5486/5057/980 5491/5060/980 2556/5051/977
f 187/5066/982 1201/5067/980 5488/5061/980 2560/5068/981
f 1201/5067/980 1200/5069/980 5489/5062/980 5488/5061/980
f 2560/5068/981 5488/5061/980 5487/5058/980 2559/5065/981
f 186/5014/968 2555/5050/977 5490/5063/980 1199/5070/980
f 2555/5050/977 2556/5051/977 5491/5060/980 5490/5063/980
f 1199/5070/980 5490/5063/980 5489/5062/980 1200/5069/980
f 5493/5071/983 5494/5072/983 5492/5073/983 5498/5074/983
f 5495/5075/983 5496/5076/983 5492/5073/983 5494/5072/983
f 5497/5077/983 5498/5074/983 5492/5073/983 5496/5076/983
f 223/5078/984 1414/5079/985 5493/5071/983 2563/5080/986
f 1414/5079/985 1413/5081/985 5494/5072/983 5493/5071/983
f 2563/5080/986 5493/5071/983 5498/5074/983 2562/5082/986
f 221/5028/971 2554/5040/975 5495/5075/983 1412/5083/985
f 2554/5040/975 2553/5041/975 5496/5076/983 5495/5075/983
f 1412/5083/985 5495/5075/983 5494/5072/983 1413/5081/985
f 93/4504/835 2561/5084/986 5497/5077/983 2552/5042/975
f 2561/5084/986 2562/5082/986 5498/5074/983 5497/5077/983
f 2552/5042/975 5497/5077/983 5496/5076/983 2553/5041/975
f 5500/5085/987 5501/5086/987 5499/5087/987 5505/5088/987
f 5502/5089/987 5503/5090/987 5499/5087/987 5501/5086/987
f 5504/5091/987 5505/5088/987 5499/5087/987 5503/5090/987
f 223/5078/984 1417/5092/988 5500/5085/987 1414/5079/985
f 1417/5092/988 1416/5093/988 5501/5086/987 5500/5085/987
f 1414/5079/985 5500/5085/987 5505/5088/987 1413/5081/985
f 219/4940/946 1406/5032/972 5502/5089/987 1415/5094/988
f 1406/5032/972 1407/5031/972 5503/5090/987 5502/5089/987
f 1415/5094/988 5502/5089/987 5501/5086/987 1416/5093/988
f 221/5028/971 1412/5083/985 5504/5091/987 1408/5029/972
f 1412/5083/985 1413/5081/985 5505/5088/987 5504/5091/987
f 1408/5029/972 5504/5091/987 5503/5090/987 1407/5031/972
f 5507/5095/989 5508/5096/989 5506/5097/989 5512/5098/989
f 5509/5099/989 5510/5100/989 5506/5097/989 5508/5096/989
f 5511/5101/989 5512/5098/989 5506/5097/989 5510/5100/989
f 93/4504/835 743/5102/989 5507/5095/989 2561/5084/986
f 743/5102/989 744/5103/989 5508/5096/989 5507/5095/989
f 2561/5084/986 5507/5095/989 5512/5098/989 2562/5082/986
f 94/5104/990 2566/5105/991 5509/5099/989 745/5106/989
f 2566/5105/991 2565/5107/991 5510/5100/989 5509/5099/989
f 745/5106/989 5509/5099/989 5508/5096/989 744/5103/989
f 223/5078/984 2563/5080/986 5511/5101/989 2564/5108/991
f 2563/5080/986 2562/5082/986 5512/5098/989 5511/5101/989
f 2564/5108/991 5511/5101/989 5510/5100/989 2565/5107/991
f 5514/5109/992 5515/5110/992 5513/5111/992 5519/5112/992
f 5516/5113/992 5517/5114/992 5513/5111/992 5515/5110/992
f 5518/5115/992 5519/5112/992 5513/5111/992 5517/5114/992
f 95/5116/993 2569/5117/994 5514/5109/992 754/5118/992
f 2569/5117/994 2568/5119/994 5515/5110/992 5514/5109/992
f 754/5118/992 5514/5109/992 5519/5112/992 753/5120/992
f 223/5078/984 2564/5108/991 5516/5113/992 2567/5121/994
f 2564/5108/991 2565/5107/991 5517/5114/992 5516/5113/992
f 2567/5121/994 5516/5113/992 5515/5110/992 2568/5119/994
f 94/5104/990 752/5122/992 5518/5115/992 2566/5105/991
f 752/5122/992 753/5120/992 5519/5112/992 5518/5115/992
f 2566/5105/991 5518/5115/992 5517/5114/992 2565/5107/991
f 5521/5123/995 5522/5124/995 5520/5125/995 5526/5126/995
f 5523/5127/995 5524/5128/995 5520/5125/995 5522/5124/995
f 5525/5129/995 5526/5126/995 5520/5125/995 5524/5128/995
f 220/4974/956 1402/4990/961 5521/5123/995 1418/5130/996
f 1402/4990/961 1401/4989/961 5522/5124/995 5521/5123/995
f 1418/5130/996 5521/5123/995 5526/5126/995 1419/5131/996
f 219/4940/946 1421/5132/997 5523/5127/995 1400/4988/961
f 1421/5132/997 1422/5133/997 5524/5128/995 5523/5127/995
f 1400/4988/961 5523/5127/995 5522/5124/995 1401/4989/961
f 224/5134/998 1420/5135/996 5525/5129/995 1423/5136/997
f 1420/5135/996 1419/5131/996 5526/5126/995 5525/5129/995
f 1423/5136/997 5525/5129/995 5524/5128/995 1422/5133/997
f 5528/5137/999 5529/5138/999 5527/5139/999 5533/5140/999
f 5530/5141/999 5531/5142/999 5527/5139/999 5529/5138/999
f 5532/5143/999 5533/5140/999 5527/5139/999 5531/5142/999
f 219/4940/946 1415/5094/988 5528/5137/999 1421/5132/997
f 1415/5094/988 1416/5093/988 5529/5138/999 5528/5137/999
f 1421/5132/997 5528/5137/999 5533/5140/999 1422/5133/997
f 223/5078/984 1424/5144/1000 5530/5141/999 1417/5092/988
f 1424/5144/1000 1425/5145/1000 5531/5142/999 5530/5141/999
f 1417/5092/988 5530/5141/999 5529/5138/999 1416/5093/988
f 224/5134/998 1423/5136/997 5532/5143/999 1426/5146/1000
f 1423/5136/997 1422/5133/997 5533/5140/999 5532/5143/999
f 1426/5146/1000 5532/5143/999 5531/5142/999 1425/5145/1000
f 5535/5147/1001 5536/5148/1001 5534/5149/1001 5540/5150/1001
f 5537/5151/1001 5538/5152/1001 5534/5149/1001 5536/5148/1001
f 5539/5153/1001 5540/5150/1001 5534/5149/1001 5538/5152/1001
f 224/5134/998 1429/5154/1002 5535/5147/1001 1420/5135/996
f 1429/5154/1002 1428/5155/1002 5536/5148/1001 5535/5147/1001
f 1420/5135/996 5535/5147/1001 5540/5150/1001 1419/5131/996
f 222/5054/979 1411/5056/978 5537/5151/1001 1427/5156/1002
f 1411/5056/978 1410/5053/978 5538/5152/1001 5537/5151/1001
f 1427/5156/1002 5537/5151/1001 5536/5148/1001 1428/5155/1002
f 220/4974/956 1418/5130/996 5539/5153/1001 1409/5052/978
f 1418/5130/996 1419/5131/996 5540/5150/1001 5539/5153/1001
f 1409/5052/978 5539/5153/1001 5538/5152/1001 1410/5053/978
f 5542/5157/1003 5543/5158/1003 5541/5159/1003 5547/5160/1003
f 5544/5161/1003 5545/5162/1003 5541/5159/1003 5543/5158/1003
f 5546/5163/1003 5547/5160/1003 5541/5159/1003 5545/5162/1003
f 225/5164/1004 1432/5165/1005 5542/5157/1003 2572/5166/1006
f 1432/5165/1005 1431/5167/1007 5543/5158/1003 5542/5157/1003
f 2572/5166/1006 5542/5157/1003 5547/5160/1003 2571/5168/1006
f 223/5078/984 2567/5121/994 5544/5161/1003 1430/5169/1007
f 2567/5121/994 2568/5119/994 5545/5162/1003 5544/5161/1003
f 1430/5169/1007 5544/5161/1003 5543/5158/1003 1431/5167/1007
f 95/5116/993 2570/5170/1006 5546/5163/1003 2569/5117/994
f 2570/5170/1006 2571/5168/1006 5547/5160/1003 5546/5163/1003
f 2569/5117/994 5546/5163/1003 5545/5162/1003 2568/5119/994
f 5549/5171/1008 5550/5172/1009 5548/5173/1008 5554/5174/1009
f 5551/5175/1008 5552/5176/1008 5548/5173/1008 5550/5172/1009
f 5553/5177/1008 5554/5174/1009 5548/5173/1008 5552/5176/1008
f 225/5164/1004 1435/5178/1010 5549/5171/1008 1432/5165/1005
f 1435/5178/1010 1434/5179/1010 5550/5172/1009 5549/5171/1008
f 1432/5165/1005 5549/5171/1008 5554/5174/1009 1431/5167/1007
f 224/5134/998 1426/5146/1000 5551/5175/1008 1433/5180/1010
f 1426/5146/1000 1425/5145/1000 5552/5176/1008 5551/5175/1008
f 1433/5180/1010 5551/5175/1008 5550/5172/1009 1434/5179/1010
f 223/5078/984 1430/5169/1007 5553/5177/1008 1424/5144/1000
f 1430/5169/1007 1431/5167/1007 5554/5174/1009 5553/5177/1008
f 1424/5144/1000 5553/5177/1008 5552/5176/1008 1425/5145/1000
f 5556/5181/1011 5557/5182/1011 5555/5183/1011 5561/5184/1011
f 5558/5185/1011 5559/5186/1011 5555/5183/1011 5557/5182/1011
f 5560/5187/1011 5561/5184/1011 5555/5183/1011 5559/5186/1011
f 96/5188/1012 2575/5189/1013 5556/5181/1011 763/5190/1011
f 2575/5189/1013 2574/5191/1013 5557/5182/1011 5556/5181/1011
f 763/5190/1011 5556/5181/1011 5561/5184/1011 762/5192/1011
f 225/5164/1004 2572/5166/1006 5558/5185/1011 2573/5193/1013
f 2572/5166/1006 2571/5168/1006 5559/5186/1011 5558/5185/1011
f 2573/5193/1013 5558/5185/1011 5557/5182/1011 2574/5191/1013
f 95/5116/993 761/5194/1011 5560/5187/1011 2570/5170/1006
f 761/5194/1011 762/5192/1011 5561/5184/1011 5560/5187/1011
f 2570/5170/1006 5560/5187/1011 5559/5186/1011 2571/5168/1006
f 5563/5195/1014 5564/5196/1014 5562/5197/1014 5568/5198/1014
f 5565/5199/1014 5566/5200/1014 5562/5197/1014 5564/5196/1014
f 5567/5201/1014 5568/5198/1014 5562/5197/1014 5566/5200/1014
f 222/5054/979 1427/5156/1002 5563/5195/1014 1436/5202/1015
f 1427/5156/1002 1428/5155/1002 5564/5196/1014 5563/5195/1014
f 1436/5202/1015 5563/5195/1014 5568/5198/1014 1437/5203/1015
f 224/5134/998 1439/5204/1016 5565/5199/1014 1429/5154/1002
f 1439/5204/1016 1440/5205/1016 5566/5200/1014 5565/5199/1014
f 1429/5154/1002 5565/5199/1014 5564/5196/1014 1428/5155/1002
f 226/5206/1017 1438/5207/1015 5567/5201/1014 1441/5208/1016
f 1438/5207/1015 1437/5203/1015 5568/5198/1014 5567/5201/1014
f 1441/5208/1016 5567/5201/1014 5566/5200/1014 1440/5205/1016
f 5570/5209/1018 5571/5210/1018 5569/5211/1018 5575/5212/1018
f 5572/5213/1018 5573/5214/1018 5569/5211/1018 5571/5210/1018
f 5574/5215/1018 5575/5212/1018 5569/5211/1018 5573/5214/1018
f 226/5206/1017 1441/5208/1016 5570/5209/1018 1444/5216/1019
f 1441/5208/1016 1440/5205/1016 5571/5210/1018 5570/5209/1018
f 1444/5216/1019 5570/5209/1018 5575/5212/1018 1443/5217/1019
f 224/5134/998 1433/5180/1010 5572/5213/1018 1439/5204/1016
f 1433/5180/1010 1434/5179/1010 5573/5214/1018 5572/5213/1018
f 1439/5204/1016 5572/5213/1018 5571/5210/1018 1440/5205/1016
f 225/5164/1004 1442/5218/1019 5574/5215/1018 1435/5178/1010
f 1442/5218/1019 1443/5217/1019 5575/5212/1018 5574/5215/1018
f 1435/5178/1010 5574/5215/1018 5573/5214/1018 1434/5179/1010
f 5577/5219/1020 5578/5220/1020 5576/5221/1020 5582/5222/1020
f 5579/5223/1020 5580/5224/1020 5576/5221/1020 5578/5220/1020
f 5581/5225/1020 5582/5222/1020 5576/5221/1020 5580/5224/1020
f 227/5226/1021 1447/5227/1022 5577/5219/1020 2578/5228/1023
f 1447/5227/1022 1446/5229/1022 5578/5220/1020 5577/5219/1020
f 2578/5228/1023 5577/5219/1020 5582/5222/1020 2577/5230/1023
f 225/5164/1004 2573/5193/1013 5579/5223/1020 1445/5231/1022
f 2573/5193/1013 2574/5191/1013 5580/5224/1020 5579/5223/1020
f 1445/5231/1022 5579/5223/1020 5578/5220/1020 1446/5229/1022
f 96/5188/1012 2576/5232/1023 5581/5225/1020 2575/5189/1013
f 2576/5232/1023 2577/5230/1023 5582/5222/1020 5581/5225/1020
f 2575/5189/1013 5581/5225/1020 5580/5224/1020 2574/5191/1013
f 5584/5233/1024 5585/5234/1024 5583/5235/1024 5589/5236/1024
f 5586/5237/1024 5587/5238/1024 5583/5235/1024 5585/5234/1024
f 5588/5239/1024 5589/5236/1024 5583/5235/1024 5587/5238/1024
f 227/5226/1021 1450/5240/1025 5584/5233/1024 1447/5227/1022
f 1450/5240/1025 1449/5241/1025 5585/5234/1024 5584/5233/1024
f 1447/5227/1022 5584/5233/1024 5589/5236/1024 1446/5229/1022
f 226/5206/1017 1444/5216/1019 5586/5237/1024 1448/5242/1025
f 1444/5216/1019 1443/5217/1019 5587/5238/1024 5586/5237/1024
f 1448/5242/1025 5586/5237/1024 5585/5234/1024 1449/5241/1025
f 225/5164/1004 1445/5231/1022 5588/5239/1024 1442/5218/1019
f 1445/5231/1022 1446/5229/1022 5589/5236/1024 5588/5239/1024
f 1442/5218/1019 5588/5239/1024 5587/5238/1024 1443/5217/1019
f 5591/5243/1026 5592/5244/1026 5590/5245/1026 5596/5246/1026
f 5593/5247/1026 5594/5248/1026 5590/5245/1026 5592/5244/1026
f 5595/5249/1026 5596/5246/1026 5590/5245/1026 5594/5248/1026
f 98/5250/1027 2581/5251/1028 5591/5243/1026 775/5252/1026
f 2581/5251/1028 2580/5253/1029 5592/5244/1026 5591/5243/1026
f 775/5252/1026 5591/5243/1026 5596/5246/1026 774/5254/1026
f 227/5226/1021 2578/5228/1023 5593/5247/1026 2579/5255/1029
f 2578/5228/1023 2577/5230/1023 5594/5248/1026 5593/5247/1026
f 2579/5255/1029 5593/5247/1026 5592/5244/1026 2580/5253/1029
f 96/5188/1012 773/5256/1026 5595/5249/1026 2576/5232/1023
f 773/5256/1026 774/5254/1026 5596/5246/1026 5595/5249/1026
f 2576/5232/1023 5595/5249/1026 5594/5248/1026 2577/5230/1023
f 5598/5257/1030 5599/5258/1030 5597/5259/1030 5603/5260/1030
f 5600/5261/1030 5601/5262/1030 5597/5259/1030 5599/5258/1030
f 5602/5263/1030 5603/5260/1030 5597/5259/1030 5601/5262/1030
f 226/5206/1017 1451/5264/1031 5598/5257/1030 1438/5207/1015
f 1451/5264/1031 1452/5265/1031 5599/5258/1030 5598/5257/1030
f 1438/5207/1015 5598/5257/1030 5603/5260/1030 1437/5203/1015
f 228/5266/1032 1456/5267/1033 5600/5261/1030 1453/5268/1031
f 1456/5267/1033 1455/5269/1033 5601/5262/1030 5600/5261/1030
f 1453/5268/1031 5600/5261/1030 5599/5258/1030 1452/5265/1031
f 222/5054/979 1436/5202/1015 5602/5263/1030 1454/5270/1033
f 1436/5202/1015 1437/5203/1015 5603/5260/1030 5602/5263/1030
f 1454/5270/1033 5602/5263/1030 5601/5262/1030 1455/5269/1033
f 5605/5271/1034 5606/5272/1034 5604/5273/1034 5610/5274/1034
f 5607/5275/1034 5608/5276/1034 5604/5273/1034 5606/5272/1034
f 5609/5277/1034 5610/5274/1034 5604/5273/1034 5608/5276/1034
f 187/5066/982 2560/5068/981 5605/5271/1034 2582/5278/1035
f 2560/5068/981 2559/5065/981 5606/5272/1034 5605/5271/1034
f 2582/5278/1035 5605/5271/1034 5610/5274/1034 2583/5279/1035
f 222/5054/979 1454/5270/1033 5607/5275/1034 2558/5064/981
f 1454/5270/1033 1455/5269/1033 5608/5276/1034 5607/5275/1034
f 2558/5064/981 5607/5275/1034 5606/5272/1034 2559/5065/981
f 228/5266/1032 2584/5280/1035 5609/5277/1034 1456/5267/1033
f 2584/5280/1035 2583/5279/1035 5610/5274/1034 5609/5277/1034
f 1456/5267/1033 5609/5277/1034 5608/5276/1034 1455/5269/1033
f 5612/5281/1036 5613/5282/1036 5611/5283/1036 5617/5284/1036
f 5614/5285/1036 5615/5286/1036 5611/5283/1036 5613/5282/1036
f 5616/5287/1036 5617/5284/1036 5611/5283/1036 5615/5286/1036
f 228/5266/1032 2585/5288/1037 5612/5281/1036 2584/5280/1035
f 2585/5288/1037 2586/5289/1037 5613/5282/1036 5612/5281/1036
f 2584/5280/1035 5612/5281/1036 5617/5284/1036 2583/5279/1035
f 189/5290/1038 1213/5291/1036 5614/5285/1036 2587/5292/1039
f 1213/5291/1036 1212/5293/1036 5615/5286/1036 5614/5285/1036
f 2587/5292/1039 5614/5285/1036 5613/5282/1036 2586/5289/1037
f 187/5066/982 2582/5278/1035 5616/5287/1036 1211/5294/1036
f 2582/5278/1035 2583/5279/1035 5617/5284/1036 5616/5287/1036
f 1211/5294/1036 5616/5287/1036 5615/5286/1036 1212/5293/1036
f 5619/5295/1040 5620/5296/1040 5618/5297/1040 5624/5298/1040
f 5621/5299/1040 5622/5300/1040 5618/5297/1040 5620/5296/1040
f 5623/5301/1040 5624/5298/1040 5618/5297/1040 5622/5300/1040
f 226/5206/1017 1448/5242/1025 5619/5295/1040 1457/5302/1041
f 1448/5242/1025 1449/5241/1025 5620/5296/1040 5619/5295/1040
f 1457/5302/1041 5619/5295/1040 5624/5298/1040 1458/5303/1041
f 227/5226/1021 1460/5304/1042 5621/5299/1040 1450/5240/1025
f 1460/5304/1042 1461/5305/1042 5622/5300/1040 5621/5299/1040
f 1450/5240/1025 5621/5299/1040 5620/5296/1040 1449/5241/1025
f 229/5306/1043 1459/5307/1041 5623/5301/1040 1462/5308/1042
f 1459/5307/1041 1458/5303/1041 5624/5298/1040 5623/5301/1040
f 1462/5308/1042 5623/5301/1040 5622/5300/1040 1461/5305/1042
f 5626/5309/1044 5627/5310/1044 5625/5311/1044 5631/5312/1044
f 5628/5313/1044 5629/5314/1044 5625/5311/1044 5627/5310/1044
f 5630/5315/1044 5631/5312/1044 5625/5311/1044 5629/5314/1044
f 228/5266/1032 1453/5268/1031 5626/5309/1044 1463/5316/1045
f 1453/5268/1031 1452/5265/1031 5627/5310/1044 5626/5309/1044
f 1463/5316/1045 5626/5309/1044 5631/5312/1044 1464/5317/1045
f 226/5206/1017 1457/5302/1041 5628/5313/1044 1451/5264/1031
f 1457/5302/1041 1458/5303/1041 5629/5314/1044 5628/5313/1044
f 1451/5264/1031 5628/5313/1044 5627/5310/1044 1452/5265/1031
f 229/5306/1043 1465/5318/1045 5630/5315/1044 1459/5307/1041
f 1465/5318/1045 1464/5317/1045 5631/5312/1044 5630/5315/1044
f 1459/5307/1041 5630/5315/1044 5629/5314/1044 1458/5303/1041
f 5633/5319/1046 5634/5320/1046 5632/5321/1046 5638/5322/1046
f 5635/5323/1046 5636/5324/1046 5632/5321/1046 5634/5320/1046
f 5637/5325/1046 5638/5322/1046 5632/5321/1046 5636/5324/1046
f 230/5326/1047 1468/5327/1048 5633/5319/1046 2590/5328/1049
f 1468/5327/1048 1467/5329/1048 5634/5320/1046 5633/5319/1046
f 2590/5328/1049 5633/5319/1046 5638/5322/1046 2589/5330/1049
f 227/5226/1021 2579/5255/1029 5635/5323/1046 1466/5331/1048
f 2579/5255/1029 2580/5253/1029 5636/5324/1046 5635/5323/1046
f 1466/5331/1048 5635/5323/1046 5634/5320/1046 1467/5329/1048
f 98/5250/1027 2588/5332/1049 5637/5325/1046 2581/5251/1028
f 2588/5332/1049 2589/5330/1049 5638/5322/1046 5637/5325/1046
f 2581/5251/1028 5637/5325/1046 5636/5324/1046 2580/5253/1029
f 5640/5333/1050 5641/5334/1050 5639/5335/1050 5645/5336/1050
f 5642/5337/1050 5643/5338/1050 5639/5335/1050 5641/5334/1050
f 5644/5339/1050 5645/5336/1050 5639/5335/1050 5643/5338/1050
f 230/5326/1047 1471/5340/1051 5640/5333/1050 1468/5327/1048
f 1471/5340/1051 1470/5341/1051 5641/5334/1050 5640/5333/1050
f 1468/5327/1048 5640/5333/1050 5645/5336/1050 1467/5329/1048
f 229/5306/1043 1462/5308/1042 5642/5337/1050 1469/5342/1051
f 1462/5308/1042 1461/5305/1042 5643/5338/1050 5642/5337/1050
f 1469/5342/1051 5642/5337/1050 5641/5334/1050 1470/5341/1051
f 227/5226/1021 1466/5331/1048 5644/5339/1050 1460/5304/1042
f 1466/5331/1048 1467/5329/1048 5645/5336/1050 5644/5339/1050
f 1460/5304/1042 5644/5339/1050 5643/5338/1050 1461/5305/1042
f 5647/5343/1052 5648/5344/1052 5646/5345/1052 5652/5346/1052
f 5649/5347/1052 5650/5348/1052 5646/5345/1052 5648/5344/1052
f 5651/5349/1052 5652/5346/1052 5646/5345/1052 5650/5348/1052
f 100/5350/1053 2593/5351/1054 5647/5343/1052 787/5352/1052
f 2593/5351/1054 2592/5353/1054 5648/5344/1052 5647/5343/1052
f 787/5352/1052 5647/5343/1052 5652/5346/1052 786/5354/1052
f 230/5326/1047 2590/5328/1049 5649/5347/1052 2591/5355/1054
f 2590/5328/1049 2589/5330/1049 5650/5348/1052 5649/5347/1052
f 2591/5355/1054 5649/5347/1052 5648/5344/1052 2592/5353/1054
f 98/5250/1027 785/5356/1052 5651/5349/1052 2588/5332/1049
f 785/5356/1052 786/5354/1052 5652/5346/1052 5651/5349/1052
f 2588/5332/1049 5651/5349/1052 5650/5348/1052 2589/5330/1049
f 5654/5357/1055 5655/5358/1055 5653/5359/1055 5659/5360/1055
f 5656/5361/1055 5657/5362/1055 5653/5359/1055 5655/5358/1055
f 5658/5363/1055 5659/5360/1055 5653/5359/1055 5657/5362/1055
f 189/5290/1038 2587/5292/1039 5654/5357/1055 2594/5364/1056
f 2587/5292/1039 2586/5289/1037 5655/5358/1055 5654/5357/1055
f 2594/5364/1056 5654/5357/1055 5659/5360/1055 2595/5365/1056
f 228/5266/1032 1472/5366/1057 5656/5361/1055 2585/5288/1037
f 1472/5366/1057 1473/5367/1057 5657/5362/1055 5656/5361/1055
f 2585/5288/1037 5656/5361/1055 5655/5358/1055 2586/5289/1037
f 231/5368/1058 2596/5369/1056 5658/5363/1055 1474/5370/1057
f 2596/5369/1056 2595/5365/1056 5659/5360/1055 5658/5363/1055
f 1474/5370/1057 5658/5363/1055 5657/5362/1055 1473/5367/1057
f 5661/5371/1059 5662/5372/1059 5660/5373/1059 5666/5374/1059
f 5663/5375/1059 5664/5376/1059 5660/5373/1059 5662/5372/1059
f 5665/5377/1059 5666/5374/1059 5660/5373/1059 5664/5376/1059
f 229/5306/1043 1475/5378/1060 5661/5371/1059 1465/5318/1045
f 1475/5378/1060 1476/5379/1060 5662/5372/1059 5661/5371/1059
f 1465/5318/1045 5661/5371/1059 5666/5374/1059 1464/5317/1045
f 231/5368/1058 1474/5370/1057 5663/5375/1059 1477/5380/1060
f 1474/5370/1057 1473/5367/1057 5664/5376/1059 5663/5375/1059
f 1477/5380/1060 5663/5375/1059 5662/5372/1059 1476/5379/1060
f 228/5266/1032 1463/5316/1045 5665/5377/1059 1472/5366/1057
f 1463/5316/1045 1464/5317/1045 5666/5374/1059 5665/5377/1059
f 1472/5366/1057 5665/5377/1059 5664/5376/1059 1473/5367/1057
f 5668/5381/1061 5669/5382/1061 5667/5383/1061 5673/5384/1061
f 5670/5385/1061 5671/5386/1061 5667/5383/1061 5669/5382/1061
f 5672/5387/1061 5673/5384/1061 5667/5383/1061 5671/5386/1061
f 191/5388/1062 1225/5389/1061 5668/5381/1061 2599/5390/1063
f 1225/5389/1061 1224/5391/1061 5669/5382/1061 5668/5381/1061
f 2599/5390/1063 5668/5381/1061 5673/5384/1061 2598/5392/1063
f 189/5290/1038 2594/5364/1056 5670/5385/1061 1223/5393/1061
f 2594/5364/1056 2595/5365/1056 5671/5386/1061 5670/5385/1061
f 1223/5393/1061 5670/5385/1061 5669/5382/1061 1224/5391/1061
f 231/5368/1058 2597/5394/1063 5672/5387/1061 2596/5369/1056
f 2597/5394/1063 2598/5392/1063 5673/5384/1061 5672/5387/1061
f 2596/5369/1056 5672/5387/1061 5671/5386/1061 2595/5365/1056
f 5675/5395/1064 5676/5396/1064 5674/5397/1064 5680/5398/1064
f 5677/5399/1064 5678/5400/1064 5674/5397/1064 5676/5396/1064
f 5679/5401/1064 5680/5398/1064 5674/5397/1064 5678/5400/1064
f 232/5402/1065 1483/5403/1066 5675/5395/1064 1480/5404/1067
f 1483/5403/1066 1482/5405/1066 5676/5396/1064 5675/5395/1064
f 1480/5404/1067 5675/5395/1064 5680/5398/1064 1479/5406/1067
f 229/5306/1043 1469/5342/1051 5677/5399/1064 1481/5407/1066
f 1469/5342/1051 1470/5341/1051 5678/5400/1064 5677/5399/1064
f 1481/5407/1066 5677/5399/1064 5676/5396/1064 1482/5405/1066
f 230/5326/1047 1478/5408/1067 5679/5401/1064 1471/5340/1051
f 1478/5408/1067 1479/5406/1067 5680/5398/1064 5679/5401/1064
f 1471/5340/1051 5679/5401/1064 5678/5400/1064 1470/5341/1051
f 5682/5409/1068 5683/5410/1068 5681/5411/1068 5687/5412/1068
f 5684/5413/1068 5685/5414/1068 5681/5411/1068 5683/5410/1068
f 5686/5415/1069 5687/5412/1068 5681/5411/1068 5685/5414/1068
f 231/5368/1058 1477/5380/1060 5682/5409/1068 1484/5416/1070
f 1477/5380/1060 1476/5379/1060 5683/5410/1068 5682/5409/1068
f 1484/5416/1070 5682/5409/1068 5687/5412/1068 1485/5417/1070
f 229/5306/1043 1481/5407/1066 5684/5413/1068 1475/5378/1060
f 1481/5407/1066 1482/5405/1066 5685/5414/1068 5684/5413/1068
f 1475/5378/1060 5684/5413/1068 5683/5410/1068 1476/5379/1060
f 232/5402/1065 1486/5418/1070 5686/5415/1069 1483/5403/1066
f 1486/5418/1070 1485/5417/1070 5687/5412/1068 5686/5415/1069
f 1483/5403/1066 5686/5415/1069 5685/5414/1068 1482/5405/1066
f 5689/5419/1071 5690/5420/1071 5688/5421/1071 5694/5422/1071
f 5691/5423/1071 5692/5424/1071 5688/5421/1071 5690/5420/1071
f 5693/5425/1071 5694/5422/1071 5688/5421/1071 5692/5424/1071
f 233/5426/1072 1489/5427/1073 5689/5419/1071 2602/5428/1074
f 1489/5427/1073 1488/5429/1073 5690/5420/1071 5689/5419/1071
f 2602/5428/1074 5689/5419/1071 5694/5422/1071 2601/5430/1074
f 230/5326/1047 2591/5355/1054 5691/5423/1071 1487/5431/1073
f 2591/5355/1054 2592/5353/1054 5692/5424/1071 5691/5423/1071
f 1487/5431/1073 5691/5423/1071 5690/5420/1071 1488/5429/1073
f 100/5350/1053 2600/5432/1074 5693/5425/1071 2593/5351/1054
f 2600/5432/1074 2601/5430/1074 5694/5422/1071 5693/5425/1071
f 2593/5351/1054 5693/5425/1071 5692/5424/1071 2592/5353/1054
f 5696/5433/1075 5697/5434/1075 5695/5435/1075 5701/5436/1075
f 5698/5437/1075 5699/5438/1075 5695/5435/1075 5697/5434/1075
f 5700/5439/1075 5701/5436/1075 5695/5435/1075 5699/5438/1075
f 233/5426/1072 1492/5440/1076 5696/5433/1075 1489/5427/1073
f 1492/5440/1076 1491/5441/1076 5697/5434/1075 5696/5433/1075
f 1489/5427/1073 5696/5433/1075 5701/5436/1075 1488/5429/1073
f 232/5402/1065 1480/5404/1067 5698/5437/1075 1490/5442/1076
f 1480/5404/1067 1479/5406/1067 5699/5438/1075 5698/5437/1075
f 1490/5442/1076 5698/5437/1075 5697/5434/1075 1491/5441/1076
f 230/5326/1047 1487/5431/1073 5700/5439/1075 1478/5408/1067
f 1487/5431/1073 1488/5429/1073 5701/5436/1075 5700/5439/1075
f 1478/5408/1067 5700/5439/1075 5699/5438/1075 1479/5406/1067
f 5703/5443/1077 5704/5444/1077 5702/5445/1077 5708/5446/1077
f 5705/5447/1077 5706/5448/1077 5702/5445/1077 5704/5444/1077
f 5707/5449/1077 5708/5446/1077 5702/5445/1077 5706/5448/1077
f 103/5450/1078 2605/5451/1079 5703/5443/1077 802/5452/1077
f 2605/5451/1079 2604/5453/1079 5704/5444/1077 5703/5443/1077
f 802/5452/1077 5703/5443/1077 5708/5446/1077 801/5454/1077
f 233/5426/1072 2602/5428/1074 5705/5447/1077 2603/5455/1079
f 2602/5428/1074 2601/5430/1074 5706/5448/1077 5705/5447/1077
f 2603/5455/1079 5705/5447/1077 5704/5444/1077 2604/5453/1079
f 100/5350/1053 800/5456/1077 5707/5449/1077 2600/5432/1074
f 800/5456/1077 801/5454/1077 5708/5446/1077 5707/5449/1077
f 2600/5432/1074 5707/5449/1077 5706/5448/1077 2601/5430/1074
f 5710/5457/1080 5711/5458/1080 5709/5459/1080 5715/5460/1080
f 5712/5461/1080 5713/5462/1080 5709/5459/1080 5711/5458/1080
f 5714/5463/1080 5715/5460/1080 5709/5459/1080 5713/5462/1080
f 231/5368/1058 1493/5464/1081 5710/5457/1080 2597/5394/1063
f 1493/5464/1081 1494/5465/1081 5711/5458/1080 5710/5457/1080
f 2597/5394/1063 5710/5457/1080 5715/5460/1080 2598/5392/1063
f 234/5466/1082 2608/5467/1083 5712/5461/1080 1495/5468/1081
f 2608/5467/1083 2607/5469/1083 5713/5462/1080 5712/5461/1080
f 1495/5468/1081 5712/5461/1080 5711/5458/1080 1494/5465/1081
f 191/5388/1062 2599/5390/1063 5714/5463/1080 2606/5470/1083
f 2599/5390/1063 2598/5392/1063 5715/5460/1080 5714/5463/1080
f 2606/5470/1083 5714/5463/1080 5713/5462/1080 2607/5469/1083
f 5717/5471/1084 5718/5472/1084 5716/5473/1084 5722/5474/1084
f 5719/5475/1084 5720/5476/1084 5716/5473/1084 5718/5472/1084
f 5721/5477/1084 5722/5474/1084 5716/5473/1084 5720/5476/1084
f 232/5402/1065 1496/5478/1085 5717/5471/1084 1486/5418/1070
f 1496/5478/1085 1497/5479/1085 5718/5472/1084 5717/5471/1084
f 1486/5418/1070 5717/5471/1084 5722/5474/1084 1485/5417/1070
f 234/5466/1082 1495/5468/1081 5719/5475/1084 1498/5480/1085
f 1495/5468/1081 1494/5465/1081 5720/5476/1084 5719/5475/1084
f 1498/5480/1085 5719/5475/1084 5718/5472/1084 1497/5479/1085
f 231/5368/1058 1484/5416/1070 5721/5477/1084 1493/5464/1081
f 1484/5416/1070 1485/5417/1070 5722/5474/1084 5721/5477/1084
f 1493/5464/1081 5721/5477/1084 5720/5476/1084 1494/5465/1081
f 5724/5481/1086 5725/5482/1086 5723/5483/1086 5729/5484/1086
f 5726/5485/1086 5727/5486/1086 5723/5483/1086 5725/5482/1086
f 5728/5487/1086 5729/5484/1086 5723/5483/1086 5727/5486/1086
f 194/5488/1087 1243/5489/1086 5724/5481/1086 2611/5490/1088
f 1243/5489/1086 1242/5491/1086 5725/5482/1086 5724/5481/1086
f 2611/5490/1088 5724/5481/1086 5729/5484/1086 2610/5492/1088
f 191/5388/1062 2606/5470/1083 5726/5485/1086 1241/5493/1086
f 2606/5470/1083 2607/5469/1083 5727/5486/1086 5726/5485/1086
f 1241/5493/1086 5726/5485/1086 5725/5482/1086 1242/5491/1086
f 234/5466/1082 2609/5494/1088 5728/5487/1086 2608/5467/1083
f 2609/5494/1088 2610/5492/1088 5729/5484/1086 5728/5487/1086
f 2608/5467/1083 5728/5487/1086 5727/5486/1086 2607/5469/1083
f 5731/5495/1089 5732/5496/1089 5730/5497/1089 5736/5498/1089
f 5733/5499/1089 5734/5500/1089 5730/5497/1089 5732/5496/1089
f 5735/5501/1089 5736/5498/1089 5730/5497/1089 5734/5500/1089
f 232/5402/1065 1490/5442/1076 5731/5495/1089 1499/5502/1090
f 1490/5442/1076 1491/5441/1076 5732/5496/1089 5731/5495/1089
f 1499/5502/1090 5731/5495/1089 5736/5498/1089 1500/5503/1090
f 233/5426/1072 1502/5504/1091 5733/5499/1089 1492/5440/1076
f 1502/5504/1091 1503/5505/1091 5734/5500/1089 5733/5499/1089
f 1492/5440/1076 5733/5499/1089 5732/5496/1089 1491/5441/1076
f 235/5506/1092 1501/5507/1090 5735/5501/1089 1504/5508/1091
f 1501/5507/1090 1500/5503/1090 5736/5498/1089 5735/5501/1089
f 1504/5508/1091 5735/5501/1089 5734/5500/1089 1503/5505/1091
f 5738/5509/1093 5739/5510/1093 5737/5511/1093 5743/5512/1093
f 5740/5513/1093 5741/5514/1093 5737/5511/1093 5739/5510/1093
f 5742/5515/1093 5743/5512/1093 5737/5511/1093 5741/5514/1093
f 234/5466/1082 1498/5480/1085 5738/5509/1093 1505/5516/1094
f 1498/5480/1085 1497/5479/1085 5739/5510/1093 5738/5509/1093
f 1505/5516/1094 5738/5509/1093 5743/5512/1093 1506/5517/1094
f 232/5402/1065 1499/5502/1090 5740/5513/1093 1496/5478/1085
f 1499/5502/1090 1500/5503/1090 5741/5514/1093 5740/5513/1093
f 1496/5478/1085 5740/5513/1093 5739/5510/1093 1497/5479/1085
f 235/5506/1092 1507/5518/1094 5742/5515/1093 1501/5507/1090
f 1507/5518/1094 1506/5517/1094 5743/5512/1093 5742/5515/1093
f 1501/5507/1090 5742/5515/1093 5741/5514/1093 1500/5503/1090
f 5745/5519/1095 5746/5520/1095 5744/5521/1095 5750/5522/1095
f 5747/5523/1095 5748/5524/1095 5744/5521/1095 5746/5520/1095
f 5749/5525/1095 5750/5522/1095 5744/5521/1095 5748/5524/1095
f 236/5526/1096 1510/5527/1097 5745/5519/1095 2614/5528/1098
f 1510/5527/1097 1509/5529/1097 5746/5520/1095 5745/5519/1095
f 2614/5528/1098 5745/5519/1095 5750/5522/1095 2613/5530/1098
f 233/5426/1072 2603/5455/1079 5747/5523/1095 1508/5531/1097
f 2603/5455/1079 2604/5453/1079 5748/5524/1095 5747/5523/1095
f 1508/5531/1097 5747/5523/1095 5746/5520/1095 1509/5529/1097
f 103/5450/1078 2612/5532/1098 5749/5525/1095 2605/5451/1079
f 2612/5532/1098 2613/5530/1098 5750/5522/1095 5749/5525/1095
f 2605/5451/1079 5749/5525/1095 5748/5524/1095 2604/5453/1079
f 5752/5533/1099 5753/5534/1099 5751/5535/1099 5757/5536/1099
f 5754/5537/1099 5755/5538/1099 5751/5535/1099 5753/5534/1099
f 5756/5539/1099 5757/5536/1099 5751/5535/1099 5755/5538/1099
f 236/5526/1096 1513/5540/1100 5752/5533/1099 1510/5527/1097
f 1513/5540/1100 1512/5541/1100 5753/5534/1099 5752/5533/1099
f 1510/5527/1097 5752/5533/1099 5757/5536/1099 1509/5529/1097
f 235/5506/1092 1504/5508/1091 5754/5537/1099 1511/5542/1100
f 1504/5508/1091 1503/5505/1091 5755/5538/1099 5754/5537/1099
f 1511/5542/1100 5754/5537/1099 5753/5534/1099 1512/5541/1100
f 233/5426/1072 1508/5531/1097 5756/5539/1099 1502/5504/1091
f 1508/5531/1097 1509/5529/1097 5757/5536/1099 5756/5539/1099
f 1502/5504/1091 5756/5539/1099 5755/5538/1099 1503/5505/1091
f 5759/5543/1101 5760/5544/1101 5758/5545/1101 5764/5546/1101
f 5761/5547/1101 5762/5548/1101 5758/5545/1101 5760/5544/1101
f 5763/5549/1101 5764/5546/1101 5758/5545/1101 5762/5548/1101
f 103/5450/1078 812/5550/1101 5759/5543/1101 2612/5532/1098
f 812/5550/1101 813/5551/1101 5760/5544/1101 5759/5543/1101
f 2612/5532/1098 5759/5543/1101 5764/5546/1101 2613/5530/1098
f 105/5552/1102 2617/5553/1103 5761/5547/1101 814/5554/1101
f 2617/5553/1103 2616/5555/1104 5762/5548/1101 5761/5547/1101
f 814/5554/1101 5761/5547/1101 5760/5544/1101 813/5551/1101
f 236/5526/1096 2614/5528/1098 5763/5549/1101 2615/5556/1103
f 2614/5528/1098 2613/5530/1098 5764/5546/1101 5763/5549/1101
f 2615/5556/1103 5763/5549/1101 5762/5548/1101 2616/5555/1104
f 5766/5557/1105 5767/5558/1105 5765/5559/1105 5771/5560/1105
f 5768/5561/1105 5769/5562/1105 5765/5559/1105 5767/5558/1105
f 5770/5563/1105 5771/5560/1105 5765/5559/1105 5769/5562/1105
f 194/5488/1087 2611/5490/1088 5766/5557/1105 2618/5564/1106
f 2611/5490/1088 2610/5492/1088 5767/5558/1105 5766/5557/1105
f 2618/5564/1106 5766/5557/1105 5771/5560/1105 2619/5565/1106
f 234/5466/1082 1514/5566/1107 5768/5561/1105 2609/5494/1088
f 1514/5566/1107 1515/5567/1107 5769/5562/1105 5768/5561/1105
f 2609/5494/1088 5768/5561/1105 5767/5558/1105 2610/5492/1088
f 237/5568/1108 2620/5569/1106 5770/5563/1105 1516/5570/1107
f 2620/5569/1106 2619/5565/1106 5771/5560/1105 5770/5563/1105
f 1516/5570/1107 5770/5563/1105 5769/5562/1105 1515/5567/1107
f 5773/5571/1109 5774/5572/1109 5772/5573/1109 5778/5574/1109
f 5775/5575/1109 5776/5576/1109 5772/5573/1109 5774/5572/1109
f 5777/5577/1109 5778/5574/1109 5772/5573/1109 5776/5576/1109
f 235/5506/1092 1517/5578/1110 5773/5571/1109 1507/5518/1094
f 1517/5578/1110 1518/5579/1110 5774/5572/1109 5773/5571/1109
f 1507/5518/1094 5773/5571/1109 5778/5574/1109 1506/5517/1094
f 237/5568/1108 1516/5570/1107 5775/5575/1109 1519/5580/1110
f 1516/5570/1107 1515/5567/1107 5776/5576/1109 5775/5575/1109
f 1519/5580/1110 5775/5575/1109 5774/5572/1109 1518/5579/1110
f 234/5466/1082 1505/5516/1094 5777/5577/1109 1514/5566/1107
f 1505/5516/1094 1506/5517/1094 5778/5574/1109 5777/5577/1109
f 1514/5566/1107 5777/5577/1109 5776/5576/1109 1515/5567/1107
f 5780/5581/1111 5781/5582/1111 5779/5583/1111 5785/5584/1111
f 5782/5585/1111 5783/5586/1111 5779/5583/1111 5781/5582/1111
f 5784/5587/1111 5785/5584/1111 5779/5583/1111 5783/5586/1111
f 237/5568/1108 2621/5588/1112 5780/5581/1111 2620/5569/1106
f 2621/5588/1112 2622/5589/1112 5781/5582/1111 5780/5581/1111
f 2620/5569/1106 5780/5581/1111 5785/5584/1111 2619/5565/1106
f 196/5590/1113 1258/5591/1111 5782/5585/1111 2623/5592/1112
f 1258/5591/1111 1257/5593/1111 5783/5586/1111 5782/5585/1111
f 2623/5592/1112 5782/5585/1111 5781/5582/1111 2622/5589/1112
f 194/5488/1087 2618/5564/1106 5784/5587/1111 1256/5594/1111
f 2618/5564/1106 2619/5565/1106 5785/5584/1111 5784/5587/1111
f 1256/5594/1111 5784/5587/1111 5783/5586/1111 1257/5593/1111
f 5787/5595/1114 5788/5596/1114 5786/5597/1114 5792/5598/1114
f 5789/5599/1114 5790/5600/1114 5786/5597/1114 5788/5596/1114
f 5791/5601/1114 5792/5598/1114 5786/5597/1114 5790/5600/1114
f 235/5506/1092 1511/5542/1100 5787/5595/1114 1520/5602/1115
f 1511/5542/1100 1512/5541/1100 5788/5596/1114 5787/5595/1114
f 1520/5602/1115 5787/5595/1114 5792/5598/1114 1521/5603/1115
f 236/5526/1096 1523/5604/1116 5789/5599/1114 1513/5540/1100
f 1523/5604/1116 1524/5605/1116 5790/5600/1114 5789/5599/1114
f 1513/5540/1100 5789/5599/1114 5788/5596/1114 1512/5541/1100
f 238/5606/1117 1522/5607/1115 5791/5601/1114 1525/5608/1116
f 1522/5607/1115 1521/5603/1115 5792/5598/1114 5791/5601/1114
f 1525/5608/1116 5791/5601/1114 5790/5600/1114 1524/5605/1116
f 5794/5609/1118 5795/5610/1118 5793/5611/1118 5799/5612/1118
f 5796/5613/1118 5797/5614/1118 5793/5611/1118 5795/5610/1118
f 5798/5615/1118 5799/5612/1118 5793/5611/1118 5797/5614/1118
f 237/5568/1108 1519/5580/1110 5794/5609/1118 1526/5616/1119
f 1519/5580/1110 1518/5579/1110 5795/5610/1118 5794/5609/1118
f 1526/5616/1119 5794/5609/1118 5799/5612/1118 1527/5617/1119
f 235/5506/1092 1520/5602/1115 5796/5613/1118 1517/5578/1110
f 1520/5602/1115 1521/5603/1115 5797/5614/1118 5796/5613/1118
f 1517/5578/1110 5796/5613/1118 5795/5610/1118 1518/5579/1110
f 238/5606/1117 1528/5618/1119 5798/5615/1118 1522/5607/1115
f 1528/5618/1119 1527/5617/1119 5799/5612/1118 5798/5615/1118
f 1522/5607/1115 5798/5615/1118 5797/5614/1118 1521/5603/1115
f 5801/5619/1120 5802/5620/1120 5800/5621/1120 5806/5622/1120
f 5803/5623/1120 5804/5624/1120 5800/5621/1120 5802/5620/1120
f 5805/5625/1120 5806/5622/1120 5800/5621/1120 5804/5624/1120
f 236/5526/1096 2615/5556/1103 5801/5619/1120 1529/5626/1121
f 2615/5556/1103 2616/5555/1104 5802/5620/1120 5801/5619/1120
f 1529/5626/1121 5801/5619/1120 5806/5622/1120 1530/5627/1121
f 105/5552/1102 2624/5628/1122 5803/5623/1120 2617/5553/1103
f 2624/5628/1122 2625/5629/1122 5804/5624/1120 5803/5623/1120
f 2617/5553/1103 5803/5623/1120 5802/5620/1120 2616/5555/1104
f 239/5630/1123 1531/5631/1121 5805/5625/1120 2626/5632/1122
f 1531/5631/1121 1530/5627/1121 5806/5622/1120 5805/5625/1120
f 2626/5632/1122 5805/5625/1120 5804/5624/1120 2625/5629/1122
f 5808/5633/1124 5809/5634/1124 5807/5635/1124 5813/5636/1124
f 5810/5637/1124 5811/5638/1124 5807/5635/1124 5809/5634/1124
f 5812/5639/1124 5813/5636/1124 5807/5635/1124 5811/5638/1124
f 239/5630/1123 1534/5640/1125 5808/5633/1124 1531/5631/1121
f 1534/5640/1125 1533/5641/1125 5809/5634/1124 5808/5633/1124
f 1531/5631/1121 5808/5633/1124 5813/5636/1124 1530/5627/1121
f 238/5606/1117 1525/5608/1116 5810/5637/1124 1532/5642/1125
f 1525/5608/1116 1524/5605/1116 5811/5638/1124 5810/5637/1124
f 1532/5642/1125 5810/5637/1124 5809/5634/1124 1533/5641/1125
f 236/5526/1096 1529/5626/1121 5812/5639/1124 1523/5604/1116
f 1529/5626/1121 1530/5627/1121 5813/5636/1124 5812/5639/1124
f 1523/5604/1116 5812/5639/1124 5811/5638/1124 1524/5605/1116
f 5815/5643/1126 5816/5644/1126 5814/5645/1126 5820/5646/1126
f 5817/5647/1126 5818/5648/1126 5814/5645/1126 5816/5644/1126
f 5819/5649/1126 5820/5646/1126 5814/5645/1126 5818/5648/1126
f 106/5650/1127 2629/5651/1128 5815/5643/1126 823/5652/1126
f 2629/5651/1128 2628/5653/1128 5816/5644/1126 5815/5643/1126
f 823/5652/1126 5815/5643/1126 5820/5646/1126 822/5654/1126
f 239/5630/1123 2626/5632/1122 5817/5647/1126 2627/5655/1128
f 2626/5632/1122 2625/5629/1122 5818/5648/1126 5817/5647/1126
f 2627/5655/1128 5817/5647/1126 5816/5644/1126 2628/5653/1128
f 105/5552/1102 821/5656/1126 5819/5649/1126 2624/5628/1122
f 821/5656/1126 822/5654/1126 5820/5646/1126 5819/5649/1126
f 2624/5628/1122 5819/5649/1126 5818/5648/1126 2625/5629/1122
f 5822/5657/1129 5823/5658/1129 5821/5659/1129 5827/5660/1129
f 5824/5661/1129 5825/5662/1129 5821/5659/1129 5823/5658/1129
f 5826/5663/1129 5827/5660/1129 5821/5659/1129 5825/5662/1129
f 196/5590/1113 2623/5592/1112 5822/5657/1129 2630/5664/1130
f 2623/5592/1112 2622/5589/1112 5823/5658/1129 5822/5657/1129
f 2630/5664/1130 5822/5657/1129 5827/5660/1129 2631/5665/1130
f 237/5568/1108 1535/5666/1131 5824/5661/1129 2621/5588/1112
f 1535/5666/1131 1536/5667/1131 5825/5662/1129 5824/5661/1129
f 2621/5588/1112 5824/5661/1129 5823/5658/1129 2622/5589/1112
f 240/5668/1132 2632/5669/1130 5826/5663/1129 1537/5670/1131
f 2632/5669/1130 2631/5665/1130 5827/5660/1129 5826/5663/1129
f 1537/5670/1131 5826/5663/1129 5825/5662/1129 1536/5667/1131
f 5829/5671/1133 5830/5672/1133 5828/5673/1133 5834/5674/1133
f 5831/5675/1133 5832/5676/1133 5828/5673/1133 5830/5672/1133
f 5833/5677/1133 5834/5674/1133 5828/5673/1133 5832/5676/1133
f 240/5668/1132 1537/5670/1131 5829/5671/1133 1540/5678/1134
f 1537/5670/1131 1536/5667/1131 5830/5672/1133 5829/5671/1133
f 1540/5678/1134 5829/5671/1133 5834/5674/1133 1539/5679/1134
f 237/5568/1108 1526/5616/1119 5831/5675/1133 1535/5666/1131
f 1526/5616/1119 1527/5617/1119 5832/5676/1133 5831/5675/1133
f 1535/5666/1131 5831/5675/1133 5830/5672/1133 1536/5667/1131
f 238/5606/1117 1538/5680/1134 5833/5677/1133 1528/5618/1119
f 1538/5680/1134 1539/5679/1134 5834/5674/1133 5833/5677/1133
f 1528/5618/1119 5833/5677/1133 5832/5676/1133 1527/5617/1119
f 5836/5681/1135 5837/5682/1135 5835/5683/1135 5841/5684/1135
f 5838/5685/1135 5839/5686/1135 5835/5683/1135 5837/5682/1135
f 5840/5687/1135 5841/5684/1135 5835/5683/1135 5839/5686/1135
f 240/5668/1132 2633/5688/1136 5836/5681/1135 2632/5669/1130
f 2633/5688/1136 2634/5689/1136 5837/5682/1135 5836/5681/1135
f 2632/5669/1130 5836/5681/1135 5841/5684/1135 2631/5665/1130
f 197/5690/1137 1264/5691/1135 5838/5685/1135 2635/5692/1136
f 1264/5691/1135 1263/5693/1135 5839/5686/1135 5838/5685/1135
f 2635/5692/1136 5838/5685/1135 5837/5682/1135 2634/5689/1136
f 196/5590/1113 2630/5664/1130 5840/5687/1135 1262/5694/1135
f 2630/5664/1130 2631/5665/1130 5841/5684/1135 5840/5687/1135
f 1262/5694/1135 5840/5687/1135 5839/5686/1135 1263/5693/1135
f 5843/5695/1138 5844/5696/1138 5842/5697/1138 5848/5698/1138
f 5845/5699/1138 5846/5700/1138 5842/5697/1138 5844/5696/1138
f 5847/5701/1138 5848/5698/1138 5842/5697/1138 5846/5700/1138
f 241/5702/1139 1546/5703/1140 5843/5695/1138 1543/5704/1141
f 1546/5703/1140 1545/5705/1140 5844/5696/1138 5843/5695/1138
f 1543/5704/1141 5843/5695/1138 5848/5698/1138 1542/5706/1141
f 238/5606/1117 1532/5642/1125 5845/5699/1138 1544/5707/1140
f 1532/5642/1125 1533/5641/1125 5846/5700/1138 5845/5699/1138
f 1544/5707/1140 5845/5699/1138 5844/5696/1138 1545/5705/1140
f 239/5630/1123 1541/5708/1141 5847/5701/1138 1534/5640/1125
f 1541/5708/1141 1542/5706/1141 5848/5698/1138 5847/5701/1138
f 1534/5640/1125 5847/5701/1138 5846/5700/1138 1533/5641/1125
f 5850/5709/1142 5851/5710/1142 5849/5711/1143 5855/5712/1142
f 5852/5713/1142 5853/5714/1142 5849/5711/1143 5851/5710/1142
f 5854/5715/1142 5855/5712/1142 5849/5711/1143 5853/5714/1142
f 238/5606/1117 1544/5707/1140 5850/5709/1142 1538/5680/1134
f 1544/5707/1140 1545/5705/1140 5851/5710/1142 5850/5709/1142
f 1538/5680/1134 5850/5709/1142 5855/5712/1142 1539/5679/1134
f 241/5702/1139 1549/5716/1144 5852/5713/1142 1546/5703/1140
f 1549/5716/1144 1548/5717/1144 5853/5714/1142 5852/5713/1142
f 1546/5703/1140 5852/5713/1142 5851/5710/1142 1545/5705/1140
f 240/5668/1132 1540/5678/1134 5854/5715/1142 1547/5718/1144
f 1540/5678/1134 1539/5679/1134 5855/5712/1142 5854/5715/1142
f 1547/5718/1144 5854/5715/1142 5853/5714/1142 1548/5717/1144
f 5857/5719/1145 5858/5720/1145 5856/5721/1145 5862/5722/1145
f 5859/5723/1145 5860/5724/1145 5856/5721/1145 5858/5720/1145
f 5861/5725/1145 5862/5722/1145 5856/5721/1145 5860/5724/1145
f 239/5630/1123 2627/5655/1128 5857/5719/1145 1550/5726/1146
f 2627/5655/1128 2628/5653/1128 5858/5720/1145 5857/5719/1145
f 1550/5726/1146 5857/5719/1145 5862/5722/1145 1551/5727/1147
f 106/5650/1127 2636/5728/1148 5859/5723/1145 2629/5651/1128
f 2636/5728/1148 2637/5729/1148 5860/5724/1145 5859/5723/1145
f 2629/5651/1128 5859/5723/1145 5858/5720/1145 2628/5653/1128
f 242/5730/1149 1552/5731/1147 5861/5725/1145 2638/5732/1148
f 1552/5731/1147 1551/5727/1147 5862/5722/1145 5861/5725/1145
f 2638/5732/1148 5861/5725/1145 5860/5724/1145 2637/5729/1148
f 5864/5733/1150 5865/5734/1151 5863/5735/1150 5869/5736/1151
f 5866/5737/1151 5867/5738/1150 5863/5735/1150 5865/5734/1151
f 5868/5739/1151 5869/5736/1151 5863/5735/1150 5867/5738/1150
f 242/5730/1149 1555/5740/1152 5864/5733/1150 1552/5731/1147
f 1555/5740/1152 1554/5741/1152 5865/5734/1151 5864/5733/1150
f 1552/5731/1147 5864/5733/1150 5869/5736/1151 1551/5727/1147
f 241/5702/1139 1543/5704/1141 5866/5737/1151 1553/5742/1152
f 1543/5704/1141 1542/5706/1141 5867/5738/1150 5866/5737/1151
f 1553/5742/1152 5866/5737/1151 5865/5734/1151 1554/5741/1152
f 239/5630/1123 1550/5726/1146 5868/5739/1151 1541/5708/1141
f 1550/5726/1146 1551/5727/1147 5869/5736/1151 5868/5739/1151
f 1541/5708/1141 5868/5739/1151 5867/5738/1150 1542/5706/1141
f 5871/5743/1153 5872/5744/1153 5870/5745/1153 5876/5746/1153
f 5873/5747/1153 5874/5748/1153 5870/5745/1153 5872/5744/1153
f 5875/5749/1153 5876/5746/1153 5870/5745/1153 5874/5748/1153
f 106/5650/1127 833/5750/1153 5871/5743/1153 2636/5728/1148
f 833/5750/1153 834/5751/1153 5872/5744/1153 5871/5743/1153
f 2636/5728/1148 5871/5743/1153 5876/5746/1153 2637/5729/1148
f 108/5752/1154 2641/5753/1155 5873/5747/1153 835/5754/1153
f 2641/5753/1155 2640/5755/1155 5874/5748/1153 5873/5747/1153
f 835/5754/1153 5873/5747/1153 5872/5744/1153 834/5751/1153
f 242/5730/1149 2638/5732/1148 5875/5749/1153 2639/5756/1155
f 2638/5732/1148 2637/5729/1148 5876/5746/1153 5875/5749/1153
f 2639/5756/1155 5875/5749/1153 5874/5748/1153 2640/5755/1155
f 5878/5757/1156 5879/5758/1156 5877/5759/1156 5883/5760/1156
f 5880/5761/1156 5881/5762/1156 5877/5759/1156 5879/5758/1156
f 5882/5763/1156 5883/5760/1156 5877/5759/1156 5881/5762/1156
f 197/5690/1137 2635/5692/1136 5878/5757/1156 2642/5764/1157
f 2635/5692/1136 2634/5689/1136 5879/5758/1156 5878/5757/1156
f 2642/5764/1157 5878/5757/1156 5883/5760/1156 2643/5765/1157
f 240/5668/1132 1556/5766/1158 5880/5761/1156 2633/5688/1136
f 1556/5766/1158 1557/5767/1158 5881/5762/1156 5880/5761/1156
f 2633/5688/1136 5880/5761/1156 5879/5758/1156 2634/5689/1136
f 243/5768/1159 2644/5769/1157 5882/5763/1156 1558/5770/1158
f 2644/5769/1157 2643/5765/1157 5883/5760/1156 5882/5763/1156
f 1558/5770/1158 5882/5763/1156 5881/5762/1156 1557/5767/1158
f 5885/5771/1160 5886/5772/1160 5884/5773/1160 5890/5774/1160
f 5887/5775/1160 5888/5776/1160 5884/5773/1160 5886/5772/1160
f 5889/5777/1160 5890/5774/1160 5884/5773/1160 5888/5776/1160
f 241/5702/1139 1559/5778/1161 5885/5771/1160 1549/5716/1144
f 1559/5778/1161 1560/5779/1161 5886/5772/1160 5885/5771/1160
f 1549/5716/1144 5885/5771/1160 5890/5774/1160 1548/5717/1144
f 243/5768/1159 1558/5770/1158 5887/5775/1160 1561/5780/1161
f 1558/5770/1158 1557/5767/1158 5888/5776/1160 5887/5775/1160
f 1561/5780/1161 5887/5775/1160 5886/5772/1160 1560/5779/1161
f 240/5668/1132 1547/5718/1144 5889/5777/1160 1556/5766/1158
f 1547/5718/1144 1548/5717/1144 5890/5774/1160 5889/5777/1160
f 1556/5766/1158 5889/5777/1160 5888/5776/1160 1557/5767/1158
f 5892/5781/1162 5893/5782/1162 5891/5783/1162 5897/5784/1162
f 5894/5785/1162 5895/5786/1162 5891/5783/1162 5893/5782/1162
f 5896/5787/1162 5897/5784/1162 5891/5783/1162 5895/5786/1162
f 243/5768/1159 2645/5788/1163 5892/5781/1162 2644/5769/1157
f 2645/5788/1163 2646/5789/1163 5893/5782/1162 5892/5781/1162
f 2644/5769/1157 5892/5781/1162 5897/5784/1162 2643/5765/1157
f 199/5790/1164 1276/5791/1162 5894/5785/1162 2647/5792/1163
f 1276/5791/1162 1275/5793/1162 5895/5786/1162 5894/5785/1162
f 2647/5792/1163 5894/5785/1162 5893/5782/1162 2646/5789/1163
f 197/5690/1137 2642/5764/1157 5896/5787/1162 1274/5794/1162
f 2642/5764/1157 2643/5765/1157 5897/5784/1162 5896/5787/1162
f 1274/5794/1162 5896/5787/1162 5895/5786/1162 1275/5793/1162
f 5899/5795/1165 5900/5796/1165 5898/5797/1165 5904/5798/1165
f 5901/5799/1165 5902/5800/1165 5898/5797/1165 5900/5796/1165
f 5903/5801/1165 5904/5798/1165 5898/5797/1165 5902/5800/1165
f 244/5802/1166 1567/5803/1167 5899/5795/1165 1564/5804/1168
f 1567/5803/1167 1566/5805/1167 5900/5796/1165 5899/5795/1165
f 1564/5804/1168 5899/5795/1165 5904/5798/1165 1563/5806/1168
f 241/5702/1139 1553/5742/1152 5901/5799/1165 1565/5807/1167
f 1553/5742/1152 1554/5741/1152 5902/5800/1165 5901/5799/1165
f 1565/5807/1167 5901/5799/1165 5900/5796/1165 1566/5805/1167
f 242/5730/1149 1562/5808/1168 5903/5801/1165 1555/5740/1152
f 1562/5808/1168 1563/5806/1168 5904/5798/1165 5903/5801/1165
f 1555/5740/1152 5903/5801/1165 5902/5800/1165 1554/5741/1152
f 5906/5809/1169 5907/5810/1169 5905/5811/1169 5911/5812/1169
f 5908/5813/1169 5909/5814/1169 5905/5811/1169 5907/5810/1169
f 5910/5815/1169 5911/5812/1169 5905/5811/1169 5909/5814/1169
f 243/5768/1159 1561/5780/1161 5906/5809/1169 1568/5816/1170
f 1561/5780/1161 1560/5779/1161 5907/5810/1169 5906/5809/1169
f 1568/5816/1170 5906/5809/1169 5911/5812/1169 1569/5817/1170
f 241/5702/1139 1565/5807/1167 5908/5813/1169 1559/5778/1161
f 1565/5807/1167 1566/5805/1167 5909/5814/1169 5908/5813/1169
f 1559/5778/1161 5908/5813/1169 5907/5810/1169 1560/5779/1161
f 244/5802/1166 1570/5818/1170 5910/5815/1169 1567/5803/1167
f 1570/5818/1170 1569/5817/1170 5911/5812/1169 5910/5815/1169
f 1567/5803/1167 5910/5815/1169 5909/5814/1169 1566/5805/1167
f 5913/5819/1171 5914/5820/1171 5912/5821/1171 5918/5822/1171
f 5915/5823/1171 5916/5824/1171 5912/5821/1171 5914/5820/1171
f 5917/5825/1171 5918/5822/1171 5912/5821/1171 5916/5824/1171
f 245/5826/1172 1573/5827/1173 5913/5819/1171 2650/5828/1174
f 1573/5827/1173 1572/5829/1173 5914/5820/1171 5913/5819/1171
f 2650/5828/1174 5913/5819/1171 5918/5822/1171 2649/5830/1174
f 242/5730/1149 2639/5756/1155 5915/5823/1171 1571/5831/1173
f 2639/5756/1155 2640/5755/1155 5916/5824/1171 5915/5823/1171
f 1571/5831/1173 5915/5823/1171 5914/5820/1171 1572/5829/1173
f 108/5752/1154 2648/5832/1174 5917/5825/1171 2641/5753/1155
f 2648/5832/1174 2649/5830/1174 5918/5822/1171 5917/5825/1171
f 2641/5753/1155 5917/5825/1171 5916/5824/1171 2640/5755/1155
f 5920/5833/1175 5921/5834/1175 5919/5835/1175 5925/5836/1175
f 5922/5837/1175 5923/5838/1175 5919/5835/1175 5921/5834/1175
f 5924/5839/1175 5925/5836/1175 5919/5835/1175 5923/5838/1175
f 108/5752/1154 845/5840/1175 5920/5833/1175 2648/5832/1174
f 845/5840/1175 846/5841/1175 5921/5834/1175 5920/5833/1175
f 2648/5832/1174 5920/5833/1175 5925/5836/1175 2649/5830/1174
f 110/5842/1176 2653/5843/1177 5922/5837/1175 847/5844/1175
f 2653/5843/1177 2652/5845/1177 5923/5838/1175 5922/5837/1175
f 847/5844/1175 5922/5837/1175 5921/5834/1175 846/5841/1175
f 245/5826/1172 2650/5828/1174 5924/5839/1175 2651/5846/1177
f 2650/5828/1174 2649/5830/1174 5925/5836/1175 5924/5839/1175
f 2651/5846/1177 5924/5839/1175 5923/5838/1175 2652/5845/1177
f 5927/5847/1178 5928/5848/1178 5926/5849/1178 5932/5850/1178
f 5929/5851/1178 5930/5852/1178 5926/5849/1178 5928/5848/1178
f 5931/5853/1178 5932/5850/1178 5926/5849/1178 5930/5852/1178
f 242/5730/1149 1574/5854/1179 5927/5847/1178 1562/5808/1168
f 1574/5854/1179 1575/5855/1179 5928/5848/1178 5927/5847/1178
f 1562/5808/1168 5927/5847/1178 5932/5850/1178 1563/5806/1168
f 246/5856/1180 1579/5857/1181 5929/5851/1178 1576/5858/1179
f 1579/5857/1181 1578/5859/1181 5930/5852/1178 5929/5851/1178
f 1576/5858/1179 5929/5851/1178 5928/5848/1178 1575/5855/1179
f 244/5802/1166 1564/5804/1168 5931/5853/1178 1577/5860/1181
f 1564/5804/1168 1563/5806/1168 5932/5850/1178 5931/5853/1178
f 1577/5860/1181 5931/5853/1178 5930/5852/1178 1578/5859/1181
f 5934/5861/1182 5935/5862/1182 5933/5863/1182 5939/5864/1182
f 5936/5865/1182 5937/5866/1182 5933/5863/1182 5935/5862/1182
f 5938/5867/1182 5939/5864/1182 5933/5863/1182 5937/5866/1182
f 246/5856/1180 1582/5868/1183 5934/5861/1182 1579/5857/1181
f 1582/5868/1183 1581/5869/1183 5935/5862/1182 5934/5861/1182
f 1579/5857/1181 5934/5861/1182 5939/5864/1182 1578/5859/1181
f 243/5768/1159 1568/5816/1170 5936/5865/1182 1580/5870/1183
f 1568/5816/1170 1569/5817/1170 5937/5866/1182 5936/5865/1182
f 1580/5870/1183 5936/5865/1182 5935/5862/1182 1581/5869/1183
f 244/5802/1166 1577/5860/1181 5938/5867/1182 1570/5818/1170
f 1577/5860/1181 1578/5859/1181 5939/5864/1182 5938/5867/1182
f 1570/5818/1170 5938/5867/1182 5937/5866/1182 1569/5817/1170
f 5941/5871/1184 5942/5872/1184 5940/5873/1184 5946/5874/1185
f 5943/5875/1184 5944/5876/1184 5940/5873/1184 5942/5872/1184
f 5945/5877/1184 5946/5874/1185 5940/5873/1184 5944/5876/1184
f 246/5856/1180 1576/5858/1179 5941/5871/1184 1585/5878/1186
f 1576/5858/1179 1575/5855/1179 5942/5872/1184 5941/5871/1184
f 1585/5878/1186 5941/5871/1184 5946/5874/1185 1584/5879/1186
f 242/5730/1149 1571/5831/1173 5943/5875/1184 1574/5854/1179
f 1571/5831/1173 1572/5829/1173 5944/5876/1184 5943/5875/1184
f 1574/5854/1179 5943/5875/1184 5942/5872/1184 1575/5855/1179
f 245/5826/1172 1583/5880/1186 5945/5877/1184 1573/5827/1173
f 1583/5880/1186 1584/5879/1186 5946/5874/1185 5945/5877/1184
f 1573/5827/1173 5945/5877/1184 5944/5876/1184 1572/5829/1173
f 5948/5881/1187 5949/5882/1187 5947/5883/1187 5953/5884/1187
f 5950/5885/1187 5951/5886/1187 5947/5883/1187 5949/5882/1187
f 5952/5887/1187 5953/5884/1187 5947/5883/1187 5951/5886/1187
f 243/5768/1159 1586/5888/1188 5948/5881/1187 2645/5788/1163
f 1586/5888/1188 1587/5889/1188 5949/5882/1187 5948/5881/1187
f 2645/5788/1163 5948/5881/1187 5953/5884/1187 2646/5789/1163
f 247/5890/1189 2656/5891/1190 5950/5885/1187 1588/5892/1188
f 2656/5891/1190 2655/5893/1190 5951/5886/1187 5950/5885/1187
f 1588/5892/1188 5950/5885/1187 5949/5882/1187 1587/5889/1188
f 199/5790/1164 2647/5792/1163 5952/5887/1187 2654/5894/1190
f 2647/5792/1163 2646/5789/1163 5953/5884/1187 5952/5887/1187
f 2654/5894/1190 5952/5887/1187 5951/5886/1187 2655/5893/1190
f 5955/5895/1191 5956/5896/1191 5954/5897/1191 5960/5898/1191
f 5957/5899/1191 5958/5900/1191 5954/5897/1191 5956/5896/1191
f 5959/5901/1191 5960/5898/1191 5954/5897/1191 5958/5900/1191
f 243/5768/1159 1580/5870/1183 5955/5895/1191 1586/5888/1188
f 1580/5870/1183 1581/5869/1183 5956/5896/1191 5955/5895/1191
f 1586/5888/1188 5955/5895/1191 5960/5898/1191 1587/5889/1188
f 246/5856/1180 1589/5902/1192 5957/5899/1191 1582/5868/1183
f 1589/5902/1192 1590/5903/1192 5958/5900/1191 5957/5899/1191
f 1582/5868/1183 5957/5899/1191 5956/5896/1191 1581/5869/1183
f 247/5890/1189 1588/5892/1188 5959/5901/1191 1591/5904/1192
f 1588/5892/1188 1587/5889/1188 5960/5898/1191 5959/5901/1191
f 1591/5904/1192 5959/5901/1191 5958/5900/1191 1590/5903/1192
f 5962/5905/1193 5963/5906/1193 5961/5907/1193 5967/5908/1193
f 5964/5909/1193 5965/5910/1193 5961/5907/1193 5963/5906/1193
f 5966/5911/1193 5967/5908/1193 5961/5907/1193 5965/5910/1193
f 247/5890/1189 2657/5912/1194 5962/5905/1193 2656/5891/1190
f 2657/5912/1194 2658/5913/1194 5963/5906/1193 5962/5905/1193
f 2656/5891/1190 5962/5905/1193 5967/5908/1193 2655/5893/1190
f 201/5914/1195 1285/5915/1193 5964/5909/1193 2659/5916/1194
f 1285/5915/1193 1284/5917/1193 5965/5910/1193 5964/5909/1193
f 2659/5916/1194 5964/5909/1193 5963/5906/1193 2658/5913/1194
f 199/5790/1164 2654/5894/1190 5966/5911/1193 1283/5918/1193
f 2654/5894/1190 2655/5893/1190 5967/5908/1193 5966/5911/1193
f 1283/5918/1193 5966/5911/1193 5965/5910/1193 1284/5917/1193
f 5969/5919/1196 5970/5920/1196 5968/5921/1196 5974/5922/1196
f 5971/5923/1196 5972/5924/1196 5968/5921/1196 5970/5920/1196
f 5973/5925/1196 5974/5922/1196 5968/5921/1196 5972/5924/1196
f 245/5826/1172 1592/5926/1197 5969/5919/1196 1583/5880/1186
f 1592/5926/1197 1593/5927/1197 5970/5920/1196 5969/5919/1196
f 1583/5880/1186 5969/5919/1196 5974/5922/1196 1584/5879/1186
f 248/5928/1198 1597/5929/1199 5971/5923/1196 1594/5930/1197
f 1597/5929/1199 1596/5931/1199 5972/5924/1196 5971/5923/1196
f 1594/5930/1197 5971/5923/1196 5970/5920/1196 1593/5927/1197
f 246/5856/1180 1585/5878/1186 5973/5925/1196 1595/5932/1199
f 1585/5878/1186 1584/5879/1186 5974/5922/1196 5973/5925/1196
f 1595/5932/1199 5973/5925/1196 5972/5924/1196 1596/5931/1199
f 5976/5933/1200 5977/5934/1200 5975/5935/1200 5981/5936/1200
f 5978/5937/1200 5979/5938/1200 5975/5935/1200 5977/5934/1200
f 5980/5939/1200 5981/5936/1200 5975/5935/1200 5979/5938/1200
f 248/5928/1198 1600/5940/1201 5976/5933/1200 1597/5929/1199
f 1600/5940/1201 1599/5941/1201 5977/5934/1200 5976/5933/1200
f 1597/5929/1199 5976/5933/1200 5981/5936/1200 1596/5931/1199
f 247/5890/1189 1591/5904/1192 5978/5937/1200 1598/5942/1201
f 1591/5904/1192 1590/5903/1192 5979/5938/1200 5978/5937/1200
f 1598/5942/1201 5978/5937/1200 5977/5934/1200 1599/5941/1201
f 246/5856/1180 1595/5932/1199 5980/5939/1200 1589/5902/1192
f 1595/5932/1199 1596/5931/1199 5981/5936/1200 5980/5939/1200
f 1589/5902/1192 5980/5939/1200 5979/5938/1200 1590/5903/1192
f 5983/5943/1202 5984/5944/1202 5982/5945/1202 5988/5946/1202
f 5985/5947/1202 5986/5948/1202 5982/5945/1202 5984/5944/1202
f 5987/5949/1202 5988/5946/1202 5982/5945/1202 5986/5948/1202
f 247/5890/1189 1601/5950/1203 5983/5943/1202 2657/5912/1194
f 1601/5950/1203 1602/5951/1203 5984/5944/1202 5983/5943/1202
f 2657/5912/1194 5983/5943/1202 5988/5946/1202 2658/5913/1194
f 249/5952/1204 2662/5953/1205 5985/5947/1202 1603/5954/1203
f 2662/5953/1205 2661/5955/1205 5986/5948/1202 5985/5947/1202
f 1603/5954/1203 5985/5947/1202 5984/5944/1202 1602/5951/1203
f 201/5914/1195 2659/5916/1194 5987/5949/1202 2660/5956/1205
f 2659/5916/1194 2658/5913/1194 5988/5946/1202 5987/5949/1202
f 2660/5956/1205 5987/5949/1202 5986/5948/1202 2661/5955/1205
f 5990/5957/1206 5991/5958/1206 5989/5959/1207 5995/5960/1206
f 5992/5961/1206 5993/5962/1206 5989/5959/1207 5991/5958/1206
f 5994/5963/1206 5995/5960/1206 5989/5959/1207 5993/5962/1206
f 247/5890/1189 1598/5942/1201 5990/5957/1206 1601/5950/1203
f 1598/5942/1201 1599/5941/1201 5991/5958/1206 5990/5957/1206
f 1601/5950/1203 5990/5957/1206 5995/5960/1206 1602/5951/1203
f 248/5928/1198 1604/5964/1208 5992/5961/1206 1600/5940/1201
f 1604/5964/1208 1605/5965/1208 5993/5962/1206 5992/5961/1206
f 1600/5940/1201 5992/5961/1206 5991/5958/1206 1599/5941/1201
f 249/5952/1204 1603/5954/1203 5994/5963/1206 1606/5966/1208
f 1603/5954/1203 1602/5951/1203 5995/5960/1206 5994/5963/1206
f 1606/5966/1208 5994/5963/1206 5993/5962/1206 1605/5965/1208
f 5997/5967/1209 5998/5968/1209 5996/5969/1209 6002/5970/1209
f 5999/5971/1209 6000/5972/1209 5996/5969/1209 5998/5968/1209
f 6001/5973/1209 6002/5970/1209 5996/5969/1209 6000/5972/1209
f 249/5952/1204 2663/5974/1210 5997/5967/1209 2662/5953/1205
f 2663/5974/1210 2664/5975/1211 5998/5968/1209 5997/5967/1209
f 2662/5953/1205 5997/5967/1209 6002/5970/1209 2661/5955/1205
f 121/5976/1212 2368/5977/1209 5999/5971/1209 2665/5978/1210
f 2368/5977/1209 2367/5979/1209 6000/5972/1209 5999/5971/1209
f 2665/5978/1210 5999/5971/1209 5998/5968/1209 2664/5975/1211
f 201/5914/1195 2660/5956/1205 6001/5973/1209 2366/5980/1209
f 2660/5956/1205 2661/5955/1205 6002/5970/1209 6001/5973/1209
f 2366/5980/1209 6001/5973/1209 6000/5972/1209 2367/5979/1209
f 6004/5981/1213 6005/5982/1213 6003/5983/1213 6009/5984/1213
f 6006/5985/1213 6007/5986/1213 6003/5983/1213 6005/5982/1213
f 6008/5987/1213 6009/5984/1213 6003/5983/1213 6007/5986/1213
f 121/5976/1212 2665/5978/1210 6004/5981/1213 899/5988/1213
f 2665/5978/1210 2664/5975/1211 6005/5982/1213 6004/5981/1213
f 899/5988/1213 6004/5981/1213 6009/5984/1213 900/5989/1213
f 249/5952/1204 2666/5990/1214 6006/5985/1213 2663/5974/1210
f 2666/5990/1214 2667/5991/1214 6007/5986/1213 6006/5985/1213
f 2663/5974/1210 6006/5985/1213 6005/5982/1213 2664/5975/1211
f 124/5992/1215 901/5993/1213 6008/5987/1213 2668/5994/1214
f 901/5993/1213 900/5989/1213 6009/5984/1213 6008/5987/1213
f 2668/5994/1214 6008/5987/1213 6007/5986/1213 2667/5991/1214
f 6011/5995/1216 6012/5996/1216 6010/5997/1216 6016/5998/1216
f 6013/5999/1216 6014/6000/1216 6010/5997/1216 6012/5996/1216
f 6015/6001/1216 6016/5998/1216 6010/5997/1216 6014/6000/1216
f 124/5992/1215 2668/5994/1214 6011/5995/1216 2147/6002/1216
f 2668/5994/1214 2667/5991/1214 6012/5996/1216 6011/5995/1216
f 2147/6002/1216 6011/5995/1216 6016/5998/1216 2148/6003/1216
f 249/5952/1204 2669/6004/1217 6013/5999/1216 2666/5990/1214
f 2669/6004/1217 2670/6005/1217 6014/6000/1216 6013/5999/1216
f 2666/5990/1214 6013/5999/1216 6012/5996/1216 2667/5991/1214
f 25/6006/1218 2149/6007/1216 6015/6001/1216 2671/6008/1217
f 2149/6007/1216 2148/6003/1216 6016/5998/1216 6015/6001/1216
f 2671/6008/1217 6015/6001/1216 6014/6000/1216 2670/6005/1217
f 6018/6009/1219 6019/6010/1219 6017/6011/1219 6023/6012/1219
f 6020/6013/1219 6021/6014/1219 6017/6011/1219 6019/6010/1219
f 6022/6015/1219 6023/6012/1219 6017/6011/1219 6021/6014/1219
f 25/6006/1218 2671/6008/1217 6018/6009/1219 2674/6016/1220
f 2671/6008/1217 2670/6005/1217 6019/6010/1219 6018/6009/1219
f 2674/6016/1220 6018/6009/1219 6023/6012/1219 2673/6017/1220
f 249/5952/1204 1606/5966/1208 6020/6013/1219 2669/6004/1217
f 1606/5966/1208 1605/5965/1208 6021/6014/1219 6020/6013/1219
f 2669/6004/1217 6020/6013/1219 6019/6010/1219 2670/6005/1217
f 248/5928/1198 2672/6018/1220 6022/6015/1219 1604/5964/1208
f 2672/6018/1220 2673/6017/1220 6023/6012/1219 6022/6015/1219
f 1604/5964/1208 6022/6015/1219 6021/6014/1219 1605/5965/1208
f 6025/6019/1221 6026/6020/1221 6024/6021/1221 6030/6022/1221
f 6027/6023/1221 6028/6024/1221 6024/6021/1221 6026/6020/1221
f 6029/6025/1221 6030/6022/1221 6024/6021/1221 6028/6024/1221
f 248/5928/1198 1594/5930/1197 6025/6019/1221 1607/6026/1222
f 1594/5930/1197 1593/5927/1197 6026/6020/1221 6025/6019/1221
f 1607/6026/1222 6025/6019/1221 6030/6022/1221 1608/6027/1222
f 245/5826/1172 1610/6028/1223 6027/6023/1221 1592/5926/1197
f 1610/6028/1223 1611/6029/1223 6028/6024/1221 6027/6023/1221
f 1592/5926/1197 6027/6023/1221 6026/6020/1221 1593/5927/1197
f 250/6030/1224 1609/6031/1222 6029/6025/1221 1612/6032/1223
f 1609/6031/1222 1608/6027/1222 6030/6022/1221 6029/6025/1221
f 1612/6032/1223 6029/6025/1221 6028/6024/1221 1611/6029/1223
f 6032/6033/1225 6033/6034/1225 6031/6035/1225 6037/6036/1225
f 6034/6037/1225 6035/6038/1225 6031/6035/1225 6033/6034/1225
f 6036/6039/1225 6037/6036/1225 6031/6035/1225 6035/6038/1225
f 250/6030/1224 2677/6040/1226 6032/6033/1225 1609/6031/1222
f 2677/6040/1226 2676/6041/1226 6033/6034/1225 6032/6033/1225
f 1609/6031/1222 6032/6033/1225 6037/6036/1225 1608/6027/1222
f 25/6006/1218 2674/6016/1220 6034/6037/1225 2675/6042/1227
f 2674/6016/1220 2673/6017/1220 6035/6038/1225 6034/6037/1225
f 2675/6042/1227 6034/6037/1225 6033/6034/1225 2676/6041/1226
f 248/5928/1198 1607/6026/1222 6036/6039/1225 2672/6018/1220
f 1607/6026/1222 1608/6027/1222 6037/6036/1225 6036/6039/1225
f 2672/6018/1220 6036/6039/1225 6035/6038/1225 2673/6017/1220
f 6039/6043/1228 6040/6044/1228 6038/6045/1228 6044/6046/1228
f 6041/6047/1228 6042/6048/1228 6038/6045/1228 6040/6044/1228
f 6043/6049/1228 6044/6046/1228 6038/6045/1228 6042/6048/1228
f 250/6030/1224 1612/6032/1223 6039/6043/1228 2680/6050/1229
f 1612/6032/1223 1611/6029/1223 6040/6044/1228 6039/6043/1228
f 2680/6050/1229 6039/6043/1228 6044/6046/1228 2679/6051/1229
f 245/5826/1172 2651/5846/1177 6041/6047/1228 1610/6028/1223
f 2651/5846/1177 2652/5845/1177 6042/6048/1228 6041/6047/1228
f 1610/6028/1223 6041/6047/1228 6040/6044/1228 1611/6029/1223
f 110/5842/1176 2678/6052/1229 6043/6049/1228 2653/5843/1177
f 2678/6052/1229 2679/6051/1229 6044/6046/1228 6043/6049/1228
f 2653/5843/1177 6043/6049/1228 6042/6048/1228 2652/5845/1177
f 6046/6053/1230 6047/6054/1230 6045/6055/1230 6051/6056/1230
f 6048/6057/1231 6049/6058/1230 6045/6055/1230 6047/6054/1230
f 6050/6059/1230 6051/6056/1230 6045/6055/1230 6049/6058/1230
f 25/6006/1218 2675/6042/1227 6046/6053/1230 401/6060/1230
f 2675/6042/1227 2676/6041/1226 6047/6054/1230 6046/6053/1230
f 401/6060/1230 6046/6053/1230 6051/6056/1230 402/6061/1230
f 250/6030/1224 2681/6062/1232 6048/6057/1231 2677/6040/1226
f 2681/6062/1232 2682/6063/1232 6049/6058/1230 6048/6057/1231
f 2677/6040/1226 6048/6057/1231 6047/6054/1230 2676/6041/1226
f 26/6064/1233 403/6065/1230 6050/6059/1230 2683/6066/1232
f 403/6065/1230 402/6061/1230 6051/6056/1230 6050/6059/1230
f 2683/6066/1232 6050/6059/1230 6049/6058/1230 2682/6063/1232
f 6053/6067/1234 6054/6068/1234 6052/6069/1234 6058/6070/1234
f 6055/6071/1234 6056/6072/1234 6052/6069/1234 6054/6068/1234
f 6057/6073/1234 6058/6070/1234 6052/6069/1234 6056/6072/1234
f 29/6074/1235 2686/6075/1236 6053/6067/1234 2104/6076/1234
f 2686/6075/1236 2685/6077/1236 6054/6068/1234 6053/6067/1234
f 2104/6076/1234 6053/6067/1234 6058/6070/1234 2103/6078/1234
f 250/6030/1224 2680/6050/1229 6055/6071/1234 2684/6079/1236
f 2680/6050/1229 2679/6051/1229 6056/6072/1234 6055/6071/1234
f 2684/6079/1236 6055/6071/1234 6054/6068/1234 2685/6077/1236
f 110/5842/1176 2102/6080/1234 6057/6073/1234 2678/6052/1229
f 2102/6080/1234 2103/6078/1234 6058/6070/1234 6057/6073/1234
f 2678/6052/1229 6057/6073/1234 6056/6072/1234 2679/6051/1229
f 6060/6081/1237 6061/6082/1237 6059/6083/1237 6065/6084/1238
f 6062/6085/1237 6063/6086/1237 6059/6083/1237 6061/6082/1237
f 6064/6087/1238 6065/6084/1238 6059/6083/1237 6063/6086/1237
f 250/6030/1224 2684/6079/1236 6060/6081/1237 2681/6062/1232
f 2684/6079/1236 2685/6077/1236 6061/6082/1237 6060/6081/1237
f 2681/6062/1232 6060/6081/1237 6065/6084/1238 2682/6063/1232
f 29/6074/1235 415/6088/1237 6062/6085/1237 2686/6075/1236
f 415/6088/1237 414/6089/1237 6063/6086/1237 6062/6085/1237
f 2686/6075/1236 6062/6085/1237 6061/6082/1237 2685/6077/1236
f 26/6064/1233 2683/6066/1232 6064/6087/1238 413/6090/1238
f 2683/6066/1232 2682/6063/1232 6065/6084/1238 6064/6087/1238
f 413/6090/1238 6064/6087/1238 6063/6086/1237 414/6089/1237
s 0
f 6067/6091/630 6068/6092/630 6066/6093/630 6072/6094/630
f 6069/6095/630 6070/6096/630 6066/6093/630 6068/6092/630
f 6071/6097/630 6072/6094/630 6066/6093/630 6070/6096/630
f 125/6098/630 2239/6099/630 6067/6091/630 905/6100/630
f 2239/6099/630 2238/6101/630 6068/6092/630 6067/6091/630
f 905/6100/630 6067/6091/630 6072/6094/630 906/6102/630
f 134/6103/630 2687/6104/630 6069/6095/630 2237/6105/630
f 2687/6104/630 2688/6106/630 6070/6096/630 6069/6095/630
f 2237/6105/630 6069/6095/630 6068/6092/630 2238/6101/630
f 126/6107/630 907/6108/630 6071/6097/630 2689/6109/630
f 907/6108/630 906/6102/630 6072/6094/630 6071/6097/630
f 2689/6109/630 6071/6097/630 6070/6096/630 2688/6106/630
f 6074/6110/630 6075/6111/630 6073/6112/630 6079/6113/630
f 6076/6114/630 6077/6115/630 6073/6112/630 6075/6111/630
f 6078/6116/630 6079/6113/630 6073/6112/630 6077/6115/630
f 126/6107/630 2689/6109/630 6074/6110/630 2275/6117/630
f 2689/6109/630 2688/6106/630 6075/6111/630 6074/6110/630
f 2275/6117/630 6074/6110/630 6079/6113/630 2274/6118/630
f 134/6103/630 2690/6119/630 6076/6114/630 2687/6104/630
f 2690/6119/630 2691/6120/630 6077/6115/630 6076/6114/630
f 2687/6104/630 6076/6114/630 6075/6111/630 2688/6106/630
f 138/6121/630 2273/6122/630 6078/6116/630 2692/6123/630
f 2273/6122/630 2274/6118/630 6079/6113/630 6078/6116/630
f 2692/6123/630 6078/6116/630 6077/6115/630 2691/6120/630
f 6081/6124/630 6082/6125/630 6080/6126/630 6086/6127/630
f 6083/6128/630 6084/6129/630 6080/6126/630 6082/6125/630
f 6085/6130/630 6086/6127/630 6080/6126/630 6084/6129/630
f 134/6103/630 2693/6131/630 6081/6124/630 2690/6119/630
f 2693/6131/630 2694/6132/630 6082/6125/630 6081/6124/630
f 2690/6119/630 6081/6124/630 6086/6127/630 2691/6120/630
f 137/6133/630 932/6134/630 6083/6128/630 2695/6135/630
f 932/6134/630 933/6136/630 6084/6129/630 6083/6128/630
f 2695/6135/630 6083/6128/630 6082/6125/630 2694/6132/630
f 138/6121/630 2692/6123/630 6085/6130/630 934/6137/630
f 2692/6123/630 2691/6120/630 6086/6127/630 6085/6130/630
f 934/6137/630 6085/6130/630 6084/6129/630 933/6136/630
f 6088/6138/630 6089/6139/630 6087/6140/630 6093/6141/630
f 6090/6142/630 6091/6143/630 6087/6140/630 6089/6139/630
f 6092/6144/630 6093/6141/630 6087/6140/630 6091/6143/630
f 137/6133/630 2695/6135/630 6088/6138/630 2696/6145/630
f 2695/6135/630 2694/6132/630 6089/6139/630 6088/6138/630
f 2696/6145/630 6088/6138/630 6093/6141/630 2697/6146/630
f 134/6103/630 925/6147/630 6090/6142/630 2693/6131/630
f 925/6147/630 924/6148/630 6091/6143/630 6090/6142/630
f 2693/6131/630 6090/6142/630 6089/6139/630 2694/6132/630
f 133/6149/630 2698/6150/630 6092/6144/630 923/6151/630
f 2698/6150/630 2697/6146/630 6093/6141/630 6092/6144/630
f 923/6151/630 6092/6144/630 6091/6143/630 924/6148/630
f 6095/6152/630 6096/6153/630 6094/6154/630 6100/6155/630
f 6097/6156/630 6098/6157/630 6094/6154/630 6096/6153/630
f 6099/6158/630 6100/6155/630 6094/6154/630 6098/6157/630
f 133/6149/630 922/6159/630 6095/6152/630 2698/6150/630
f 922/6159/630 921/6160/630 6096/6153/630 6095/6152/630
f 2698/6150/630 6095/6152/630 6100/6155/630 2697/6146/630
f 132/6161/630 2701/6162/630 6097/6156/630 920/6163/630
f 2701/6162/630 2700/6164/630 6098/6157/630 6097/6156/630
f 920/6163/630 6097/6156/630 6096/6153/630 921/6160/630
f 137/6133/630 2696/6145/630 6099/6158/630 2699/6165/630
f 2696/6145/630 2697/6146/630 6100/6155/630 6099/6158/630
f 2699/6165/630 6099/6158/630 6098/6157/630 2700/6164/630
f 6102/6166/630 6103/6167/630 6101/6168/630 6107/6169/630
f 6104/6170/630 6105/6171/630 6101/6168/630 6103/6167/630
f 6106/6172/630 6107/6169/630 6101/6168/630 6105/6171/630
f 132/6161/630 2702/6173/630 6102/6166/630 2701/6162/630
f 2702/6173/630 2703/6174/630 6103/6167/630 6102/6166/630
f 2701/6162/630 6102/6166/630 6107/6169/630 2700/6164/630
f 136/6175/630 929/6176/630 6104/6170/630 2704/6177/630
f 929/6176/630 930/6178/630 6105/6171/630 6104/6170/630
f 2704/6177/630 6104/6170/630 6103/6167/630 2703/6174/630
f 137/6133/630 2699/6165/630 6106/6172/630 931/6179/630
f 2699/6165/630 2700/6164/630 6107/6169/630 6106/6172/630
f 931/6179/630 6106/6172/630 6105/6171/630 930/6178/630
f 6109/6180/630 6110/6181/630 6108/6182/630 6114/6183/630
f 6111/6184/630 6112/6185/630 6108/6182/630 6110/6181/630
f 6113/6186/630 6114/6183/630 6108/6182/630 6112/6185/630
f 136/6175/630 2704/6177/630 6109/6180/630 2705/6187/630
f 2704/6177/630 2703/6174/630 6110/6181/630 6109/6180/630
f 2705/6187/630 6109/6180/630 6114/6183/630 2706/6188/630
f 132/6161/630 919/6189/630 6111/6184/630 2702/6173/630
f 919/6189/630 918/6190/630 6112/6185/630 6111/6184/630
f 2702/6173/630 6111/6184/630 6110/6181/630 2703/6174/630
f 131/6191/630 2707/6192/630 6113/6186/630 917/6193/630
f 2707/6192/630 2706/6188/630 6114/6183/630 6113/6186/630
f 917/6193/630 6113/6186/630 6112/6185/630 918/6190/630
s 1
f 6116/6194/630 6117/6195/630 6115/6196/630 6121/6197/630
f 6118/6198/630 6119/6199/630 6115/6196/630 6117/6195/630
f 6120/6200/630 6121/6197/630 6115/6196/630 6119/6199/630
f 131/6191/630 2708/6201/630 6116/6194/630 2707/6192/630
f 2708/6201/630 2709/6202/630 6117/6195/630 6116/6194/630
f 2707/6192/630 6116/6194/630 6121/6197/630 2706/6188/630
f 135/6203/630 926/6204/630 6118/6198/630 2710/6205/630
f 926/6204/630 927/6206/630 6119/6199/630 6118/6198/630
f 2710/6205/630 6118/6198/630 6117/6195/630 2709/6202/630
f 136/6175/630 2705/6187/630 6120/6200/630 928/6207/630
f 2705/6187/630 2706/6188/630 6121/6197/630 6120/6200/630
f 928/6207/630 6120/6200/630 6119/6199/630 927/6206/630
f 6123/6208/630 6124/6209/630 6122/6210/630 6128/6211/630
f 6125/6212/630 6126/6213/630 6122/6210/630 6124/6209/630
f 6127/6214/630 6128/6211/630 6122/6210/630 6126/6213/630
f 131/6191/630 916/6215/630 6123/6208/630 2708/6201/630
f 916/6215/630 915/6216/630 6124/6209/630 6123/6208/630
f 2708/6201/630 6123/6208/630 6128/6211/630 2709/6202/630
f 130/6217/1239 2713/6218/1240 6125/6212/630 914/6219/630
f 2713/6218/1240 2712/6220/1240 6126/6213/630 6125/6212/630
f 914/6219/630 6125/6212/630 6124/6209/630 915/6216/630
f 135/6203/1241 2710/6205/630 6127/6214/630 2711/6221/1240
f 2710/6205/630 2709/6202/630 6128/6211/630 6127/6214/630
f 2711/6221/1240 6127/6214/630 6126/6213/630 2712/6220/1240
f 6130/6222/1242 6131/6223/1242 6129/6224/1242 6135/6225/1242
f 6132/6226/1242 6133/6227/1242 6129/6224/1242 6131/6223/1242
f 6134/6228/1242 6135/6225/1242 6129/6224/1242 6133/6227/1242
f 128/6229/1243 2716/6230/1244 6130/6222/1242 2207/6231/1242
f 2716/6230/1244 2715/6232/1244 6131/6223/1242 6130/6222/1242
f 2207/6231/1242 6130/6222/1242 6135/6225/1242 2208/6233/1242
f 135/6203/1241 2711/6221/1240 6132/6226/1242 2714/6234/1244
f 2711/6221/1240 2712/6220/1240 6133/6227/1242 6132/6226/1242
f 2714/6234/1244 6132/6226/1242 6131/6223/1242 2715/6232/1244
f 130/6217/1239 2209/6235/1242 6134/6228/1242 2713/6218/1240
f 2209/6235/1242 2208/6233/1242 6135/6225/1242 6134/6228/1242
f 2713/6218/1240 6134/6228/1242 6133/6227/1242 2712/6220/1240
f 6137/6236/1245 6138/6237/1245 6136/6238/1245 6142/6239/1245
f 6139/6240/1245 6140/6241/1245 6136/6238/1245 6138/6237/1245
f 6141/6242/1245 6142/6239/1245 6136/6238/1245 6140/6241/1245
f 135/6203/1241 2714/6234/1244 6137/6236/1245 2251/6243/1245
f 2714/6234/1244 2715/6232/1244 6138/6237/1245 6137/6236/1245
f 2251/6243/1245 6137/6236/1245 6142/6239/1245 2250/6244/1245
f 128/6229/1243 913/6245/1245 6139/6240/1245 2716/6230/1244
f 913/6245/1245 912/6246/1245 6140/6241/1245 6139/6240/1245
f 2716/6230/1244 6139/6240/1245 6138/6237/1245 2715/6232/1244
f 127/6247/1245 2249/6248/1245 6141/6242/1245 911/6249/1245
f 2249/6248/1245 2250/6244/1245 6142/6239/1245 6141/6242/1245
f 911/6249/1245 6141/6242/1245 6140/6241/1245 912/6246/1245
f 6144/6250/1246 6145/6251/1246 6143/6252/1246 6149/6253/1246
f 6146/6254/1246 6147/6255/1246 6143/6252/1246 6145/6251/1246
f 6148/6256/1246 6149/6253/1246 6143/6252/1246 6147/6255/1246
f 142/6257/1246 2357/6258/1246 6144/6250/1246 949/6259/1246
f 2357/6258/1246 2358/6260/1246 6145/6251/1246 6144/6250/1246
f 949/6259/1246 6144/6250/1246 6149/6253/1246 948/6261/1246
f 167/6262/1247 2717/6263/1248 6146/6254/1246 2359/6264/1249
f 2717/6263/1248 2718/6265/1248 6147/6255/1246 6146/6254/1246
f 2359/6264/1249 6146/6254/1246 6145/6251/1246 2358/6260/1246
f 141/6266/1250 947/6267/1246 6148/6256/1246 2719/6268/1248
f 947/6267/1246 948/6261/1246 6149/6253/1246 6148/6256/1246
f 2719/6268/1248 6148/6256/1246 6147/6255/1246 2718/6265/1248
f 6151/6269/1251 6152/6270/1251 6150/6271/1251 6156/6272/1251
f 6153/6273/1251 6154/6274/1251 6150/6271/1251 6152/6270/1251
f 6155/6275/1251 6156/6272/1251 6150/6271/1251 6154/6274/1251
f 141/6266/1250 2719/6268/1248 6151/6269/1251 2720/6276/1252
f 2719/6268/1248 2718/6265/1248 6152/6270/1251 6151/6269/1251
f 2720/6276/1252 6151/6269/1251 6156/6272/1251 2721/6277/1252
f 167/6262/1247 2723/6278/1253 6153/6273/1251 2717/6263/1248
f 2723/6278/1253 2724/6279/1253 6154/6274/1251 6153/6273/1251
f 2717/6263/1248 6153/6273/1251 6152/6270/1251 2718/6265/1248
f 9/6280/1254 2722/6281/1252 6155/6275/1251 2725/6282/1253
f 2722/6281/1252 2721/6277/1252 6156/6272/1251 6155/6275/1251
f 2725/6282/1253 6155/6275/1251 6154/6274/1251 2724/6279/1253
f 6158/6283/1255 6159/6284/1255 6157/6285/1256 6163/6286/1256
f 6160/6287/1256 6161/6288/1256 6157/6285/1256 6159/6284/1255
f 6162/6289/1256 6163/6286/1256 6157/6285/1256 6161/6288/1256
f 141/6266/1250 2720/6276/1252 6158/6283/1255 937/6290/1255
f 2720/6276/1252 2721/6277/1252 6159/6284/1255 6158/6283/1255
f 937/6290/1255 6158/6283/1255 6163/6286/1256 936/6291/1256
f 9/6280/1254 2324/6292/1256 6160/6287/1256 2722/6281/1252
f 2324/6292/1256 2325/6293/1255 6161/6288/1256 6160/6287/1256
f 2722/6281/1252 6160/6287/1256 6159/6284/1255 2721/6277/1252
f 139/6294/1255 935/6295/1255 6162/6289/1256 2326/6296/1256
f 935/6295/1255 936/6291/1256 6163/6286/1256 6162/6289/1256
f 2326/6296/1256 6162/6289/1256 6161/6288/1256 2325/6293/1255
f 6165/6297/1257 6166/6298/1257 6164/6299/1257 6170/6300/1257
f 6167/6301/1257 6168/6302/1257 6164/6299/1257 6166/6298/1257
f 6169/6303/1258 6170/6300/1257 6164/6299/1257 6168/6302/1257
f 171/6304/1259 2728/6305/1260 6165/6297/1257 1081/6306/1261
f 2728/6305/1260 2727/6307/1260 6166/6298/1257 6165/6297/1257
f 1081/6306/1261 6165/6297/1257 6170/6300/1257 1080/6308/1257
f 9/6280/1254 2725/6282/1253 6167/6301/1257 2726/6309/1260
f 2725/6282/1253 2724/6279/1253 6168/6302/1257 6167/6301/1257
f 2726/6309/1260 6167/6301/1257 6166/6298/1257 2727/6307/1260
f 167/6262/1247 1079/6310/1258 6169/6303/1258 2723/6278/1253
f 1079/6310/1258 1080/6308/1257 6170/6300/1257 6169/6303/1258
f 2723/6278/1253 6169/6303/1258 6168/6302/1257 2724/6279/1253
f 6172/6311/1262 6173/6312/1262 6171/6313/1262 6177/6314/1262
f 6174/6315/1262 6175/6316/1262 6171/6313/1262 6173/6312/1262
f 6176/6317/1262 6177/6314/1262 6171/6313/1262 6175/6316/1262
f 9/6280/1254 2726/6309/1260 6172/6311/1262 2729/6318/1263
f 2726/6309/1260 2727/6307/1260 6173/6312/1262 6172/6311/1262
f 2729/6318/1263 6172/6311/1262 6177/6314/1262 2730/6319/1263
f 171/6304/1259 2732/6320/1264 6174/6315/1262 2728/6305/1260
f 2732/6320/1264 2733/6321/1264 6175/6316/1262 6174/6315/1262
f 2728/6305/1260 6174/6315/1262 6173/6312/1262 2727/6307/1260
f 251/6322/1265 2731/6323/1263 6176/6317/1262 2734/6324/1264
f 2731/6323/1263 2730/6319/1263 6177/6314/1262 6176/6317/1262
f 2734/6324/1264 6176/6317/1262 6175/6316/1262 2733/6321/1264
f 6179/6325/1266 6180/6326/1266 6178/6327/1266 6184/6328/1266
f 6181/6329/1266 6182/6330/1266 6178/6327/1266 6180/6326/1266
f 6183/6331/1266 6184/6328/1266 6178/6327/1266 6182/6330/1266
f 251/6322/1265 2735/6332/1267 6179/6325/1266 2731/6323/1263
f 2735/6332/1267 2736/6333/1267 6180/6326/1266 6179/6325/1266
f 2731/6323/1263 6179/6325/1266 6184/6328/1266 2730/6319/1263
f 6/6334/1268 1936/6335/1266 6181/6329/1266 2737/6336/1267
f 1936/6335/1266 1935/6337/1266 6182/6330/1266 6181/6329/1266
f 2737/6336/1267 6181/6329/1266 6180/6326/1266 2736/6333/1267
f 9/6280/1254 2729/6318/1263 6183/6331/1266 1934/6338/1266
f 2729/6318/1263 2730/6319/1263 6184/6328/1266 6183/6331/1266
f 1934/6338/1266 6183/6331/1266 6182/6330/1266 1935/6337/1266
f 6186/6339/1269 6187/6340/1269 6185/6341/1269 6191/6342/1269
f 6188/6343/1269 6189/6344/1269 6185/6341/1269 6187/6340/1269
f 6190/6345/1269 6191/6342/1269 6185/6341/1269 6189/6344/1269
f 172/6346/1270 2740/6347/1271 6186/6339/1269 1090/6348/1269
f 2740/6347/1271 2739/6349/1272 6187/6340/1269 6186/6339/1269
f 1090/6348/1269 6186/6339/1269 6191/6342/1269 1089/6350/1269
f 251/6322/1265 2734/6324/1264 6188/6343/1269 2738/6351/1271
f 2734/6324/1264 2733/6321/1264 6189/6344/1269 6188/6343/1269
f 2738/6351/1271 6188/6343/1269 6187/6340/1269 2739/6349/1272
f 171/6304/1259 1088/6352/1269 6190/6345/1269 2732/6320/1264
f 1088/6352/1269 1089/6350/1269 6191/6342/1269 6190/6345/1269
f 2732/6320/1264 6190/6345/1269 6189/6344/1269 2733/6321/1264
f 6193/6353/1273 6194/6354/1273 6192/6355/1274 6198/6356/1275
f 6195/6357/1273 6196/6358/1275 6192/6355/1274 6194/6354/1273
f 6197/6359/1274 6198/6356/1275 6192/6355/1274 6196/6358/1275
f 6/6334/1268 2737/6336/1267 6193/6353/1273 2741/6360/1276
f 2737/6336/1267 2736/6333/1267 6194/6354/1273 6193/6353/1273
f 2741/6360/1276 6193/6353/1273 6198/6356/1275 2742/6361/1277
f 251/6322/1265 1613/6362/1278 6195/6357/1273 2735/6332/1267
f 1613/6362/1278 1614/6363/1278 6196/6358/1275 6195/6357/1273
f 2735/6332/1267 6195/6357/1273 6194/6354/1273 2736/6333/1267
f 252/6364/1279 2743/6365/1277 6197/6359/1274 1615/6366/1278
f 2743/6365/1277 2742/6361/1277 6198/6356/1275 6197/6359/1274
f 1615/6366/1278 6197/6359/1274 6196/6358/1275 1614/6363/1278
f 6200/6367/1280 6201/6368/1281 6199/6369/1281 6205/6370/1280
f 6202/6371/1280 6203/6372/1282 6199/6369/1281 6201/6368/1281
f 6204/6373/1281 6205/6370/1280 6199/6369/1281 6203/6372/1282
f 251/6322/1265 2738/6351/1271 6200/6367/1280 1616/6374/1283
f 2738/6351/1271 2739/6349/1272 6201/6368/1281 6200/6367/1280
f 1616/6374/1283 6200/6367/1280 6205/6370/1280 1617/6375/1283
f 172/6346/1270 2744/6376/1284 6202/6371/1280 2740/6347/1271
f 2744/6376/1284 2745/6377/1285 6203/6372/1282 6202/6371/1280
f 2740/6347/1271 6202/6371/1280 6201/6368/1281 2739/6349/1272
f 253/6378/1286 1618/6379/1283 6204/6373/1281 2746/6380/1285
f 1618/6379/1283 1617/6375/1283 6205/6370/1280 6204/6373/1281
f 2746/6380/1285 6204/6373/1281 6203/6372/1282 2745/6377/1285
f 6207/6381/1287 6208/6382/1287 6206/6383/1287 6212/6384/1287
f 6209/6385/1287 6210/6386/1288 6206/6383/1287 6208/6382/1287
f 6211/6387/1287 6212/6384/1287 6206/6383/1287 6210/6386/1288
f 253/6378/1286 1621/6388/1289 6207/6381/1287 1618/6379/1283
f 1621/6388/1289 1620/6389/1289 6208/6382/1287 6207/6381/1287
f 1618/6379/1283 6207/6381/1287 6212/6384/1287 1617/6375/1283
f 252/6364/1279 1615/6366/1278 6209/6385/1287 1619/6390/1289
f 1615/6366/1278 1614/6363/1278 6210/6386/1288 6209/6385/1287
f 1619/6390/1289 6209/6385/1287 6208/6382/1287 1620/6389/1289
f 251/6322/1265 1616/6374/1283 6211/6387/1287 1613/6362/1278
f 1616/6374/1283 1617/6375/1283 6212/6384/1287 6211/6387/1287
f 1613/6362/1278 6211/6387/1287 6210/6386/1288 1614/6363/1278
f 6214/6391/1290 6215/6392/1291 6213/6393/1290 6219/6394/1290
f 6216/6395/1291 6217/6396/1290 6213/6393/1290 6215/6392/1291
f 6218/6397/1291 6219/6394/1290 6213/6393/1290 6217/6396/1290
f 253/6378/1286 2746/6380/1285 6214/6391/1290 1622/6398/1292
f 2746/6380/1285 2745/6377/1285 6215/6392/1291 6214/6391/1290
f 1622/6398/1292 6214/6391/1290 6219/6394/1290 1623/6399/1292
f 172/6346/1270 2747/6400/1293 6216/6395/1291 2744/6376/1284
f 2747/6400/1293 2748/6401/1293 6217/6396/1290 6216/6395/1291
f 2744/6376/1284 6216/6395/1291 6215/6392/1291 2745/6377/1285
f 254/6402/1294 1624/6403/1292 6218/6397/1291 2749/6404/1293
f 1624/6403/1292 1623/6399/1292 6219/6394/1290 6218/6397/1291
f 2749/6404/1293 6218/6397/1291 6217/6396/1290 2748/6401/1293
f 6221/6405/1295 6222/6406/1295 6220/6407/1295 6226/6408/1295
f 6223/6409/1295 6224/6410/1295 6220/6407/1295 6222/6406/1295
f 6225/6411/1295 6226/6408/1295 6220/6407/1295 6224/6410/1295
f 172/6346/1270 1094/6412/1295 6221/6405/1295 2747/6400/1293
f 1094/6412/1295 1095/6413/1295 6222/6406/1295 6221/6405/1295
f 2747/6400/1293 6221/6405/1295 6226/6408/1295 2748/6401/1293
f 173/6414/1296 2752/6415/1297 6223/6409/1295 1096/6416/1298
f 2752/6415/1297 2751/6417/1297 6224/6410/1295 6223/6409/1295
f 1096/6416/1298 6223/6409/1295 6222/6406/1295 1095/6413/1295
f 254/6402/1294 2749/6404/1293 6225/6411/1295 2750/6418/1297
f 2749/6404/1293 2748/6401/1293 6226/6408/1295 6225/6411/1295
f 2750/6418/1297 6225/6411/1295 6224/6410/1295 2751/6417/1297
f 6228/6419/1299 6229/6420/1299 6227/6421/1299 6233/6422/1299
f 6230/6423/1300 6231/6424/1300 6227/6421/1299 6229/6420/1299
f 6232/6425/1299 6233/6422/1299 6227/6421/1299 6231/6424/1300
f 252/6364/1279 1619/6390/1289 6228/6419/1299 1625/6426/1301
f 1619/6390/1289 1620/6389/1289 6229/6420/1299 6228/6419/1299
f 1625/6426/1301 6228/6419/1299 6233/6422/1299 1626/6427/1301
f 253/6378/1286 1628/6428/1302 6230/6423/1300 1621/6388/1289
f 1628/6428/1302 1629/6429/1302 6231/6424/1300 6230/6423/1300
f 1621/6388/1289 6230/6423/1300 6229/6420/1299 1620/6389/1289
f 255/6430/1303 1627/6431/1301 6232/6425/1299 1630/6432/1302
f 1627/6431/1301 1626/6427/1301 6233/6422/1299 6232/6425/1299
f 1630/6432/1302 6232/6425/1299 6231/6424/1300 1629/6429/1302
f 6235/6433/1304 6236/6434/1304 6234/6435/1304 6240/6436/1304
f 6237/6437/1304 6238/6438/1304 6234/6435/1304 6236/6434/1304
f 6239/6439/1304 6240/6436/1304 6234/6435/1304 6238/6438/1304
f 256/6440/1305 1633/6441/1306 6235/6433/1304 2755/6442/1307
f 1633/6441/1306 1632/6443/1306 6236/6434/1304 6235/6433/1304
f 2755/6442/1307 6235/6433/1304 6240/6436/1304 2754/6444/1307
f 254/6402/1294 2750/6418/1297 6237/6437/1304 1631/6445/1306
f 2750/6418/1297 2751/6417/1297 6238/6438/1304 6237/6437/1304
f 1631/6445/1306 6237/6437/1304 6236/6434/1304 1632/6443/1306
f 173/6414/1296 2753/6446/1307 6239/6439/1304 2752/6415/1297
f 2753/6446/1307 2754/6444/1307 6240/6436/1304 6239/6439/1304
f 2752/6415/1297 6239/6439/1304 6238/6438/1304 2751/6417/1297
f 6242/6447/1308 6243/6448/1308 6241/6449/1308 6247/6450/1308
f 6244/6451/1308 6245/6452/1308 6241/6449/1308 6243/6448/1308
f 6246/6453/1308 6247/6450/1308 6241/6449/1308 6245/6452/1308
f 173/6414/1296 1109/6454/1308 6242/6447/1308 2753/6446/1307
f 1109/6454/1308 1110/6455/1308 6243/6448/1308 6242/6447/1308
f 2753/6446/1307 6242/6447/1308 6247/6450/1308 2754/6444/1307
f 175/6456/1309 2758/6457/1310 6244/6451/1308 1111/6458/1308
f 2758/6457/1310 2757/6459/1310 6245/6452/1308 6244/6451/1308
f 1111/6458/1308 6244/6451/1308 6243/6448/1308 1110/6455/1308
f 256/6440/1305 2755/6442/1307 6246/6453/1308 2756/6460/1310
f 2755/6442/1307 2754/6444/1307 6247/6450/1308 6246/6453/1308
f 2756/6460/1310 6246/6453/1308 6245/6452/1308 2757/6459/1310
f 6249/6461/1311 6250/6462/1312 6248/6463/1312 6254/6464/1311
f 6251/6465/1312 6252/6466/1312 6248/6463/1312 6250/6462/1312
f 6253/6467/1311 6254/6464/1311 6248/6463/1312 6252/6466/1312
f 177/6468/1313 2761/6469/1314 6249/6461/1311 1126/6470/1311
f 2761/6469/1314 2760/6471/1314 6250/6462/1312 6249/6461/1311
f 1126/6470/1311 6249/6461/1311 6254/6464/1311 1125/6472/1311
f 256/6440/1305 2756/6460/1310 6251/6465/1312 2759/6473/1314
f 2756/6460/1310 2757/6459/1310 6252/6466/1312 6251/6465/1312
f 2759/6473/1314 6251/6465/1312 6250/6462/1312 2760/6471/1314
f 175/6456/1309 1124/6474/1311 6253/6467/1311 2758/6457/1310
f 1124/6474/1311 1125/6472/1311 6254/6464/1311 6253/6467/1311
f 2758/6457/1310 6253/6467/1311 6252/6466/1312 2757/6459/1310
f 6256/6475/1315 6257/6476/1315 6255/6477/1315 6261/6478/1316
f 6258/6479/1315 6259/6480/1315 6255/6477/1315 6257/6476/1315
f 6260/6481/1315 6261/6478/1316 6255/6477/1315 6259/6480/1315
f 257/6482/1317 1639/6483/1318 6256/6475/1315 1636/6484/1319
f 1639/6483/1318 1638/6485/1318 6257/6476/1315 6256/6475/1315
f 1636/6484/1319 6256/6475/1315 6261/6478/1316 1635/6486/1319
f 253/6378/1286 1622/6398/1292 6258/6479/1315 1637/6487/1318
f 1622/6398/1292 1623/6399/1292 6259/6480/1315 6258/6479/1315
f 1637/6487/1318 6258/6479/1315 6257/6476/1315 1638/6485/1318
f 254/6402/1294 1634/6488/1319 6260/6481/1315 1624/6403/1292
f 1634/6488/1319 1635/6486/1319 6261/6478/1316 6260/6481/1315
f 1624/6403/1292 6260/6481/1315 6259/6480/1315 1623/6399/1292
f 6263/6489/1320 6264/6490/1320 6262/6491/1320 6268/6492/1320
f 6265/6493/1320 6266/6494/1320 6262/6491/1320 6264/6490/1320
f 6267/6495/1320 6268/6492/1320 6262/6491/1320 6266/6494/1320
f 253/6378/1286 1637/6487/1318 6263/6489/1320 1628/6428/1302
f 1637/6487/1318 1638/6485/1318 6264/6490/1320 6263/6489/1320
f 1628/6428/1302 6263/6489/1320 6268/6492/1320 1629/6429/1302
f 257/6482/1317 1642/6496/1321 6265/6493/1320 1639/6483/1318
f 1642/6496/1321 1641/6497/1321 6266/6494/1320 6265/6493/1320
f 1639/6483/1318 6265/6493/1320 6264/6490/1320 1638/6485/1318
f 255/6430/1303 1630/6432/1302 6267/6495/1320 1640/6498/1321
f 1630/6432/1302 1629/6429/1302 6268/6492/1320 6267/6495/1320
f 1640/6498/1321 6267/6495/1320 6266/6494/1320 1641/6497/1321
f 6270/6499/1322 6271/6500/1322 6269/6501/1322 6275/6502/1322
f 6272/6503/1322 6273/6504/1322 6269/6501/1322 6271/6500/1322
f 6274/6505/1322 6275/6502/1322 6269/6501/1322 6273/6504/1322
f 258/6506/1323 1648/6507/1324 6270/6499/1322 1645/6508/1325
f 1648/6507/1324 1647/6509/1324 6271/6500/1322 6270/6499/1322
f 1645/6508/1325 6270/6499/1322 6275/6502/1322 1644/6510/1325
f 254/6402/1294 1631/6445/1306 6272/6503/1322 1646/6511/1324
f 1631/6445/1306 1632/6443/1306 6273/6504/1322 6272/6503/1322
f 1646/6511/1324 6272/6503/1322 6271/6500/1322 1647/6509/1324
f 256/6440/1305 1643/6512/1325 6274/6505/1322 1633/6441/1306
f 1643/6512/1325 1644/6510/1325 6275/6502/1322 6274/6505/1322
f 1633/6441/1306 6274/6505/1322 6273/6504/1322 1632/6443/1306
f 6277/6513/1326 6278/6514/1326 6276/6515/1326 6282/6516/1326
f 6279/6517/1326 6280/6518/1326 6276/6515/1326 6278/6514/1326
f 6281/6519/1326 6282/6516/1326 6276/6515/1326 6280/6518/1326
f 254/6402/1294 1646/6511/1324 6277/6513/1326 1634/6488/1319
f 1646/6511/1324 1647/6509/1324 6278/6514/1326 6277/6513/1326
f 1634/6488/1319 6277/6513/1326 6282/6516/1326 1635/6486/1319
f 258/6506/1323 1651/6520/1327 6279/6517/1326 1648/6507/1324
f 1651/6520/1327 1650/6521/1327 6280/6518/1326 6279/6517/1326
f 1648/6507/1324 6279/6517/1326 6278/6514/1326 1647/6509/1324
f 257/6482/1317 1636/6484/1319 6281/6519/1326 1649/6522/1327
f 1636/6484/1319 1635/6486/1319 6282/6516/1326 6281/6519/1326
f 1649/6522/1327 6281/6519/1326 6280/6518/1326 1650/6521/1327
f 6284/6523/1328 6285/6524/1329 6283/6525/1328 6289/6526/1328
f 6286/6527/1329 6287/6528/1328 6283/6525/1328 6285/6524/1329
f 6288/6529/1328 6289/6526/1328 6283/6525/1328 6287/6528/1328
f 256/6440/1305 2759/6473/1314 6284/6523/1328 1652/6530/1330
f 2759/6473/1314 2760/6471/1314 6285/6524/1329 6284/6523/1328
f 1652/6530/1330 6284/6523/1328 6289/6526/1328 1653/6531/1330
f 177/6468/1313 2762/6532/1331 6286/6527/1329 2761/6469/1314
f 2762/6532/1331 2763/6533/1331 6287/6528/1328 6286/6527/1329
f 2761/6469/1314 6286/6527/1329 6285/6524/1329 2760/6471/1314
f 259/6534/1332 1654/6535/1330 6288/6529/1328 2764/6536/1331
f 1654/6535/1330 1653/6531/1330 6289/6526/1328 6288/6529/1328
f 2764/6536/1331 6288/6529/1328 6287/6528/1328 2763/6533/1331
f 6291/6537/1333 6292/6538/1333 6290/6539/1333 6296/6540/1333
f 6293/6541/1334 6294/6542/1333 6290/6539/1333 6292/6538/1333
f 6295/6543/1333 6296/6540/1333 6290/6539/1333 6294/6542/1333
f 255/6430/1303 1640/6498/1321 6291/6537/1333 1655/6544/1335
f 1640/6498/1321 1641/6497/1321 6292/6538/1333 6291/6537/1333
f 1655/6544/1335 6291/6537/1333 6296/6540/1333 1656/6545/1335
f 257/6482/1317 1658/6546/1336 6293/6541/1334 1642/6496/1321
f 1658/6546/1336 1659/6547/1336 6294/6542/1333 6293/6541/1334
f 1642/6496/1321 6293/6541/1334 6292/6538/1333 1641/6497/1321
f 260/6548/1337 1657/6549/1335 6295/6543/1333 1660/6550/1336
f 1657/6549/1335 1656/6545/1335 6296/6540/1333 6295/6543/1333
f 1660/6550/1336 6295/6543/1333 6294/6542/1333 1659/6547/1336
f 6298/6551/1338 6299/6552/1338 6297/6553/1338 6303/6554/1338
f 6300/6555/1338 6301/6556/1338 6297/6553/1338 6299/6552/1338
f 6302/6557/1338 6303/6554/1338 6297/6553/1338 6301/6556/1338
f 260/6548/1337 1663/6558/1339 6298/6551/1338 1657/6549/1335
f 1663/6558/1339 1662/6559/1339 6299/6552/1338 6298/6551/1338
f 1657/6549/1335 6298/6551/1338 6303/6554/1338 1656/6545/1335
f 252/6364/1279 1625/6426/1301 6300/6555/1338 1661/6560/1340
f 1625/6426/1301 1626/6427/1301 6301/6556/1338 6300/6555/1338
f 1661/6560/1340 6300/6555/1338 6299/6552/1338 1662/6559/1339
f 255/6430/1303 1655/6544/1335 6302/6557/1338 1627/6431/1301
f 1655/6544/1335 1656/6545/1335 6303/6554/1338 6302/6557/1338
f 1627/6431/1301 6302/6557/1338 6301/6556/1338 1626/6427/1301
f 6305/6561/1341 6306/6562/1341 6304/6563/1341 6310/6564/1341
f 6307/6565/1341 6308/6566/1341 6304/6563/1341 6306/6562/1341
f 6309/6567/1341 6310/6564/1341 6304/6563/1341 6308/6566/1341
f 261/6568/1342 1669/6569/1343 6305/6561/1341 1666/6570/1344
f 1669/6569/1343 1668/6571/1345 6306/6562/1341 6305/6561/1341
f 1666/6570/1344 6305/6561/1341 6310/6564/1341 1665/6572/1344
f 256/6440/1305 1652/6530/1330 6307/6565/1341 1667/6573/1345
f 1652/6530/1330 1653/6531/1330 6308/6566/1341 6307/6565/1341
f 1667/6573/1345 6307/6565/1341 6306/6562/1341 1668/6571/1345
f 259/6534/1332 1664/6574/1346 6309/6567/1341 1654/6535/1330
f 1664/6574/1346 1665/6572/1344 6310/6564/1341 6309/6567/1341
f 1654/6535/1330 6309/6567/1341 6308/6566/1341 1653/6531/1330
f 6312/6575/1347 6313/6576/1347 6311/6577/1347 6317/6578/1347
f 6314/6579/1347 6315/6580/1347 6311/6577/1347 6313/6576/1347
f 6316/6581/1347 6317/6578/1347 6311/6577/1347 6315/6580/1347
f 256/6440/1305 1667/6573/1345 6312/6575/1347 1643/6512/1325
f 1667/6573/1345 1668/6571/1345 6313/6576/1347 6312/6575/1347
f 1643/6512/1325 6312/6575/1347 6317/6578/1347 1644/6510/1325
f 261/6568/1342 1672/6582/1348 6314/6579/1347 1669/6569/1343
f 1672/6582/1348 1671/6583/1348 6315/6580/1347 6314/6579/1347
f 1669/6569/1343 6314/6579/1347 6313/6576/1347 1668/6571/1345
f 258/6506/1323 1645/6508/1325 6316/6581/1347 1670/6584/1348
f 1645/6508/1325 1644/6510/1325 6317/6578/1347 6316/6581/1347
f 1670/6584/1348 6316/6581/1347 6315/6580/1347 1671/6583/1348
f 6319/6585/1349 6320/6586/1349 6318/6587/1349 6324/6588/1349
f 6321/6589/1349 6322/6590/1349 6318/6587/1349 6320/6586/1349
f 6323/6591/1349 6324/6588/1349 6318/6587/1349 6322/6590/1349
f 177/6468/1313 2765/6592/1350 6319/6585/1349 2762/6532/1331
f 2765/6592/1350 2766/6593/1350 6320/6586/1349 6319/6585/1349
f 2762/6532/1331 6319/6585/1349 6324/6588/1349 2763/6533/1331
f 262/6594/1351 1675/6595/1352 6321/6589/1349 2767/6596/1350
f 1675/6595/1352 1674/6597/1352 6322/6590/1349 6321/6589/1349
f 2767/6596/1350 6321/6589/1349 6320/6586/1349 2766/6593/1350
f 259/6534/1332 2764/6536/1331 6323/6591/1349 1673/6598/1352
f 2764/6536/1331 2763/6533/1331 6324/6588/1349 6323/6591/1349
f 1673/6598/1352 6323/6591/1349 6322/6590/1349 1674/6597/1352
f 6326/6599/1353 6327/6600/1353 6325/6601/1353 6331/6602/1353
f 6328/6603/1353 6329/6604/1353 6325/6601/1353 6327/6600/1353
f 6330/6605/1353 6331/6602/1353 6325/6601/1353 6329/6604/1353
f 262/6594/1351 2767/6596/1350 6326/6599/1353 2768/6606/1354
f 2767/6596/1350 2766/6593/1350 6327/6600/1353 6326/6599/1353
f 2768/6606/1354 6326/6599/1353 6331/6602/1353 2769/6607/1354
f 177/6468/1313 1133/6608/1353 6328/6603/1353 2765/6592/1350
f 1133/6608/1353 1134/6609/1353 6329/6604/1353 6328/6603/1353
f 2765/6592/1350 6328/6603/1353 6327/6600/1353 2766/6593/1350
f 179/6610/1355 2770/6611/1354 6330/6605/1353 1135/6612/1353
f 2770/6611/1354 2769/6607/1354 6331/6602/1353 6330/6605/1353
f 1135/6612/1353 6330/6605/1353 6329/6604/1353 1134/6609/1353
f 6333/6613/1356 6334/6614/1356 6332/6615/1356 6338/6616/1356
f 6335/6617/1356 6336/6618/1356 6332/6615/1356 6334/6614/1356
f 6337/6619/1356 6338/6616/1356 6332/6615/1356 6336/6618/1356
f 262/6594/1351 2768/6606/1354 6333/6613/1356 2771/6620/1357
f 2768/6606/1354 2769/6607/1354 6334/6614/1356 6333/6613/1356
f 2771/6620/1357 6333/6613/1356 6338/6616/1356 2772/6621/1357
f 179/6610/1355 1157/6622/1356 6335/6617/1356 2770/6611/1354
f 1157/6622/1356 1158/6623/1356 6336/6618/1356 6335/6617/1356
f 2770/6611/1354 6335/6617/1356 6334/6614/1356 2769/6607/1354
f 182/6624/1358 2773/6625/1357 6337/6619/1356 1159/6626/1356
f 2773/6625/1357 2772/6621/1357 6338/6616/1356 6337/6619/1356
f 1159/6626/1356 6337/6619/1356 6336/6618/1356 1158/6623/1356
f 6340/6627/1359 6341/6628/1359 6339/6629/1359 6345/6630/1359
f 6342/6631/1359 6343/6632/1359 6339/6629/1359 6341/6628/1359
f 6344/6633/1359 6345/6630/1359 6339/6629/1359 6343/6632/1359
f 263/6634/1360 1681/6635/1361 6340/6627/1359 1678/6636/1362
f 1681/6635/1361 1680/6637/1361 6341/6628/1359 6340/6627/1359
f 1678/6636/1362 6340/6627/1359 6345/6630/1359 1677/6638/1362
f 259/6534/1332 1673/6598/1352 6342/6631/1359 1679/6639/1361
f 1673/6598/1352 1674/6597/1352 6343/6632/1359 6342/6631/1359
f 1679/6639/1361 6342/6631/1359 6341/6628/1359 1680/6637/1361
f 262/6594/1351 1676/6640/1362 6344/6633/1359 1675/6595/1352
f 1676/6640/1362 1677/6638/1362 6345/6630/1359 6344/6633/1359
f 1675/6595/1352 6344/6633/1359 6343/6632/1359 1674/6597/1352
f 6347/6641/1363 6348/6642/1363 6346/6643/1363 6352/6644/1363
f 6349/6645/1363 6350/6646/1363 6346/6643/1363 6348/6642/1363
f 6351/6647/1363 6352/6644/1363 6346/6643/1363 6350/6646/1363
f 259/6534/1332 1679/6639/1361 6347/6641/1363 1664/6574/1346
f 1679/6639/1361 1680/6637/1361 6348/6642/1363 6347/6641/1363
f 1664/6574/1346 6347/6641/1363 6352/6644/1363 1665/6572/1344
f 263/6634/1360 1684/6648/1364 6349/6645/1363 1681/6635/1361
f 1684/6648/1364 1683/6649/1364 6350/6646/1363 6349/6645/1363
f 1681/6635/1361 6349/6645/1363 6348/6642/1363 1680/6637/1361
f 261/6568/1342 1666/6570/1344 6351/6647/1363 1682/6650/1364
f 1666/6570/1344 1665/6572/1344 6352/6644/1363 6351/6647/1363
f 1682/6650/1364 6351/6647/1363 6350/6646/1363 1683/6649/1364
f 6354/6651/1365 6355/6652/1365 6353/6653/1365 6359/6654/1365
f 6356/6655/1365 6357/6656/1366 6353/6653/1365 6355/6652/1365
f 6358/6657/1366 6359/6654/1365 6353/6653/1365 6357/6656/1366
f 262/6594/1351 2771/6620/1357 6354/6651/1365 1685/6658/1367
f 2771/6620/1357 2772/6621/1357 6355/6652/1365 6354/6651/1365
f 1685/6658/1367 6354/6651/1365 6359/6654/1365 1686/6659/1367
f 182/6624/1358 2774/6660/1368 6356/6655/1365 2773/6625/1357
f 2774/6660/1368 2775/6661/1368 6357/6656/1366 6356/6655/1365
f 2773/6625/1357 6356/6655/1365 6355/6652/1365 2772/6621/1357
f 264/6662/1369 1687/6663/1367 6358/6657/1366 2776/6664/1368
f 1687/6663/1367 1686/6659/1367 6359/6654/1365 6358/6657/1366
f 2776/6664/1368 6358/6657/1366 6357/6656/1366 2775/6661/1368
f 6361/6665/1370 6362/6666/1370 6360/6667/1370 6366/6668/1370
f 6363/6669/1370 6364/6670/1370 6360/6667/1370 6362/6666/1370
f 6365/6671/1370 6366/6668/1370 6360/6667/1370 6364/6670/1370
f 263/6634/1360 1678/6636/1362 6361/6665/1370 1688/6672/1371
f 1678/6636/1362 1677/6638/1362 6362/6666/1370 6361/6665/1370
f 1688/6672/1371 6361/6665/1370 6366/6668/1370 1689/6673/1371
f 262/6594/1351 1685/6658/1367 6363/6669/1370 1676/6640/1362
f 1685/6658/1367 1686/6659/1367 6364/6670/1370 6363/6669/1370
f 1676/6640/1362 6363/6669/1370 6362/6666/1370 1677/6638/1362
f 264/6662/1369 1690/6674/1371 6365/6671/1370 1687/6663/1367
f 1690/6674/1371 1689/6673/1371 6366/6668/1370 6365/6671/1370
f 1687/6663/1367 6365/6671/1370 6364/6670/1370 1686/6659/1367
f 6368/6675/1372 6369/6676/1372 6367/6677/1373 6373/6678/1372
f 6370/6679/1372 6371/6680/1373 6367/6677/1373 6369/6676/1372
f 6372/6681/1373 6373/6678/1372 6367/6677/1373 6371/6680/1373
f 182/6624/1358 2777/6682/1374 6368/6675/1372 2774/6660/1368
f 2777/6682/1374 2778/6683/1374 6369/6676/1372 6368/6675/1372
f 2774/6660/1368 6368/6675/1372 6373/6678/1372 2775/6661/1368
f 265/6684/1375 1693/6685/1376 6370/6679/1372 2779/6686/1374
f 1693/6685/1376 1692/6687/1376 6371/6680/1373 6370/6679/1372
f 2779/6686/1374 6370/6679/1372 6369/6676/1372 2778/6683/1374
f 264/6662/1369 2776/6664/1368 6372/6681/1373 1691/6688/1376
f 2776/6664/1368 2775/6661/1368 6373/6678/1372 6372/6681/1373
f 1691/6688/1376 6372/6681/1373 6371/6680/1373 1692/6687/1376
f 6375/6689/1377 6376/6690/1377 6374/6691/1377 6380/6692/1377
f 6377/6693/1377 6378/6694/1377 6374/6691/1377 6376/6690/1377
f 6379/6695/1377 6380/6692/1377 6374/6691/1377 6378/6694/1377
f 265/6684/1375 2779/6686/1374 6375/6689/1377 2780/6696/1378
f 2779/6686/1374 2778/6683/1374 6376/6690/1377 6375/6689/1377
f 2780/6696/1378 6375/6689/1377 6380/6692/1377 2781/6697/1378
f 182/6624/1358 1205/6698/1377 6377/6693/1377 2777/6682/1374
f 1205/6698/1377 1206/6699/1377 6378/6694/1377 6377/6693/1377
f 2777/6682/1374 6377/6693/1377 6376/6690/1377 2778/6683/1374
f 188/6700/1379 2782/6701/1378 6379/6695/1377 1207/6702/1377
f 2782/6701/1378 2781/6697/1378 6380/6692/1377 6379/6695/1377
f 1207/6702/1377 6379/6695/1377 6378/6694/1377 1206/6699/1377
f 6382/6703/1380 6383/6704/1380 6381/6705/1380 6387/6706/1380
f 6384/6707/1380 6385/6708/1380 6381/6705/1380 6383/6704/1380
f 6386/6709/1380 6387/6706/1380 6381/6705/1380 6385/6708/1380
f 263/6634/1360 1688/6672/1371 6382/6703/1380 1694/6710/1381
f 1688/6672/1371 1689/6673/1371 6383/6704/1380 6382/6703/1380
f 1694/6710/1381 6382/6703/1380 6387/6706/1380 1695/6711/1381
f 264/6662/1369 1697/6712/1382 6384/6707/1380 1690/6674/1371
f 1697/6712/1382 1698/6713/1382 6385/6708/1380 6384/6707/1380
f 1690/6674/1371 6384/6707/1380 6383/6704/1380 1689/6673/1371
f 266/6714/1383 1696/6715/1381 6386/6709/1380 1699/6716/1382
f 1696/6715/1381 1695/6711/1381 6387/6706/1380 6386/6709/1380
f 1699/6716/1382 6386/6709/1380 6385/6708/1380 1698/6713/1382
f 6389/6717/1384 6390/6718/1384 6388/6719/1384 6394/6720/1384
f 6391/6721/1384 6392/6722/1384 6388/6719/1384 6390/6718/1384
f 6393/6723/1384 6394/6720/1384 6388/6719/1384 6392/6722/1384
f 188/6700/1379 2783/6724/1385 6389/6717/1384 2782/6701/1378
f 2783/6724/1385 2784/6725/1385 6390/6718/1384 6389/6717/1384
f 2782/6701/1378 6389/6717/1384 6394/6720/1384 2781/6697/1378
f 267/6726/1386 1702/6727/1387 6391/6721/1384 2785/6728/1385
f 1702/6727/1387 1701/6729/1387 6392/6722/1384 6391/6721/1384
f 2785/6728/1385 6391/6721/1384 6390/6718/1384 2784/6725/1385
f 265/6684/1375 2780/6696/1378 6393/6723/1384 1700/6730/1387
f 2780/6696/1378 2781/6697/1378 6394/6720/1384 6393/6723/1384
f 1700/6730/1387 6393/6723/1384 6392/6722/1384 1701/6729/1387
f 6396/6731/1388 6397/6732/1388 6395/6733/1388 6401/6734/1388
f 6398/6735/1388 6399/6736/1388 6395/6733/1388 6397/6732/1388
f 6400/6737/1388 6401/6734/1388 6395/6733/1388 6399/6736/1388
f 267/6726/1386 2785/6728/1385 6396/6731/1388 2786/6738/1389
f 2785/6728/1385 2784/6725/1385 6397/6732/1388 6396/6731/1388
f 2786/6738/1389 6396/6731/1388 6401/6734/1388 2787/6739/1389
f 188/6700/1379 1217/6740/1388 6398/6735/1388 2783/6724/1385
f 1217/6740/1388 1218/6741/1388 6399/6736/1388 6398/6735/1388
f 2783/6724/1385 6398/6735/1388 6397/6732/1388 2784/6725/1385
f 190/6742/1390 2788/6743/1389 6400/6737/1388 1219/6744/1388
f 2788/6743/1389 2787/6739/1389 6401/6734/1388 6400/6737/1388
f 1219/6744/1388 6400/6737/1388 6399/6736/1388 1218/6741/1388
f 6403/6745/1391 6404/6746/1392 6402/6747/1392 6408/6748/1391
f 6405/6749/1391 6406/6750/1392 6402/6747/1392 6404/6746/1392
f 6407/6751/1391 6408/6748/1391 6402/6747/1392 6406/6750/1392
f 268/6752/1393 1708/6753/1394 6403/6745/1391 1705/6754/1395
f 1708/6753/1394 1707/6755/1394 6404/6746/1392 6403/6745/1391
f 1705/6754/1395 6403/6745/1391 6408/6748/1391 1704/6756/1395
f 264/6662/1369 1691/6688/1376 6405/6749/1391 1706/6757/1394
f 1691/6688/1376 1692/6687/1376 6406/6750/1392 6405/6749/1391
f 1706/6757/1394 6405/6749/1391 6404/6746/1392 1707/6755/1394
f 265/6684/1375 1703/6758/1395 6407/6751/1391 1693/6685/1376
f 1703/6758/1395 1704/6756/1395 6408/6748/1391 6407/6751/1391
f 1693/6685/1376 6407/6751/1391 6406/6750/1392 1692/6687/1376
f 6410/6759/1396 6411/6760/1396 6409/6761/1396 6415/6762/1396
f 6412/6763/1396 6413/6764/1396 6409/6761/1396 6411/6760/1396
f 6414/6765/1396 6415/6762/1396 6409/6761/1396 6413/6764/1396
f 264/6662/1369 1706/6757/1394 6410/6759/1396 1697/6712/1382
f 1706/6757/1394 1707/6755/1394 6411/6760/1396 6410/6759/1396
f 1697/6712/1382 6410/6759/1396 6415/6762/1396 1698/6713/1382
f 268/6752/1393 1711/6766/1397 6412/6763/1396 1708/6753/1394
f 1711/6766/1397 1710/6767/1397 6413/6764/1396 6412/6763/1396
f 1708/6753/1394 6412/6763/1396 6411/6760/1396 1707/6755/1394
f 266/6714/1383 1699/6716/1382 6414/6765/1396 1709/6768/1397
f 1699/6716/1382 1698/6713/1382 6415/6762/1396 6414/6765/1396
f 1709/6768/1397 6414/6765/1396 6413/6764/1396 1710/6767/1397
f 6417/6769/1398 6418/6770/1398 6416/6771/1398 6422/6772/1398
f 6419/6773/1398 6420/6774/1398 6416/6771/1398 6418/6770/1398
f 6421/6775/1398 6422/6772/1398 6416/6771/1398 6420/6774/1398
f 269/6776/1399 1717/6777/1400 6417/6769/1398 1714/6778/1401
f 1717/6777/1400 1716/6779/1400 6418/6770/1398 6417/6769/1398
f 1714/6778/1401 6417/6769/1398 6422/6772/1398 1713/6780/1402
f 265/6684/1375 1700/6730/1387 6419/6773/1398 1715/6781/1400
f 1700/6730/1387 1701/6729/1387 6420/6774/1398 6419/6773/1398
f 1715/6781/1400 6419/6773/1398 6418/6770/1398 1716/6779/1400
f 267/6726/1386 1712/6782/1401 6421/6775/1398 1702/6727/1387
f 1712/6782/1401 1713/6780/1402 6422/6772/1398 6421/6775/1398
f 1702/6727/1387 6421/6775/1398 6420/6774/1398 1701/6729/1387
f 6424/6783/1403 6425/6784/1403 6423/6785/1403 6429/6786/1403
f 6426/6787/1403 6427/6788/1403 6423/6785/1403 6425/6784/1403
f 6428/6789/1404 6429/6786/1403 6423/6785/1403 6427/6788/1403
f 265/6684/1375 1715/6781/1400 6424/6783/1403 1703/6758/1395
f 1715/6781/1400 1716/6779/1400 6425/6784/1403 6424/6783/1403
f 1703/6758/1395 6424/6783/1403 6429/6786/1403 1704/6756/1395
f 269/6776/1399 1720/6790/1405 6426/6787/1403 1717/6777/1400
f 1720/6790/1405 1719/6791/1405 6427/6788/1403 6426/6787/1403
f 1717/6777/1400 6426/6787/1403 6425/6784/1403 1716/6779/1400
f 268/6752/1393 1705/6754/1395 6428/6789/1404 1718/6792/1405
f 1705/6754/1395 1704/6756/1395 6429/6786/1403 6428/6789/1404
f 1718/6792/1405 6428/6789/1404 6427/6788/1403 1719/6791/1405
f 6431/6793/1406 6432/6794/1406 6430/6795/1406 6436/6796/1406
f 6433/6797/1406 6434/6798/1406 6430/6795/1406 6432/6794/1406
f 6435/6799/1406 6436/6796/1406 6430/6795/1406 6434/6798/1406
f 190/6742/1390 2789/6800/1407 6431/6793/1406 2788/6743/1389
f 2789/6800/1407 2790/6801/1407 6432/6794/1406 6431/6793/1406
f 2788/6743/1389 6431/6793/1406 6436/6796/1406 2787/6739/1389
f 270/6802/1408 1723/6803/1409 6433/6797/1406 2791/6804/1407
f 1723/6803/1409 1722/6805/1409 6434/6798/1406 6433/6797/1406
f 2791/6804/1407 6433/6797/1406 6432/6794/1406 2790/6801/1407
f 267/6726/1386 2786/6738/1389 6435/6799/1406 1721/6806/1409
f 2786/6738/1389 2787/6739/1389 6436/6796/1406 6435/6799/1406
f 1721/6806/1409 6435/6799/1406 6434/6798/1406 1722/6805/1409
f 6438/6807/1410 6439/6808/1410 6437/6809/1410 6443/6810/1410
f 6440/6811/1410 6441/6812/1410 6437/6809/1410 6439/6808/1410
f 6442/6813/1410 6443/6810/1410 6437/6809/1410 6441/6812/1410
f 270/6802/1408 2791/6804/1407 6438/6807/1410 2792/6814/1411
f 2791/6804/1407 2790/6801/1407 6439/6808/1410 6438/6807/1410
f 2792/6814/1411 6438/6807/1410 6443/6810/1410 2793/6815/1412
f 190/6742/1390 1229/6816/1410 6440/6811/1410 2789/6800/1407
f 1229/6816/1410 1230/6817/1410 6441/6812/1410 6440/6811/1410
f 2789/6800/1407 6440/6811/1410 6439/6808/1410 2790/6801/1407
f 192/6818/1413 2794/6819/1412 6442/6813/1410 1231/6820/1410
f 2794/6819/1412 2793/6815/1412 6443/6810/1410 6442/6813/1410
f 1231/6820/1410 6442/6813/1410 6441/6812/1410 1230/6817/1410
f 6445/6821/1414 6446/6822/1414 6444/6823/1414 6450/6824/1414
f 6447/6825/1414 6448/6826/1414 6444/6823/1414 6446/6822/1414
f 6449/6827/1414 6450/6824/1414 6444/6823/1414 6448/6826/1414
f 267/6726/1386 1724/6828/1415 6445/6821/1414 1712/6782/1401
f 1724/6828/1415 1725/6829/1415 6446/6822/1414 6445/6821/1414
f 1712/6782/1401 6445/6821/1414 6450/6824/1414 1713/6780/1402
f 271/6830/1416 1729/6831/1417 6447/6825/1414 1726/6832/1415
f 1729/6831/1417 1728/6833/1417 6448/6826/1414 6447/6825/1414
f 1726/6832/1415 6447/6825/1414 6446/6822/1414 1725/6829/1415
f 269/6776/1399 1714/6778/1401 6449/6827/1414 1727/6834/1417
f 1714/6778/1401 1713/6780/1402 6450/6824/1414 6449/6827/1414
f 1727/6834/1417 6449/6827/1414 6448/6826/1414 1728/6833/1417
f 6452/6835/1418 6453/6836/1418 6451/6837/1418 6457/6838/1418
f 6454/6839/1418 6455/6840/1418 6451/6837/1418 6453/6836/1418
f 6456/6841/1418 6457/6838/1418 6451/6837/1418 6455/6840/1418
f 271/6830/1416 1726/6832/1415 6452/6835/1418 1732/6842/1419
f 1726/6832/1415 1725/6829/1415 6453/6836/1418 6452/6835/1418
f 1732/6842/1419 6452/6835/1418 6457/6838/1418 1731/6843/1419
f 267/6726/1386 1721/6806/1409 6454/6839/1418 1724/6828/1415
f 1721/6806/1409 1722/6805/1409 6455/6840/1418 6454/6839/1418
f 1724/6828/1415 6454/6839/1418 6453/6836/1418 1725/6829/1415
f 270/6802/1408 1730/6844/1419 6456/6841/1418 1723/6803/1409
f 1730/6844/1419 1731/6843/1419 6457/6838/1418 6456/6841/1418
f 1723/6803/1409 6456/6841/1418 6455/6840/1418 1722/6805/1409
f 6459/6845/1420 6460/6846/1420 6458/6847/1420 6464/6848/1420
f 6461/6849/1420 6462/6850/1420 6458/6847/1420 6460/6846/1420
f 6463/6851/1420 6464/6848/1420 6458/6847/1420 6462/6850/1420
f 192/6818/1413 2795/6852/1421 6459/6845/1420 2794/6819/1412
f 2795/6852/1421 2796/6853/1421 6460/6846/1420 6459/6845/1420
f 2794/6819/1412 6459/6845/1420 6464/6848/1420 2793/6815/1412
f 272/6854/1422 1735/6855/1423 6461/6849/1420 2797/6856/1421
f 1735/6855/1423 1734/6857/1423 6462/6850/1420 6461/6849/1420
f 2797/6856/1421 6461/6849/1420 6460/6846/1420 2796/6853/1421
f 270/6802/1408 2792/6814/1411 6463/6851/1420 1733/6858/1423
f 2792/6814/1411 2793/6815/1412 6464/6848/1420 6463/6851/1420
f 1733/6858/1423 6463/6851/1420 6462/6850/1420 1734/6857/1423
f 6466/6859/1424 6467/6860/1424 6465/6861/1424 6471/6862/1424
f 6468/6863/1424 6469/6864/1424 6465/6861/1424 6467/6860/1424
f 6470/6865/1424 6471/6862/1424 6465/6861/1424 6469/6864/1424
f 272/6854/1422 2797/6856/1421 6466/6859/1424 2798/6866/1425
f 2797/6856/1421 2796/6853/1421 6467/6860/1424 6466/6859/1424
f 2798/6866/1425 6466/6859/1424 6471/6862/1424 2799/6867/1425
f 192/6818/1413 1235/6868/1424 6468/6863/1424 2795/6852/1421
f 1235/6868/1424 1236/6869/1424 6469/6864/1424 6468/6863/1424
f 2795/6852/1421 6468/6863/1424 6467/6860/1424 2796/6853/1421
f 193/6870/1426 2800/6871/1425 6470/6865/1424 1237/6872/1424
f 2800/6871/1425 2799/6867/1425 6471/6862/1424 6470/6865/1424
f 1237/6872/1424 6470/6865/1424 6469/6864/1424 1236/6869/1424
f 6473/6873/1427 6474/6874/1427 6472/6875/1427 6478/6876/1427
f 6475/6877/1427 6476/6878/1427 6472/6875/1427 6474/6874/1427
f 6477/6879/1427 6478/6876/1427 6472/6875/1427 6476/6878/1427
f 270/6802/1408 1736/6880/1428 6473/6873/1427 1730/6844/1419
f 1736/6880/1428 1737/6881/1428 6474/6874/1427 6473/6873/1427
f 1730/6844/1419 6473/6873/1427 6478/6876/1427 1731/6843/1419
f 273/6882/1429 1741/6883/1430 6475/6877/1427 1738/6884/1428
f 1741/6883/1430 1740/6885/1430 6476/6878/1427 6475/6877/1427
f 1738/6884/1428 6475/6877/1427 6474/6874/1427 1737/6881/1428
f 271/6830/1416 1732/6842/1419 6477/6879/1427 1739/6886/1430
f 1732/6842/1419 1731/6843/1419 6478/6876/1427 6477/6879/1427
f 1739/6886/1430 6477/6879/1427 6476/6878/1427 1740/6885/1430
f 6480/6887/1431 6481/6888/1432 6479/6889/1432 6485/6890/1432
f 6482/6891/1432 6483/6892/1432 6479/6889/1432 6481/6888/1432
f 6484/6893/1432 6485/6890/1432 6479/6889/1432 6483/6892/1432
f 273/6882/1429 1738/6884/1428 6480/6887/1431 1744/6894/1433
f 1738/6884/1428 1737/6881/1428 6481/6888/1432 6480/6887/1431
f 1744/6894/1433 6480/6887/1431 6485/6890/1432 1743/6895/1433
f 270/6802/1408 1733/6858/1423 6482/6891/1432 1736/6880/1428
f 1733/6858/1423 1734/6857/1423 6483/6892/1432 6482/6891/1432
f 1736/6880/1428 6482/6891/1432 6481/6888/1432 1737/6881/1428
f 272/6854/1422 1742/6896/1433 6484/6893/1432 1735/6855/1423
f 1742/6896/1433 1743/6895/1433 6485/6890/1432 6484/6893/1432
f 1735/6855/1423 6484/6893/1432 6483/6892/1432 1734/6857/1423
f 6487/6897/1434 6488/6898/1434 6486/6899/1434 6492/6900/1434
f 6489/6901/1434 6490/6902/1434 6486/6899/1434 6488/6898/1434
f 6491/6903/1434 6492/6900/1434 6486/6899/1434 6490/6902/1434
f 193/6870/1426 2801/6904/1435 6487/6897/1434 2800/6871/1425
f 2801/6904/1435 2802/6905/1435 6488/6898/1434 6487/6897/1434
f 2800/6871/1425 6487/6897/1434 6492/6900/1434 2799/6867/1425
f 274/6906/1436 1747/6907/1437 6489/6901/1434 2803/6908/1435
f 1747/6907/1437 1746/6909/1437 6490/6902/1434 6489/6901/1434
f 2803/6908/1435 6489/6901/1434 6488/6898/1434 2802/6905/1435
f 272/6854/1422 2798/6866/1425 6491/6903/1434 1745/6910/1437
f 2798/6866/1425 2799/6867/1425 6492/6900/1434 6491/6903/1434
f 1745/6910/1437 6491/6903/1434 6490/6902/1434 1746/6909/1437
f 6494/6911/1438 6495/6912/1438 6493/6913/1438 6499/6914/1438
f 6496/6915/1438 6497/6916/1438 6493/6913/1438 6495/6912/1438
f 6498/6917/1438 6499/6914/1438 6493/6913/1438 6497/6916/1438
f 274/6906/1436 2803/6908/1435 6494/6911/1438 2804/6918/1439
f 2803/6908/1435 2802/6905/1435 6495/6912/1438 6494/6911/1438
f 2804/6918/1439 6494/6911/1438 6499/6914/1438 2805/6919/1439
f 193/6870/1426 1250/6920/1438 6496/6915/1438 2801/6904/1435
f 1250/6920/1438 1251/6921/1438 6497/6916/1438 6496/6915/1438
f 2801/6904/1435 6496/6915/1438 6495/6912/1438 2802/6905/1435
f 195/6922/1440 2806/6923/1439 6498/6917/1438 1252/6924/1438
f 2806/6923/1439 2805/6919/1439 6499/6914/1438 6498/6917/1438
f 1252/6924/1438 6498/6917/1438 6497/6916/1438 1251/6921/1438
f 6501/6925/1441 6502/6926/1441 6500/6927/1441 6506/6928/1441
f 6503/6929/1441 6504/6930/1441 6500/6927/1441 6502/6926/1441
f 6505/6931/1441 6506/6928/1441 6500/6927/1441 6504/6930/1441
f 272/6854/1422 1748/6932/1442 6501/6925/1441 1742/6896/1433
f 1748/6932/1442 1749/6933/1442 6502/6926/1441 6501/6925/1441
f 1742/6896/1433 6501/6925/1441 6506/6928/1441 1743/6895/1433
f 275/6934/1443 1753/6935/1444 6503/6929/1441 1750/6936/1442
f 1753/6935/1444 1752/6937/1444 6504/6930/1441 6503/6929/1441
f 1750/6936/1442 6503/6929/1441 6502/6926/1441 1749/6933/1442
f 273/6882/1429 1744/6894/1433 6505/6931/1441 1751/6938/1444
f 1744/6894/1433 1743/6895/1433 6506/6928/1441 6505/6931/1441
f 1751/6938/1444 6505/6931/1441 6504/6930/1441 1752/6937/1444
f 6508/6939/1445 6509/6940/1445 6507/6941/1445 6513/6942/1445
f 6510/6943/1445 6511/6944/1445 6507/6941/1445 6509/6940/1445
f 6512/6945/1445 6513/6942/1445 6507/6941/1445 6511/6944/1445
f 275/6934/1443 1750/6936/1442 6508/6939/1445 1756/6946/1446
f 1750/6936/1442 1749/6933/1442 6509/6940/1445 6508/6939/1445
f 1756/6946/1446 6508/6939/1445 6513/6942/1445 1755/6947/1446
f 272/6854/1422 1745/6910/1437 6510/6943/1445 1748/6932/1442
f 1745/6910/1437 1746/6909/1437 6511/6944/1445 6510/6943/1445
f 1748/6932/1442 6510/6943/1445 6509/6940/1445 1749/6933/1442
f 274/6906/1436 1754/6948/1446 6512/6945/1445 1747/6907/1437
f 1754/6948/1446 1755/6947/1446 6513/6942/1445 6512/6945/1445
f 1747/6907/1437 6512/6945/1445 6511/6944/1445 1746/6909/1437
f 6515/6949/1447 6516/6950/1447 6514/6951/1448 6520/6952/1448
f 6517/6953/1447 6518/6954/1448 6514/6951/1448 6516/6950/1447
f 6519/6955/1448 6520/6952/1448 6514/6951/1448 6518/6954/1448
f 195/6922/1440 2807/6956/1449 6515/6949/1447 2806/6923/1439
f 2807/6956/1449 2808/6957/1449 6516/6950/1447 6515/6949/1447
f 2806/6923/1439 6515/6949/1447 6520/6952/1448 2805/6919/1439
f 276/6958/1450 1759/6959/1451 6517/6953/1447 2809/6960/1449
f 1759/6959/1451 1758/6961/1451 6518/6954/1448 6517/6953/1447
f 2809/6960/1449 6517/6953/1447 6516/6950/1447 2808/6957/1449
f 274/6906/1436 2804/6918/1439 6519/6955/1448 1757/6962/1452
f 2804/6918/1439 2805/6919/1439 6520/6952/1448 6519/6955/1448
f 1757/6962/1452 6519/6955/1448 6518/6954/1448 1758/6961/1451
f 6522/6963/1453 6523/6964/1453 6521/6965/1453 6527/6966/1453
f 6524/6967/1453 6525/6968/1453 6521/6965/1453 6523/6964/1453
f 6526/6969/1453 6527/6966/1453 6521/6965/1453 6525/6968/1453
f 276/6958/1450 2809/6960/1449 6522/6963/1453 2810/6970/1454
f 2809/6960/1449 2808/6957/1449 6523/6964/1453 6522/6963/1453
f 2810/6970/1454 6522/6963/1453 6527/6966/1453 2811/6971/1454
f 195/6922/1440 1268/6972/1453 6524/6967/1453 2807/6956/1449
f 1268/6972/1453 1269/6973/1453 6525/6968/1453 6524/6967/1453
f 2807/6956/1449 6524/6967/1453 6523/6964/1453 2808/6957/1449
f 198/6974/1455 2812/6975/1456 6526/6969/1453 1270/6976/1453
f 2812/6975/1456 2811/6971/1454 6527/6966/1453 6526/6969/1453
f 1270/6976/1453 6526/6969/1453 6525/6968/1453 1269/6973/1453
f 6529/6977/1457 6530/6978/1457 6528/6979/1457 6534/6980/1457
f 6531/6981/1457 6532/6982/1457 6528/6979/1457 6530/6978/1457
f 6533/6983/1457 6534/6980/1457 6528/6979/1457 6532/6982/1457
f 200/6984/1458 2815/6985/1459 6529/6977/1457 1282/6986/1457
f 2815/6985/1459 2814/6987/1460 6530/6978/1457 6529/6977/1457
f 1282/6986/1457 6529/6977/1457 6534/6980/1457 1281/6988/1457
f 276/6958/1450 2810/6970/1454 6531/6981/1457 2813/6989/1460
f 2810/6970/1454 2811/6971/1454 6532/6982/1457 6531/6981/1457
f 2813/6989/1460 6531/6981/1457 6530/6978/1457 2814/6987/1460
f 198/6974/1455 1280/6990/1457 6533/6983/1457 2812/6975/1456
f 1280/6990/1457 1281/6988/1457 6534/6980/1457 6533/6983/1457
f 2812/6975/1456 6533/6983/1457 6532/6982/1457 2811/6971/1454
f 6536/6991/1461 6537/6992/1461 6535/6993/1461 6541/6994/1461
f 6538/6995/1462 6539/6996/1462 6535/6993/1461 6537/6992/1461
f 6540/6997/1462 6541/6994/1461 6535/6993/1461 6539/6996/1462
f 277/6998/1463 1765/6999/1464 6536/6991/1461 1762/7000/1465
f 1765/6999/1464 1764/7001/1464 6537/6992/1461 6536/6991/1461
f 1762/7000/1465 6536/6991/1461 6541/6994/1461 1761/7002/1465
f 274/6906/1436 1757/6962/1452 6538/6995/1462 1763/7003/1464
f 1757/6962/1452 1758/6961/1451 6539/6996/1462 6538/6995/1462
f 1763/7003/1464 6538/6995/1462 6537/6992/1461 1764/7001/1464
f 276/6958/1450 1760/7004/1465 6540/6997/1462 1759/6959/1451
f 1760/7004/1465 1761/7002/1465 6541/6994/1461 6540/6997/1462
f 1759/6959/1451 6540/6997/1462 6539/6996/1462 1758/6961/1451
f 6543/7005/1466 6544/7006/1467 6542/7007/1466 6548/7008/1466
f 6545/7009/1466 6546/7010/1466 6542/7007/1466 6544/7006/1467
f 6547/7011/1466 6548/7008/1466 6542/7007/1466 6546/7010/1466
f 274/6906/1436 1763/7003/1464 6543/7005/1466 1754/6948/1446
f 1763/7003/1464 1764/7001/1464 6544/7006/1467 6543/7005/1466
f 1754/6948/1446 6543/7005/1466 6548/7008/1466 1755/6947/1446
f 277/6998/1463 1768/7012/1468 6545/7009/1466 1765/6999/1464
f 1768/7012/1468 1767/7013/1469 6546/7010/1466 6545/7009/1466
f 1765/6999/1464 6545/7009/1466 6544/7006/1467 1764/7001/1464
f 275/6934/1443 1756/6946/1446 6547/7011/1466 1766/7014/1468
f 1756/6946/1446 1755/6947/1446 6548/7008/1466 6547/7011/1466
f 1766/7014/1468 6547/7011/1466 6546/7010/1466 1767/7013/1469
f 6550/7015/1470 6551/7016/1470 6549/7017/1470 6555/7018/1470
f 6552/7019/1470 6553/7020/1470 6549/7017/1470 6551/7016/1470
f 6554/7021/1470 6555/7018/1470 6549/7017/1470 6553/7020/1470
f 200/6984/1458 2816/7022/1471 6550/7015/1470 2815/6985/1459
f 2816/7022/1471 2817/7023/1471 6551/7016/1470 6550/7015/1470
f 2815/6985/1459 6550/7015/1470 6555/7018/1470 2814/6987/1460
f 278/7024/1472 1771/7025/1473 6552/7019/1470 2818/7026/1471
f 1771/7025/1473 1770/7027/1473 6553/7020/1470 6552/7019/1470
f 2818/7026/1471 6552/7019/1470 6551/7016/1470 2817/7023/1471
f 276/6958/1450 2813/6989/1460 6554/7021/1470 1769/7028/1473
f 2813/6989/1460 2814/6987/1460 6555/7018/1470 6554/7021/1470
f 1769/7028/1473 6554/7021/1470 6553/7020/1470 1770/7027/1473
f 6557/7029/1474 6558/7030/1474 6556/7031/1474 6562/7032/1474
f 6559/7033/1474 6560/7034/1474 6556/7031/1474 6558/7030/1474
f 6561/7035/1474 6562/7032/1474 6556/7031/1474 6560/7034/1474
f 278/7024/1472 1774/7036/1475 6557/7029/1474 1771/7025/1473
f 1774/7036/1475 1773/7037/1475 6558/7030/1474 6557/7029/1474
f 1771/7025/1473 6557/7029/1474 6562/7032/1474 1770/7027/1473
f 277/6998/1463 1762/7000/1465 6559/7033/1474 1772/7038/1475
f 1762/7000/1465 1761/7002/1465 6560/7034/1474 6559/7033/1474
f 1772/7038/1475 6559/7033/1474 6558/7030/1474 1773/7037/1475
f 276/6958/1450 1769/7028/1473 6561/7035/1474 1760/7004/1465
f 1769/7028/1473 1770/7027/1473 6562/7032/1474 6561/7035/1474
f 1760/7004/1465 6561/7035/1474 6560/7034/1474 1761/7002/1465
f 6564/7039/1476 6565/7040/1476 6563/7041/1476 6569/7042/1476
f 6566/7043/1476 6567/7044/1476 6563/7041/1476 6565/7040/1476
f 6568/7045/1476 6569/7042/1476 6563/7041/1476 6567/7044/1476
f 202/7046/1477 2821/7047/1478 6564/7039/1476 1291/7048/1476
f 2821/7047/1478 2820/7049/1478 6565/7040/1476 6564/7039/1476
f 1291/7048/1476 6564/7039/1476 6569/7042/1476 1290/7050/1476
f 278/7024/1472 2818/7026/1471 6566/7043/1476 2819/7051/1478
f 2818/7026/1471 2817/7023/1471 6567/7044/1476 6566/7043/1476
f 2819/7051/1478 6566/7043/1476 6565/7040/1476 2820/7049/1478
f 200/6984/1458 1289/7052/1476 6568/7045/1476 2816/7022/1471
f 1289/7052/1476 1290/7050/1476 6569/7042/1476 6568/7045/1476
f 2816/7022/1471 6568/7045/1476 6567/7044/1476 2817/7023/1471
f 6571/7053/1479 6572/7054/1479 6570/7055/1479 6576/7056/1479
f 6573/7057/1479 6574/7058/1479 6570/7055/1479 6572/7054/1479
f 6575/7059/1479 6576/7056/1479 6570/7055/1479 6574/7058/1479
f 202/7046/1477 2822/7060/1480 6571/7053/1479 2821/7047/1478
f 2822/7060/1480 2823/7061/1480 6572/7054/1479 6571/7053/1479
f 2821/7047/1478 6571/7053/1479 6576/7056/1479 2820/7049/1478
f 279/7062/1481 1777/7063/1482 6573/7057/1479 2824/7064/1480
f 1777/7063/1482 1776/7065/1482 6574/7058/1479 6573/7057/1479
f 2824/7064/1480 6573/7057/1479 6572/7054/1479 2823/7061/1480
f 278/7024/1472 2819/7051/1478 6575/7059/1479 1775/7066/1482
f 2819/7051/1478 2820/7049/1478 6576/7056/1479 6575/7059/1479
f 1775/7066/1482 6575/7059/1479 6574/7058/1479 1776/7065/1482
f 6578/7067/1483 6579/7068/1483 6577/7069/1483 6583/7070/1483
f 6580/7071/1483 6581/7072/1483 6577/7069/1483 6579/7068/1483
f 6582/7073/1483 6583/7070/1483 6577/7069/1483 6581/7072/1483
f 119/7074/1484 2827/7075/1485 6578/7067/1483 2371/7076/1483
f 2827/7075/1485 2826/7077/1485 6579/7068/1483 6578/7067/1483
f 2371/7076/1483 6578/7067/1483 6583/7070/1483 2370/7078/1483
f 279/7062/1481 2824/7064/1480 6580/7071/1483 2825/7079/1485
f 2824/7064/1480 2823/7061/1480 6581/7072/1483 6580/7071/1483
f 2825/7079/1485 6580/7071/1483 6579/7068/1483 2826/7077/1485
f 202/7046/1477 2369/7080/1483 6582/7073/1483 2822/7060/1480
f 2369/7080/1483 2370/7078/1483 6583/7070/1483 6582/7073/1483
f 2822/7060/1480 6582/7073/1483 6581/7072/1483 2823/7061/1480
f 6585/7081/1486 6586/7082/1486 6584/7083/1486 6590/7084/1486
f 6587/7085/1486 6588/7086/1486 6584/7083/1486 6586/7082/1486
f 6589/7087/1486 6590/7084/1486 6584/7083/1486 6588/7086/1486
f 119/7074/1484 2191/7088/1486 6585/7081/1486 2827/7075/1485
f 2191/7088/1486 2190/7089/1486 6586/7082/1486 6585/7081/1486
f 2827/7075/1485 6585/7081/1486 6590/7084/1486 2826/7077/1485
f 129/7090/1487 2830/7091/1488 6587/7085/1486 2189/7092/1486
f 2830/7091/1488 2829/7093/1488 6588/7086/1486 6587/7085/1486
f 2189/7092/1486 6587/7085/1486 6586/7082/1486 2190/7089/1486
f 279/7062/1481 2825/7079/1485 6589/7087/1486 2828/7094/1488
f 2825/7079/1485 2826/7077/1485 6590/7084/1486 6589/7087/1486
f 2828/7094/1488 6589/7087/1486 6588/7086/1486 2829/7093/1488
f 6592/7095/1489 6593/7096/1489 6591/7097/1489 6597/7098/1489
f 6594/7099/1489 6595/7100/1489 6591/7097/1489 6593/7096/1489
f 6596/7101/1489 6597/7098/1489 6591/7097/1489 6595/7100/1489
f 279/7062/1481 1778/7102/1490 6592/7095/1489 1777/7063/1482
f 1778/7102/1490 1779/7103/1490 6593/7096/1489 6592/7095/1489
f 1777/7063/1482 6592/7095/1489 6597/7098/1489 1776/7065/1482
f 280/7104/1491 1783/7105/1492 6594/7099/1489 1780/7106/1490
f 1783/7105/1492 1782/7107/1492 6595/7100/1489 6594/7099/1489
f 1780/7106/1490 6594/7099/1489 6593/7096/1489 1779/7103/1490
f 278/7024/1472 1775/7066/1482 6596/7101/1489 1781/7108/1492
f 1775/7066/1482 1776/7065/1482 6597/7098/1489 6596/7101/1489
f 1781/7108/1492 6596/7101/1489 6595/7100/1489 1782/7107/1492
f 6599/7109/1493 6600/7110/1493 6598/7111/1493 6604/7112/1493
f 6601/7113/1493 6602/7114/1493 6598/7111/1493 6600/7110/1493
f 6603/7115/1493 6604/7112/1493 6598/7111/1493 6602/7114/1493
f 278/7024/1472 1781/7108/1492 6599/7109/1493 1774/7036/1475
f 1781/7108/1492 1782/7107/1492 6600/7110/1493 6599/7109/1493
f 1774/7036/1475 6599/7109/1493 6604/7112/1493 1773/7037/1475
f 280/7104/1491 1786/7116/1494 6601/7113/1493 1783/7105/1492
f 1786/7116/1494 1785/7117/1494 6602/7114/1493 6601/7113/1493
f 1783/7105/1492 6601/7113/1493 6600/7110/1493 1782/7107/1492
f 277/6998/1463 1772/7038/1475 6603/7115/1493 1784/7118/1494
f 1772/7038/1475 1773/7037/1475 6604/7112/1493 6603/7115/1493
f 1784/7118/1494 6603/7115/1493 6602/7114/1493 1785/7117/1494
f 6606/7119/1495 6607/7120/1495 6605/7121/1495 6611/7122/1495
f 6608/7123/1495 6609/7124/1495 6605/7121/1495 6607/7120/1495
f 6610/7125/1495 6611/7122/1495 6605/7121/1495 6609/7124/1495
f 129/7090/1487 2831/7126/1496 6606/7119/1495 2830/7091/1488
f 2831/7126/1496 2832/7127/1496 6607/7120/1495 6606/7119/1495
f 2830/7091/1488 6606/7119/1495 6611/7122/1495 2829/7093/1488
f 281/7128/1497 1789/7129/1498 6608/7123/1495 2833/7130/1496
f 1789/7129/1498 1788/7131/1498 6609/7124/1495 6608/7123/1495
f 2833/7130/1496 6608/7123/1495 6607/7120/1495 2832/7127/1496
f 279/7062/1481 2828/7094/1488 6610/7125/1495 1787/7132/1498
f 2828/7094/1488 2829/7093/1488 6611/7122/1495 6610/7125/1495
f 1787/7132/1498 6610/7125/1495 6609/7124/1495 1788/7131/1498
f 6613/7133/1499 6614/7134/1499 6612/7135/1499 6618/7136/1499
f 6615/7137/1499 6616/7138/1499 6612/7135/1499 6614/7134/1499
f 6617/7139/1499 6618/7136/1499 6612/7135/1499 6616/7138/1499
f 281/7128/1497 1792/7140/1500 6613/7133/1499 1789/7129/1498
f 1792/7140/1500 1791/7141/1501 6614/7134/1499 6613/7133/1499
f 1789/7129/1498 6613/7133/1499 6618/7136/1499 1788/7131/1498
f 280/7104/1491 1780/7106/1490 6615/7137/1499 1790/7142/1501
f 1780/7106/1490 1779/7103/1490 6616/7138/1499 6615/7137/1499
f 1790/7142/1501 6615/7137/1499 6614/7134/1499 1791/7141/1501
f 279/7062/1481 1787/7132/1498 6617/7139/1499 1778/7102/1490
f 1787/7132/1498 1788/7131/1498 6618/7136/1499 6617/7139/1499
f 1778/7102/1490 6617/7139/1499 6616/7138/1499 1779/7103/1490
f 6620/7143/1502 6621/7144/1502 6619/7145/1502 6625/7146/1502
f 6622/7147/1502 6623/7148/1502 6619/7145/1502 6621/7144/1502
f 6624/7149/1502 6625/7146/1502 6619/7145/1502 6623/7148/1502
f 281/7128/1497 2833/7130/1496 6620/7143/1502 2834/7150/1503
f 2833/7130/1496 2832/7127/1496 6621/7144/1502 6620/7143/1502
f 2834/7150/1503 6620/7143/1502 6625/7146/1502 2835/7151/1503
f 129/7090/1487 2198/7152/1502 6622/7147/1502 2831/7126/1496
f 2198/7152/1502 2199/7153/1504 6623/7148/1502 6622/7147/1502
f 2831/7126/1496 6622/7147/1502 6621/7144/1502 2832/7127/1496
f 43/7154/1503 2836/7155/1505 6624/7149/1502 2200/7156/1502
f 2836/7155/1505 2835/7151/1503 6625/7146/1502 6624/7149/1502
f 2200/7156/1502 6624/7149/1502 6623/7148/1502 2199/7153/1504
f 6627/7157/1506 6628/7158/1506 6626/7159/1506 6632/7160/1506
f 6629/7161/1506 6630/7162/1506 6626/7159/1506 6628/7158/1506
f 6631/7163/1506 6632/7160/1506 6626/7159/1506 6630/7162/1506
f 42/7164/1507 2839/7165/1508 6627/7157/1506 473/7166/1506
f 2839/7165/1508 2838/7167/1508 6628/7158/1506 6627/7157/1506
f 473/7166/1506 6627/7157/1506 6632/7160/1506 474/7168/1506
f 281/7128/1497 2834/7150/1503 6629/7161/1506 2837/7169/1508
f 2834/7150/1503 2835/7151/1503 6630/7162/1506 6629/7161/1506
f 2837/7169/1508 6629/7161/1506 6628/7158/1506 2838/7167/1508
f 43/7154/1503 475/7170/1506 6631/7163/1506 2836/7155/1505
f 475/7170/1506 474/7168/1506 6632/7160/1506 6631/7163/1506
f 2836/7155/1505 6631/7163/1506 6630/7162/1506 2835/7151/1503
f 6634/7171/1509 6635/7172/1509 6633/7173/1509 6639/7174/1509
f 6636/7175/1509 6637/7176/1509 6633/7173/1509 6635/7172/1509
f 6638/7177/1509 6639/7174/1509 6633/7173/1509 6637/7176/1509
f 281/7128/1497 2837/7169/1508 6634/7171/1509 1793/7178/1510
f 2837/7169/1508 2838/7167/1508 6635/7172/1509 6634/7171/1509
f 1793/7178/1510 6634/7171/1509 6639/7174/1509 1794/7179/1510
f 42/7164/1507 2840/7180/1511 6636/7175/1509 2839/7165/1508
f 2840/7180/1511 2841/7181/1512 6637/7176/1509 6636/7175/1509
f 2839/7165/1508 6636/7175/1509 6635/7172/1509 2838/7167/1508
f 282/7182/1513 1795/7183/1510 6638/7177/1509 2842/7184/1511
f 1795/7183/1510 1794/7179/1510 6639/7174/1509 6638/7177/1509
f 2842/7184/1511 6638/7177/1509 6637/7176/1509 2841/7181/1512
f 6641/7185/1514 6642/7186/1514 6640/7187/1514 6646/7188/1514
f 6643/7189/1514 6644/7190/1514 6640/7187/1514 6642/7186/1514
f 6645/7191/1514 6646/7188/1514 6640/7187/1514 6644/7190/1514
f 280/7104/1491 1790/7142/1501 6641/7185/1514 1796/7192/1515
f 1790/7142/1501 1791/7141/1501 6642/7186/1514 6641/7185/1514
f 1796/7192/1515 6641/7185/1514 6646/7188/1514 1797/7193/1515
f 281/7128/1497 1793/7178/1510 6643/7189/1514 1792/7140/1500
f 1793/7178/1510 1794/7179/1510 6644/7190/1514 6643/7189/1514
f 1792/7140/1500 6643/7189/1514 6642/7186/1514 1791/7141/1501
f 282/7182/1513 1798/7194/1515 6645/7191/1514 1795/7183/1510
f 1798/7194/1515 1797/7193/1515 6646/7188/1514 6645/7191/1514
f 1795/7183/1510 6645/7191/1514 6644/7190/1514 1794/7179/1510
f 6648/7195/1516 6649/7196/1516 6647/7197/1516 6653/7198/1516
f 6650/7199/1516 6651/7200/1516 6647/7197/1516 6649/7196/1516
f 6652/7201/1516 6653/7198/1516 6647/7197/1516 6651/7200/1516
f 34/7202/1517 2845/7203/1518 6648/7195/1516 1969/7204/1516
f 2845/7203/1518 2844/7205/1518 6649/7196/1516 6648/7195/1516
f 1969/7204/1516 6648/7195/1516 6653/7198/1516 1968/7206/1516
f 282/7182/1513 2842/7184/1511 6650/7199/1516 2843/7207/1518
f 2842/7184/1511 2841/7181/1512 6651/7200/1516 6650/7199/1516
f 2843/7207/1518 6650/7199/1516 6649/7196/1516 2844/7205/1518
f 42/7164/1507 1967/7208/1516 6652/7201/1516 2840/7180/1511
f 1967/7208/1516 1968/7206/1516 6653/7198/1516 6652/7201/1516
f 2840/7180/1511 6652/7201/1516 6651/7200/1516 2841/7181/1512
f 6655/7209/1519 6656/7210/1519 6654/7211/1519 6660/7212/1519
f 6657/7213/1519 6658/7214/1519 6654/7211/1519 6656/7210/1519
f 6659/7215/1519 6660/7212/1519 6654/7211/1519 6658/7214/1519
f 34/7202/1517 2107/7216/1519 6655/7209/1519 2845/7203/1518
f 2107/7216/1519 2106/7217/1519 6656/7210/1519 6655/7209/1519
f 2845/7203/1518 6655/7209/1519 6660/7212/1519 2844/7205/1518
f 111/7218/1520 2848/7219/1521 6657/7213/1519 2105/7220/1519
f 2848/7219/1521 2847/7221/1521 6658/7214/1519 6657/7213/1519
f 2105/7220/1519 6657/7213/1519 6656/7210/1519 2106/7217/1519
f 282/7182/1513 2843/7207/1518 6659/7215/1519 2846/7222/1521
f 2843/7207/1518 2844/7205/1518 6660/7212/1519 6659/7215/1519
f 2846/7222/1521 6659/7215/1519 6658/7214/1519 2847/7221/1521
f 6662/7223/1522 6663/7224/1522 6661/7225/1522 6667/7226/1522
f 6664/7227/1522 6665/7228/1522 6661/7225/1522 6663/7224/1522
f 6666/7229/1522 6667/7226/1522 6661/7225/1522 6665/7228/1522
f 282/7182/1513 1799/7230/1523 6662/7223/1522 1798/7194/1515
f 1799/7230/1523 1800/7231/1523 6663/7224/1522 6662/7223/1522
f 1798/7194/1515 6662/7223/1522 6667/7226/1522 1797/7193/1515
f 283/7232/1524 1804/7233/1525 6664/7227/1522 1801/7234/1526
f 1804/7233/1525 1803/7235/1527 6665/7228/1522 6664/7227/1522
f 1801/7234/1526 6664/7227/1522 6663/7224/1522 1800/7231/1523
f 280/7104/1491 1796/7192/1515 6666/7229/1522 1802/7236/1525
f 1796/7192/1515 1797/7193/1515 6667/7226/1522 6666/7229/1522
f 1802/7236/1525 6666/7229/1522 6665/7228/1522 1803/7235/1527
f 6669/7237/1528 6670/7238/1528 6668/7239/1528 6674/7240/1528
f 6671/7241/1528 6672/7242/1528 6668/7239/1528 6670/7238/1528
f 6673/7243/1528 6674/7240/1528 6668/7239/1528 6672/7242/1528
f 111/7218/1520 2849/7244/1529 6669/7237/1528 2848/7219/1521
f 2849/7244/1529 2850/7245/1529 6670/7238/1528 6669/7237/1528
f 2848/7219/1521 6669/7237/1528 6674/7240/1528 2847/7221/1521
f 283/7232/1524 1801/7234/1526 6671/7241/1528 2851/7246/1529
f 1801/7234/1526 1800/7231/1523 6672/7242/1528 6671/7241/1528
f 2851/7246/1529 6671/7241/1528 6670/7238/1528 2850/7245/1529
f 282/7182/1513 2846/7222/1521 6673/7243/1528 1799/7230/1523
f 2846/7222/1521 2847/7221/1521 6674/7240/1528 6673/7243/1528
f 1799/7230/1523 6673/7243/1528 6672/7242/1528 1800/7231/1523
f 6676/7247/1530 6677/7248/1530 6675/7249/1530 6681/7250/1530
f 6678/7251/1530 6679/7252/1530 6675/7249/1530 6677/7248/1530
f 6680/7253/1530 6681/7250/1530 6675/7249/1530 6679/7252/1530
f 283/7232/1524 1807/7254/1531 6676/7247/1530 1804/7233/1525
f 1807/7254/1531 1806/7255/1531 6677/7248/1530 6676/7247/1530
f 1804/7233/1525 6676/7247/1530 6681/7250/1530 1803/7235/1527
f 277/6998/1463 1784/7118/1494 6678/7251/1530 1805/7256/1531
f 1784/7118/1494 1785/7117/1494 6679/7252/1530 6678/7251/1530
f 1805/7256/1531 6678/7251/1530 6677/7248/1530 1806/7255/1531
f 280/7104/1491 1802/7236/1525 6680/7253/1530 1786/7116/1494
f 1802/7236/1525 1803/7235/1527 6681/7250/1530 6680/7253/1530
f 1786/7116/1494 6680/7253/1530 6679/7252/1530 1785/7117/1494
f 6683/7257/1532 6684/7258/1532 6682/7259/1532 6688/7260/1532
f 6685/7261/1532 6686/7262/1532 6682/7259/1532 6684/7258/1532
f 6687/7263/1532 6688/7260/1532 6682/7259/1532 6686/7262/1532
f 111/7218/1520 853/7264/1532 6683/7257/1532 2849/7244/1529
f 853/7264/1532 852/7265/1532 6684/7258/1532 6683/7257/1532
f 2849/7244/1529 6683/7257/1532 6688/7260/1532 2850/7245/1529
f 109/7266/1533 2854/7267/1534 6685/7261/1532 851/7268/1532
f 2854/7267/1534 2853/7269/1534 6686/7262/1532 6685/7261/1532
f 851/7268/1532 6685/7261/1532 6684/7258/1532 852/7265/1532
f 283/7232/1524 2851/7246/1529 6687/7263/1532 2852/7270/1534
f 2851/7246/1529 2850/7245/1529 6688/7260/1532 6687/7263/1532
f 2852/7270/1534 6687/7263/1532 6686/7262/1532 2853/7269/1534
f 6690/7271/1535 6691/7272/1535 6689/7273/1535 6695/7274/1535
f 6692/7275/1535 6693/7276/1535 6689/7273/1535 6691/7272/1535
f 6694/7277/1535 6695/7274/1535 6689/7273/1535 6693/7276/1535
f 109/7266/1533 2855/7278/1536 6690/7271/1535 2854/7267/1534
f 2855/7278/1536 2856/7279/1536 6691/7272/1535 6690/7271/1535
f 2854/7267/1534 6690/7271/1535 6695/7274/1535 2853/7269/1534
f 284/7280/1537 1810/7281/1538 6692/7275/1535 2857/7282/1536
f 1810/7281/1538 1809/7283/1538 6693/7276/1535 6692/7275/1535
f 2857/7282/1536 6692/7275/1535 6691/7272/1535 2856/7279/1536
f 283/7232/1524 2852/7270/1534 6694/7277/1535 1808/7284/1538
f 2852/7270/1534 2853/7269/1534 6695/7274/1535 6694/7277/1535
f 1808/7284/1538 6694/7277/1535 6693/7276/1535 1809/7283/1538
f 6697/7285/1539 6698/7286/1539 6696/7287/1539 6702/7288/1539
f 6699/7289/1539 6700/7290/1539 6696/7287/1539 6698/7286/1539
f 6701/7291/1539 6702/7288/1539 6696/7287/1539 6700/7290/1539
f 277/6998/1463 1805/7256/1531 6697/7285/1539 1811/7292/1540
f 1805/7256/1531 1806/7255/1531 6698/7286/1539 6697/7285/1539
f 1811/7292/1540 6697/7285/1539 6702/7288/1539 1812/7293/1540
f 283/7232/1524 1808/7284/1538 6699/7289/1539 1807/7254/1531
f 1808/7284/1538 1809/7283/1538 6700/7290/1539 6699/7289/1539
f 1807/7254/1531 6699/7289/1539 6698/7286/1539 1806/7255/1531
f 284/7280/1537 1813/7294/1540 6701/7291/1539 1810/7281/1538
f 1813/7294/1540 1812/7293/1540 6702/7288/1539 6701/7291/1539
f 1810/7281/1538 6701/7291/1539 6700/7290/1539 1809/7283/1538
f 6704/7295/1541 6705/7296/1541 6703/7297/1541 6709/7298/1541
f 6706/7299/1541 6707/7300/1541 6703/7297/1541 6705/7296/1541
f 6708/7301/1541 6709/7298/1541 6703/7297/1541 6707/7300/1541
f 109/7266/1533 841/7302/1541 6704/7295/1541 2855/7278/1536
f 841/7302/1541 840/7303/1541 6705/7296/1541 6704/7295/1541
f 2855/7278/1536 6704/7295/1541 6709/7298/1541 2856/7279/1536
f 107/7304/1542 2860/7305/1543 6706/7299/1541 839/7306/1541
f 2860/7305/1543 2859/7307/1543 6707/7300/1541 6706/7299/1541
f 839/7306/1541 6706/7299/1541 6705/7296/1541 840/7303/1541
f 284/7280/1537 2857/7282/1536 6708/7301/1541 2858/7308/1543
f 2857/7282/1536 2856/7279/1536 6709/7298/1541 6708/7301/1541
f 2858/7308/1543 6708/7301/1541 6707/7300/1541 2859/7307/1543
f 6711/7309/1544 6712/7310/1544 6710/7311/1544 6716/7312/1544
f 6713/7313/1544 6714/7314/1544 6710/7311/1544 6712/7310/1544
f 6715/7315/1544 6716/7312/1544 6710/7311/1544 6714/7314/1544
f 104/7316/1545 2863/7317/1546 6711/7309/1544 827/7318/1544
f 2863/7317/1546 2862/7319/1546 6712/7310/1544 6711/7309/1544
f 827/7318/1544 6711/7309/1544 6716/7312/1544 828/7320/1544
f 284/7280/1537 2858/7308/1543 6713/7313/1544 2861/7321/1546
f 2858/7308/1543 2859/7307/1543 6714/7314/1544 6713/7313/1544
f 2861/7321/1546 6713/7313/1544 6712/7310/1544 2862/7319/1546
f 107/7304/1542 829/7322/1544 6715/7315/1544 2860/7305/1543
f 829/7322/1544 828/7320/1544 6716/7312/1544 6715/7315/1544
f 2860/7305/1543 6715/7315/1544 6714/7314/1544 2859/7307/1543
f 6718/7323/1547 6719/7324/1547 6717/7325/1547 6723/7326/1547
f 6720/7327/1547 6721/7328/1547 6717/7325/1547 6719/7324/1547
f 6722/7329/1547 6723/7326/1547 6717/7325/1547 6721/7328/1547
f 285/7330/1548 1819/7331/1549 6718/7323/1547 1816/7332/1550
f 1819/7331/1549 1818/7333/1549 6719/7324/1547 6718/7323/1547
f 1816/7332/1550 6718/7323/1547 6723/7326/1547 1815/7334/1550
f 277/6998/1463 1811/7292/1540 6720/7327/1547 1817/7335/1549
f 1811/7292/1540 1812/7293/1540 6721/7328/1547 6720/7327/1547
f 1817/7335/1549 6720/7327/1547 6719/7324/1547 1818/7333/1549
f 284/7280/1537 1814/7336/1550 6722/7329/1547 1813/7294/1540
f 1814/7336/1550 1815/7334/1550 6723/7326/1547 6722/7329/1547
f 1813/7294/1540 6722/7329/1547 6721/7328/1547 1812/7293/1540
f 6725/7337/1551 6726/7338/1551 6724/7339/1552 6730/7340/1552
f 6727/7341/1551 6728/7342/1552 6724/7339/1552 6726/7338/1551
f 6729/7343/1552 6730/7340/1552 6724/7339/1552 6728/7342/1552
f 284/7280/1537 2861/7321/1546 6725/7337/1551 1814/7336/1550
f 2861/7321/1546 2862/7319/1546 6726/7338/1551 6725/7337/1551
f 1814/7336/1550 6725/7337/1551 6730/7340/1552 1815/7334/1550
f 104/7316/1545 2864/7344/1553 6727/7341/1551 2863/7317/1546
f 2864/7344/1553 2865/7345/1553 6728/7342/1552 6727/7341/1551
f 2863/7317/1546 6727/7341/1551 6726/7338/1551 2862/7319/1546
f 285/7330/1548 1816/7332/1550 6729/7343/1552 2866/7346/1553
f 1816/7332/1550 1815/7334/1550 6730/7340/1552 6729/7343/1552
f 2866/7346/1553 6729/7343/1552 6728/7342/1552 2865/7345/1553
f 6732/7347/1554 6733/7348/1554 6731/7349/1554 6737/7350/1554
f 6734/7351/1554 6735/7352/1554 6731/7349/1554 6733/7348/1554
f 6736/7353/1554 6737/7350/1554 6731/7349/1554 6735/7352/1554
f 277/6998/1463 1817/7335/1549 6732/7347/1554 1768/7012/1468
f 1817/7335/1549 1818/7333/1549 6733/7348/1554 6732/7347/1554
f 1768/7012/1468 6732/7347/1554 6737/7350/1554 1767/7013/1469
f 285/7330/1548 1822/7354/1555 6734/7351/1554 1819/7331/1549
f 1822/7354/1555 1821/7355/1555 6735/7352/1554 6734/7351/1554
f 1819/7331/1549 6734/7351/1554 6733/7348/1554 1818/7333/1549
f 275/6934/1443 1766/7014/1468 6736/7353/1554 1820/7356/1555
f 1766/7014/1468 1767/7013/1469 6737/7350/1554 6736/7353/1554
f 1820/7356/1555 6736/7353/1554 6735/7352/1554 1821/7355/1555
f 6739/7357/1556 6740/7358/1556 6738/7359/1556 6744/7360/1556
f 6741/7361/1556 6742/7362/1556 6738/7359/1556 6740/7358/1556
f 6743/7363/1556 6744/7360/1556 6738/7359/1556 6742/7362/1556
f 102/7364/1557 2869/7365/1558 6739/7357/1556 809/7366/1556
f 2869/7365/1558 2868/7367/1558 6740/7358/1556 6739/7357/1556
f 809/7366/1556 6739/7357/1556 6744/7360/1556 810/7368/1556
f 285/7330/1548 2866/7346/1553 6741/7361/1556 2867/7369/1558
f 2866/7346/1553 2865/7345/1553 6742/7362/1556 6741/7361/1556
f 2867/7369/1558 6741/7361/1556 6740/7358/1556 2868/7367/1558
f 104/7316/1545 811/7370/1556 6743/7363/1556 2864/7344/1553
f 811/7370/1556 810/7368/1556 6744/7360/1556 6743/7363/1556
f 2864/7344/1553 6743/7363/1556 6742/7362/1556 2865/7345/1553
f 6746/7371/1559 6747/7372/1559 6745/7373/1559 6751/7374/1559
f 6748/7375/1559 6749/7376/1559 6745/7373/1559 6747/7372/1559
f 6750/7377/1559 6751/7374/1559 6745/7373/1559 6749/7376/1559
f 286/7378/1560 1828/7379/1561 6746/7371/1559 1825/7380/1562
f 1828/7379/1561 1827/7381/1561 6747/7372/1559 6746/7371/1559
f 1825/7380/1562 6746/7371/1559 6751/7374/1559 1824/7382/1562
f 275/6934/1443 1820/7356/1555 6748/7375/1559 1826/7383/1561
f 1820/7356/1555 1821/7355/1555 6749/7376/1559 6748/7375/1559
f 1826/7383/1561 6748/7375/1559 6747/7372/1559 1827/7381/1561
f 285/7330/1548 1823/7384/1562 6750/7377/1559 1822/7354/1555
f 1823/7384/1562 1824/7382/1562 6751/7374/1559 6750/7377/1559
f 1822/7354/1555 6750/7377/1559 6749/7376/1559 1821/7355/1555
f 6753/7385/1563 6754/7386/1563 6752/7387/1563 6758/7388/1563
f 6755/7389/1563 6756/7390/1563 6752/7387/1563 6754/7386/1563
f 6757/7391/1563 6758/7388/1563 6752/7387/1563 6756/7390/1563
f 285/7330/1548 2867/7369/1558 6753/7385/1563 1823/7384/1562
f 2867/7369/1558 2868/7367/1558 6754/7386/1563 6753/7385/1563
f 1823/7384/1562 6753/7385/1563 6758/7388/1563 1824/7382/1562
f 102/7364/1557 2870/7392/1564 6755/7389/1563 2869/7365/1558
f 2870/7392/1564 2871/7393/1564 6756/7390/1563 6755/7389/1563
f 2869/7365/1558 6755/7389/1563 6754/7386/1563 2868/7367/1558
f 286/7378/1560 1825/7380/1562 6757/7391/1563 2872/7394/1565
f 1825/7380/1562 1824/7382/1562 6758/7388/1563 6757/7391/1563
f 2872/7394/1565 6757/7391/1563 6756/7390/1563 2871/7393/1564
f 6760/7395/1566 6761/7396/1566 6759/7397/1566 6765/7398/1566
f 6762/7399/1566 6763/7400/1566 6759/7397/1566 6761/7396/1566
f 6764/7401/1566 6765/7398/1566 6759/7397/1566 6763/7400/1566
f 275/6934/1443 1826/7383/1561 6760/7395/1566 1753/6935/1444
f 1826/7383/1561 1827/7381/1561 6761/7396/1566 6760/7395/1566
f 1753/6935/1444 6760/7395/1566 6765/7398/1566 1752/6937/1444
f 286/7378/1560 1831/7402/1567 6762/7399/1566 1828/7379/1561
f 1831/7402/1567 1830/7403/1567 6763/7400/1566 6762/7399/1566
f 1828/7379/1561 6762/7399/1566 6761/7396/1566 1827/7381/1561
f 273/6882/1429 1751/6938/1444 6764/7401/1566 1829/7404/1567
f 1751/6938/1444 1752/6937/1444 6765/7398/1566 6764/7401/1566
f 1829/7404/1567 6764/7401/1566 6763/7400/1566 1830/7403/1567
f 6767/7405/1568 6768/7406/1568 6766/7407/1569 6772/7408/1568
f 6769/7409/1569 6770/7410/1569 6766/7407/1569 6768/7406/1568
f 6771/7411/1569 6772/7408/1568 6766/7407/1569 6770/7410/1569
f 101/7412/1570 2875/7413/1571 6767/7405/1568 797/7414/1569
f 2875/7413/1571 2874/7415/1571 6768/7406/1568 6767/7405/1568
f 797/7414/1569 6767/7405/1568 6772/7408/1568 798/7416/1569
f 286/7378/1560 2872/7394/1565 6769/7409/1569 2873/7417/1571
f 2872/7394/1565 2871/7393/1564 6770/7410/1569 6769/7409/1569
f 2873/7417/1571 6769/7409/1569 6768/7406/1568 2874/7415/1571
f 102/7364/1557 799/7418/1568 6771/7411/1569 2870/7392/1564
f 799/7418/1568 798/7416/1569 6772/7408/1568 6771/7411/1569
f 2870/7392/1564 6771/7411/1569 6770/7410/1569 2871/7393/1564
f 6774/7419/1572 6775/7420/1572 6773/7421/1572 6779/7422/1572
f 6776/7423/1572 6777/7424/1572 6773/7421/1572 6775/7420/1572
f 6778/7425/1572 6779/7422/1572 6773/7421/1572 6777/7424/1572
f 287/7426/1573 1837/7427/1574 6774/7419/1572 1834/7428/1575
f 1837/7427/1574 1836/7429/1574 6775/7420/1572 6774/7419/1572
f 1834/7428/1575 6774/7419/1572 6779/7422/1572 1833/7430/1575
f 273/6882/1429 1829/7404/1567 6776/7423/1572 1835/7431/1576
f 1829/7404/1567 1830/7403/1567 6777/7424/1572 6776/7423/1572
f 1835/7431/1576 6776/7423/1572 6775/7420/1572 1836/7429/1574
f 286/7378/1560 1832/7432/1575 6778/7425/1572 1831/7402/1567
f 1832/7432/1575 1833/7430/1575 6779/7422/1572 6778/7425/1572
f 1831/7402/1567 6778/7425/1572 6777/7424/1572 1830/7403/1567
f 6781/7433/1577 6782/7434/1577 6780/7435/1577 6786/7436/1577
f 6783/7437/1577 6784/7438/1577 6780/7435/1577 6782/7434/1577
f 6785/7439/1577 6786/7436/1577 6780/7435/1577 6784/7438/1577
f 286/7378/1560 2873/7417/1571 6781/7433/1577 1832/7432/1575
f 2873/7417/1571 2874/7415/1571 6782/7434/1577 6781/7433/1577
f 1832/7432/1575 6781/7433/1577 6786/7436/1577 1833/7430/1575
f 101/7412/1570 2876/7440/1578 6783/7437/1577 2875/7413/1571
f 2876/7440/1578 2877/7441/1579 6784/7438/1577 6783/7437/1577
f 2875/7413/1571 6783/7437/1577 6782/7434/1577 2874/7415/1571
f 287/7426/1573 1834/7428/1575 6785/7439/1577 2878/7442/1580
f 1834/7428/1575 1833/7430/1575 6786/7436/1577 6785/7439/1577
f 2878/7442/1580 6785/7439/1577 6784/7438/1577 2877/7441/1579
f 6788/7443/1581 6789/7444/1581 6787/7445/1581 6793/7446/1581
f 6790/7447/1581 6791/7448/1581 6787/7445/1581 6789/7444/1581
f 6792/7449/1581 6793/7446/1581 6787/7445/1581 6791/7448/1581
f 273/6882/1429 1835/7431/1576 6788/7443/1581 1741/6883/1430
f 1835/7431/1576 1836/7429/1574 6789/7444/1581 6788/7443/1581
f 1741/6883/1430 6788/7443/1581 6793/7446/1581 1740/6885/1430
f 287/7426/1573 1840/7450/1582 6790/7447/1581 1837/7427/1574
f 1840/7450/1582 1839/7451/1582 6791/7448/1581 6790/7447/1581
f 1837/7427/1574 6790/7447/1581 6789/7444/1581 1836/7429/1574
f 271/6830/1416 1739/6886/1430 6792/7449/1581 1838/7452/1582
f 1739/6886/1430 1740/6885/1430 6793/7446/1581 6792/7449/1581
f 1838/7452/1582 6792/7449/1581 6791/7448/1581 1839/7451/1582
f 6795/7453/1583 6796/7454/1583 6794/7455/1583 6800/7456/1583
f 6797/7457/1583 6798/7458/1583 6794/7455/1583 6796/7454/1583
f 6799/7459/1583 6800/7456/1583 6794/7455/1583 6798/7458/1583
f 99/7460/1584 2881/7461/1585 6795/7453/1583 791/7462/1583
f 2881/7461/1585 2880/7463/1585 6796/7454/1583 6795/7453/1583
f 791/7462/1583 6795/7453/1583 6800/7456/1583 792/7464/1583
f 287/7426/1573 2878/7442/1580 6797/7457/1583 2879/7465/1585
f 2878/7442/1580 2877/7441/1579 6798/7458/1583 6797/7457/1583
f 2879/7465/1585 6797/7457/1583 6796/7454/1583 2880/7463/1585
f 101/7412/1570 793/7466/1583 6799/7459/1583 2876/7440/1578
f 793/7466/1583 792/7464/1583 6800/7456/1583 6799/7459/1583
f 2876/7440/1578 6799/7459/1583 6798/7458/1583 2877/7441/1579
f 6802/7467/1586 6803/7468/1586 6801/7469/1586 6807/7470/1586
f 6804/7471/1586 6805/7472/1586 6801/7469/1586 6803/7468/1586
f 6806/7473/1586 6807/7470/1586 6801/7469/1586 6805/7472/1586
f 288/7474/1587 1846/7475/1588 6802/7467/1586 1843/7476/1589
f 1846/7475/1588 1845/7477/1588 6803/7468/1586 6802/7467/1586
f 1843/7476/1589 6802/7467/1586 6807/7470/1586 1842/7478/1589
f 271/6830/1416 1838/7452/1582 6804/7471/1586 1844/7479/1588
f 1838/7452/1582 1839/7451/1582 6805/7472/1586 6804/7471/1586
f 1844/7479/1588 6804/7471/1586 6803/7468/1586 1845/7477/1588
f 287/7426/1573 1841/7480/1589 6806/7473/1586 1840/7450/1582
f 1841/7480/1589 1842/7478/1589 6807/7470/1586 6806/7473/1586
f 1840/7450/1582 6806/7473/1586 6805/7472/1586 1839/7451/1582
f 6809/7481/1590 6810/7482/1590 6808/7483/1591 6814/7484/1590
f 6811/7485/1592 6812/7486/1590 6808/7483/1591 6810/7482/1590
f 6813/7487/1590 6814/7484/1590 6808/7483/1591 6812/7486/1590
f 287/7426/1573 2879/7465/1585 6809/7481/1590 1841/7480/1589
f 2879/7465/1585 2880/7463/1585 6810/7482/1590 6809/7481/1590
f 1841/7480/1589 6809/7481/1590 6814/7484/1590 1842/7478/1589
f 99/7460/1584 2882/7488/1593 6811/7485/1592 2881/7461/1585
f 2882/7488/1593 2883/7489/1593 6812/7486/1590 6811/7485/1592
f 2881/7461/1585 6811/7485/1592 6810/7482/1590 2880/7463/1585
f 288/7474/1587 1843/7476/1589 6813/7487/1590 2884/7490/1593
f 1843/7476/1589 1842/7478/1589 6814/7484/1590 6813/7487/1590
f 2884/7490/1593 6813/7487/1590 6812/7486/1590 2883/7489/1593
f 6816/7491/1594 6817/7492/1594 6815/7493/1594 6821/7494/1594
f 6818/7495/1594 6819/7496/1594 6815/7493/1594 6817/7492/1594
f 6820/7497/1594 6821/7494/1594 6815/7493/1594 6819/7496/1594
f 269/6776/1399 1727/6834/1417 6816/7491/1594 1847/7498/1595
f 1727/6834/1417 1728/6833/1417 6817/7492/1594 6816/7491/1594
f 1847/7498/1595 6816/7491/1594 6821/7494/1594 1848/7499/1595
f 271/6830/1416 1844/7479/1588 6818/7495/1594 1729/6831/1417
f 1844/7479/1588 1845/7477/1588 6819/7496/1594 6818/7495/1594
f 1729/6831/1417 6818/7495/1594 6817/7492/1594 1728/6833/1417
f 288/7474/1587 1849/7500/1595 6820/7497/1594 1846/7475/1588
f 1849/7500/1595 1848/7499/1595 6821/7494/1594 6820/7497/1594
f 1846/7475/1588 6820/7497/1594 6819/7496/1594 1845/7477/1588
f 6823/7501/1596 6824/7502/1596 6822/7503/1596 6828/7504/1596
f 6825/7505/1596 6826/7506/1596 6822/7503/1596 6824/7502/1596
f 6827/7507/1596 6828/7504/1596 6822/7503/1596 6826/7506/1596
f 97/7508/1597 2887/7509/1598 6823/7501/1596 779/7510/1596
f 2887/7509/1598 2886/7511/1598 6824/7502/1596 6823/7501/1596
f 779/7510/1596 6823/7501/1596 6828/7504/1596 780/7512/1596
f 288/7474/1587 2884/7490/1593 6825/7505/1596 2885/7513/1599
f 2884/7490/1593 2883/7489/1593 6826/7506/1596 6825/7505/1596
f 2885/7513/1599 6825/7505/1596 6824/7502/1596 2886/7511/1598
f 99/7460/1584 781/7514/1596 6827/7507/1596 2882/7488/1593
f 781/7514/1596 780/7512/1596 6828/7504/1596 6827/7507/1596
f 2882/7488/1593 6827/7507/1596 6826/7506/1596 2883/7489/1593
f 6830/7515/1600 6831/7516/1600 6829/7517/1600 6835/7518/1600
f 6832/7519/1600 6833/7520/1600 6829/7517/1600 6831/7516/1600
f 6834/7521/1600 6835/7518/1600 6829/7517/1600 6833/7520/1600
f 289/7522/1601 1855/7523/1602 6830/7515/1600 1852/7524/1603
f 1855/7523/1602 1854/7525/1602 6831/7516/1600 6830/7515/1600
f 1852/7524/1603 6830/7515/1600 6835/7518/1600 1851/7526/1604
f 269/6776/1399 1847/7498/1595 6832/7519/1600 1853/7527/1602
f 1847/7498/1595 1848/7499/1595 6833/7520/1600 6832/7519/1600
f 1853/7527/1602 6832/7519/1600 6831/7516/1600 1854/7525/1602
f 288/7474/1587 1850/7528/1605 6834/7521/1600 1849/7500/1595
f 1850/7528/1605 1851/7526/1604 6835/7518/1600 6834/7521/1600
f 1849/7500/1595 6834/7521/1600 6833/7520/1600 1848/7499/1595
f 6837/7529/1606 6838/7530/1606 6836/7531/1606 6842/7532/1606
f 6839/7533/1606 6840/7534/1606 6836/7531/1606 6838/7530/1606
f 6841/7535/1606 6842/7532/1606 6836/7531/1606 6840/7534/1606
f 288/7474/1587 2885/7513/1599 6837/7529/1606 1850/7528/1605
f 2885/7513/1599 2886/7511/1598 6838/7530/1606 6837/7529/1606
f 1850/7528/1605 6837/7529/1606 6842/7532/1606 1851/7526/1604
f 97/7508/1597 2888/7536/1607 6839/7533/1606 2887/7509/1598
f 2888/7536/1607 2889/7537/1607 6840/7534/1606 6839/7533/1606
f 2887/7509/1598 6839/7533/1606 6838/7530/1606 2886/7511/1598
f 289/7522/1601 1852/7524/1603 6841/7535/1606 2890/7538/1607
f 1852/7524/1603 1851/7526/1604 6842/7532/1606 6841/7535/1606
f 2890/7538/1607 6841/7535/1606 6840/7534/1606 2889/7537/1607
f 6844/7539/1608 6845/7540/1608 6843/7541/1608 6849/7542/1608
f 6846/7543/1608 6847/7544/1609 6843/7541/1608 6845/7540/1608
f 6848/7545/1608 6849/7542/1608 6843/7541/1608 6847/7544/1609
f 269/6776/1399 1853/7527/1602 6844/7539/1608 1720/6790/1405
f 1853/7527/1602 1854/7525/1602 6845/7540/1608 6844/7539/1608
f 1720/6790/1405 6844/7539/1608 6849/7542/1608 1719/6791/1405
f 289/7522/1601 1858/7546/1610 6846/7543/1608 1855/7523/1602
f 1858/7546/1610 1857/7547/1610 6847/7544/1609 6846/7543/1608
f 1855/7523/1602 6846/7543/1608 6845/7540/1608 1854/7525/1602
f 268/6752/1393 1718/6792/1405 6848/7545/1608 1856/7548/1610
f 1718/6792/1405 1719/6791/1405 6849/7542/1608 6848/7545/1608
f 1856/7548/1610 6848/7545/1608 6847/7544/1609 1857/7547/1610
f 6851/7549/1611 6852/7550/1611 6850/7551/1611 6856/7552/1611
f 6853/7553/1611 6854/7554/1611 6850/7551/1611 6852/7550/1611
f 6855/7555/1611 6856/7552/1611 6850/7551/1611 6854/7554/1611
f 91/7556/1612 2893/7557/1613 6851/7549/1611 767/7558/1611
f 2893/7557/1613 2892/7559/1613 6852/7550/1611 6851/7549/1611
f 767/7558/1611 6851/7549/1611 6856/7552/1611 768/7560/1611
f 289/7522/1601 2890/7538/1607 6853/7553/1611 2891/7561/1613
f 2890/7538/1607 2889/7537/1607 6854/7554/1611 6853/7553/1611
f 2891/7561/1613 6853/7553/1611 6852/7550/1611 2892/7559/1613
f 97/7508/1597 769/7562/1611 6855/7555/1611 2888/7536/1607
f 769/7562/1611 768/7560/1611 6856/7552/1611 6855/7555/1611
f 2888/7536/1607 6855/7555/1611 6854/7554/1611 2889/7537/1607
f 6858/7563/1614 6859/7564/1614 6857/7565/1614 6863/7566/1614
f 6860/7567/1614 6861/7568/1614 6857/7565/1614 6859/7564/1614
f 6862/7569/1614 6863/7566/1614 6857/7565/1614 6861/7568/1614
f 290/7570/1615 1864/7571/1616 6858/7563/1614 1861/7572/1617
f 1864/7571/1616 1863/7573/1616 6859/7564/1614 6858/7563/1614
f 1861/7572/1617 6858/7563/1614 6863/7566/1614 1860/7574/1617
f 268/6752/1393 1856/7548/1610 6860/7567/1614 1862/7575/1616
f 1856/7548/1610 1857/7547/1610 6861/7568/1614 6860/7567/1614
f 1862/7575/1616 6860/7567/1614 6859/7564/1614 1863/7573/1616
f 289/7522/1601 1859/7576/1617 6862/7569/1614 1858/7546/1610
f 1859/7576/1617 1860/7574/1617 6863/7566/1614 6862/7569/1614
f 1858/7546/1610 6862/7569/1614 6861/7568/1614 1857/7547/1610
f 6865/7577/1618 6866/7578/1619 6864/7579/1618 6870/7580/1619
f 6867/7581/1618 6868/7582/1618 6864/7579/1618 6866/7578/1619
f 6869/7583/1618 6870/7580/1619 6864/7579/1618 6868/7582/1618
f 289/7522/1601 2891/7561/1613 6865/7577/1618 1859/7576/1617
f 2891/7561/1613 2892/7559/1613 6866/7578/1619 6865/7577/1618
f 1859/7576/1617 6865/7577/1618 6870/7580/1619 1860/7574/1617
f 91/7556/1612 2894/7584/1620 6867/7581/1618 2893/7557/1613
f 2894/7584/1620 2895/7585/1620 6868/7582/1618 6867/7581/1618
f 2893/7557/1613 6867/7581/1618 6866/7578/1619 2892/7559/1613
f 290/7570/1615 1861/7572/1617 6869/7583/1618 2896/7586/1621
f 1861/7572/1617 1860/7574/1617 6870/7580/1619 6869/7583/1618
f 2896/7586/1621 6869/7583/1618 6868/7582/1618 2895/7585/1620
f 6872/7587/1622 6873/7588/1622 6871/7589/1622 6877/7590/1622
f 6874/7591/1622 6875/7592/1622 6871/7589/1622 6873/7588/1622
f 6876/7593/1622 6877/7590/1622 6871/7589/1622 6875/7592/1622
f 268/6752/1393 1862/7575/1616 6872/7587/1622 1711/6766/1397
f 1862/7575/1616 1863/7573/1616 6873/7588/1622 6872/7587/1622
f 1711/6766/1397 6872/7587/1622 6877/7590/1622 1710/6767/1397
f 290/7570/1615 1867/7594/1623 6874/7591/1622 1864/7571/1616
f 1867/7594/1623 1866/7595/1623 6875/7592/1622 6874/7591/1622
f 1864/7571/1616 6874/7591/1622 6873/7588/1622 1863/7573/1616
f 266/6714/1383 1709/6768/1397 6876/7593/1622 1865/7596/1623
f 1709/6768/1397 1710/6767/1397 6877/7590/1622 6876/7593/1622
f 1865/7596/1623 6876/7593/1622 6875/7592/1622 1866/7595/1623
f 6879/7597/1624 6880/7598/1624 6878/7599/1624 6884/7600/1624
f 6881/7601/1624 6882/7602/1624 6878/7599/1624 6880/7598/1624
f 6883/7603/1624 6884/7600/1624 6878/7599/1624 6882/7602/1624
f 290/7570/1615 1870/7604/1625 6879/7597/1624 1867/7594/1623
f 1870/7604/1625 1869/7605/1625 6880/7598/1624 6879/7597/1624
f 1867/7594/1623 6879/7597/1624 6884/7600/1624 1866/7595/1623
f 263/6634/1360 1694/6710/1381 6881/7601/1624 1868/7606/1625
f 1694/6710/1381 1695/6711/1381 6882/7602/1624 6881/7601/1624
f 1868/7606/1625 6881/7601/1624 6880/7598/1624 1869/7605/1625
f 266/6714/1383 1865/7596/1623 6883/7603/1624 1696/6715/1381
f 1865/7596/1623 1866/7595/1623 6884/7600/1624 6883/7603/1624
f 1696/6715/1381 6883/7603/1624 6882/7602/1624 1695/6711/1381
f 6886/7607/1626 6887/7608/1627 6885/7609/1627 6891/7610/1627
f 6888/7611/1626 6889/7612/1627 6885/7609/1627 6887/7608/1627
f 6890/7613/1627 6891/7610/1627 6885/7609/1627 6889/7612/1627
f 290/7570/1615 2896/7586/1621 6886/7607/1626 1871/7614/1628
f 2896/7586/1621 2895/7585/1620 6887/7608/1627 6886/7607/1626
f 1871/7614/1628 6886/7607/1626 6891/7610/1627 1872/7615/1628
f 91/7556/1612 2897/7616/1629 6888/7611/1626 2894/7584/1620
f 2897/7616/1629 2898/7617/1629 6889/7612/1627 6888/7611/1626
f 2894/7584/1620 6888/7611/1626 6887/7608/1627 2895/7585/1620
f 291/7618/1630 1873/7619/1628 6890/7613/1627 2899/7620/1629
f 1873/7619/1628 1872/7615/1628 6891/7610/1627 6890/7613/1627
f 2899/7620/1629 6890/7613/1627 6889/7612/1627 2898/7617/1629
f 6893/7621/1631 6894/7622/1631 6892/7623/1631 6898/7624/1631
f 6895/7625/1631 6896/7626/1631 6892/7623/1631 6894/7622/1631
f 6897/7627/1631 6898/7624/1631 6892/7623/1631 6896/7626/1631
f 263/6634/1360 1868/7606/1625 6893/7621/1631 1874/7628/1632
f 1868/7606/1625 1869/7605/1625 6894/7622/1631 6893/7621/1631
f 1874/7628/1632 6893/7621/1631 6898/7624/1631 1875/7629/1632
f 290/7570/1615 1871/7614/1628 6895/7625/1631 1870/7604/1625
f 1871/7614/1628 1872/7615/1628 6896/7626/1631 6895/7625/1631
f 1870/7604/1625 6895/7625/1631 6894/7622/1631 1869/7605/1625
f 291/7618/1630 1876/7630/1632 6897/7627/1631 1873/7619/1628
f 1876/7630/1632 1875/7629/1632 6898/7624/1631 6897/7627/1631
f 1873/7619/1628 6897/7627/1631 6896/7626/1631 1872/7615/1628
f 6900/7631/1633 6901/7632/1633 6899/7633/1633 6905/7634/1633
f 6902/7635/1633 6903/7636/1633 6899/7633/1633 6901/7632/1633
f 6904/7637/1633 6905/7634/1633 6899/7633/1633 6903/7636/1633
f 88/7638/1634 2902/7639/1635 6900/7631/1633 716/7640/1633
f 2902/7639/1635 2901/7641/1635 6901/7632/1633 6900/7631/1633
f 716/7640/1633 6900/7631/1633 6905/7634/1633 717/7642/1633
f 291/7618/1630 2899/7620/1629 6902/7635/1633 2900/7643/1635
f 2899/7620/1629 2898/7617/1629 6903/7636/1633 6902/7635/1633
f 2900/7643/1635 6902/7635/1633 6901/7632/1633 2901/7641/1635
f 91/7556/1612 718/7644/1633 6904/7637/1633 2897/7616/1629
f 718/7644/1633 717/7642/1633 6905/7634/1633 6904/7637/1633
f 2897/7616/1629 6904/7637/1633 6903/7636/1633 2898/7617/1629
f 6907/7645/1636 6908/7646/1636 6906/7647/1636 6912/7648/1636
f 6909/7649/1636 6910/7650/1636 6906/7647/1636 6908/7646/1636
f 6911/7651/1636 6912/7648/1636 6906/7647/1636 6910/7650/1636
f 86/7652/1637 2905/7653/1638 6907/7645/1636 692/7654/1636
f 2905/7653/1638 2904/7655/1638 6908/7646/1636 6907/7645/1636
f 692/7654/1636 6907/7645/1636 6912/7648/1636 693/7656/1636
f 291/7618/1630 2900/7643/1635 6909/7649/1636 2903/7657/1638
f 2900/7643/1635 2901/7641/1635 6910/7650/1636 6909/7649/1636
f 2903/7657/1638 6909/7649/1636 6908/7646/1636 2904/7655/1638
f 88/7638/1634 694/7658/1636 6911/7651/1636 2902/7639/1635
f 694/7658/1636 693/7656/1636 6912/7648/1636 6911/7651/1636
f 2902/7639/1635 6911/7651/1636 6910/7650/1636 2901/7641/1635
f 6914/7659/1639 6915/7660/1639 6913/7661/1640 6919/7662/1639
f 6916/7663/1639 6917/7664/1639 6913/7661/1640 6915/7660/1639
f 6918/7665/1639 6919/7662/1639 6913/7661/1640 6917/7664/1639
f 292/7666/1641 1882/7667/1642 6914/7659/1639 1879/7668/1643
f 1882/7667/1642 1881/7669/1642 6915/7660/1639 6914/7659/1639
f 1879/7668/1643 6914/7659/1639 6919/7662/1639 1878/7670/1644
f 263/6634/1360 1874/7628/1632 6916/7663/1639 1880/7671/1642
f 1874/7628/1632 1875/7629/1632 6917/7664/1639 6916/7663/1639
f 1880/7671/1642 6916/7663/1639 6915/7660/1639 1881/7669/1642
f 291/7618/1630 1877/7672/1643 6918/7665/1639 1876/7630/1632
f 1877/7672/1643 1878/7670/1644 6919/7662/1639 6918/7665/1639
f 1876/7630/1632 6918/7665/1639 6917/7664/1639 1875/7629/1632
f 6921/7673/1645 6922/7674/1645 6920/7675/1645 6926/7676/1645
f 6923/7677/1645 6924/7678/1645 6920/7675/1645 6922/7674/1645
f 6925/7679/1646 6926/7676/1645 6920/7675/1645 6924/7678/1645
f 291/7618/1630 2903/7657/1638 6921/7673/1645 1877/7672/1643
f 2903/7657/1638 2904/7655/1638 6922/7674/1645 6921/7673/1645
f 1877/7672/1643 6921/7673/1645 6926/7676/1645 1878/7670/1644
f 86/7652/1637 2906/7680/1647 6923/7677/1645 2905/7653/1638
f 2906/7680/1647 2907/7681/1647 6924/7678/1645 6923/7677/1645
f 2905/7653/1638 6923/7677/1645 6922/7674/1645 2904/7655/1638
f 292/7666/1641 1879/7668/1643 6925/7679/1646 2908/7682/1647
f 1879/7668/1643 1878/7670/1644 6926/7676/1645 6925/7679/1646
f 2908/7682/1647 6925/7679/1646 6924/7678/1645 2907/7681/1647
f 6928/7683/1648 6929/7684/1648 6927/7685/1648 6933/7686/1648
f 6930/7687/1648 6931/7688/1648 6927/7685/1648 6929/7684/1648
f 6932/7689/1648 6933/7686/1648 6927/7685/1648 6931/7688/1648
f 263/6634/1360 1880/7671/1642 6928/7683/1648 1684/6648/1364
f 1880/7671/1642 1881/7669/1642 6929/7684/1648 6928/7683/1648
f 1684/6648/1364 6928/7683/1648 6933/7686/1648 1683/6649/1364
f 292/7666/1641 1885/7690/1649 6930/7687/1648 1882/7667/1642
f 1885/7690/1649 1884/7691/1649 6931/7688/1648 6930/7687/1648
f 1882/7667/1642 6930/7687/1648 6929/7684/1648 1881/7669/1642
f 261/6568/1342 1682/6650/1364 6932/7689/1648 1883/7692/1649
f 1682/6650/1364 1683/6649/1364 6933/7686/1648 6932/7689/1648
f 1883/7692/1649 6932/7689/1648 6931/7688/1648 1884/7691/1649
f 6935/7693/1650 6936/7694/1650 6934/7695/1650 6940/7696/1650
f 6937/7697/1650 6938/7698/1650 6934/7695/1650 6936/7694/1650
f 6939/7699/1650 6940/7696/1650 6934/7695/1650 6938/7698/1650
f 293/7700/1651 1888/7701/1652 6935/7693/1650 2911/7702/1653
f 1888/7701/1652 1887/7703/1652 6936/7694/1650 6935/7693/1650
f 2911/7702/1653 6935/7693/1650 6940/7696/1650 2910/7704/1653
f 292/7666/1641 2908/7682/1647 6937/7697/1650 1886/7705/1652
f 2908/7682/1647 2907/7681/1647 6938/7698/1650 6937/7697/1650
f 1886/7705/1652 6937/7697/1650 6936/7694/1650 1887/7703/1652
f 86/7652/1637 2909/7706/1653 6939/7699/1650 2906/7680/1647
f 2909/7706/1653 2910/7704/1653 6940/7696/1650 6939/7699/1650
f 2906/7680/1647 6939/7699/1650 6938/7698/1650 2907/7681/1647
f 6942/7707/1654 6943/7708/1654 6941/7709/1654 6947/7710/1654
f 6944/7711/1654 6945/7712/1654 6941/7709/1654 6943/7708/1654
f 6946/7713/1654 6947/7710/1654 6941/7709/1654 6945/7712/1654
f 293/7700/1651 1891/7714/1655 6942/7707/1654 1888/7701/1652
f 1891/7714/1655 1890/7715/1656 6943/7708/1654 6942/7707/1654
f 1888/7701/1652 6942/7707/1654 6947/7710/1654 1887/7703/1652
f 261/6568/1342 1883/7692/1649 6944/7711/1654 1889/7716/1655
f 1883/7692/1649 1884/7691/1649 6945/7712/1654 6944/7711/1654
f 1889/7716/1655 6944/7711/1654 6943/7708/1654 1890/7715/1656
f 292/7666/1641 1886/7705/1652 6946/7713/1654 1885/7690/1649
f 1886/7705/1652 1887/7703/1652 6947/7710/1654 6946/7713/1654
f 1885/7690/1649 6946/7713/1654 6945/7712/1654 1884/7691/1649
f 6949/7717/1657 6950/7718/1657 6948/7719/1657 6954/7720/1657
f 6951/7721/1657 6952/7722/1657 6948/7719/1657 6950/7718/1657
f 6953/7723/1657 6954/7720/1657 6948/7719/1657 6952/7722/1657
f 86/7652/1637 682/7724/1657 6949/7717/1657 2909/7706/1653
f 682/7724/1657 681/7725/1657 6950/7718/1657 6949/7717/1657
f 2909/7706/1653 6949/7717/1657 6954/7720/1657 2910/7704/1653
f 84/7726/1658 2914/7727/1659 6951/7721/1657 680/7728/1657
f 2914/7727/1659 2913/7729/1659 6952/7722/1657 6951/7721/1657
f 680/7728/1657 6951/7721/1657 6950/7718/1657 681/7725/1657
f 293/7700/1651 2911/7702/1653 6953/7723/1657 2912/7730/1659
f 2911/7702/1653 2910/7704/1653 6954/7720/1657 6953/7723/1657
f 2912/7730/1659 6953/7723/1657 6952/7722/1657 2913/7729/1659
f 6956/7731/1660 6957/7732/1660 6955/7733/1660 6961/7734/1660
f 6958/7735/1660 6959/7736/1660 6955/7733/1660 6957/7732/1660
f 6960/7737/1660 6961/7734/1660 6955/7733/1660 6959/7736/1660
f 261/6568/1342 1889/7716/1655 6956/7731/1660 1672/6582/1348
f 1889/7716/1655 1890/7715/1656 6957/7732/1660 6956/7731/1660
f 1672/6582/1348 6956/7731/1660 6961/7734/1660 1671/6583/1348
f 293/7700/1651 1894/7738/1661 6958/7735/1660 1891/7714/1655
f 1894/7738/1661 1893/7739/1661 6959/7736/1660 6958/7735/1660
f 1891/7714/1655 6958/7735/1660 6957/7732/1660 1890/7715/1656
f 258/6506/1323 1670/6584/1348 6960/7737/1660 1892/7740/1661
f 1670/6584/1348 1671/6583/1348 6961/7734/1660 6960/7737/1660
f 1892/7740/1661 6960/7737/1660 6959/7736/1660 1893/7739/1661
f 6963/7741/1662 6964/7742/1662 6962/7743/1662 6968/7744/1662
f 6965/7745/1662 6966/7746/1662 6962/7743/1662 6964/7742/1662
f 6967/7747/1662 6968/7744/1662 6962/7743/1662 6966/7746/1662
f 82/7748/1663 2917/7749/1664 6963/7741/1662 665/7750/1662
f 2917/7749/1664 2916/7751/1664 6964/7742/1662 6963/7741/1662
f 665/7750/1662 6963/7741/1662 6968/7744/1662 666/7752/1662
f 293/7700/1651 2912/7730/1659 6965/7745/1662 2915/7753/1664
f 2912/7730/1659 2913/7729/1659 6966/7746/1662 6965/7745/1662
f 2915/7753/1664 6965/7745/1662 6964/7742/1662 2916/7751/1664
f 84/7726/1658 667/7754/1662 6967/7747/1662 2914/7727/1659
f 667/7754/1662 666/7752/1662 6968/7744/1662 6967/7747/1662
f 2914/7727/1659 6967/7747/1662 6966/7746/1662 2913/7729/1659
f 6970/7755/1665 6971/7756/1665 6969/7757/1665 6975/7758/1665
f 6972/7759/1665 6973/7760/1665 6969/7757/1665 6971/7756/1665
f 6974/7761/1665 6975/7758/1665 6969/7757/1665 6973/7760/1665
f 294/7762/1666 1900/7763/1667 6970/7755/1665 1897/7764/1668
f 1900/7763/1667 1899/7765/1667 6971/7756/1665 6970/7755/1665
f 1897/7764/1668 6970/7755/1665 6975/7758/1665 1896/7766/1668
f 258/6506/1323 1892/7740/1661 6972/7759/1665 1898/7767/1667
f 1892/7740/1661 1893/7739/1661 6973/7760/1665 6972/7759/1665
f 1898/7767/1667 6972/7759/1665 6971/7756/1665 1899/7765/1667
f 293/7700/1651 1895/7768/1668 6974/7761/1665 1894/7738/1661
f 1895/7768/1668 1896/7766/1668 6975/7758/1665 6974/7761/1665
f 1894/7738/1661 6974/7761/1665 6973/7760/1665 1893/7739/1661
f 6977/7769/1669 6978/7770/1669 6976/7771/1669 6982/7772/1669
f 6979/7773/1669 6980/7774/1669 6976/7771/1669 6978/7770/1669
f 6981/7775/1669 6982/7772/1669 6976/7771/1669 6980/7774/1669
f 294/7762/1666 1897/7764/1668 6977/7769/1669 2920/7776/1670
f 1897/7764/1668 1896/7766/1668 6978/7770/1669 6977/7769/1669
f 2920/7776/1670 6977/7769/1669 6982/7772/1669 2919/7777/1671
f 293/7700/1651 2915/7753/1664 6979/7773/1669 1895/7768/1668
f 2915/7753/1664 2916/7751/1664 6980/7774/1669 6979/7773/1669
f 1895/7768/1668 6979/7773/1669 6978/7770/1669 1896/7766/1668
f 82/7748/1663 2918/7778/1671 6981/7775/1669 2917/7749/1664
f 2918/7778/1671 2919/7777/1671 6982/7772/1669 6981/7775/1669
f 2917/7749/1664 6981/7775/1669 6980/7774/1669 2916/7751/1664
f 6984/7779/1672 6985/7780/1672 6983/7781/1672 6989/7782/1672
f 6986/7783/1672 6987/7784/1672 6983/7781/1672 6985/7780/1672
f 6988/7785/1672 6989/7782/1672 6983/7781/1672 6987/7784/1672
f 258/6506/1323 1898/7767/1667 6984/7779/1672 1651/6520/1327
f 1898/7767/1667 1899/7765/1667 6985/7780/1672 6984/7779/1672
f 1651/6520/1327 6984/7779/1672 6989/7782/1672 1650/6521/1327
f 294/7762/1666 1903/7786/1673 6986/7783/1672 1900/7763/1667
f 1903/7786/1673 1902/7787/1673 6987/7784/1672 6986/7783/1672
f 1900/7763/1667 6986/7783/1672 6985/7780/1672 1899/7765/1667
f 257/6482/1317 1649/6522/1327 6988/7785/1672 1901/7788/1673
f 1649/6522/1327 1650/6521/1327 6989/7782/1672 6988/7785/1672
f 1901/7788/1673 6988/7785/1672 6987/7784/1672 1902/7787/1673
f 6991/7789/1674 6992/7790/1674 6990/7791/1674 6996/7792/1675
f 6993/7793/1674 6994/7794/1674 6990/7791/1674 6992/7790/1674
f 6995/7795/1674 6996/7792/1675 6990/7791/1674 6994/7794/1674
f 81/7796/1676 2923/7797/1677 6991/7789/1674 650/7798/1674
f 2923/7797/1677 2922/7799/1677 6992/7790/1674 6991/7789/1674
f 650/7798/1674 6991/7789/1674 6996/7792/1675 651/7800/1678
f 294/7762/1666 2920/7776/1670 6993/7793/1674 2921/7801/1677
f 2920/7776/1670 2919/7777/1671 6994/7794/1674 6993/7793/1674
f 2921/7801/1677 6993/7793/1674 6992/7790/1674 2922/7799/1677
f 82/7748/1663 652/7802/1675 6995/7795/1674 2918/7778/1671
f 652/7802/1675 651/7800/1678 6996/7792/1675 6995/7795/1674
f 2918/7778/1671 6995/7795/1674 6994/7794/1674 2919/7777/1671
f 6998/7803/1679 6999/7804/1679 6997/7805/1679 7003/7806/1679
f 7000/7807/1679 7001/7808/1680 6997/7805/1679 6999/7804/1679
f 7002/7809/1679 7003/7806/1679 6997/7805/1679 7001/7808/1680
f 260/6548/1337 1660/6550/1336 6998/7803/1679 1904/7810/1681
f 1660/6550/1336 1659/6547/1336 6999/7804/1679 6998/7803/1679
f 1904/7810/1681 6998/7803/1679 7003/7806/1679 1905/7811/1681
f 257/6482/1317 1901/7788/1673 7000/7807/1679 1658/6546/1336
f 1901/7788/1673 1902/7787/1673 7001/7808/1680 7000/7807/1679
f 1658/6546/1336 7000/7807/1679 6999/7804/1679 1659/6547/1336
f 294/7762/1666 1906/7812/1681 7002/7809/1679 1903/7786/1673
f 1906/7812/1681 1905/7811/1681 7003/7806/1679 7002/7809/1679
f 1903/7786/1673 7002/7809/1679 7001/7808/1680 1902/7787/1673
f 7005/7813/1682 7006/7814/1682 7004/7815/1682 7010/7816/1682
f 7007/7817/1682 7008/7818/1682 7004/7815/1682 7006/7814/1682
f 7009/7819/1682 7010/7816/1682 7004/7815/1682 7008/7818/1682
f 260/6548/1337 1904/7810/1681 7005/7813/1682 2924/7820/1683
f 1904/7810/1681 1905/7811/1681 7006/7814/1682 7005/7813/1682
f 2924/7820/1683 7005/7813/1682 7010/7816/1682 2925/7821/1683
f 294/7762/1666 2921/7801/1677 7007/7817/1682 1906/7812/1681
f 2921/7801/1677 2922/7799/1677 7008/7818/1682 7007/7817/1682
f 1906/7812/1681 7007/7817/1682 7006/7814/1682 1905/7811/1681
f 81/7796/1676 2926/7822/1684 7009/7819/1682 2923/7797/1677
f 2926/7822/1684 2925/7821/1683 7010/7816/1682 7009/7819/1682
f 2923/7797/1677 7009/7819/1682 7008/7818/1682 2922/7799/1677
f 7012/7823/1685 7013/7824/1686 7011/7825/1685 7017/7826/1685
f 7014/7827/1686 7015/7828/1685 7011/7825/1685 7013/7824/1686
f 7016/7829/1685 7017/7826/1685 7011/7825/1685 7015/7828/1685
f 81/7796/1676 2927/7830/1687 7012/7823/1685 2926/7822/1684
f 2927/7830/1687 2928/7831/1687 7013/7824/1686 7012/7823/1685
f 2926/7822/1684 7012/7823/1685 7017/7826/1685 2925/7821/1683
f 295/7832/1688 1909/7833/1689 7014/7827/1686 2929/7834/1687
f 1909/7833/1689 1908/7835/1689 7015/7828/1685 7014/7827/1686
f 2929/7834/1687 7014/7827/1686 7013/7824/1686 2928/7831/1687
f 260/6548/1337 2924/7820/1683 7016/7829/1685 1907/7836/1689
f 2924/7820/1683 2925/7821/1683 7017/7826/1685 7016/7829/1685
f 1907/7836/1689 7016/7829/1685 7015/7828/1685 1908/7835/1689
f 7019/7837/1690 7020/7838/1690 7018/7839/1691 7024/7840/1691
f 7021/7841/1690 7022/7842/1692 7018/7839/1691 7020/7838/1690
f 7023/7843/1693 7024/7840/1691 7018/7839/1691 7022/7842/1692
f 252/6364/1279 1661/6560/1340 7019/7837/1690 1910/7844/1694
f 1661/6560/1340 1662/6559/1339 7020/7838/1690 7019/7837/1690
f 1910/7844/1694 7019/7837/1690 7024/7840/1691 1911/7845/1694
f 260/6548/1337 1907/7836/1689 7021/7841/1690 1663/6558/1339
f 1907/7836/1689 1908/7835/1689 7022/7842/1692 7021/7841/1690
f 1663/6558/1339 7021/7841/1690 7020/7838/1690 1662/6559/1339
f 295/7832/1688 1912/7846/1694 7023/7843/1693 1909/7833/1689
f 1912/7846/1694 1911/7845/1694 7024/7840/1691 7023/7843/1693
f 1909/7833/1689 7023/7843/1693 7022/7842/1692 1908/7835/1689
f 7026/7847/1695 7027/7848/1696 7025/7849/1696 7031/7850/1696
f 7028/7851/1695 7029/7852/1696 7025/7849/1696 7027/7848/1696
f 7030/7853/1696 7031/7850/1696 7025/7849/1696 7029/7852/1696
f 295/7832/1688 2932/7854/1697 7026/7847/1695 1912/7846/1694
f 2932/7854/1697 2931/7855/1697 7027/7848/1696 7026/7847/1695
f 1912/7846/1694 7026/7847/1695 7031/7850/1696 1911/7845/1694
f 6/6334/1268 2741/6360/1276 7028/7851/1695 2930/7856/1697
f 2741/6360/1276 2742/6361/1277 7029/7852/1696 7028/7851/1695
f 2930/7856/1697 7028/7851/1695 7027/7848/1696 2931/7855/1697
f 252/6364/1279 1910/7844/1694 7030/7853/1696 2743/6365/1277
f 1910/7844/1694 1911/7845/1694 7031/7850/1696 7030/7853/1696
f 2743/6365/1277 7030/7853/1696 7029/7852/1696 2742/6361/1277
f 7033/7857/1698 7034/7858/1698 7032/7859/1698 7038/7860/1698
f 7035/7861/1698 7036/7862/1698 7032/7859/1698 7034/7858/1698
f 7037/7863/1698 7038/7860/1698 7032/7859/1698 7036/7862/1698
f 295/7832/1688 2929/7834/1687 7033/7857/1698 2933/7864/1699
f 2929/7834/1687 2928/7831/1687 7034/7858/1698 7033/7857/1698
f 2933/7864/1699 7033/7857/1698 7038/7860/1698 2934/7865/1699
f 81/7796/1676 646/7866/1698 7035/7861/1698 2927/7830/1687
f 646/7866/1698 645/7867/1698 7036/7862/1698 7035/7861/1698
f 2927/7830/1687 7035/7861/1698 7034/7858/1698 2928/7831/1687
f 80/7868/1700 2935/7869/1699 7037/7863/1698 644/7870/1698
f 2935/7869/1699 2934/7865/1699 7038/7860/1698 7037/7863/1698
f 644/7870/1698 7037/7863/1698 7036/7862/1698 645/7867/1698
f 7040/7871/1701 7041/7872/1701 7039/7873/1701 7045/7874/1701
f 7042/7875/1701 7043/7876/1701 7039/7873/1701 7041/7872/1701
f 7044/7877/1701 7045/7874/1701 7039/7873/1701 7043/7876/1701
f 6/6334/1268 2930/7856/1697 7040/7871/1701 313/7878/1701
f 2930/7856/1697 2931/7855/1697 7041/7872/1701 7040/7871/1701
f 313/7878/1701 7040/7871/1701 7045/7874/1701 312/7879/1701
f 295/7832/1688 2936/7880/1702 7042/7875/1701 2932/7854/1697
f 2936/7880/1702 2937/7881/1702 7043/7876/1701 7042/7875/1701
f 2932/7854/1697 7042/7875/1701 7041/7872/1701 2931/7855/1697
f 5/7882/1703 311/7883/1701 7044/7877/1701 2938/7884/1702
f 311/7883/1701 312/7879/1701 7045/7874/1701 7044/7877/1701
f 2938/7884/1702 7044/7877/1701 7043/7876/1701 2937/7881/1702
f 7047/7885/1704 7048/7886/1704 7046/7887/1704 7052/7888/1704
f 7049/7889/1704 7050/7890/1704 7046/7887/1704 7048/7886/1704
f 7051/7891/1704 7052/7888/1704 7046/7887/1704 7050/7890/1704
f 80/7868/1700 2939/7892/1705 7047/7885/1704 2935/7869/1699
f 2939/7892/1705 2940/7893/1705 7048/7886/1704 7047/7885/1704
f 2935/7869/1699 7047/7885/1704 7052/7888/1704 2934/7865/1699
f 5/7882/1703 2938/7884/1702 7049/7889/1704 2941/7894/1705
f 2938/7884/1702 2937/7881/1702 7050/7890/1704 7049/7889/1704
f 2941/7894/1705 7049/7889/1704 7048/7886/1704 2940/7893/1705
f 295/7832/1688 2933/7864/1699 7051/7891/1704 2936/7880/1702
f 2933/7864/1699 2934/7865/1699 7052/7888/1704 7051/7891/1704
f 2936/7880/1702 7051/7891/1704 7050/7890/1704 2937/7881/1702
f 7054/7895/1706 7055/7896/1706 7053/7897/1707 7059/7898/1706
f 7056/7899/1706 7057/7900/1707 7053/7897/1707 7055/7896/1706
f 7058/7901/1707 7059/7898/1706 7053/7897/1707 7057/7900/1707
f 5/7882/1703 2941/7894/1705 7054/7895/1706 2942/7902/1708
f 2941/7894/1705 2940/7893/1705 7055/7896/1706 7054/7895/1706
f 2942/7902/1708 7054/7895/1706 7059/7898/1706 2943/7903/1708
f 80/7868/1700 640/7904/1706 7056/7899/1706 2939/7892/1705
f 640/7904/1706 639/7905/1707 7057/7900/1707 7056/7899/1706
f 2939/7892/1705 7056/7899/1706 7055/7896/1706 2940/7893/1705
f 76/7906/1709 2944/7907/1708 7058/7901/1707 638/7908/1707
f 2944/7907/1708 2943/7903/1708 7059/7898/1706 7058/7901/1707
f 638/7908/1707 7058/7901/1707 7057/7900/1707 639/7905/1707
f 7061/7909/1710 7062/7910/1710 7060/7911/1710 7066/7912/1710
f 7063/7913/1710 7064/7914/1710 7060/7911/1710 7062/7910/1710
f 7065/7915/1710 7066/7912/1710 7060/7911/1710 7064/7914/1710
f 11/7916/1711 2950/7917/1712 7061/7909/1710 2947/7918/1713
f 2950/7917/1712 2949/7919/1712 7062/7910/1710 7061/7909/1710
f 2947/7918/1713 7061/7909/1710 7066/7912/1710 2946/7920/1713
f 5/7882/1703 2942/7902/1708 7063/7913/1710 2948/7921/1712
f 2942/7902/1708 2943/7903/1708 7064/7914/1710 7063/7913/1710
f 2948/7921/1712 7063/7913/1710 7062/7910/1710 2949/7919/1712
f 76/7906/1709 2945/7922/1713 7065/7915/1710 2944/7907/1708
f 2945/7922/1713 2946/7920/1713 7066/7912/1710 7065/7915/1710
f 2944/7907/1708 7065/7915/1710 7064/7914/1710 2943/7903/1708
f 7068/7923/1714 7069/7924/1715 7067/7925/1714 7073/7926/1714
f 7070/7927/1715 7071/7928/1714 7067/7925/1714 7069/7924/1715
f 7072/7929/1715 7073/7926/1714 7067/7925/1714 7071/7928/1714
f 11/7916/1711 322/7930/1714 7068/7923/1714 2950/7917/1712
f 322/7930/1714 321/7931/1715 7069/7924/1715 7068/7923/1714
f 2950/7917/1712 7068/7923/1714 7073/7926/1714 2949/7919/1712
f 10/7932/1715 2062/7933/1715 7070/7927/1715 320/7934/1715
f 2062/7933/1715 2061/7935/1714 7071/7928/1714 7070/7927/1715
f 320/7934/1715 7070/7927/1715 7069/7924/1715 321/7931/1715
f 5/7882/1703 2948/7921/1712 7072/7929/1715 2060/7936/1716
f 2948/7921/1712 2949/7919/1712 7073/7926/1714 7072/7929/1715
f 2060/7936/1716 7072/7929/1715 7071/7928/1714 2061/7935/1714
f 7075/7937/1717 7076/7938/1717 7074/7939/1717 7080/7940/1717
f 7077/7941/1717 7078/7942/1717 7074/7939/1717 7076/7938/1717
f 7079/7943/1717 7080/7940/1717 7074/7939/1717 7078/7942/1717
f 76/7906/1709 2095/7944/1717 7075/7937/1717 2945/7922/1713
f 2095/7944/1717 2094/7945/1717 7076/7938/1717 7075/7937/1717
f 2945/7922/1713 7075/7937/1717 7080/7940/1717 2946/7920/1713
f 13/7946/1717 331/7947/1717 7077/7941/1717 2093/7948/1717
f 331/7947/1717 330/7949/1717 7078/7942/1717 7077/7941/1717
f 2093/7948/1717 7077/7941/1717 7076/7938/1717 2094/7945/1717
f 11/7916/1711 2947/7918/1713 7079/7943/1717 329/7950/1717
f 2947/7918/1713 2946/7920/1713 7080/7940/1717 7079/7943/1717
f 329/7950/1717 7079/7943/1717 7078/7942/1717 330/7949/1717
